t,ax,ay,az,gx,gy,gz,gnss_new,gnss_lat,gnss_lon,gnss_acc,gnss_speed,gnss_bearing,cn0_mean,sats_used,gnss_valid,truth_lat,truth_lon,truth_speed,speednet_mu,speednet_logvar
0,-2.665460234,-6.542184723,6.773323528,0.0007280209546,-0.004065238276,-0.004280655242,1,28.61387829,77.20902687,4.2,13.80505223,73.43929917,36.09741495,12,1,28.6139,77.209,13.9,,
0.01,-2.671134679,-6.46727732,6.759758121,-0.001731018823,-0.0003879651487,-0.0005808986322,0,,,,,,,,1,28.61390037,77.20900136,13.9,,
0.02,-2.619171357,-6.46716217,6.641698502,0.00754790424,-0.002793459558,0.0006897312579,0,,,,,,,,1,28.61390074,77.20900272,13.9,,
0.03,-2.64990115,-6.504999185,6.693790978,-0.0001253566687,-0.003975007102,3.41458003e-05,0,,,,,,,,1,28.61390111,77.20900408,13.9,,
0.04,-2.712468269,-6.54811853,6.696485443,0.001862541134,-0.003011014519,-0.0001288388955,0,,,,,,,,1,28.61390148,77.20900544,13.9,,
0.05,-2.682827052,-6.497781743,6.626162929,0.004124899309,-0.004805205578,0.001654784315,0,,,,,,,,1,28.61390185,77.2090068,13.9,,
0.06,-2.713039352,-6.46753245,6.774140723,0.00181517105,4.615759811e-05,-0.001456089579,0,,,,,,,,1,28.61390222,77.20900816,13.9,,
0.07,-2.682511783,-6.524939097,6.81290234,0.004768357705,0.001329328091,0.002228188785,0,,,,,,,,1,28.61390259,77.20900952,13.9,,
0.08,-2.719761136,-6.449379164,6.761838491,0.0002001602128,0.002557715854,0.001421587541,0,,,,,,,,1,28.61390296,77.20901088,13.9,,
0.09,-2.650260548,-6.447680211,6.753632767,0.00609315116,-0.006487598418,0.0003123033871,0,,,,,,,,1,28.61390332,77.20901224,13.9,,
0.1,-2.675835986,-6.464129812,6.845328095,-0.002632825067,-0.00236814615,0.001530709951,0,,,,,,,,1,28.61390369,77.2090136,13.9,,
0.11,-2.658562579,-6.449353675,6.815907432,-0.003339498725,-0.0006731580385,-0.001540348426,0,,,,,,,,1,28.61390406,77.20901496,13.9,,
0.12,-2.71282075,-6.500462968,6.673578321,0.001824573221,-0.0002006487481,0.003299844449,0,,,,,,,,1,28.61390443,77.20901632,13.9,,
0.13,-2.661255026,-6.524739689,6.779774052,0.002417609526,-0.003088876207,0.0003774419028,0,,,,,,,,1,28.6139048,77.20901768,13.9,,
0.14,-2.680876632,-6.464785372,6.731300032,-0.00264152767,0.0005936617866,-0.001197619383,0,,,,,,,,1,28.61390517,77.20901905,13.9,,
0.15,-2.645225986,-6.543944811,6.769539906,-0.002340695615,0.0008236653855,-0.005991139919,0,,,,,,,,1,28.61390554,77.20902041,13.9,,
0.16,-2.672279517,-6.50932549,6.68261865,0.002196294596,-0.001750818646,0.002611245811,0,,,,,,,,1,28.61390591,77.20902177,13.9,,
0.17,-2.644418921,-6.523754797,6.685085619,0.001124585587,-0.001895696692,0.00250959584,0,,,,,,,,1,28.61390628,77.20902313,13.9,,
0.18,-2.669590029,-6.611243469,6.779559538,-7.509178385e-05,-0.009296081374,-6.480898947e-05,0,,,,,,,,1,28.61390665,77.20902449,13.9,,
0.19,-2.690773259,-6.451505706,6.660174779,0.000656956759,0.001835926386,0.004951804717,0,,,,,,,,1,28.61390702,77.20902585,13.9,,
0.2,-2.769001594,-6.546311202,6.739785611,0.002290717766,-0.004192174178,-0.001773779199,0,,,,,,,,1,28.61390739,77.20902721,13.9,,
0.21,-2.605056387,-6.431260769,6.776306835,-0.004313197098,-0.001869425481,5.815632779e-05,0,,,,,,,,1,28.61390776,77.20902857,13.9,,
0.22,-2.705851857,-6.526508983,6.739454356,0.002081325037,-0.006166625599,-0.0009262272435,0,,,,,,,,1,28.61390813,77.20902993,13.9,,
0.23,-2.631671799,-6.547229038,6.673091699,0.001391511777,-0.0005411184151,-0.0009686016109,0,,,,,,,,1,28.6139085,77.20903129,13.9,,
0.24,-2.73435294,-6.440722738,6.67443109,-0.00125221586,0.001365825882,-0.002919438869,0,,,,,,,,1,28.61390887,77.20903265,13.9,,
0.25,-2.653745194,-6.496379144,6.744493378,0.0001478467472,0.0008020321051,0.005943201297,0,,,,,,,,1,28.61390924,77.20903401,13.9,,
0.26,-2.744548405,-6.497455688,6.765035556,0.0004519850004,-0.002777410297,0.0008103734608,0,,,,,,,,1,28.6139096,77.20903537,13.9,,
0.27,-2.637796657,-6.518229943,6.758418704,-0.002446666448,-0.003465156519,-0.001049259223,0,,,,,,,,1,28.61390997,77.20903673,13.9,,
0.28,-2.655608291,-6.515661552,6.724971339,0.00215625973,-0.001152253331,-0.0009661355349,0,,,,,,,,1,28.61391034,77.20903809,13.9,,
0.29,-2.554470905,-6.523054815,6.645707603,0.003989405403,-0.002973498214,-0.002942769116,0,,,,,,,,1,28.61391071,77.20903945,13.9,,
0.3,-2.633118766,-6.459782336,6.747346007,-0.00259219562,-0.001085029972,-0.0006001149267,0,,,,,,,,1,28.61391108,77.20904081,13.9,,
0.31,-2.672879568,-6.448903272,6.819785751,-0.005959562908,-0.003585628064,-0.004337043116,0,,,,,,,,1,28.61391145,77.20904217,13.9,,
0.32,-2.594021652,-6.601649484,6.680044171,-0.002524129841,-0.003829859628,0.00384665537,0,,,,,,,,1,28.61391182,77.20904353,13.9,,
0.33,-2.65442451,-6.606233088,6.810608181,0.002103367647,-0.004673615502,-0.001102209267,0,,,,,,,,1,28.61391219,77.20904489,13.9,,
0.34,-2.626734638,-6.537274455,6.671874691,0.006052075677,-0.001563858847,0.002761384036,0,,,,,,,,1,28.61391256,77.20904625,13.9,,
0.35,-2.60861803,-6.514347396,6.737630394,0.0002058824018,0.0001308126122,-0.003036070147,0,,,,,,,,1,28.61391293,77.20904761,13.9,,
0.36,-2.719182269,-6.553395491,6.699397467,0.00387950148,-0.004054146585,0.001040984958,0,,,,,,,,1,28.6139133,77.20904897,13.9,,
0.37,-2.664550675,-6.457356048,6.696340866,-0.00272002168,-0.009669265926,-0.001222196627,0,,,,,,,,1,28.61391367,77.20905033,13.9,,
0.38,-2.627602812,-6.521242851,6.678481553,0.001479768076,0.001997016317,-0.004092476038,0,,,,,,,,1,28.61391404,77.20905169,13.9,,
0.39,-2.687918674,-6.52206903,6.659672113,0.001675883047,-0.003151401619,0.001277670135,0,,,,,,,,1,28.61391441,77.20905305,13.9,,
0.4,-2.759780728,-6.473213159,6.732116712,-0.005126519237,-0.00802592817,0.002422904838,0,,,,,,,,1,28.61391478,77.20905441,13.9,,
0.41,-2.630584498,-6.57754265,6.703846176,-0.00270585585,-0.003953921897,-0.001312428355,0,,,,,,,,1,28.61391515,77.20905578,13.9,,
0.42,-2.7347485,-6.433646179,6.804987389,0.001519225132,-0.003679697376,-0.001518216466,0,,,,,,,,1,28.61391552,77.20905714,13.9,,
0.43,-2.636567186,-6.428714696,6.648790265,-0.0006200039278,-0.005024893726,0.001692773218,0,,,,,,,,1,28.61391588,77.2090585,13.9,,
0.44,-2.674387999,-6.487854629,6.749168684,0.003631518033,0.001375000872,0.000633353069,0,,,,,,,,1,28.61391625,77.20905986,13.9,,
0.45,-2.661999088,-6.462687182,6.736715512,0.0004662064215,-0.005326185122,0.0001501206991,0,,,,,,,,1,28.61391662,77.20906122,13.9,,
0.46,-2.680949864,-6.435864194,6.701704708,-0.0004438545635,0.001699534454,0.001034811907,0,,,,,,,,1,28.61391699,77.20906258,13.9,,
0.47,-2.62937867,-6.467751364,6.668683072,0.001738040349,-0.004538852055,0.002318419427,0,,,,,,,,1,28.61391736,77.20906394,13.9,,
0.48,-2.686362386,-6.39247397,6.726065438,-0.001702596905,-0.00334193728,0.0004590861151,0,,,,,,,,1,28.61391773,77.2090653,13.9,,
0.49,-2.629630878,-6.516798382,6.780059873,0.003174915823,-0.005579701038,0.000175403249,0,,,,,,,,1,28.6139181,77.20906666,13.9,,
0.5,-2.659135534,-6.444857821,6.771039176,-0.002691216484,-0.003514194972,-0.0009887127551,0,,,,,,,,1,28.61391847,77.20906802,13.9,,
0.51,-2.703669023,-6.492987709,6.759385636,0.002194119398,-0.001878657265,-0.001724171498,0,,,,,,,,1,28.61391884,77.20906938,13.9,,
0.52,-2.711105591,-6.489946287,6.716008351,0.001835055112,-0.001373060379,-0.00223798216,0,,,,,,,,1,28.61391921,77.20907074,13.9,,
0.53,-2.628945629,-6.544805528,6.74889219,-0.001820431522,0.001383716424,0.002638180454,0,,,,,,,,1,28.61391958,77.2090721,13.9,,
0.54,-2.616677557,-6.518135897,6.70679998,-0.001546236561,-0.004341939408,0.004498006715,0,,,,,,,,1,28.61391995,77.20907346,13.9,,
0.55,-2.6250508,-6.518331251,6.752247353,0.002250268878,-8.018714879e-05,-0.004182302575,0,,,,,,,,1,28.61392032,77.20907482,13.9,,
0.56,-2.601585834,-6.558694557,6.750073599,-0.0002317970251,-0.0007247110833,0.00568841519,0,,,,,,,,1,28.61392069,77.20907618,13.9,,
0.57,-2.600735045,-6.564452535,6.737175656,0.004087175278,-0.005985732536,0.001402397571,0,,,,,,,,1,28.61392106,77.20907754,13.9,,
0.58,-2.638041091,-6.512698897,6.739384168,-0.002631954186,-0.005615174413,0.0007185598555,0,,,,,,,,1,28.61392143,77.2090789,13.9,,
0.59,-2.713437256,-6.492073186,6.689545419,-0.000607810149,0.002219998255,0.002425170599,0,,,,,,,,1,28.6139218,77.20908026,13.9,,
0.6,-2.627387697,-6.493309918,6.728900883,-0.002647377467,-0.001246902052,0.002453659931,0,,,,,,,,1,28.61392216,77.20908162,13.9,,
0.61,-2.615235859,-6.475031652,6.695555078,-0.002829657664,0.001337613886,0.0001218255012,0,,,,,,,,1,28.61392253,77.20908298,13.9,,
0.62,-2.674411402,-6.528907074,6.752936602,-0.004099724677,-0.003065156339,2.097199715e-05,0,,,,,,,,1,28.6139229,77.20908434,13.9,,
0.63,-2.598552648,-6.398608308,6.767073188,0.00161609618,-0.0009654362171,0.002320125939,0,,,,,,,,1,28.61392327,77.2090857,13.9,,
0.64,-2.698850555,-6.45666379,6.675130227,-0.002753867232,0.00162213432,0.0005422216683,0,,,,,,,,1,28.61392364,77.20908706,13.9,,
0.65,-2.730306384,-6.54465197,6.744493801,-0.001054646222,-0.0008710608412,0.0002148101391,0,,,,,,,,1,28.61392401,77.20908842,13.9,,
0.66,-2.74320358,-6.467948052,6.720071766,-0.0001255567303,0.0004707571634,-0.002645336059,0,,,,,,,,1,28.61392438,77.20908978,13.9,,
0.67,-2.579127087,-6.494794584,6.706476056,-0.002905055635,0.004415316938,-0.0003432919984,0,,,,,,,,1,28.61392475,77.20909114,13.9,,
0.68,-2.717360998,-6.535659279,6.736857081,-0.001306221903,-0.001887852998,0.005311514744,0,,,,,,,,1,28.61392512,77.20909251,13.9,,
0.69,-2.73207172,-6.625738244,6.697188979,-0.001988228285,-0.003482218526,-0.003111755076,0,,,,,,,,1,28.61392549,77.20909387,13.9,,
0.7,-2.67260795,-6.508383335,6.705749979,-0.001923589479,0.002949097984,-0.001536094354,0,,,,,,,,1,28.61392586,77.20909523,13.9,,
0.71,-2.708218199,-6.572374445,6.794943538,0.001064503679,0.0004441080346,0.003015543772,0,,,,,,,,1,28.61392623,77.20909659,13.9,,
0.72,-2.629459361,-6.479257325,6.699637207,0.002492897192,0.003377244899,0.0004856306378,0,,,,,,,,1,28.6139266,77.20909795,13.9,,
0.73,-2.704423909,-6.509210108,6.754180951,0.002224376789,-0.001893965046,0.00121777782,0,,,,,,,,1,28.61392697,77.20909931,13.9,,
0.74,-2.661270949,-6.498222622,6.752095388,-0.0021709616,-0.006239330062,-0.002010865436,0,,,,,,,,1,28.61392734,77.20910067,13.9,,
0.75,-2.698527923,-6.540241256,6.704260903,0.0003232721404,0.002084527894,-0.005575647758,0,,,,,,,,1,28.61392771,77.20910203,13.9,,
0.76,-2.675625653,-6.41082591,6.834771896,0.001644654653,-0.002796599418,1.459394107e-05,0,,,,,,,,1,28.61392808,77.20910339,13.9,,
0.77,-2.719426992,-6.537618999,6.722214926,0.002212959685,-0.004610421694,0.003250952269,0,,,,,,,,1,28.61392845,77.20910475,13.9,,
0.78,-2.76293631,-6.528932897,6.7874429,0.0009376280725,0.0004030903752,0.00345120697,0,,,,,,,,1,28.61392881,77.20910611,13.9,,
0.79,-2.704718402,-6.522660838,6.774226859,-0.005511732314,-0.0009712569001,0.001103331076,0,,,,,,,,1,28.61392918,77.20910747,13.9,,
0.8,-2.579789283,-6.51027877,6.720457478,-0.002392533139,-0.002410584943,-0.001400963174,0,,,,,,,,1,28.61392955,77.20910883,13.9,,
0.81,-2.652902056,-6.454210968,6.635199229,0.0008449338025,0.002830214998,0.002703942605,0,,,,,,,,1,28.61392992,77.20911019,13.9,,
0.82,-2.65209248,-6.519805005,6.735711372,0.001591305639,-0.0002983321899,-0.002767391049,0,,,,,,,,1,28.61393029,77.20911155,13.9,,
0.83,-2.636099798,-6.615512159,6.771644286,0.003277490266,-0.001405390678,-0.003940902545,0,,,,,,,,1,28.61393066,77.20911291,13.9,,
0.84,-2.662972022,-6.515618855,6.747602859,-0.004521266387,-0.001857450257,-0.003400827397,0,,,,,,,,1,28.61393103,77.20911427,13.9,,
0.85,-2.641176972,-6.395886564,6.760431001,-0.003185124857,-0.001432901929,-0.003719801777,0,,,,,,,,1,28.6139314,77.20911563,13.9,,
0.86,-2.624173071,-6.484633582,6.758044867,0.000615670932,-0.001830033277,-0.002811294449,0,,,,,,,,1,28.61393177,77.20911699,13.9,,
0.87,-2.708752012,-6.459115781,6.733463231,0.001456936359,-0.00563244151,-0.002572114143,0,,,,,,,,1,28.61393214,77.20911835,13.9,,
0.88,-2.624425573,-6.453596552,6.653261083,-0.005828904284,-0.002664102465,0.005018355906,0,,,,,,,,1,28.61393251,77.20911971,13.9,,
0.89,-2.643642846,-6.462131484,6.773935913,-0.004571374166,-0.0008501966019,-0.001008498876,0,,,,,,,,1,28.61393288,77.20912107,13.9,,
0.9,-2.7626362,-6.478305131,6.655889765,-0.001133673776,-0.004092342348,0.002975540285,0,,,,,,,,1,28.61393325,77.20912243,13.9,,
0.91,-2.702206986,-6.4817642,6.749933508,-0.002245775914,-0.002356278898,2.385926815e-05,0,,,,,,,,1,28.61393362,77.20912379,13.9,,
0.92,-2.66203147,-6.515022534,6.701359594,-0.005409399759,-0.0002252178844,0.0001382684721,0,,,,,,,,1,28.61393399,77.20912515,13.9,,
0.93,-2.629444104,-6.457579068,6.728354302,-0.003214623108,-0.001468947661,-0.001507348747,0,,,,,,,,1,28.61393436,77.20912651,13.9,,
0.94,-2.753373859,-6.610540747,6.643413343,0.0006830777744,-0.001645929351,0.0003192363335,0,,,,,,,,1,28.61393473,77.20912787,13.9,,
0.95,-2.691403027,-6.461953427,6.701703627,-0.001802261068,0.0001193340275,-0.003375823366,0,,,,,,,,1,28.61393509,77.20912924,13.9,,
0.96,-2.69485682,-6.508053309,6.706812957,0.0008498129663,0.002875104571,-0.001906368562,0,,,,,,,,1,28.61393546,77.2091306,13.9,,
0.97,-2.691599505,-6.540320468,6.684205935,0.0001492708748,-0.0004772299212,-0.0001271411231,0,,,,,,,,1,28.61393583,77.20913196,13.9,,
0.98,-2.679449338,-6.500833262,6.690884952,-0.004547437335,0.001092505572,0.001178656025,0,,,,,,,,1,28.6139362,77.20913332,13.9,,
0.99,-2.6273697,-6.554825194,6.742767161,-0.00231836608,-0.005917447175,0.004307033722,0,,,,,,,,1,28.61393657,77.20913468,13.9,,
1,-2.704296389,-6.470744923,6.669171628,0.0009355929992,-0.003542483983,-0.001921800021,1,28.61394701,77.20912477,4.2,13.85673349,71.8488783,37.45928529,9,1,28.61393694,77.20913604,13.9,,
1.01,-2.669891476,-6.453822573,6.759200509,0.00615889278,-0.0008265709284,-0.0001260267453,0,,,,,,,,1,28.61393731,77.2091374,13.9,,
1.02,-2.710830301,-6.531034354,6.661339309,-0.005104398759,-0.002635286768,0.003815366056,0,,,,,,,,1,28.61393768,77.20913876,13.9,,
1.03,-2.687151678,-6.578612659,6.698716378,-0.00379229665,0.003431311072,2.522298039e-05,0,,,,,,,,1,28.61393805,77.20914012,13.9,,
1.04,-2.71171984,-6.507558158,6.70570858,-0.004523002548,0.0001677858766,-0.004214223566,0,,,,,,,,1,28.61393842,77.20914148,13.9,,
1.05,-2.674523316,-6.501813255,6.764791393,0.003471048587,-0.002841429768,0.004218397907,0,,,,,,,,1,28.61393879,77.20914284,13.9,,
1.06,-2.68306253,-6.528627353,6.771482563,0.001974899725,0.0002364127002,0.002038404604,0,,,,,,,,1,28.61393916,77.2091442,13.9,,
1.07,-2.822722265,-6.55077825,6.66802116,0.003100047047,-1.198144945e-05,0.0004700269989,0,,,,,,,,1,28.61393953,77.20914556,13.9,,
1.08,-2.593666682,-6.470846738,6.746348387,-0.0004882547876,0.001996508484,-0.004945727627,0,,,,,,,,1,28.6139399,77.20914692,13.9,,
1.09,-2.668919444,-6.483069571,6.789328435,-0.002279239391,-0.001879847091,-0.002337783753,0,,,,,,,,1,28.61394027,77.20914828,13.9,,
1.1,-2.752691916,-6.545121339,6.742253279,-0.003136239634,0.00317360118,0.00429312313,0,,,,,,,,1,28.61394064,77.20914964,13.9,,
1.11,-2.710136085,-6.462140826,6.759737755,0.002139948268,-0.003855251687,-0.001547643528,0,,,,,,,,1,28.61394101,77.209151,13.9,,
1.12,-2.612891694,-6.581342657,6.72914978,-0.005049624819,-0.002075644885,-0.001896131844,0,,,,,,,,1,28.61394137,77.20915236,13.9,,
1.13,-2.615579685,-6.520583878,6.771294991,0.004246243774,-0.0003553392893,-0.002289400139,0,,,,,,,,1,28.61394174,77.20915372,13.9,,
1.14,-2.681270054,-6.557155223,6.804700841,0.001433760219,-0.0005251872447,-0.002334621063,0,,,,,,,,1,28.61394211,77.20915508,13.9,,
1.15,-2.738835482,-6.494107272,6.714398421,0.002841342387,-0.001897116802,0.0004889229488,0,,,,,,,,1,28.61394248,77.20915644,13.9,,
1.16,-2.697504105,-6.528841446,6.634530859,0.002166694893,-0.002580167884,0.0008536091432,0,,,,,,,,1,28.61394285,77.2091578,13.9,,
1.17,-2.655091571,-6.553945904,6.812810221,-0.001319525821,-0.005404643591,-0.003907992457,0,,,,,,,,1,28.61394322,77.20915916,13.9,,
1.18,-2.68878607,-6.581774756,6.738147933,-0.001424787276,-0.007863362675,-0.005148550925,0,,,,,,,,1,28.61394359,77.20916052,13.9,,
1.19,-2.625501825,-6.442856299,6.703185188,-0.004002938953,-0.002063597607,0.004850215684,0,,,,,,,,1,28.61394396,77.20916188,13.9,,
1.2,-2.671375753,-6.507610663,6.749565326,0.005281853312,-0.002807279906,0.001506882753,0,,,,,,,,1,28.61394433,77.20916324,13.9,,
1.21,-2.599434575,-6.451580474,6.701800876,0.0005799364683,-0.003724047046,-0.002341186678,0,,,,,,,,1,28.6139447,77.2091646,13.9,,
1.22,-2.676512433,-6.5043683,6.691422854,0.00411276896,0.001811867411,-0.002971375561,0,,,,,,,,1,28.61394507,77.20916597,13.9,,
1.23,-2.720930444,-6.522103293,6.7456478,-5.612373062e-05,-0.003602408347,-0.00587788361,0,,,,,,,,1,28.61394544,77.20916733,13.9,,
1.24,-2.643241472,-6.553005012,6.735479811,-0.004762071882,0.001479977782,1.304995657e-05,0,,,,,,,,1,28.61394581,77.20916869,13.9,,
1.25,-2.679983811,-6.485567595,6.754181412,0.002141561977,0.001595871998,0.001054270215,0,,,,,,,,1,28.61394618,77.20917005,13.9,,
1.26,-2.645742204,-6.455062246,6.754127709,0.002058736673,-0.006220000963,-0.003615545384,0,,,,,,,,1,28.61394655,77.20917141,13.9,,
1.27,-2.628117509,-6.507481185,6.635658598,-0.002226684777,-0.001380126257,0.001470911799,0,,,,,,,,1,28.61394692,77.20917277,13.9,,
1.28,-2.779419772,-6.510481139,6.706282175,-0.0003315519606,-0.004181096455,-0.0008528771589,0,,,,,,,,1,28.61394729,77.20917413,13.9,,
1.29,-2.74837252,-6.573280122,6.606811077,-0.002252104382,-0.002031565585,0.001389548588,0,,,,,,,,1,28.61394765,77.20917549,13.9,,
1.3,-2.612266254,-6.619376385,6.610686271,-0.003137282043,-0.001936518227,0.002551674706,0,,,,,,,,1,28.61394802,77.20917685,13.9,,
1.31,-2.643910216,-6.461281311,6.687836503,0.002108267701,-7.403682183e-05,-0.005868539189,0,,,,,,,,1,28.61394839,77.20917821,13.9,,
1.32,-2.647301762,-6.475284802,6.689473626,-0.002714705015,0.001809874991,0.002857802797,0,,,,,,,,1,28.61394876,77.20917957,13.9,,
1.33,-2.539761111,-6.473988845,6.741374873,-0.006343527512,-0.00479919059,-0.00276467793,0,,,,,,,,1,28.61394913,77.20918093,13.9,,
1.34,-2.666558165,-6.476738104,6.674907825,0.0001047466259,0.001013611385,-0.004980340057,0,,,,,,,,1,28.6139495,77.20918229,13.9,,
1.35,-2.670845361,-6.491126698,6.73774921,0.001734989849,-0.002093095304,-0.001514841532,0,,,,,,,,1,28.61394987,77.20918365,13.9,,
1.36,-2.685007713,-6.487127289,6.696544821,-0.0005429806058,-0.001610130638,0.001601563918,0,,,,,,,,1,28.61395024,77.20918501,13.9,,
1.37,-2.597712726,-6.555931399,6.650462542,0.0005849410207,0.0005718367061,0.0006065491111,0,,,,,,,,1,28.61395061,77.20918637,13.9,,
1.38,-2.669146712,-6.464553607,6.693632141,-0.002777064496,-0.003642912572,0.0004017135312,0,,,,,,,,1,28.61395098,77.20918773,13.9,,
1.39,-2.664595182,-6.499482577,6.735979165,0.0005280776177,-0.0004774227327,0.0005749592009,0,,,,,,,,1,28.61395135,77.20918909,13.9,,
1.4,-2.594299387,-6.552803699,6.684385399,0.001685103996,-0.003226921648,0.0006466661297,0,,,,,,,,1,28.61395172,77.20919045,13.9,,
1.41,-2.668628824,-6.515679502,6.736417011,-0.002691481181,-0.004184249461,-0.002181947048,0,,,,,,,,1,28.61395209,77.20919181,13.9,,
1.42,-2.58552415,-6.467325171,6.698580945,-0.001835217765,-0.004968273548,-0.00049574159,0,,,,,,,,1,28.61395246,77.20919317,13.9,,
1.43,-2.628775275,-6.468368796,6.821511567,0.003849186211,-0.005680470031,-0.0003488304362,0,,,,,,,,1,28.61395283,77.20919453,13.9,,
1.44,-2.714125551,-6.481663611,6.77349631,0.001368332088,-0.005668971512,0.001804611467,0,,,,,,,,1,28.6139532,77.20919589,13.9,,
1.45,-2.624467291,-6.486614401,6.689342417,-0.003297798015,-0.009956022305,0.003270303112,0,,,,,,,,1,28.61395357,77.20919725,13.9,,
1.46,-2.710391239,-6.546988505,6.732211885,0.004224220106,0.002052342368,0.002953624812,0,,,,,,,,1,28.61395393,77.20919861,13.9,,
1.47,-2.642600727,-6.512518045,6.690023739,-0.00235136262,-0.01060361369,0.002556511364,0,,,,,,,,1,28.6139543,77.20919997,13.9,,
1.48,-2.658072869,-6.574363908,6.841911623,0.005602255294,-0.006535225224,0.0006447699981,0,,,,,,,,1,28.61395467,77.20920133,13.9,,
1.49,-2.703435744,-6.484692614,6.722333185,-0.004172616964,-0.002866945958,-0.005221925701,0,,,,,,,,1,28.61395504,77.2092027,13.9,,
1.5,-2.665824304,-6.480930481,6.670089761,0.0009063947155,-0.003153937611,0.001321331466,0,,,,,,,,1,28.61395541,77.20920406,13.9,,
1.51,-2.56928769,-6.483106179,6.647984414,0.002420932953,-0.002318226924,-0.001303920786,0,,,,,,,,1,28.61395578,77.20920542,13.9,,
1.52,-2.591907032,-6.460613822,6.721333188,0.0002037916139,6.083993468e-05,-0.0004979574382,0,,,,,,,,1,28.61395615,77.20920678,13.9,,
1.53,-2.652259824,-6.535708343,6.829424062,-0.001155888398,-0.0005893430784,0.001750004965,0,,,,,,,,1,28.61395652,77.20920814,13.9,,
1.54,-2.654190522,-6.520151805,6.647342509,-0.001818046741,-0.002270710288,-9.408931804e-06,0,,,,,,,,1,28.61395689,77.2092095,13.9,,
1.55,-2.712187622,-6.588152094,6.71481015,0.002285259061,0.0008817893641,0.0006295164013,0,,,,,,,,1,28.61395726,77.20921086,13.9,,
1.56,-2.69067214,-6.541791948,6.708361339,0.002017240039,-0.003491356212,0.003660024858,0,,,,,,,,1,28.61395763,77.20921222,13.9,,
1.57,-2.651254371,-6.499723094,6.6922117,0.002459421548,-0.001459796005,0.001744885588,0,,,,,,,,1,28.613958,77.20921358,13.9,,
1.58,-2.636984101,-6.508196108,6.731460192,0.003172026753,-0.0008194123359,0.0006226815858,0,,,,,,,,1,28.61395837,77.20921494,13.9,,
1.59,-2.676444885,-6.520631609,6.813908611,-0.005755066722,-0.003699010684,0.005236770304,0,,,,,,,,1,28.61395874,77.2092163,13.9,,
1.6,-2.710162388,-6.591293674,6.643638549,0.003003811429,0.0008144587165,-0.003371273926,0,,,,,,,,1,28.61395911,77.20921766,13.9,,
1.61,-2.723278099,-6.404344946,6.869937808,-0.005369785241,1.013301147e-06,0.001310042363,0,,,,,,,,1,28.61395948,77.20921902,13.9,,
1.62,-2.765305324,-6.451092119,6.718832048,-0.002741496885,-0.003978254668,0.003067872693,0,,,,,,,,1,28.61395985,77.20922038,13.9,,
1.63,-2.567604721,-6.47557394,6.695147327,-0.0004750730035,-5.238339862e-05,-0.0004400386792,0,,,,,,,,1,28.61396021,77.20922174,13.9,,
1.64,-2.617326663,-6.486801029,6.730591856,0.002286427626,-0.0007700869328,-0.002413757728,0,,,,,,,,1,28.61396058,77.2092231,13.9,,
1.65,-2.753229435,-6.480111297,6.73444666,-0.005081991145,7.409150637e-05,-0.002343713455,0,,,,,,,,1,28.61396095,77.20922446,13.9,,
1.66,-2.660047529,-6.507410175,6.745908593,0.0007507257316,0.003163929033,-0.0006924632281,0,,,,,,,,1,28.61396132,77.20922582,13.9,,
1.67,-2.672063505,-6.56044974,6.740852727,0.001131564303,-0.003336694157,0.003019485459,0,,,,,,,,1,28.61396169,77.20922718,13.9,,
1.68,-2.736757735,-6.48325765,6.731680191,-0.001181766696,-0.00136747649,-0.0017681529,0,,,,,,,,1,28.61396206,77.20922854,13.9,,
1.69,-2.574677073,-6.449002522,6.78187135,0.003670255738,-0.00246107113,0.007382466825,0,,,,,,,,1,28.61396243,77.2092299,13.9,,
1.7,-2.613848247,-6.515036169,6.763857381,0.0002711760505,0.0008082395338,-0.002217632142,0,,,,,,,,1,28.6139628,77.20923126,13.9,,
1.71,-2.619021689,-6.552826375,6.699005996,0.001872506096,-0.0005442544486,-0.00337135876,0,,,,,,,,1,28.61396317,77.20923262,13.9,,
1.72,-2.587883352,-6.411547817,6.816988371,-0.002076109341,-0.0009013037376,0.0006035861466,0,,,,,,,,1,28.61396354,77.20923398,13.9,,
1.73,-2.598217613,-6.597090666,6.683009954,-0.001314924594,0.002328956492,0.00282268433,0,,,,,,,,1,28.61396391,77.20923534,13.9,,
1.74,-2.75146205,-6.570917849,6.754339063,-0.002195557196,-0.007756585923,-0.002522700835,0,,,,,,,,1,28.61396428,77.2092367,13.9,,
1.75,-2.692004769,-6.536152437,6.679165379,0.001071832838,-0.002672448895,0.0005786946322,0,,,,,,,,1,28.61396465,77.20923806,13.9,,
1.76,-2.70334881,-6.55500979,6.65608625,0.0004627236371,-0.001835537661,0.0009330988332,0,,,,,,,,1,28.61396502,77.20923943,13.9,,
1.77,-2.619191256,-6.501550533,6.634031307,7.526806843e-05,-0.001401217411,-0.00177299755,0,,,,,,,,1,28.61396539,77.20924079,13.9,,
1.78,-2.696199373,-6.500423689,6.678598185,-0.002010480262,-0.001649389361,-0.004257206233,0,,,,,,,,1,28.61396576,77.20924215,13.9,,
1.79,-2.642430781,-6.527035024,6.736946235,-0.001714728411,0.003391872504,0.002511412962,0,,,,,,,,1,28.61396613,77.20924351,13.9,,
1.8,-2.637246392,-6.493863163,6.703393989,-0.003854232155,-0.001405092882,0.0006289639901,0,,,,,,,,1,28.61396649,77.20924487,13.9,,
1.81,-2.638062639,-6.45121463,6.791900261,-0.001046026939,-0.004079858955,0.004303728304,0,,,,,,,,1,28.61396686,77.20924623,13.9,,
1.82,-2.644155681,-6.57191132,6.793232195,-0.000682492758,-0.001372247095,0.002667858567,0,,,,,,,,1,28.61396723,77.20924759,13.9,,
1.83,-2.743154067,-6.551652264,6.831075236,-0.001432902452,-0.007383432261,0.002104549954,0,,,,,,,,1,28.6139676,77.20924895,13.9,,
1.84,-2.649220851,-6.392446185,6.72509169,0.002965241307,0.001348357532,-0.0001910625004,0,,,,,,,,1,28.61396797,77.20925031,13.9,,
1.85,-2.670336293,-6.610330334,6.719046451,-0.0008544589602,-0.00320064171,-0.001115493557,0,,,,,,,,1,28.61396834,77.20925167,13.9,,
1.86,-2.633386359,-6.480412696,6.84741724,0.002778929412,-0.004619683582,-0.002905242544,0,,,,,,,,1,28.61396871,77.20925303,13.9,,
1.87,-2.621418314,-6.468591387,6.77823453,-0.004060221217,-0.004196527528,-0.001254052215,0,,,,,,,,1,28.61396908,77.20925439,13.9,,
1.88,-2.638669332,-6.46463548,6.688517055,0.002205773339,-0.00168460691,-0.003438061476,0,,,,,,,,1,28.61396945,77.20925575,13.9,,
1.89,-2.756445507,-6.507679943,6.703443219,-0.006069468914,-0.002889420622,0.003371738303,0,,,,,,,,1,28.61396982,77.20925711,13.9,,
1.9,-2.652467395,-6.457530575,6.721390188,0.004536850398,-0.00187369221,-0.0003440771957,0,,,,,,,,1,28.61397019,77.20925847,13.9,,
1.91,-2.730969815,-6.485959095,6.767000591,-0.002042007057,-0.007081064528,0.001409229503,0,,,,,,,,1,28.61397056,77.20925983,13.9,,
1.92,-2.720088418,-6.453644173,6.68783808,0.005354202843,-0.005804883236,-0.0003544632312,0,,,,,,,,1,28.61397093,77.20926119,13.9,,
1.93,-2.691394587,-6.426436727,6.716755761,-0.003274314721,0.004171432644,-0.004645535038,0,,,,,,,,1,28.6139713,77.20926255,13.9,,
1.94,-2.619923149,-6.458070443,6.738190991,-0.001804242034,-0.008082836902,-0.004389142018,0,,,,,,,,1,28.61397167,77.20926391,13.9,,
1.95,-2.569896048,-6.460403982,6.779263722,0.0001438632806,-0.00476291056,0.002580238962,0,,,,,,,,1,28.61397204,77.20926527,13.9,,
1.96,-2.639526235,-6.581571159,6.628123857,0.001143259188,-0.002841158369,-0.0001691688741,0,,,,,,,,1,28.61397241,77.20926663,13.9,,
1.97,-2.680427507,-6.486010099,6.811297195,-0.001442627664,-0.0001213616714,-0.003485473034,0,,,,,,,,1,28.61397278,77.20926799,13.9,,
1.98,-2.611859032,-6.514976081,6.727911756,0.002054888429,0.00111822133,-0.003082869759,0,,,,,,,,1,28.61397314,77.20926935,13.9,,
1.99,-2.651055385,-6.470978708,6.745449452,-0.002003580094,-0.002351584134,-0.004070994272,0,,,,,,,,1,28.61397351,77.20927071,13.9,,
2,-2.701958012,-6.463385542,6.750427925,-0.0002377129259,-0.006164765975,-0.004041443462,1,28.613972,77.20926608,4.2,13.81219333,61.18254438,37.33848793,9,1,28.61397388,77.20927207,13.9,,
2.01,-2.677933341,-6.410087584,6.771144242,0.002323815623,0.002211796822,-0.0002975873731,0,,,,,,,,1,28.61397425,77.20927343,13.9,,
2.02,-2.595835791,-6.497415565,6.613717054,-0.0009162235449,-0.003479426663,0.006501074134,0,,,,,,,,1,28.61397462,77.20927479,13.9,,
2.03,-2.624507747,-6.545141896,6.665346137,0.001901141774,-0.002973660208,0.003837060545,0,,,,,,,,1,28.61397499,77.20927616,13.9,,
2.04,-2.727816587,-6.573231838,6.714406912,-0.001199463536,-0.004554383335,0.002283630948,0,,,,,,,,1,28.61397536,77.20927752,13.9,,
2.05,-2.730261951,-6.587002804,6.645844726,0.002348474186,-0.00292846987,-0.002690723911,0,,,,,,,,1,28.61397573,77.20927888,13.9,,
2.06,-2.705280537,-6.580136578,6.671172045,-0.00165451861,-0.0001482407924,-0.004317361356,0,,,,,,,,1,28.6139761,77.20928024,13.9,,
2.07,-2.646926009,-6.543675019,6.696690678,-0.0004335056454,-0.000763124098,-0.005977597868,0,,,,,,,,1,28.61397647,77.2092816,13.9,,
2.08,-2.66730396,-6.623639452,6.765302407,0.003439155134,0.002175714413,-0.002803837235,0,,,,,,,,1,28.61397684,77.20928296,13.9,,
2.09,-2.603550714,-6.606660913,6.701998208,0.0007591677153,-0.00479616053,-0.001221113124,0,,,,,,,,1,28.61397721,77.20928432,13.9,,
2.1,-2.651212678,-6.518076582,6.741841641,0.005074156458,0.000437773466,-0.002714365736,0,,,,,,,,1,28.61397758,77.20928568,13.9,,
2.11,-2.686419741,-6.515463737,6.74817034,2.533996729e-05,-0.001498117397,0.0002548832116,0,,,,,,,,1,28.61397795,77.20928704,13.9,,
2.12,-2.668847864,-6.473034613,6.684577015,-0.0009016270331,-0.009839916543,-0.001820875545,0,,,,,,,,1,28.61397832,77.2092884,13.9,,
2.13,-2.691880111,-6.523725115,6.725349736,-0.007513108718,-0.002222985202,-0.00167685108,0,,,,,,,,1,28.61397869,77.20928976,13.9,,
2.14,-2.627577181,-6.524750604,6.68847206,0.009009706111,-0.0009463063045,-0.003736668117,0,,,,,,,,1,28.61397906,77.20929112,13.9,,
2.15,-2.720267898,-6.463999445,6.7020633,0.001881546603,-0.001819427023,-0.0009629619808,0,,,,,,,,1,28.61397942,77.20929248,13.9,,
2.16,-2.714949565,-6.49289367,6.71145908,-0.0004862725535,-0.002051531248,0.003563624189,0,,,,,,,,1,28.61397979,77.20929384,13.9,,
2.17,-2.632057456,-6.494472025,6.732687447,0.001090917558,-6.126491937e-05,0.004447461586,0,,,,,,,,1,28.61398016,77.2092952,13.9,,
2.18,-2.703195405,-6.542040319,6.789020328,0.0001657931779,-1.142694191e-05,0.006661285882,0,,,,,,,,1,28.61398053,77.20929656,13.9,,
2.19,-2.677897914,-6.561819638,6.758946038,-0.0002444465581,-0.0005547632111,0.003598716339,0,,,,,,,,1,28.6139809,77.20929792,13.9,,
2.2,-2.642829731,-6.486505136,6.697049027,-0.002246886454,-0.003595985067,0.001602233149,0,,,,,,,,1,28.61398127,77.20929928,13.9,,
2.21,-2.65318478,-6.480469685,6.634930705,-0.002299390936,-0.0003937237374,0.001252226922,0,,,,,,,,1,28.61398164,77.20930064,13.9,,
2.22,-2.646963255,-6.557988664,6.820016603,-0.002806094384,0.0005484410431,-0.002694437444,0,,,,,,,,1,28.61398201,77.209302,13.9,,
2.23,-2.617163437,-6.530741985,6.702455715,0.001720713471,-0.003946182798,0.001623275515,0,,,,,,,,1,28.61398238,77.20930336,13.9,,
2.24,-2.675215758,-6.528175748,6.701367426,0.0001344887833,-0.001218390214,-0.002231047262,0,,,,,,,,1,28.61398275,77.20930472,13.9,,
2.25,-2.723414672,-6.414240287,6.743327132,-0.002276853632,0.00315844733,-0.0002523033486,0,,,,,,,,1,28.61398312,77.20930608,13.9,,
2.26,-2.674739276,-6.438912546,6.701490641,-0.002027724501,-0.0008000582326,0.004050870051,0,,,,,,,,1,28.61398349,77.20930744,13.9,,
2.27,-2.507258592,-6.53838084,6.810649044,0.006281008345,0.003923616806,0.0003177802679,0,,,,,,,,1,28.61398386,77.2093088,13.9,,
2.28,-2.725148961,-6.532626772,6.703085205,0.002435165964,0.0009909193552,-0.00364840817,0,,,,,,,,1,28.61398423,77.20931016,13.9,,
2.29,-2.590305994,-6.519569853,6.747239712,-0.003537500824,-0.001324552083,-0.0008215162899,0,,,,,,,,1,28.6139846,77.20931152,13.9,,
2.3,-2.788154131,-6.582404404,6.724485429,-0.005168711871,-0.005156444161,0.002305502722,0,,,,,,,,1,28.61398497,77.20931289,13.9,,
2.31,-2.693024033,-6.445820571,6.719202098,0.002723972289,-0.003831068269,-0.004453501528,0,,,,,,,,1,28.61398534,77.20931425,13.9,,
2.32,-2.62255105,-6.504235006,6.663502325,-0.006609308801,-0.001745852976,-0.0001756909003,0,,,,,,,,1,28.6139857,77.20931561,13.9,,
2.33,-2.602920221,-6.568333451,6.639618259,0.001980148192,-0.006395942858,-0.0004369453096,0,,,,,,,,1,28.61398607,77.20931697,13.9,,
2.34,-2.65273547,-6.534864183,6.689986787,-0.004662319713,-0.007244188507,-0.005608231622,0,,,,,,,,1,28.61398644,77.20931833,13.9,,
2.35,-2.70357354,-6.455413489,6.648827388,-0.0007392464749,0.00137340252,0.002873890956,0,,,,,,,,1,28.61398681,77.20931969,13.9,,
2.36,-2.752716726,-6.520246452,6.636962504,0.003075442085,-0.001337912522,0.0005160178551,0,,,,,,,,1,28.61398718,77.20932105,13.9,,
2.37,-2.669716767,-6.478635791,6.789923085,0.001622240461,-0.001877024315,-0.003801383463,0,,,,,,,,1,28.61398755,77.20932241,13.9,,
2.38,-2.699192258,-6.568616321,6.686198717,-0.001029441184,-0.006268874271,-0.0004795357772,0,,,,,,,,1,28.61398792,77.20932377,13.9,,
2.39,-2.605173678,-6.480898647,6.82619953,-0.002056062677,-0.005592566398,0.001745618078,0,,,,,,,,1,28.61398829,77.20932513,13.9,,
2.4,-2.689255805,-6.496309438,6.810388077,0.002557925474,-0.005966302495,0.0001501757079,0,,,,,,,,1,28.61398866,77.20932649,13.9,,
2.41,-2.693385746,-6.525599172,6.736409728,0.0006509299134,-0.0009283298558,0.001014489831,0,,,,,,,,1,28.61398903,77.20932785,13.9,,
2.42,-2.644571106,-6.474541784,6.719429237,0.00170139269,0.0008172416364,-0.003973571801,0,,,,,,,,1,28.6139894,77.20932921,13.9,,
2.43,-2.645562262,-6.486295958,6.687843037,0.004272832926,-0.003323597293,0.001144318101,0,,,,,,,,1,28.61398977,77.20933057,13.9,,
2.44,-2.629222124,-6.441063003,6.794834084,0.001275148447,-0.004894811468,-0.002058036627,0,,,,,,,,1,28.61399014,77.20933193,13.9,,
2.45,-2.702987263,-6.542757007,6.667163408,1.677012527e-05,-0.0007653946043,0.004796462318,0,,,,,,,,1,28.61399051,77.20933329,13.9,,
2.46,-2.703914434,-6.58135758,6.712218842,0.001409788299,-0.001860568795,0.004843614321,0,,,,,,,,1,28.61399088,77.20933465,13.9,,
2.47,-2.555990227,-6.509851683,6.730247019,0.001773089067,-0.001911412014,0.002673477151,0,,,,,,,,1,28.61399125,77.20933601,13.9,,
2.48,-2.705834794,-6.500983515,6.711109293,0.001617575325,-0.001992311936,-0.001487439028,0,,,,,,,,1,28.61399162,77.20933737,13.9,,
2.49,-2.648653149,-6.488656899,6.666849993,-0.004713291293,-0.003305867096,-0.004392882624,0,,,,,,,,1,28.61399198,77.20933873,13.9,,
2.5,-2.611579347,-6.415774706,6.696088679,0.0008670810471,0.001490800505,0.004362213652,0,,,,,,,,1,28.61399235,77.20934009,13.9,,
2.51,-2.675697379,-6.511250205,6.748602471,-0.001985464901,-0.001581495283,0.001011780596,0,,,,,,,,1,28.61399272,77.20934145,13.9,,
2.52,-2.585796119,-6.522396269,6.684009218,0.0007948440528,-0.006706746484,0.0009207990896,0,,,,,,,,1,28.61399309,77.20934281,13.9,,
2.53,-2.528542005,-6.450584323,6.778409923,0.00095766664,0.002156083699,-0.0003534633757,0,,,,,,,,1,28.61399346,77.20934417,13.9,,
2.54,-2.701119201,-6.453271427,6.783563206,-0.005251399555,-0.002468283176,0.0039315122,0,,,,,,,,1,28.61399383,77.20934553,13.9,,
2.55,-2.670281212,-6.55369773,6.855917324,0.0005751007579,-0.002883049976,0.0008265088625,0,,,,,,,,1,28.6139942,77.20934689,13.9,,
2.56,-2.640864129,-6.538174575,6.699606307,0.0005794081681,-0.0004032036113,0.00101955127,0,,,,,,,,1,28.61399457,77.20934825,13.9,,
2.57,-2.65279405,-6.538748803,6.681234483,0.003127890041,-0.001669455761,-0.003587364337,0,,,,,,,,1,28.61399494,77.20934962,13.9,,
2.58,-2.696128297,-6.468640293,6.761301054,-0.001794784591,0.001064250997,-0.002143956149,0,,,,,,,,1,28.61399531,77.20935098,13.9,,
2.59,-2.649042837,-6.520071417,6.768164845,-5.985893096e-05,0.003136914693,0.001105061529,0,,,,,,,,1,28.61399568,77.20935234,13.9,,
2.6,-2.64914619,-6.557556135,6.740466547,-0.002024987372,-0.002271441993,-0.0008077790906,0,,,,,,,,1,28.61399605,77.2093537,13.9,,
2.61,-2.658723481,-6.537340206,6.702765464,-0.002765947581,2.75902994e-05,-0.0003157478363,0,,,,,,,,1,28.61399642,77.20935506,13.9,,
2.62,-2.736855566,-6.535568148,6.69879323,-0.002372447234,-0.0007315407519,0.001992454324,0,,,,,,,,1,28.61399679,77.20935642,13.9,,
2.63,-2.664967528,-6.470598827,6.747889262,-0.0002209757468,-0.003972898769,6.68427033e-05,0,,,,,,,,1,28.61399716,77.20935778,13.9,,
2.64,-2.669809326,-6.523287033,6.67338994,-0.00351842739,-0.0009853839404,-0.0002570276418,0,,,,,,,,1,28.61399753,77.20935914,13.9,,
2.65,-2.665979448,-6.45204209,6.757157188,9.064137178e-05,-0.001852384907,0.0003321386108,0,,,,,,,,1,28.6139979,77.2093605,13.9,,
2.66,-2.760729904,-6.483446542,6.709211024,0.0001017976452,-0.001940084279,-0.005011859461,0,,,,,,,,1,28.61399826,77.20936186,13.9,,
2.67,-2.64346438,-6.47944663,6.791430384,-0.001216945026,-0.0002631264439,-0.0008540986641,0,,,,,,,,1,28.61399863,77.20936322,13.9,,
2.68,-2.593338674,-6.457182633,6.736129958,0.004459382388,-0.002743191134,0.001875007598,0,,,,,,,,1,28.613999,77.20936458,13.9,,
2.69,-2.724444346,-6.428217015,6.730139269,-0.001128478776,0.0002591404891,0.003193819499,0,,,,,,,,1,28.61399937,77.20936594,13.9,,
2.7,-2.618334658,-6.514183468,6.760910129,0.004757628083,-0.01027701814,0.002757454781,0,,,,,,,,1,28.61399974,77.2093673,13.9,,
2.71,-2.587306114,-6.470026835,6.709613507,-0.002450208536,-0.002835702875,-0.00198205016,0,,,,,,,,1,28.61400011,77.20936866,13.9,,
2.72,-2.62164926,-6.495604712,6.651464841,-0.00011470019,-0.002105958744,0.004983310227,0,,,,,,,,1,28.61400048,77.20937002,13.9,,
2.73,-2.623144638,-6.550869729,6.697783327,-0.003142745309,-0.005867392459,0.001563953749,0,,,,,,,,1,28.61400085,77.20937138,13.9,,
2.74,-2.590465616,-6.429649676,6.714203867,0.00274972301,0.001306262676,-0.003099512755,0,,,,,,,,1,28.61400122,77.20937274,13.9,,
2.75,-2.700298856,-6.506768276,6.758696675,-0.007872705446,-0.001112125871,-0.0005783357468,0,,,,,,,,1,28.61400159,77.2093741,13.9,,
2.76,-2.708934032,-6.478991246,6.615184388,0.001022975726,-0.0007742188942,-0.003019172757,0,,,,,,,,1,28.61400196,77.20937546,13.9,,
2.77,-2.632941303,-6.572657439,6.659656551,-0.002409198583,-0.003954616232,0.004425653745,0,,,,,,,,1,28.61400233,77.20937682,13.9,,
2.78,-2.645481499,-6.480337292,6.697401622,0.001881078675,-0.002405203432,0.001736643071,0,,,,,,,,1,28.6140027,77.20937818,13.9,,
2.79,-2.713768828,-6.429849457,6.626907287,-0.003080135289,-0.003455594875,0.003898697034,0,,,,,,,,1,28.61400307,77.20937954,13.9,,
2.8,-2.675783754,-6.517679686,6.721193907,-0.002512701743,-0.005006457338,-0.003730667808,0,,,,,,,,1,28.61400344,77.2093809,13.9,,
2.81,-2.705317086,-6.510385658,6.705497713,0.002404939265,-0.0003968794228,0.003255464912,0,,,,,,,,1,28.61400381,77.20938226,13.9,,
2.82,-2.71818592,-6.509226809,6.719195051,-0.004099300801,-0.00403484646,-0.001342802799,0,,,,,,,,1,28.61400418,77.20938362,13.9,,
2.83,-2.671237817,-6.45941127,6.681659543,1.601330565e-05,-0.002127748472,0.003572030622,0,,,,,,,,1,28.61400454,77.20938498,13.9,,
2.84,-2.635363178,-6.502814262,6.702818202,-0.003646140523,-0.002664509,0.0004261383652,0,,,,,,,,1,28.61400491,77.20938635,13.9,,
2.85,-2.588748814,-6.463280077,6.662189299,0.0002605380703,-0.001174627686,0.001461848742,0,,,,,,,,1,28.61400528,77.20938771,13.9,,
2.86,-2.65500808,-6.471983862,6.805177893,-0.0005883040519,-0.002646715578,0.002237264377,0,,,,,,,,1,28.61400565,77.20938907,13.9,,
2.87,-2.676461306,-6.512818065,6.713073976,0.002197300601,-0.005170422333,-0.004634234448,0,,,,,,,,1,28.61400602,77.20939043,13.9,,
2.88,-2.614902857,-6.554545994,6.662793293,0.0021839739,-0.005087938836,0.003311752761,0,,,,,,,,1,28.61400639,77.20939179,13.9,,
2.89,-2.733879046,-6.520252632,6.741645964,-0.0002321566147,-0.002248058754,0.001941047421,0,,,,,,,,1,28.61400676,77.20939315,13.9,,
2.9,-2.703976315,-6.413836154,6.752641331,-0.002516961137,0.0006972591124,-0.003504411892,0,,,,,,,,1,28.61400713,77.20939451,13.9,,
2.91,-2.699206212,-6.534879246,6.689210861,0.0007821378676,-0.003300460235,0.0002924673728,0,,,,,,,,1,28.6140075,77.20939587,13.9,,
2.92,-2.670074747,-6.601039397,6.751372575,0.001113843302,-0.00262477645,-0.00196708754,0,,,,,,,,1,28.61400787,77.20939723,13.9,,
2.93,-2.621701292,-6.590223179,6.626336137,-0.0009842289195,0.0005545275909,0.001054312891,0,,,,,,,,1,28.61400824,77.20939859,13.9,,
2.94,-2.703513485,-6.52348481,6.68927395,2.380035537e-05,0.002676423715,0.01068365456,0,,,,,,,,1,28.61400861,77.20939995,13.9,,
2.95,-2.751268222,-6.531579218,6.650047079,-0.002774719833,0.005382310992,-0.001339037235,0,,,,,,,,1,28.61400898,77.20940131,13.9,,
2.96,-2.725626509,-6.4916059,6.626015185,-0.004409620305,-0.004042917481,0.004378190302,0,,,,,,,,1,28.61400935,77.20940267,13.9,,
2.97,-2.65953594,-6.577717819,6.640073776,-0.003971032572,-0.002117270253,-8.211352089e-05,0,,,,,,,,1,28.61400972,77.20940403,13.9,,
2.98,-2.737201105,-6.529727913,6.759645799,-0.002464943144,-0.00476472769,0.00136880084,0,,,,,,,,1,28.61401009,77.20940539,13.9,,
2.99,-2.666283449,-6.452554949,6.826178993,-0.003296439753,0.0006960122386,0.00443066456,0,,,,,,,,1,28.61401046,77.20940675,13.9,,
3,-2.713009814,-6.535649168,6.714688926,0.002307069096,-0.003441706558,0.001203592389,1,28.61401248,77.20940293,4.2,13.86896733,76.68789029,34.71462766,13,1,28.61401082,77.20940811,13.9,,
3.01,-2.767708918,-6.452424679,6.699205954,-0.00326488829,-0.0006534204015,-0.001206639209,0,,,,,,,,1,28.61401119,77.20940947,13.9,,
3.02,-2.656200583,-6.522452164,6.728654802,0.0005254301714,0.0002118589306,0.003149676301,0,,,,,,,,1,28.61401156,77.20941083,13.9,,
3.03,-2.764819572,-6.424436171,6.687292348,0.002733700291,-0.005216714181,-0.000712219875,0,,,,,,,,1,28.61401193,77.20941219,13.9,,
3.04,-2.70428901,-6.428436939,6.728351119,0.004976143545,0.007647754246,0.0009989983462,0,,,,,,,,1,28.6140123,77.20941355,13.9,,
3.05,-2.634505323,-6.505873473,6.823440774,-0.0007231717328,-0.001783923757,-0.001636625069,0,,,,,,,,1,28.61401267,77.20941491,13.9,,
3.06,-2.676145647,-6.552743877,6.726595941,0.000728453579,-0.0007186116037,0.006491067539,0,,,,,,,,1,28.61401304,77.20941627,13.9,,
3.07,-2.715531295,-6.493018521,6.718121224,-0.001478658305,0.0004959806444,-0.007380308394,0,,,,,,,,1,28.61401341,77.20941763,13.9,,
3.08,-2.633857798,-6.470585431,6.745033527,0.00234439187,-0.0005839365959,-4.543983006e-05,0,,,,,,,,1,28.61401378,77.20941899,13.9,,
3.09,-2.608802721,-6.465318675,6.672458925,0.0004558424902,0.0009694896349,-0.001574255156,0,,,,,,,,1,28.61401415,77.20942035,13.9,,
3.1,-2.676867444,-6.5189458,6.865862108,-0.001297559079,-0.003282605173,0.006871490817,0,,,,,,,,1,28.61401452,77.20942171,13.9,,
3.11,-2.60394029,-6.468975952,6.675767193,-0.001394438889,-0.001825665943,-0.003793578921,0,,,,,,,,1,28.61401489,77.20942307,13.9,,
3.12,-2.651618242,-6.398188442,6.732881192,0.002531527513,-0.005581207743,-0.003569230062,0,,,,,,,,1,28.61401526,77.20942444,13.9,,
3.13,-2.694582739,-6.449267604,6.692888761,0.002358608297,-0.004339765745,-0.0006796920878,0,,,,,,,,1,28.61401563,77.2094258,13.9,,
3.14,-2.645416222,-6.494546745,6.698848941,0.001382534714,-0.002300741279,0.004655820209,0,,,,,,,,1,28.614016,77.20942716,13.9,,
3.15,-2.577219208,-6.586207834,6.770214108,-0.004589715948,-0.0002413028082,-0.002295094425,0,,,,,,,,1,28.61401637,77.20942852,13.9,,
3.16,-2.651312313,-6.479524841,6.715044784,0.00102305059,0.0007714337555,-0.001320096305,0,,,,,,,,1,28.61401674,77.20942988,13.9,,
3.17,-2.589495774,-6.482324262,6.538308188,-0.0003439407942,0.001113659923,0.003051061851,0,,,,,,,,1,28.61401711,77.20943124,13.9,,
3.18,-2.651058432,-6.514365059,6.7422174,0.002860104304,-0.0002788260934,0.0033800996,0,,,,,,,,1,28.61401747,77.2094326,13.9,,
3.19,-2.643785637,-6.540674697,6.694722306,0.003043696149,-0.002462841429,-0.0004574407201,0,,,,,,,,1,28.61401784,77.20943396,13.9,,
3.2,-2.691157459,-6.501009165,6.744538371,-0.0002059258203,-0.007869431251,0.001748366539,0,,,,,,,,1,28.61401821,77.20943532,13.9,,
3.21,-2.60527243,-6.502840033,6.688750432,0.002862707686,-0.004375646208,-0.0009552034375,0,,,,,,,,1,28.61401858,77.20943668,13.9,,
3.22,-2.710762537,-6.510322762,6.762294282,-0.0005225602597,-0.00461106551,-0.001857960257,0,,,,,,,,1,28.61401895,77.20943804,13.9,,
3.23,-2.698037229,-6.480245061,6.693195897,-0.00246290894,-0.004570140053,-0.004944891724,0,,,,,,,,1,28.61401932,77.2094394,13.9,,
3.24,-2.697606994,-6.493995763,6.734571716,0.002091404263,-0.003993787264,0.002261610441,0,,,,,,,,1,28.61401969,77.20944076,13.9,,
3.25,-2.636539426,-6.488018471,6.678581615,-0.002597698696,-0.004322883317,-0.0009170894361,0,,,,,,,,1,28.61402006,77.20944212,13.9,,
3.26,-2.707836657,-6.602916055,6.652893223,-0.002020366479,-0.003596544394,0.001844365032,0,,,,,,,,1,28.61402043,77.20944348,13.9,,
3.27,-2.713042085,-6.445075177,6.693247714,0.0007544560292,-0.001946665646,-0.002337027164,0,,,,,,,,1,28.6140208,77.20944484,13.9,,
3.28,-2.615888512,-6.536734114,6.744295555,0.0006097027212,-0.00158185465,-0.002805298024,0,,,,,,,,1,28.61402117,77.2094462,13.9,,
3.29,-2.660809177,-6.496003716,6.681813146,-0.001205204864,-0.006529975003,-0.0001176574103,0,,,,,,,,1,28.61402154,77.20944756,13.9,,
3.3,-2.66831213,-6.438241312,6.721463833,0.002475129342,-0.0008484815904,-0.002491095755,0,,,,,,,,1,28.61402191,77.20944892,13.9,,
3.31,-2.719203746,-6.553285085,6.715606535,0.002946730375,-0.00600850481,0.0003502638562,0,,,,,,,,1,28.61402228,77.20945028,13.9,,
3.32,-2.699315631,-6.520570155,6.699219957,0.003080250669,0.0002253757924,-0.002671677451,0,,,,,,,,1,28.61402265,77.20945164,13.9,,
3.33,-2.607836208,-6.485172015,6.690814237,0.004283635634,-0.001982569459,0.002084560476,0,,,,,,,,1,28.61402302,77.209453,13.9,,
3.34,-2.708878595,-6.513073365,6.823546046,-0.0007296638706,0.00339915311,-0.0001367294918,0,,,,,,,,1,28.61402339,77.20945436,13.9,,
3.35,-2.681937104,-6.620266566,6.702948544,0.007906944827,-0.002971711563,-0.0003071890873,0,,,,,,,,1,28.61402375,77.20945572,13.9,,
3.36,-2.647672737,-6.535739731,6.726968801,-0.002176172279,-0.003883318835,-0.001336543901,0,,,,,,,,1,28.61402412,77.20945708,13.9,,
3.37,-2.566943631,-6.443363479,6.768554461,0.001552000766,-0.003822845127,-0.0004525770446,0,,,,,,,,1,28.61402449,77.20945844,13.9,,
3.38,-2.731518746,-6.514334921,6.71426954,-0.0005644822485,-0.002420334296,0.008046387966,0,,,,,,,,1,28.61402486,77.2094598,13.9,,
3.39,-2.66979539,-6.404719221,6.795354073,0.000217641296,0.003117892501,-0.0005910973774,0,,,,,,,,1,28.61402523,77.20946117,13.9,,
3.4,-2.678758883,-6.471508514,6.673023357,-0.0001831949468,-0.00429666135,-0.004265760094,0,,,,,,,,1,28.6140256,77.20946253,13.9,,
3.41,-2.623339824,-6.588978729,6.771120789,-0.004644092169,-0.003111495378,0.003500875426,0,,,,,,,,1,28.61402597,77.20946389,13.9,,
3.42,-2.722308286,-6.411013993,6.779885955,-0.001297568685,-0.002043946444,0.002057260886,0,,,,,,,,1,28.61402634,77.20946525,13.9,,
3.43,-2.68289069,-6.514210546,6.664181691,0.001431573926,-0.001232072035,-0.001561911473,0,,,,,,,,1,28.61402671,77.20946661,13.9,,
3.44,-2.71699347,-6.548145548,6.678261448,0.001375441429,-0.00667109563,2.318259971e-05,0,,,,,,,,1,28.61402708,77.20946797,13.9,,
3.45,-2.640305844,-6.525634148,6.758326744,0.001531223048,-0.005017626949,-0.005842476659,0,,,,,,,,1,28.61402745,77.20946933,13.9,,
3.46,-2.688300517,-6.492621031,6.736797808,0.002092434488,-0.006725217179,0.001661928511,0,,,,,,,,1,28.61402782,77.20947069,13.9,,
3.47,-2.665742575,-6.555079894,6.766761643,-0.007713930439,-0.002793084579,0.0005096163751,0,,,,,,,,1,28.61402819,77.20947205,13.9,,
3.48,-2.728704201,-6.47572102,6.737894903,-0.0001973241874,-0.002053629119,0.001043714374,0,,,,,,,,1,28.61402856,77.20947341,13.9,,
3.49,-2.685150215,-6.500746219,6.734200726,0.0006216505518,-0.0006436837806,0.008705094026,0,,,,,,,,1,28.61402893,77.20947477,13.9,,
3.5,-2.569356891,-6.48788776,6.687162142,0.004566667182,-0.002747865552,0.005296805604,0,,,,,,,,1,28.6140293,77.20947613,13.9,,
3.51,-2.615732563,-6.434968988,6.726899008,-0.002434208642,0.002332548595,-0.0001770542618,0,,,,,,,,1,28.61402967,77.20947749,13.9,,
3.52,-2.616159703,-6.424469933,6.620088653,0.003381332416,-0.0009354127094,-0.00254307964,0,,,,,,,,1,28.61403003,77.20947885,13.9,,
3.53,-2.628217316,-6.520562146,6.68424391,0.006703273742,-0.001785116402,0.005896014727,0,,,,,,,,1,28.6140304,77.20948021,13.9,,
3.54,-2.689941222,-6.502113908,6.672243009,1.714171671e-06,-0.004909576657,-0.00355473461,0,,,,,,,,1,28.61403077,77.20948157,13.9,,
3.55,-2.691624277,-6.560031173,6.729881227,0.001006279945,-5.570398193e-05,0.003237554095,0,,,,,,,,1,28.61403114,77.20948293,13.9,,
3.56,-2.654488883,-6.525444347,6.71277991,0.00141115787,-0.003392263726,-0.002968306845,0,,,,,,,,1,28.61403151,77.20948429,13.9,,
3.57,-2.594002657,-6.550034054,6.781260591,0.004275857132,-0.003877153155,-0.004334797343,0,,,,,,,,1,28.61403188,77.20948565,13.9,,
3.58,-2.613910862,-6.473976501,6.773674898,-0.001701324096,0.001461481185,-0.00104855883,0,,,,,,,,1,28.61403225,77.20948701,13.9,,
3.59,-2.749735461,-6.416327746,6.677360762,0.002515582436,-0.001694032818,7.378636887e-05,0,,,,,,,,1,28.61403262,77.20948837,13.9,,
3.6,-2.598162261,-6.427727152,6.701703618,0.003138684048,-0.005596975316,-0.0001534309957,0,,,,,,,,1,28.61403299,77.20948973,13.9,,
3.61,-2.62504673,-6.460249004,6.742787817,0.003971606801,-0.001296887339,0.001922830338,0,,,,,,,,1,28.61403336,77.20949109,13.9,,
3.62,-2.657027967,-6.467906542,6.657330727,0.0002003485407,-0.003514605861,-0.0008606008,0,,,,,,,,1,28.61403373,77.20949245,13.9,,
3.63,-2.745410843,-6.430419493,6.663522798,0.004116655902,-0.00622233059,0.005078205443,0,,,,,,,,1,28.6140341,77.20949381,13.9,,
3.64,-2.719075033,-6.469892536,6.7041068,0.00242432293,-0.009657755354,-0.002209621835,0,,,,,,,,1,28.61403447,77.20949517,13.9,,
3.65,-2.681999196,-6.499244857,6.799552934,-0.001825223442,0.005001814586,0.002324271384,0,,,,,,,,1,28.61403484,77.20949653,13.9,,
3.66,-2.637401615,-6.491442693,6.830513072,-0.002580606965,-0.0006707675005,0.004909951046,0,,,,,,,,1,28.61403521,77.2094979,13.9,,
3.67,-2.643083843,-6.488367737,6.770147246,0.00453865774,0.0001774159339,0.001576541562,0,,,,,,,,1,28.61403558,77.20949926,13.9,,
3.68,-2.680957519,-6.555663276,6.683837581,0.0005054511248,0.002165801938,-0.002341566292,0,,,,,,,,1,28.61403595,77.20950062,13.9,,
3.69,-2.684263684,-6.415033979,6.783342079,0.001337567987,0.001430450048,-0.0002529798267,0,,,,,,,,1,28.61403631,77.20950198,13.9,,
3.7,-2.772464463,-6.565626663,6.718649791,0.004378160498,-0.002399383133,-0.001411801282,0,,,,,,,,1,28.61403668,77.20950334,13.9,,
3.71,-2.661253153,-6.496208236,6.698890629,0.000706512778,-0.00344206591,-0.001550220545,0,,,,,,,,1,28.61403705,77.2095047,13.9,,
3.72,-2.613644256,-6.484539546,6.671362544,-0.005928343158,-0.003799341878,0.005843069834,0,,,,,,,,1,28.61403742,77.20950606,13.9,,
3.73,-2.667711543,-6.460436057,6.765722907,0.004620395545,-0.001334939965,-0.001835817581,0,,,,,,,,1,28.61403779,77.20950742,13.9,,
3.74,-2.679037252,-6.543058805,6.82069758,0.002103494438,0.003467513566,-0.0032150131,0,,,,,,,,1,28.61403816,77.20950878,13.9,,
3.75,-2.681741818,-6.483186187,6.692706724,0.005547882633,-0.003492335013,0.004260771585,0,,,,,,,,1,28.61403853,77.20951014,13.9,,
3.76,-2.545614466,-6.417374219,6.696940864,0.0003542201492,-0.002543921602,0.001323741343,0,,,,,,,,1,28.6140389,77.2095115,13.9,,
3.77,-2.629162098,-6.510558156,6.756970037,0.0009115286066,-0.002979816668,-0.006827364541,0,,,,,,,,1,28.61403927,77.20951286,13.9,,
3.78,-2.646789707,-6.473043206,6.807856984,-0.007078401266,-0.007292501604,0.001694498871,0,,,,,,,,1,28.61403964,77.20951422,13.9,,
3.79,-2.720378478,-6.481749178,6.669606618,0.001030347747,-0.004889156747,0.002766225239,0,,,,,,,,1,28.61404001,77.20951558,13.9,,
3.8,-2.63393613,-6.549063382,6.812158046,0.0003463490524,-0.00752515451,0.002402023676,0,,,,,,,,1,28.61404038,77.20951694,13.9,,
3.81,-2.642639823,-6.597671398,6.72299525,0.002347573297,-0.003679784504,-0.001478294701,0,,,,,,,,1,28.61404075,77.2095183,13.9,,
3.82,-2.749451317,-6.492966287,6.708433678,-0.001344652936,-0.003481055999,-0.0008587606612,0,,,,,,,,1,28.61404112,77.20951966,13.9,,
3.83,-2.750939619,-6.516041729,6.723022124,0.002742105466,-0.008331615146,0.0002985138425,0,,,,,,,,1,28.61404149,77.20952102,13.9,,
3.84,-2.62663996,-6.555808688,6.773285271,0.001317966451,-0.004422296858,0.001577106106,0,,,,,,,,1,28.61404186,77.20952238,13.9,,
3.85,-2.663899046,-6.539007353,6.732358778,-0.006117430132,-0.00251927617,-0.003675986577,0,,,,,,,,1,28.61404223,77.20952374,13.9,,
3.86,-2.700850485,-6.507254752,6.765208728,-0.002594724269,-0.004752166606,0.00191049063,0,,,,,,,,1,28.61404259,77.2095251,13.9,,
3.87,-2.615257262,-6.460905719,6.657473507,0.0002030198039,-0.0004322565267,-0.003098303511,0,,,,,,,,1,28.61404296,77.20952646,13.9,,
3.88,-2.694006336,-6.48753899,6.718046879,0.005331092881,0.002520601031,0.003980813445,0,,,,,,,,1,28.61404333,77.20952782,13.9,,
3.89,-2.670123403,-6.531448497,6.644570374,0.002447050926,-0.003738366533,7.014147198e-05,0,,,,,,,,1,28.6140437,77.20952918,13.9,,
3.9,-2.718292832,-6.630898946,6.71025526,-0.0001455102783,0.0004174137918,-0.001533293951,0,,,,,,,,1,28.61404407,77.20953054,13.9,,
3.91,-2.637662766,-6.552622876,6.76712051,-0.0003668272028,-0.007143226979,0.003905492604,0,,,,,,,,1,28.61404444,77.2095319,13.9,,
3.92,-2.661618246,-6.550688854,6.72630029,-0.003522456583,0.002404703605,0.000798704046,0,,,,,,,,1,28.61404481,77.20953326,13.9,,
3.93,-2.650202319,-6.495342256,6.695217363,0.001089876171,-0.001231766021,-0.005844648923,0,,,,,,,,1,28.61404518,77.20953463,13.9,,
3.94,-2.664969382,-6.516216953,6.749183102,-0.000216051869,0.001578797086,0.0008452323774,0,,,,,,,,1,28.61404555,77.20953599,13.9,,
3.95,-2.709327223,-6.504838283,6.689630468,-0.0002274483594,-0.0018421873,0.001208964485,0,,,,,,,,1,28.61404592,77.20953735,13.9,,
3.96,-2.6436493,-6.434964993,6.664655366,-0.00239397268,-0.001679408413,0.0005445341899,0,,,,,,,,1,28.61404629,77.20953871,13.9,,
3.97,-2.696743411,-6.551487737,6.71516252,0.0006680776697,-0.004492834441,-0.001684274392,0,,,,,,,,1,28.61404666,77.20954007,13.9,,
3.98,-2.635147907,-6.42263451,6.697906098,-0.0009554458286,-0.008573853116,-0.001702060061,0,,,,,,,,1,28.61404703,77.20954143,13.9,,
3.99,-2.636521506,-6.495784064,6.730548839,-0.0006222939288,-0.004513336646,0.001504785615,0,,,,,,,,1,28.6140474,77.20954279,13.9,,
4,-2.711101983,-6.555572755,6.726819855,-0.002411504162,-0.001862138375,-0.0001212117061,1,28.61406079,77.20950053,4.2,13.80887557,80.29315007,39.13764483,12,1,28.61404777,77.20954415,13.9,,
4.01,-2.643443977,-6.524570867,6.752531603,0.0008616692978,-0.003284324272,0.00171322636,0,,,,,,,,1,28.61404814,77.20954551,13.9,,
4.02,-2.702762266,-6.460611347,6.746857374,0.003281047648,0.002059092554,-0.001383596573,0,,,,,,,,1,28.61404851,77.20954687,13.9,,
4.03,-2.673873501,-6.510814015,6.758046896,0.002192828451,-0.006910270465,-0.002354728311,0,,,,,,,,1,28.61404887,77.20954823,13.9,,
4.04,-2.629870754,-6.491229528,6.689073759,0.002819209349,-0.005258002894,0.0005344597692,0,,,,,,,,1,28.61404924,77.20954959,13.9,,
4.05,-2.601427515,-6.45283108,6.648696291,-0.0009664926879,0.002470723929,0.004300163072,0,,,,,,,,1,28.61404961,77.20955095,13.9,,
4.06,-2.694530508,-6.473578868,6.747051757,-0.004287872421,0.003243476721,-0.0001825393466,0,,,,,,,,1,28.61404998,77.20955231,13.9,,
4.07,-2.730851531,-6.510830188,6.710937476,-0.002695048458,-0.00457975258,0.0002598523707,0,,,,,,,,1,28.61405035,77.20955367,13.9,,
4.08,-2.566448748,-6.516090945,6.726787556,-0.009582246467,-0.005896761804,-0.003912363341,0,,,,,,,,1,28.61405072,77.20955503,13.9,,
4.09,-2.698481582,-6.461639395,6.705973929,0.002774199807,0.0009518427518,-0.00387684093,0,,,,,,,,1,28.61405109,77.20955639,13.9,,
4.1,-2.649971082,-6.599650041,6.74307985,-0.0001195140551,-3.885329892e-05,0.002202613151,0,,,,,,,,1,28.61405146,77.20955775,13.9,,
4.11,-2.636981347,-6.462451507,6.636437541,-0.001044597399,-0.002594182353,0.001139002106,0,,,,,,,,1,28.61405183,77.20955911,13.9,,
4.12,-2.681265865,-6.452566061,6.725313416,0.0002911645557,0.001966032512,0.0009423917942,0,,,,,,,,1,28.6140522,77.20956047,13.9,,
4.13,-2.67333917,-6.510014646,6.706879128,0.004310678377,0.0003893813794,-0.005029289517,0,,,,,,,,1,28.61405257,77.20956183,13.9,,
4.14,-2.674318886,-6.496828379,6.739566617,0.0004875670486,0.001171265714,0.004886530839,0,,,,,,,,1,28.61405294,77.20956319,13.9,,
4.15,-2.702494726,-6.534104555,6.729013412,-0.001551445009,-0.001202869454,-0.001434016869,0,,,,,,,,1,28.61405331,77.20956455,13.9,,
4.16,-2.614871108,-6.481038567,6.806420452,0.0004759206595,0.002879459435,0.003134667396,0,,,,,,,,1,28.61405368,77.20956591,13.9,,
4.17,-2.772169935,-6.50472535,6.724603497,-0.00232984097,-0.004127888439,-0.004886954583,0,,,,,,,,1,28.61405405,77.20956727,13.9,,
4.18,-2.716716771,-6.515711073,6.745396872,0.001759404634,-0.002044724933,0.001976616526,0,,,,,,,,1,28.61405442,77.20956863,13.9,,
4.19,-2.599524693,-6.543222457,6.792873787,-0.004380133055,-0.00196917208,0.005597531467,0,,,,,,,,1,28.61405479,77.20956999,13.9,,
4.2,-2.636528953,-6.436508267,6.752266604,-0.001742488163,0.002549113696,-0.005388868537,0,,,,,,,,1,28.61405515,77.20957136,13.9,,
4.21,-2.674992009,-6.376289844,6.684578288,-0.003659020514,-0.005779730451,0.006914196157,0,,,,,,,,1,28.61405552,77.20957272,13.9,,
4.22,-2.637315409,-6.534802434,6.749995308,-0.004081434318,-0.007504773017,0.00504102394,0,,,,,,,,1,28.61405589,77.20957408,13.9,,
4.23,-2.687126764,-6.451044179,6.837658488,0.000926677039,0.0003790453151,-0.005109335076,0,,,,,,,,1,28.61405626,77.20957544,13.9,,
4.24,-2.623668621,-6.449924552,6.676972719,0.001871472523,-0.006256088275,-0.004013527441,0,,,,,,,,1,28.61405663,77.2095768,13.9,,
4.25,-2.71589276,-6.577723067,6.68465356,-0.00470694435,-0.002172036083,-0.003748063312,0,,,,,,,,1,28.614057,77.20957816,13.9,,
4.26,-2.711161911,-6.463313709,6.781490811,-0.003218699185,-0.004361868614,-0.001816146548,0,,,,,,,,1,28.61405737,77.20957952,13.9,,
4.27,-2.696334026,-6.506488235,6.659201039,-0.002419545457,-0.002090675621,0.002340670574,0,,,,,,,,1,28.61405774,77.20958088,13.9,,
4.28,-2.681292728,-6.467024542,6.763850425,-0.002769876276,-0.002200614702,-0.001463032381,0,,,,,,,,1,28.61405811,77.20958224,13.9,,
4.29,-2.702664011,-6.444429099,6.748724958,0.00060583157,-0.004558540517,0.002964648739,0,,,,,,,,1,28.61405848,77.2095836,13.9,,
4.3,-2.651116384,-6.451615192,6.695679642,-0.002073770903,0.002535784165,-0.0006639942928,0,,,,,,,,1,28.61405885,77.20958496,13.9,,
4.31,-2.714622235,-6.465766145,6.797038516,-0.001471325897,-0.003238749203,0.002504936685,0,,,,,,,,1,28.61405922,77.20958632,13.9,,
4.32,-2.589345787,-6.675220949,6.733576518,-0.0003074938407,0.001560990533,0.002250269782,0,,,,,,,,1,28.61405959,77.20958768,13.9,,
4.33,-2.691995984,-6.576614325,6.719983912,0.002050637868,3.452025434e-06,-0.004171124828,0,,,,,,,,1,28.61405996,77.20958904,13.9,,
4.34,-2.669612869,-6.459142772,6.618686361,0.003426780898,0.0005604343615,-0.0009218602025,0,,,,,,,,1,28.61406033,77.2095904,13.9,,
4.35,-2.729752448,-6.52106238,6.803779216,-0.003920035798,0.003606452177,0.001374093686,0,,,,,,,,1,28.6140607,77.20959176,13.9,,
4.36,-2.577473851,-6.447227044,6.780433928,-0.0007638820433,0.0002184139266,0.001178841067,0,,,,,,,,1,28.61406107,77.20959312,13.9,,
4.37,-2.684130792,-6.49024646,6.741127393,0.001273223445,-0.0004951739225,0.002479049908,0,,,,,,,,1,28.61406144,77.20959448,13.9,,
4.38,-2.669228279,-6.536820887,6.770204266,0.00289896526,0.001968279253,-0.004938883076,0,,,,,,,,1,28.6140618,77.20959584,13.9,,
4.39,-2.598165268,-6.578731675,6.718945668,0.002839385274,-0.0004883762659,0.0008237575826,0,,,,,,,,1,28.61406217,77.2095972,13.9,,
4.4,-2.558205725,-6.534558616,6.68951501,0.005469870067,-0.003356391746,0.001848075779,0,,,,,,,,1,28.61406254,77.20959856,13.9,,
4.41,-2.703465555,-6.581143289,6.8053029,0.0006455260945,0.003458096061,0.001606078103,0,,,,,,,,1,28.61406291,77.20959992,13.9,,
4.42,-2.605753013,-6.489494716,6.847498844,-7.086612762e-07,-0.003937990465,-0.003374624527,0,,,,,,,,1,28.61406328,77.20960128,13.9,,
4.43,-2.745006236,-6.495474067,6.739041072,0.004318462805,0.0007612209452,-0.00210200946,0,,,,,,,,1,28.61406365,77.20960264,13.9,,
4.44,-2.693114454,-6.488289991,6.73525546,-0.001796764378,-0.003684348299,0.0002340512486,0,,,,,,,,1,28.61406402,77.209604,13.9,,
4.45,-2.690917786,-6.448553552,6.801762896,-0.003516745044,0.00197670188,-0.0001369745252,0,,,,,,,,1,28.61406439,77.20960536,13.9,,
4.46,-2.702647917,-6.513532582,6.678624987,-0.002308057464,-0.004175702154,-0.00262672979,0,,,,,,,,1,28.61406476,77.20960672,13.9,,
4.47,-2.783291456,-6.534990194,6.709005722,0.00367817773,-0.005887895562,-0.0003887912269,0,,,,,,,,1,28.61406513,77.20960809,13.9,,
4.48,-2.59978508,-6.5371057,6.68425358,-0.0002812775121,-0.002315389978,-0.004750067944,0,,,,,,,,1,28.6140655,77.20960945,13.9,,
4.49,-2.605823492,-6.527721964,6.747351832,-0.002835074523,-0.001931474341,-0.004434848608,0,,,,,,,,1,28.61406587,77.20961081,13.9,,
4.5,-2.702185452,-6.642614988,6.666895223,0.001645631891,0.0002673766797,-0.003741091057,0,,,,,,,,1,28.61406624,77.20961217,13.9,,
4.51,-2.730035543,-6.48461079,6.716393454,0.004931417065,-0.0009031888672,-0.002577466215,0,,,,,,,,1,28.61406661,77.20961353,13.9,,
4.52,-2.51801881,-6.555547652,6.697033383,-0.007489341854,-0.0006286251468,-0.003956091543,0,,,,,,,,1,28.61406698,77.20961489,13.9,,
4.53,-2.667885691,-6.361937276,6.663801663,0.001283493242,-0.004570221313,0.002721068391,0,,,,,,,,1,28.61406735,77.20961625,13.9,,
4.54,-2.564384212,-6.554384667,6.693327876,0.003031102711,-0.003060435726,0.001785254629,0,,,,,,,,1,28.61406772,77.20961761,13.9,,
4.55,-2.584367386,-6.547551337,6.665779083,-0.0001309779232,0.0008691010917,-0.002097104985,0,,,,,,,,1,28.61406808,77.20961897,13.9,,
4.56,-2.675831621,-6.457302466,6.665068424,-0.0009886438895,-0.004278169744,-0.004009087122,0,,,,,,,,1,28.61406845,77.20962033,13.9,,
4.57,-2.648894548,-6.542776652,6.641839327,-0.002367739845,-0.002626885867,-0.00297118679,0,,,,,,,,1,28.61406882,77.20962169,13.9,,
4.58,-2.663186283,-6.40505814,6.770653857,0.006013658019,-0.008128488778,-0.002180953569,0,,,,,,,,1,28.61406919,77.20962305,13.9,,
4.59,-2.716888635,-6.556325998,6.741848907,0.002638058906,-0.0004670888478,-0.003330111513,0,,,,,,,,1,28.61406956,77.20962441,13.9,,
4.6,-2.635590387,-6.555867108,6.789713405,0.001683467569,-0.0009588178698,-0.001672885904,0,,,,,,,,1,28.61406993,77.20962577,13.9,,
4.61,-2.677085076,-6.467810357,6.770892749,-0.001175278687,-0.003704559897,0.002516187207,0,,,,,,,,1,28.6140703,77.20962713,13.9,,
4.62,-2.606129981,-6.477285275,6.713447951,-0.0003662138821,0.001049418283,-0.00256435946,0,,,,,,,,1,28.61407067,77.20962849,13.9,,
4.63,-2.710260304,-6.494872367,6.804644521,0.002159527125,-0.001283553774,3.708519302e-05,0,,,,,,,,1,28.61407104,77.20962985,13.9,,
4.64,-2.712666064,-6.554167015,6.623701184,-0.00305992801,-0.002996069491,-0.001610864341,0,,,,,,,,1,28.61407141,77.20963121,13.9,,
4.65,-2.647696619,-6.516107069,6.657865613,-8.617437122e-06,-0.004544815458,-0.0002428200018,0,,,,,,,,1,28.61407178,77.20963257,13.9,,
4.66,-2.636272883,-6.486301323,6.718152117,-0.001541715218,-0.008125092831,0.0001332572866,0,,,,,,,,1,28.61407215,77.20963393,13.9,,
4.67,-2.723355549,-6.487501495,6.640914386,0.003440322831,-0.002351068894,-0.005718995358,0,,,,,,,,1,28.61407252,77.20963529,13.9,,
4.68,-2.693534224,-6.46239108,6.735888756,-0.005023544115,-0.002164583186,-0.0007925811179,0,,,,,,,,1,28.61407289,77.20963665,13.9,,
4.69,-2.708755357,-6.530154388,6.691783258,0.001766497086,-0.006379615856,-0.0009876055769,0,,,,,,,,1,28.61407326,77.20963801,13.9,,
4.7,-2.717962234,-6.523797249,6.68364711,0.00328498449,-0.003803553505,0.000768555002,0,,,,,,,,1,28.61407363,77.20963937,13.9,,
4.71,-2.716442798,-6.492093757,6.635456958,-0.0003938365876,-0.0003954892592,-0.001779838574,0,,,,,,,,1,28.614074,77.20964073,13.9,,
4.72,-2.7318269,-6.550618764,6.682339131,0.006593295553,0.00117240392,-0.003895842571,0,,,,,,,,1,28.61407436,77.20964209,13.9,,
4.73,-2.764349624,-6.45274909,6.808401346,0.0001010822169,0.003926056693,-0.001798392744,0,,,,,,,,1,28.61407473,77.20964345,13.9,,
4.74,-2.539722373,-6.570338671,6.709497346,-0.003344894884,-0.006489625674,-0.005095976441,0,,,,,,,,1,28.6140751,77.20964482,13.9,,
4.75,-2.701209419,-6.511617383,6.763634799,0.002441950609,9.780632446e-05,-0.0003850239234,0,,,,,,,,1,28.61407547,77.20964618,13.9,,
4.76,-2.677946926,-6.573181825,6.722322991,0.001999657302,-0.000912254438,-0.003949343283,0,,,,,,,,1,28.61407584,77.20964754,13.9,,
4.77,-2.561881959,-6.484157434,6.813350096,0.003999350154,0.000288434486,-0.001577379112,0,,,,,,,,1,28.61407621,77.2096489,13.9,,
4.78,-2.659523891,-6.464835787,6.823244273,-0.002473500239,-0.001398817746,-0.002704888629,0,,,,,,,,1,28.61407658,77.20965026,13.9,,
4.79,-2.72203142,-6.405336561,6.80568649,0.0004439384293,0.00222194584,-0.0002617754257,0,,,,,,,,1,28.61407695,77.20965162,13.9,,
4.8,-2.678019993,-6.442277931,6.717059767,-0.001733363361,-0.002036268448,0.0009853196248,0,,,,,,,,1,28.61407732,77.20965298,13.9,,
4.81,-2.633915517,-6.48471425,6.682900855,-0.003367648828,0.0009032674277,0.003292055078,0,,,,,,,,1,28.61407769,77.20965434,13.9,,
4.82,-2.571278513,-6.406124536,6.734801051,0.0007934391182,-0.00110194898,-0.0002190305401,0,,,,,,,,1,28.61407806,77.2096557,13.9,,
4.83,-2.610902673,-6.448518542,6.717183689,-0.005394489047,-0.0002230816436,-0.002538828944,0,,,,,,,,1,28.61407843,77.20965706,13.9,,
4.84,-2.572021578,-6.452882185,6.654794174,-0.0004700396273,-0.006591477984,-0.0005960043107,0,,,,,,,,1,28.6140788,77.20965842,13.9,,
4.85,-2.786961747,-6.523558565,6.739359854,0.001321466029,-0.006307577701,0.005221085193,0,,,,,,,,1,28.61407917,77.20965978,13.9,,
4.86,-2.668386052,-6.509817172,6.678915899,0.002493887237,-0.001784949931,0.000835301965,0,,,,,,,,1,28.61407954,77.20966114,13.9,,
4.87,-2.689108328,-6.443984011,6.763361813,0.0008312111334,-0.002811226302,-0.00359607496,0,,,,,,,,1,28.61407991,77.2096625,13.9,,
4.88,-2.68688886,-6.529408547,6.763281232,5.2586462e-05,-0.001556343526,0.003890992489,0,,,,,,,,1,28.61408028,77.20966386,13.9,,
4.89,-2.708097935,-6.477509543,6.738037352,-0.001131861531,-0.002465407271,0.0003073393849,0,,,,,,,,1,28.61408064,77.20966522,13.9,,
4.9,-2.712776308,-6.509328037,6.725330228,-0.007473527312,-0.004967437756,0.002347907958,0,,,,,,,,1,28.61408101,77.20966658,13.9,,
4.91,-2.709412669,-6.573743796,6.710738643,-0.005482734399,-0.002375295019,-0.002561477169,0,,,,,,,,1,28.61408138,77.20966794,13.9,,
4.92,-2.684992019,-6.464055461,6.721418547,0.0008438906905,0.002577330023,0.003792061931,0,,,,,,,,1,28.61408175,77.2096693,13.9,,
4.93,-2.649007853,-6.619474524,6.656284509,0.002862699253,0.0006985362006,0.0007558643446,0,,,,,,,,1,28.61408212,77.20967066,13.9,,
4.94,-2.653797912,-6.468181481,6.642768684,-0.0007688828777,-0.004611007429,-0.00396735074,0,,,,,,,,1,28.61408249,77.20967202,13.9,,
4.95,-2.683523513,-6.433671934,6.657048728,0.001382942355,-0.003514799356,-0.001872216058,0,,,,,,,,1,28.61408286,77.20967338,13.9,,
4.96,-2.755310151,-6.510379833,6.797302156,-0.006146135348,-0.002198966555,-0.004015133638,0,,,,,,,,1,28.61408323,77.20967474,13.9,,
4.97,-2.656383235,-6.471248197,6.773666362,-0.0004055470847,-0.002181141095,-0.009327859115,0,,,,,,,,1,28.6140836,77.2096761,13.9,,
4.98,-2.690873906,-6.497441427,6.675160651,0.0008968168854,-0.002222844491,-0.003158484438,0,,,,,,,,1,28.61408397,77.20967746,13.9,,
4.99,-2.656989249,-6.493190659,6.733083633,-0.0009392444209,-0.00604663878,-0.0002510758596,0,,,,,,,,1,28.61408434,77.20967882,13.9,,
5,-2.68671713,-6.463898889,6.686627333,0.001144839065,-0.009514997582,-0.005703766737,1,28.61408119,77.209648,4.2,13.90764006,75.34719309,36.53928283,11,1,28.61408471,77.20968018,13.9,,
5.01,-2.641450856,-6.425914134,6.698854028,0.001208394702,-0.003685300133,-0.004848398694,0,,,,,,,,1,28.61408508,77.20968155,13.9,,
5.02,-2.650964609,-6.550605165,6.699714108,0.0003497852381,0.003300969051,-0.001362076319,0,,,,,,,,1,28.61408545,77.20968291,13.9,,
5.03,-2.631715295,-6.548191395,6.686482528,-0.002811213017,-0.001686740107,-0.002224687923,0,,,,,,,,1,28.61408582,77.20968427,13.9,,
5.04,-2.761807273,-6.544355083,6.763569494,-0.003300418307,-0.006078277297,0.001300214399,0,,,,,,,,1,28.61408619,77.20968563,13.9,,
5.05,-2.619453979,-6.46529335,6.664501365,0.0002617094424,-0.003686192605,0.002101896126,0,,,,,,,,1,28.61408656,77.20968699,13.9,,
5.06,-2.680016674,-6.457010928,6.752421763,0.001605140929,-0.001041777048,-0.003373398284,0,,,,,,,,1,28.61408692,77.20968835,13.9,,
5.07,-2.655286966,-6.447535631,6.671717933,-0.0001792374413,-0.001402446806,0.002521726406,0,,,,,,,,1,28.61408729,77.20968971,13.9,,
5.08,-2.649163776,-6.472971217,6.672051812,-0.001793999383,-0.003936039331,-0.003150824218,0,,,,,,,,1,28.61408766,77.20969107,13.9,,
5.09,-2.695621012,-6.429071535,6.747333388,0.001810872732,-0.001858832126,0.001205852858,0,,,,,,,,1,28.61408803,77.20969243,13.9,,
5.1,-2.72737079,-6.504893984,6.714245172,-0.002772980886,0.003146933642,0.000739587351,0,,,,,,,,1,28.6140884,77.20969379,13.9,,
5.11,-2.678010659,-6.45185943,6.766530859,0.00182316558,-0.00469757672,0.001431740376,0,,,,,,,,1,28.61408877,77.20969515,13.9,,
5.12,-2.595851556,-6.551429992,6.76797187,-0.005475100106,-0.004345883117,-0.0005458670343,0,,,,,,,,1,28.61408914,77.20969651,13.9,,
5.13,-2.713897889,-6.448748236,6.759934918,-0.003206501408,-0.003447323358,0.001947793809,0,,,,,,,,1,28.61408951,77.20969787,13.9,,
5.14,-2.584109514,-6.453012819,6.71922213,-0.000406877309,-0.002833959072,0.003641876536,0,,,,,,,,1,28.61408988,77.20969923,13.9,,
5.15,-2.644226089,-6.451897418,6.640000302,0.002114717399,-0.002695468184,-0.0006404816522,0,,,,,,,,1,28.61409025,77.20970059,13.9,,
5.16,-2.717247125,-6.486007046,6.753464586,-0.006769085589,-0.006313586692,-0.002398917176,0,,,,,,,,1,28.61409062,77.20970195,13.9,,
5.17,-2.631922223,-6.551205782,6.785782941,0.002363590508,-0.00638852791,0.0004770905838,0,,,,,,,,1,28.61409099,77.20970331,13.9,,
5.18,-2.666625984,-6.469309369,6.746852067,-0.0004592065551,0.0008085181516,5.776575143e-05,0,,,,,,,,1,28.61409136,77.20970467,13.9,,
5.19,-2.695625027,-6.548112969,6.819082461,0.004459673895,-0.0008691612554,-0.003859523099,0,,,,,,,,1,28.61409173,77.20970603,13.9,,
5.2,-2.66096333,-6.409979549,6.667374247,0.002881099175,-0.004822518628,0.00676110574,0,,,,,,,,1,28.6140921,77.20970739,13.9,,
5.21,-2.699834854,-6.538264586,6.773638066,-0.00139620456,-0.002054105469,0.002052485579,0,,,,,,,,1,28.61409247,77.20970875,13.9,,
5.22,-2.67097295,-6.542430895,6.764318289,0.001306531651,0.002020760248,0.002141576773,0,,,,,,,,1,28.61409284,77.20971011,13.9,,
5.23,-2.71707396,-6.582427776,6.67914882,0.0005157118193,-0.002090406534,-0.001082569101,0,,,,,,,,1,28.6140932,77.20971147,13.9,,
5.24,-2.717857623,-6.548877514,6.689778894,0.0006040788882,-0.008543911646,0.001776288428,0,,,,,,,,1,28.61409357,77.20971283,13.9,,
5.25,-2.745586435,-6.50354916,6.67752247,0.003813472091,-0.00369201577,-0.0003759164156,0,,,,,,,,1,28.61409394,77.20971419,13.9,,
5.26,-2.653810193,-6.48482482,6.721379165,0.001919870458,-0.001380973603,-0.001516411527,0,,,,,,,,1,28.61409431,77.20971555,13.9,,
5.27,-2.700673244,-6.514645714,6.686130893,0.004014582014,-0.001901083986,-0.0045415636,0,,,,,,,,1,28.61409468,77.20971691,13.9,,
5.28,-2.680795613,-6.457975813,6.773011824,0.005055432907,-0.003833997814,0.004850582807,0,,,,,,,,1,28.61409505,77.20971828,13.9,,
5.29,-2.602825458,-6.493090995,6.773150769,-0.001758734698,0.0004961245412,0.001200512138,0,,,,,,,,1,28.61409542,77.20971964,13.9,,
5.3,-2.750728661,-6.425215463,6.768751276,-0.002817975897,-0.002428754972,0.003982645961,0,,,,,,,,1,28.61409579,77.209721,13.9,,
5.31,-2.712070844,-6.494022602,6.735471275,0.0002700782795,-0.0009102226693,-0.003157639664,0,,,,,,,,1,28.61409616,77.20972236,13.9,,
5.32,-2.689912224,-6.529097602,6.69011773,0.001962652465,-0.002626857162,-0.003952318518,0,,,,,,,,1,28.61409653,77.20972372,13.9,,
5.33,-2.672347452,-6.521309309,6.668812486,-0.001771824197,-0.001605704396,0.002829618585,0,,,,,,,,1,28.6140969,77.20972508,13.9,,
5.34,-2.648934366,-6.471937091,6.732704248,0.001135035308,-0.006788702778,-0.0002194963205,0,,,,,,,,1,28.61409727,77.20972644,13.9,,
5.35,-2.643430399,-6.403685804,6.753060684,-0.000648440934,-0.004057253115,0.005385986703,0,,,,,,,,1,28.61409764,77.2097278,13.9,,
5.36,-2.67475601,-6.533053303,6.735273332,-0.001704325834,-0.006970241691,0.00290787581,0,,,,,,,,1,28.61409801,77.20972916,13.9,,
5.37,-2.617048257,-6.538101729,6.747018457,0.0003301715683,-0.005852312152,0.002453330255,0,,,,,,,,1,28.61409838,77.20973052,13.9,,
5.38,-2.706810219,-6.578212504,6.69357881,0.003351341209,-0.001517252361,0.002167460628,0,,,,,,,,1,28.61409875,77.20973188,13.9,,
5.39,-2.59462457,-6.496847967,6.659683022,-0.005375355761,-0.001494455386,-0.005830644536,0,,,,,,,,1,28.61409912,77.20973324,13.9,,
5.4,-2.651057348,-6.471367585,6.742032295,-0.000450957809,-0.005566398686,-0.005224992918,0,,,,,,,,1,28.61409948,77.2097346,13.9,,
5.41,-2.728299047,-6.454872079,6.685090282,-0.003545942348,-0.002514240793,-0.004770679134,0,,,,,,,,1,28.61409985,77.20973596,13.9,,
5.42,-2.572658813,-6.583371495,6.675477489,-0.00263499035,-0.006368328372,-0.002240065471,0,,,,,,,,1,28.61410022,77.20973732,13.9,,
5.43,-2.686065161,-6.562521775,6.712162805,0.0001770421332,-0.0003068824861,0.002101868672,0,,,,,,,,1,28.61410059,77.20973868,13.9,,
5.44,-2.724962069,-6.556190509,6.741930442,-0.00444043168,9.559008643e-05,-0.004169930461,0,,,,,,,,1,28.61410096,77.20974004,13.9,,
5.45,-2.75860366,-6.462100819,6.71485721,-0.0005603989069,0.003683531465,-0.003240045425,0,,,,,,,,1,28.61410133,77.2097414,13.9,,
5.46,-2.756183739,-6.462286708,6.788478697,0.001564544599,-0.007322411196,0.002030025822,0,,,,,,,,1,28.6141017,77.20974276,13.9,,
5.47,-2.687840347,-6.420127154,6.73590138,0.004647175156,-0.0007410403886,-0.001858848202,0,,,,,,,,1,28.61410207,77.20974412,13.9,,
5.48,-2.657562857,-6.449878136,6.672417477,-0.003113573868,0.003521923654,0.001296371366,0,,,,,,,,1,28.61410244,77.20974548,13.9,,
5.49,-2.639138643,-6.527115423,6.726057219,0.002713488385,-0.002601899491,0.002362896363,0,,,,,,,,1,28.61410281,77.20974684,13.9,,
5.5,-2.661332962,-6.56349727,6.719709635,0.0004294879388,-0.00359315578,-0.0007369074719,0,,,,,,,,1,28.61410318,77.2097482,13.9,,
5.51,-2.706910992,-6.494406787,6.722314624,-0.003362274204,0.0003950259112,-0.003198633781,0,,,,,,,,1,28.61410355,77.20974956,13.9,,
5.52,-2.729544482,-6.545908316,6.800163103,0.006336524177,0.0007441865184,-0.000607218374,0,,,,,,,,1,28.61410392,77.20975092,13.9,,
5.53,-2.58398583,-6.506454592,6.738598181,0.0008812055347,0.000291776918,-0.001944586494,0,,,,,,,,1,28.61410429,77.20975228,13.9,,
5.54,-2.645205024,-6.555620079,6.771640968,0.002258748005,-0.004461727366,-0.001479593553,0,,,,,,,,1,28.61410466,77.20975364,13.9,,
5.55,-2.663208521,-6.511609507,6.782191649,0.0006825938034,0.0004293863184,-0.001248422047,0,,,,,,,,1,28.61410503,77.20975501,13.9,,
5.56,-2.654970763,-6.572100934,6.694594949,-0.001007286586,-0.0002054018911,-0.002311588805,0,,,,,,,,1,28.6141054,77.20975637,13.9,,
5.57,-2.699790206,-6.545700407,6.683571076,0.0002946821426,-0.005080877735,0.001563045598,0,,,,,,,,1,28.61410577,77.20975773,13.9,,
5.58,-2.704384472,-6.532437747,6.804133843,-0.001592812022,-0.005611254132,0.004619517867,0,,,,,,,,1,28.61410613,77.20975909,13.9,,
5.59,-2.660234585,-6.457181254,6.770566447,-0.001123482799,-0.006853459867,-0.001248771814,0,,,,,,,,1,28.6141065,77.20976045,13.9,,
5.6,-2.588498706,-6.488602147,6.724803955,0.0001794141041,-0.0005585474008,-0.002805852773,0,,,,,,,,1,28.61410687,77.20976181,13.9,,
5.61,-2.649403978,-6.557873626,6.691360509,0.001108742319,-0.00605620076,0.0004138196869,0,,,,,,,,1,28.61410724,77.20976317,13.9,,
5.62,-2.604922373,-6.462319115,6.713428466,-0.002023518234,0.002133656117,-0.003251097277,0,,,,,,,,1,28.61410761,77.20976453,13.9,,
5.63,-2.695882894,-6.476994113,6.636732307,5.863232217e-05,-0.002917598273,-0.003322556178,0,,,,,,,,1,28.61410798,77.20976589,13.9,,
5.64,-2.717432918,-6.41171129,6.742801136,-0.002163627437,-0.003271647036,0.002170215914,0,,,,,,,,1,28.61410835,77.20976725,13.9,,
5.65,-2.65804974,-6.531272149,6.714188159,-0.000638822954,-0.007662808735,0.003873838931,0,,,,,,,,1,28.61410872,77.20976861,13.9,,
5.66,-2.711074949,-6.477327093,6.739064334,-0.002553834866,0.001546592067,-0.0006356403693,0,,,,,,,,1,28.61410909,77.20976997,13.9,,
5.67,-2.670220573,-6.420045712,6.755748224,-0.0005266324208,-0.002163915535,-0.002195518646,0,,,,,,,,1,28.61410946,77.20977133,13.9,,
5.68,-2.738557847,-6.461294157,6.818727674,-0.002704967872,-0.002147859038,0.0008239722896,0,,,,,,,,1,28.61410983,77.20977269,13.9,,
5.69,-2.664969343,-6.435231819,6.743051542,-0.0004553311224,-0.0009039179355,8.329654001e-05,0,,,,,,,,1,28.6141102,77.20977405,13.9,,
5.7,-2.702760403,-6.52587619,6.701781012,-0.002889520007,-0.00395366399,-0.003889444007,0,,,,,,,,1,28.61411057,77.20977541,13.9,,
5.71,-2.735031751,-6.500428086,6.682874603,0.00187039149,0.005274817577,-0.002830483854,0,,,,,,,,1,28.61411094,77.20977677,13.9,,
5.72,-2.584042292,-6.493944864,6.665407929,-0.001884819778,0.001468223489,0.0005054997075,0,,,,,,,,1,28.61411131,77.20977813,13.9,,
5.73,-2.73163201,-6.435457614,6.718827232,-0.003200686038,-0.00400058706,-0.0002779629075,0,,,,,,,,1,28.61411168,77.20977949,13.9,,
5.74,-2.729371297,-6.527730277,6.732780293,-0.001774272837,-0.001890182261,-0.002881735831,0,,,,,,,,1,28.61411205,77.20978085,13.9,,
5.75,-2.663965793,-6.395182649,6.743288943,-0.002688163864,-0.006014007974,0.00113914984,0,,,,,,,,1,28.61411241,77.20978221,13.9,,
5.76,-2.6918907,-6.597470472,6.750892403,0.001953672558,0.001084746615,-0.001095829563,0,,,,,,,,1,28.61411278,77.20978357,13.9,,
5.77,-2.643961553,-6.502869263,6.769514699,0.001118256159,0.003030789757,0.0009838991221,0,,,,,,,,1,28.61411315,77.20978493,13.9,,
5.78,-2.662598752,-6.483434494,6.832510931,0.001374928918,-0.004011264188,-0.004548406727,0,,,,,,,,1,28.61411352,77.20978629,13.9,,
5.79,-2.72292712,-6.449211141,6.773937421,-0.004145508693,0.001775897785,-0.004600597042,0,,,,,,,,1,28.61411389,77.20978765,13.9,,
5.8,-2.696405445,-6.358347395,6.644584056,0.002600971898,0.001800711107,-0.001765658788,0,,,,,,,,1,28.61411426,77.20978901,13.9,,
5.81,-2.641233277,-6.549101496,6.665904633,0.001482630452,0.0001499870307,0.001888095814,0,,,,,,,,1,28.61411463,77.20979037,13.9,,
5.82,-2.662523888,-6.513043051,6.748470674,-0.001715195678,-0.001723596502,-0.004282688622,0,,,,,,,,1,28.614115,77.20979174,13.9,,
5.83,-2.666587122,-6.521742901,6.703633518,0.0004382813365,-0.001647768361,-0.0004632219026,0,,,,,,,,1,28.61411537,77.2097931,13.9,,
5.84,-2.709064409,-6.484560551,6.777841231,-0.001653060869,-0.001272423619,0.0005709816484,0,,,,,,,,1,28.61411574,77.20979446,13.9,,
5.85,-2.675397207,-6.508077542,6.729983521,0.001462358658,-0.006772977234,6.610243215e-05,0,,,,,,,,1,28.61411611,77.20979582,13.9,,
5.86,-2.754247391,-6.5911746,6.704697196,-0.004655209283,-0.0006445144265,0.003645648917,0,,,,,,,,1,28.61411648,77.20979718,13.9,,
5.87,-2.618060257,-6.42902688,6.777529883,0.003963659884,-0.001531111794,-0.0003888176382,0,,,,,,,,1,28.61411685,77.20979854,13.9,,
5.88,-2.661421155,-6.51796625,6.725451759,0.008438394679,-0.0009970456014,0.0007540627523,0,,,,,,,,1,28.61411722,77.2097999,13.9,,
5.89,-2.694443296,-6.497602378,6.744158288,-0.001530277042,0.003384605321,-0.004617151329,0,,,,,,,,1,28.61411759,77.20980126,13.9,,
5.9,-2.679575588,-6.58141158,6.797160242,-0.002710983147,-0.003874899292,0.0009670688759,0,,,,,,,,1,28.61411796,77.20980262,13.9,,
5.91,-2.546999571,-6.53842129,6.671610397,-0.002480454717,0.0007286136451,-0.001617268586,0,,,,,,,,1,28.61411833,77.20980398,13.9,,
5.92,-2.607004761,-6.570777228,6.674118658,-0.000774726366,-0.00238442193,0.004059760648,0,,,,,,,,1,28.61411869,77.20980534,13.9,,
5.93,-2.639565162,-6.375079638,6.777906828,-0.004253368397,0.004541365167,0.002235241304,0,,,,,,,,1,28.61411906,77.2098067,13.9,,
5.94,-2.730051938,-6.391836105,6.681329683,0.0003701423269,-5.726554209e-05,0.005748165271,0,,,,,,,,1,28.61411943,77.20980806,13.9,,
5.95,-2.635502333,-6.572332191,6.750313635,-0.0007078299727,-0.001029425293,0.002091396818,0,,,,,,,,1,28.6141198,77.20980942,13.9,,
5.96,-2.644363057,-6.563181622,6.657835621,0.0004540329389,-0.0007121536475,0.00081960952,0,,,,,,,,1,28.61412017,77.20981078,13.9,,
5.97,-2.619619118,-6.461709342,6.67978127,0.002183224981,-0.0008281916417,-0.006756561147,0,,,,,,,,1,28.61412054,77.20981214,13.9,,
5.98,-2.669545824,-6.47426057,6.672961488,-0.003083018856,-0.003638112828,-0.0007344638267,0,,,,,,,,1,28.61412091,77.2098135,13.9,,
5.99,-2.701039068,-6.48749954,6.752744162,-0.002239973506,-0.003685971204,-0.001439377199,0,,,,,,,,1,28.61412128,77.20981486,13.9,,
6,-2.540179645,-6.519704113,6.741574902,-0.002324930779,-0.00492104646,-0.003680230926,1,28.61412825,77.2097695,4.2,13.94525638,74.8816535,39.18441635,12,1,28.61412165,77.20981622,13.89939024,,
6.01,-2.553410201,-6.473833448,6.876979965,-0.0004929534151,-0.005448540064,0.001247700071,0,,,,,,,,1,28.61412202,77.20981758,13.8981856,,
6.02,-2.461233022,-6.496325553,6.909827039,0.001522094522,-0.002784596068,-0.00356303849,0,,,,,,,,1,28.61412239,77.20981894,13.89640059,,
6.03,-2.432289152,-6.409940877,6.950497123,0.0003574384898,-0.003208498338,-0.0006941908876,0,,,,,,,,1,28.61412276,77.2098203,13.89404936,,
6.04,-2.282548083,-6.478907909,6.848806161,0.002670733005,-0.001203526466,0.001288457895,0,,,,,,,,1,28.61412313,77.20982166,13.89114571,,
6.05,-2.376165241,-6.429373257,6.975319368,0.006656993101,-0.002081569752,0.002386410872,0,,,,,,,,1,28.6141235,77.20982302,13.88770313,,
6.06,-2.347888038,-6.454098265,6.931513711,0.001113361495,-0.005882422953,-0.004845131306,0,,,,,,,,1,28.61412387,77.20982438,13.88373476,,
6.07,-2.274584414,-6.398619445,7.060546491,0.004243854444,-0.002636158685,0.001086255538,0,,,,,,,,1,28.61412423,77.20982574,13.87925343,,
6.08,-2.224451916,-6.445589171,6.957813657,-0.003772461643,-0.003005572282,0.001789199642,0,,,,,,,,1,28.6141246,77.2098271,13.87427164,,
6.09,-2.175853004,-6.373801159,6.993364506,-0.002022957437,-0.001946480675,-0.002018905427,0,,,,,,,,1,28.61412497,77.20982846,13.8688016,,
6.1,-2.060550447,-6.408895229,6.98854192,-0.003768813595,-0.0003770756546,0.0007005977691,0,,,,,,,,1,28.61412534,77.20982981,13.86285522,,
6.11,-2.099110548,-6.370772288,7.058506708,0.0002547151587,-0.0005622130816,-0.005067710144,0,,,,,,,,1,28.61412571,77.20983117,13.85644411,,
6.12,-2.10380173,-6.370891161,7.043238419,0.00147214077,-0.005989069491,-0.001935152382,0,,,,,,,,1,28.61412608,77.20983253,13.84957962,,
6.13,-2.035086204,-6.348215895,7.146644437,0.004470331327,0.001550104579,-0.001651137182,0,,,,,,,,1,28.61412645,77.20983388,13.8422728,,
6.14,-1.954884623,-6.415057054,7.205376739,0.003768164892,0.0029190093,0.0003864535915,0,,,,,,,,1,28.61412681,77.20983524,13.83453444,,
6.15,-1.959435449,-6.236926609,7.114565689,-0.00291379923,-0.002162930096,0.001585847224,0,,,,,,,,1,28.61412718,77.20983659,13.82637507,,
6.16,-1.952971326,-6.377262701,7.216935421,0.001524435373,0.002382561795,0.00149297506,0,,,,,,,,1,28.61412755,77.20983794,13.81780494,,
6.17,-1.931345508,-6.346525717,7.138883879,0.005061925831,-0.008126840935,0.003395053848,0,,,,,,,,1,28.61412792,77.2098393,13.80883409,,
6.18,-1.845590448,-6.306695695,7.257001791,0.001802178793,0.0009170191515,0.001689664693,0,,,,,,,,1,28.61412828,77.20984065,13.79947228,,
6.19,-1.849094704,-6.339496851,7.25168252,-0.0006619681862,-0.003090338487,0.002192371613,0,,,,,,,,1,28.61412865,77.209842,13.78972906,,
6.2,-1.808317884,-6.368328651,7.244859418,-0.00358625132,-0.001165768288,0.002757949298,0,,,,,,,,1,28.61412902,77.20984335,13.77961371,,
6.21,-1.733613622,-6.331752628,7.412465703,0.0006767536147,-0.003024269577,-0.001510293334,0,,,,,,,,1,28.61412938,77.2098447,13.76913533,,
6.22,-1.745695426,-6.344201184,7.338414874,-0.001243479802,-0.002588797432,0.003038416871,0,,,,,,,,1,28.61412975,77.20984604,13.75830276,,
6.23,-1.665990285,-6.4447625,7.290461657,0.00456648927,0.004267990926,-0.0007671820312,0,,,,,,,,1,28.61413011,77.20984739,13.74712465,,
6.24,-1.611699165,-6.321935411,7.283785587,-0.0008940352076,-0.0009365249403,-0.0004487101,0,,,,,,,,1,28.61413048,77.20984874,13.73560941,,
6.25,-1.627494446,-6.25139824,7.352410801,-0.00069323773,-0.002052443155,-7.628333965e-05,0,,,,,,,,1,28.61413084,77.20985008,13.72376528,,
6.26,-1.645001404,-6.361398583,7.281708031,0.003616837675,-0.001130202239,-0.002881831058,0,,,,,,,,1,28.61413121,77.20985142,13.71160027,,
6.27,-1.564421183,-6.249802696,7.389179708,-0.002035030406,-0.003296452493,0.004405200407,0,,,,,,,,1,28.61413157,77.20985276,13.69912222,,
6.28,-1.484647734,-6.322320475,7.469800928,0.004247363031,-0.001268205551,-0.001609761494,0,,,,,,,,1,28.61413194,77.20985411,13.68633875,,
6.29,-1.596762538,-6.244483942,7.386993342,-0.0001647456626,-0.003587772411,0.001068731506,0,,,,,,,,1,28.6141323,77.20985544,13.67325731,,
6.3,-1.518069095,-6.340609006,7.38635579,0.002030458989,-0.000977618332,-0.003861816397,0,,,,,,,,1,28.61413266,77.20985678,13.65988519,,
6.31,-1.445923579,-6.328020613,7.437700622,0.0044623979,-0.002621024827,0.001808238549,0,,,,,,,,1,28.61413303,77.20985812,13.64622945,,
6.32,-1.495599235,-6.376671772,7.467810722,-0.002274058937,-0.003064346752,0.003618289947,0,,,,,,,,1,28.61413339,77.20985946,13.63229702,,
6.33,-1.469635513,-6.286511399,7.525086743,-0.002518915199,-0.002379136446,-0.0004845822274,0,,,,,,,,1,28.61413375,77.20986079,13.61809466,,
6.34,-1.339548956,-6.321571246,7.462428319,-0.00235256754,-0.001450748438,0.007609107202,0,,,,,,,,1,28.61413411,77.20986212,13.60362893,,
6.35,-1.34325111,-6.288771463,7.403607944,-9.270641477e-05,-0.003135431461,-0.003921574058,0,,,,,,,,1,28.61413448,77.20986345,13.58890628,,
6.36,-1.315444567,-6.167297375,7.519777694,0.001111114224,0.002833156008,0.003339098163,0,,,,,,,,1,28.61413484,77.20986478,13.57393295,,
6.37,-1.376637942,-6.321635808,7.463394356,0.002409232416,-0.003371037364,0.004656061359,0,,,,,,,,1,28.6141352,77.20986611,13.55871508,,
6.38,-1.355892245,-6.284607565,7.461989158,0.001114447318,-0.002291253486,-0.003948342413,0,,,,,,,,1,28.61413556,77.20986744,13.54325861,,
6.39,-1.351397621,-6.224873292,7.508379512,-0.002069417431,-0.004808238161,-0.0005360990934,0,,,,,,,,1,28.61413592,77.20986876,13.52756938,,
6.4,-1.294993047,-6.255073505,7.595057203,-0.004341585585,-0.006079562516,-0.006102657954,0,,,,,,,,1,28.61413628,77.20987009,13.51165305,,
6.41,-1.214481982,-6.250465478,7.467561607,-0.0006418387148,-0.002789542007,-0.003150657221,0,,,,,,,,1,28.61413664,77.20987141,13.49551517,,
6.42,-1.195295888,-6.219587683,7.540366079,-0.002396413988,-0.003820239,-0.005482297831,0,,,,,,,,1,28.614137,77.20987273,13.47916114,,
6.43,-1.183049868,-6.236418237,7.546400608,-0.004749255892,0.001817533586,0.003056717377,0,,,,,,,,1,28.61413735,77.20987405,13.46259624,,
6.44,-1.122516991,-6.153333848,7.435850323,-0.0005907126359,-0.004859271724,0.002499666906,0,,,,,,,,1,28.61413771,77.20987537,13.4458256,,
6.45,-1.13950459,-6.250323308,7.676772343,0.000753088751,-0.003938615933,0.001435274013,0,,,,,,,,1,28.61413807,77.20987668,13.42885424,,
6.46,-1.253472007,-6.21382219,7.567045648,-0.0016780917,-0.001236741828,-0.003956606592,0,,,,,,,,1,28.61413843,77.209878,13.41168706,,
6.47,-1.179588012,-6.238852652,7.630707582,-0.004061607587,-0.001189844938,0.002276806743,0,,,,,,,,1,28.61413878,77.20987931,13.39432884,,
6.48,-1.213232269,-6.264279035,7.623593895,0.001414394827,-0.005053697902,0.0009801174319,0,,,,,,,,1,28.61413914,77.20988062,13.37678424,,
6.49,-1.192837152,-6.226276949,7.561774361,0.003567485221,0.0005597231672,-0.0001007754255,0,,,,,,,,1,28.61413949,77.20988193,13.35905779,,
6.5,-1.130739527,-6.297041735,7.542946105,0.000127256379,-0.0005894671423,-0.003112182727,0,,,,,,,,1,28.61413985,77.20988324,13.34115394,,
6.51,-1.134295181,-6.158572593,7.677387333,-0.003721907115,0.002005123318,0.0014151926,0,,,,,,,,1,28.6141402,77.20988454,13.32307702,,
6.52,-1.03971064,-6.202743637,7.643856077,0.002429928733,0.0001819599796,0.0006818178871,0,,,,,,,,1,28.61414056,77.20988585,13.30483124,,
6.53,-1.059300067,-6.278983406,7.649550414,0.00200925542,-0.0006474685258,-0.0006908713442,0,,,,,,,,1,28.61414091,77.20988715,13.28642072,,
6.54,-1.11955812,-6.157732984,7.680539276,-0.00457257822,-0.004269510222,-0.00222467014,0,,,,,,,,1,28.61414126,77.20988845,13.26784948,,
6.55,-1.091726057,-6.218415355,7.71445402,-0.000960530484,-0.002933384087,0.001929987212,0,,,,,,,,1,28.61414162,77.20988975,13.24912145,,
6.56,-1.05567552,-6.208104064,7.703012865,0.003255173683,-0.005049657093,-0.001894110372,0,,,,,,,,1,28.61414197,77.20989105,13.23024044,,
6.57,-1.041972377,-6.096424417,7.704274292,-0.001098707688,-0.003829212534,-0.0006384517231,0,,,,,,,,1,28.61414232,77.20989234,13.21121018,,
6.58,-1.059522942,-6.240804237,7.814581364,0.001844339987,-0.001485478671,0.001935434522,0,,,,,,,,1,28.61414267,77.20989363,13.19203432,,
6.59,-1.004296191,-6.26229889,7.610523951,0.002425153153,-0.0009353772745,0.00152860482,0,,,,,,,,1,28.61414302,77.20989492,13.17271641,,
6.6,-0.9703496334,-6.076845943,7.73866132,-0.00367966929,-0.004562195383,-0.0003181902437,0,,,,,,,,1,28.61414337,77.20989621,13.15325991,,
6.61,-1.003156192,-6.143406805,7.698145648,0.004167379041,-0.004563875923,0.000850540984,0,,,,,,,,1,28.61414372,77.2098975,13.13366821,,
6.62,-0.9953712073,-6.214162902,7.691891401,0.003148782963,-0.002155939654,-2.300950555e-05,0,,,,,,,,1,28.61414407,77.20989879,13.11394459,,
6.63,-1.039361287,-6.190646724,7.833807977,0.001433269301,-0.000356697197,-0.004161863198,0,,,,,,,,1,28.61414442,77.20990007,13.09409229,,
6.64,-1.031368774,-6.254143342,7.757743729,0.001259422569,0.002033812808,0.005427577129,0,,,,,,,,1,28.61414477,77.20990135,13.07411443,,
6.65,-0.9637240925,-6.202263023,7.752138496,0.0007800392786,-0.0007360379507,0.001969928087,0,,,,,,,,1,28.61414511,77.20990263,13.05401407,,
6.66,-0.9064248606,-6.186092382,7.776907732,-0.001923347708,-0.004604348085,0.001496841099,0,,,,,,,,1,28.61414546,77.20990391,13.03379422,,
6.67,-0.8906741823,-6.221083068,7.79493728,0.0009734840891,-0.0008074015702,0.0003605841271,0,,,,,,,,1,28.61414581,77.20990518,13.01345777,,
6.68,-0.9155821192,-6.246460978,7.834495967,-6.528795576e-05,0.001187593247,-0.0004975598026,0,,,,,,,,1,28.61414615,77.20990646,12.99300759,,
6.69,-0.9421706893,-6.155766682,7.732273654,-0.0009364449305,-0.0009484730612,-0.002378999036,0,,,,,,,,1,28.6141465,77.20990773,12.97244642,,
6.7,-0.8465907982,-6.263876898,7.74693089,-0.002317158426,-0.002706053286,0.002121041564,0,,,,,,,,1,28.61414684,77.209909,12.951777,,
6.71,-0.9126460889,-6.218759044,7.879858921,0.003340456358,-0.002279322654,0.0003372993454,0,,,,,,,,1,28.61414719,77.20991027,12.93100195,,
6.72,-0.9618324057,-6.224737923,7.755860278,0.003893995441,-0.005785154903,0.00116889751,0,,,,,,,,1,28.61414753,77.20991153,12.91012385,,
6.73,-0.8084223625,-6.182469402,7.735172888,-0.004669746209,-0.0006868913743,-0.005547187837,0,,,,,,,,1,28.61414788,77.2099128,12.88914522,,
6.74,-0.8576391404,-6.216406351,7.761245909,0.001167793862,-0.001989609186,0.00368687189,0,,,,,,,,1,28.61414822,77.20991406,12.86806851,,
6.75,-0.756242537,-6.218046807,7.784812626,0.00316076158,-0.002056061765,-0.0007732320957,0,,,,,,,,1,28.61414856,77.20991532,12.84689611,,
6.76,-0.8430560491,-6.27713816,7.790027644,8.3174759e-05,-0.002651199833,0.001574412096,0,,,,,,,,1,28.6141489,77.20991657,12.82563035,,
6.77,-0.9174825713,-6.298550797,7.817270815,0.004274615915,-0.002304137116,-0.00239044643,0,,,,,,,,1,28.61414924,77.20991783,12.80427351,,
6.78,-0.845362242,-6.15130544,7.702917208,-0.007814765598,-0.0003552161466,0.0007170308697,0,,,,,,,,1,28.61414958,77.20991908,12.78282782,,
6.79,-0.7440738324,-6.108390693,7.756662448,-0.006894471718,-0.006847003362,-0.00237107915,0,,,,,,,,1,28.61414992,77.20992033,12.76129543,,
6.8,-0.8061703961,-6.196126688,7.845488917,0.0003806701086,-0.001377458436,0.00157382365,0,,,,,,,,1,28.61415026,77.20992158,12.73967847,,
6.81,-0.8047249646,-6.168541225,7.824088354,0.003445063815,0.001795634021,-0.004563142958,0,,,,,,,,1,28.6141506,77.20992283,12.71797899,,
6.82,-0.8468454078,-6.220931772,7.797396273,0.002600331922,-0.001574985358,-0.002106993626,0,,,,,,,,1,28.61415094,77.20992407,12.69619902,,
6.83,-0.7736364423,-6.187771939,7.828776064,0.001154290957,-0.001477796393,0.00303424129,0,,,,,,,,1,28.61415128,77.20992532,12.67434051,,
6.84,-0.8489912122,-6.166883274,7.859351325,0.001272539528,-0.001398029126,0.000669311115,0,,,,,,,,1,28.61415161,77.20992656,12.65240537,,
6.85,-0.7901124802,-6.217985079,7.910364771,0.0003793930363,0.001305370185,0.00212601503,0,,,,,,,,1,28.61415195,77.20992779,12.63039548,,
6.86,-0.7539874192,-6.210869067,7.882792259,0.0009188936623,-0.001479159755,9.405287587e-05,0,,,,,,,,1,28.61415228,77.20992903,12.60831267,,
6.87,-0.7914765483,-6.138064029,7.829336738,-0.001434009117,-0.001547703619,-0.0001390233356,0,,,,,,,,1,28.61415262,77.20993026,12.5861587,,
6.88,-0.8540446136,-6.185980725,7.956868329,0.004689403312,-0.004167990197,-0.0001459178574,0,,,,,,,,1,28.61415295,77.2099315,12.56393532,,
6.89,-0.7004797634,-6.154297526,7.819922692,-0.006864342756,-0.007834313622,0.00030724344,0,,,,,,,,1,28.61415329,77.20993273,12.54164421,,
6.9,-0.8184926215,-6.187268221,7.886636555,-0.001620653822,0.001590202153,0.0008052259565,0,,,,,,,,1,28.61415362,77.20993395,12.51928704,,
6.91,-0.695904553,-6.070472267,7.780585106,-0.001884119711,-0.003708767205,-0.002489244956,0,,,,,,,,1,28.61415395,77.20993518,12.4968654,,
6.92,-0.7882422981,-6.137597939,7.819327372,0.005273623265,-0.004429675005,-0.002231962708,0,,,,,,,,1,28.61415429,77.2099364,12.47438088,,
6.93,-0.7068468586,-6.197087822,7.891476589,-0.001831063671,-0.004042074348,-0.002995621482,0,,,,,,,,1,28.61415462,77.20993762,12.451835,,
6.94,-0.7712760345,-6.085002263,7.854542586,-0.004353246434,0.001526575659,0.002793415987,0,,,,,,,,1,28.61415495,77.20993884,12.42922927,,
6.95,-0.7658937137,-6.126851363,7.837724231,0.002298893992,0.003097074975,-0.003097625724,0,,,,,,,,1,28.61415528,77.20994006,12.40656514,,
6.96,-0.5578829403,-6.133588198,7.864942631,-0.0004428710831,-0.0005320321445,-0.001899429605,0,,,,,,,,1,28.61415561,77.20994127,12.38384404,,
6.97,-0.8146263099,-6.107256155,7.923543713,-0.001531938851,-0.003511972524,-0.003579140016,0,,,,,,,,1,28.61415594,77.20994248,12.36106736,,
6.98,-0.770783121,-6.195636213,7.913537647,-0.001741732067,-0.006307992559,-0.003337318068,0,,,,,,,,1,28.61415627,77.20994369,12.33823645,,
6.99,-0.643039647,-6.232215482,7.818075694,0.001891784494,-0.003416248918,0.003191577183,0,,,,,,,,1,28.61415659,77.2099449,12.31535263,,
7,-0.6851461281,-6.068328868,7.81187438,-0.002517511763,-0.003192021912,-0.002762249767,1,28.6141646,77.20991509,4.2,12.36793522,71.08999208,41.17962115,11,1,28.61415692,77.20994611,12.2924172,,
7.01,-0.7031643462,-6.066310888,7.869555062,-0.0007909624063,0.004846778424,-0.001151955939,0,,,,,,,,1,28.61415725,77.20994731,12.26943142,,
7.02,-0.6516982112,-6.107001415,7.893564284,0.005991723659,-0.01009773302,0.001563346879,0,,,,,,,,1,28.61415757,77.20994851,12.2463965,,
7.03,-0.7603703424,-6.120358064,7.90213795,-0.001587418468,-0.006645716393,-0.003681430985,0,,,,,,,,1,28.6141579,77.20994971,12.22331366,,
7.04,-0.6407693282,-6.213209112,7.926414851,0.001840654866,-0.0009781092499,0.006200038848,0,,,,,,,,1,28.61415822,77.20995091,12.20018406,,
7.05,-0.5704063784,-6.154442964,7.816492075,-0.002083478857,-0.000889471065,-0.001213048941,0,,,,,,,,1,28.61415855,77.2099521,12.17700884,,
7.06,-0.6755996046,-6.230066172,7.893313222,-0.006223358526,-0.0007853302875,-0.003359377388,0,,,,,,,,1,28.61415887,77.20995329,12.15378911,,
7.07,-0.6557287281,-6.128441694,7.962181195,-0.0001338185948,-0.003803371091,0.003082099497,0,,,,,,,,1,28.61415919,77.20995448,12.13052596,,
7.08,-0.705215497,-6.133073586,7.930023749,-0.001103242165,-0.004644274775,-0.0004917847952,0,,,,,,,,1,28.61415952,77.20995567,12.10722045,,
7.09,-0.6892756929,-6.166463463,7.921988985,-0.00384181987,-0.002201703193,-0.006072891362,0,,,,,,,,1,28.61415984,77.20995685,12.08387361,,
7.1,-0.6666092172,-6.157183558,7.884711463,0.003327344408,0.0002848469939,-0.003198244851,0,,,,,,,,1,28.61416016,77.20995804,12.06048645,,
7.11,-0.6727791538,-6.139826138,7.929852882,-0.003003893885,0.002795289879,-0.003820935048,0,,,,,,,,1,28.61416048,77.20995922,12.03705995,,
7.12,-0.7614474297,-6.179922668,7.8802362,0.001231474931,-0.002796113525,0.003350166454,0,,,,,,,,1,28.6141608,77.20996039,12.01359507,,
7.13,-0.6126537412,-6.102734706,7.873577632,-0.004314560127,-0.008185767275,0.001359941122,0,,,,,,,,1,28.61416112,77.20996157,11.99009276,,
7.14,-0.7017868491,-6.163208176,7.915519388,-0.002881657388,0.001376852838,5.127156122e-05,0,,,,,,,,1,28.61416144,77.20996274,11.96655391,,
7.15,-0.7092397813,-6.199458178,7.887760515,-0.005317497164,-0.002957094983,-0.002138480737,0,,,,,,,,1,28.61416176,77.20996391,11.94297942,,
7.16,-0.63730147,-6.084161113,7.95415248,-0.000497400656,-0.003763363014,0.001258117156,0,,,,,,,,1,28.61416207,77.20996508,11.91937017,,
7.17,-0.7063687168,-6.21897022,7.979004541,0.003697213795,0.001060574755,0.001917781922,0,,,,,,,,1,28.61416239,77.20996625,11.89572699,,
7.18,-0.7338476668,-6.164788546,7.877994154,-0.002400980076,0.0002884573083,9.805654026e-05,0,,,,,,,,1,28.61416271,77.20996741,11.87205072,,
7.19,-0.608412014,-6.135529108,7.920390868,0.0001472643222,-0.004311906316,-0.0003499345216,0,,,,,,,,1,28.61416302,77.20996858,11.84834217,,
7.2,-0.6319657707,-6.200425201,7.913730317,-0.002350702863,-0.00111466549,0.002852180154,0,,,,,,,,1,28.61416334,77.20996973,11.82460212,,
7.21,-0.6616233569,-6.085293981,7.873224641,0.003079903936,0.0005361925794,-0.004422109307,0,,,,,,,,1,28.61416365,77.20997089,11.80083133,,
7.22,-0.6751663009,-5.980129766,7.922949735,-0.002600359776,-0.006293033935,-0.004395198595,0,,,,,,,,1,28.61416397,77.20997205,11.77703057,,
7.23,-0.5905364236,-6.143923032,7.909321656,0.0007607212086,-0.002095064841,0.003955454661,0,,,,,,,,1,28.61416428,77.2099732,11.75320056,,
7.24,-0.6493374425,-6.21873191,7.846965048,-0.001436620224,-0.004174684227,0.00240638611,0,,,,,,,,1,28.61416459,77.20997435,11.72934201,,
7.25,-0.6819845373,-6.161767646,7.92716788,-0.001718281725,-0.001473658247,0.002670985956,0,,,,,,,,1,28.6141649,77.2099755,11.70545562,,
7.26,-0.6771722885,-6.160644181,7.882359146,-0.002490417184,0.001774150936,-0.00752356465,0,,,,,,,,1,28.61416521,77.20997664,11.68154206,,
7.27,-0.611505815,-6.182878228,7.922588003,0.0008089299404,-0.00377753665,0.001593645506,0,,,,,,,,1,28.61416552,77.20997779,11.65760201,,
7.28,-0.6309776302,-6.215645069,7.919743744,0.00239150559,0.002391512596,-0.0011686361,0,,,,,,,,1,28.61416583,77.20997893,11.63363611,,
7.29,-0.7012492846,-6.04238797,7.896159368,-0.0009901528268,-0.001499124643,0.002426847785,0,,,,,,,,1,28.61416614,77.20998007,11.60964499,,
7.3,-0.6310302359,-6.220597293,7.935429078,0.004007454074,0.0002798799429,-0.004084591472,0,,,,,,,,1,28.61416645,77.2099812,11.58562925,,
7.31,-0.563539369,-6.137206523,7.912671232,0.001401110096,0.0002375821905,-0.003660461126,0,,,,,,,,1,28.61416676,77.20998234,11.56158952,,
7.32,-0.5962655342,-6.121577502,7.987323602,-0.005436216059,-0.004590703646,0.0008969963297,0,,,,,,,,1,28.61416707,77.20998347,11.53752636,,
7.33,-0.6686258072,-6.075305918,7.941113536,-0.002143223758,0.004599558582,0.0009121028891,0,,,,,,,,1,28.61416737,77.2099846,11.51344035,,
7.34,-0.5517737211,-6.119418813,7.930835157,0.000794632148,-0.003481638689,-0.00283199473,0,,,,,,,,1,28.61416768,77.20998572,11.48933205,,
7.35,-0.5441978985,-6.174876574,7.92733041,0.003371850511,-0.004242202946,0.00466313262,0,,,,,,,,1,28.61416798,77.20998685,11.465202,,
7.36,-0.6602642733,-6.085219262,7.987524141,0.003365254674,-0.002999052441,0.001022215697,0,,,,,,,,1,28.61416829,77.20998797,11.44105073,,
7.37,-0.526132366,-6.193758995,7.9515948,0.004249904452,-0.0004160442764,-0.002356851151,0,,,,,,,,1,28.61416859,77.20998909,11.41687876,,
7.38,-0.6555725163,-6.101645264,7.915321739,-0.0006229764782,-0.004541302707,-0.003749676221,0,,,,,,,,1,28.6141689,77.20999021,11.3926866,,
7.39,-0.6842276279,-6.031991267,7.993398123,-0.0002407989658,-0.002060740058,-0.0009586231421,0,,,,,,,,1,28.6141692,77.20999132,11.36847473,,
7.4,-0.5146553994,-6.058727765,7.982468551,-0.00037581191,-0.004283775045,0.00210281108,0,,,,,,,,1,28.6141695,77.20999243,11.34424364,,
7.41,-0.5951501137,-6.098862148,7.949091642,0.000607332844,0.004117579528,-0.001969507209,0,,,,,,,,1,28.6141698,77.20999355,11.31999379,,
7.42,-0.6014562098,-6.240896803,7.972189558,-0.00594558615,-0.001960771723,0.005220738894,0,,,,,,,,1,28.6141701,77.20999465,11.29572565,,
7.43,-0.5780572792,-6.170346723,7.971438884,0.0003470425815,-0.00460561605,0.00497007869,0,,,,,,,,1,28.6141704,77.20999576,11.27143966,,
7.44,-0.5930453863,-6.193243015,7.985582478,0.002801240148,-0.002249499132,0.001262997858,0,,,,,,,,1,28.6141707,77.20999686,11.24713625,,
7.45,-0.6415193518,-6.067967591,7.99965471,0.001829400765,-0.001156223275,0.003824536145,0,,,,,,,,1,28.614171,77.20999796,11.22281586,,
7.46,-0.5765666986,-6.171779391,7.955009665,-0.00333019225,0.001164082263,-0.003970364638,0,,,,,,,,1,28.6141713,77.20999906,11.19847888,,
7.47,-0.5757644167,-6.178146652,7.940504045,-0.00448637341,-0.005363638392,-0.002179523066,0,,,,,,,,1,28.6141716,77.21000016,11.17412574,,
7.48,-0.6220359038,-6.177670496,8.024019234,-0.004629847645,-0.005586014324,0.001026372733,0,,,,,,,,1,28.6141719,77.21000125,11.14975682,,
7.49,-0.5890001309,-6.145632659,7.912932526,-0.0003339893282,-0.003736156645,-0.005232642376,0,,,,,,,,1,28.61417219,77.21000234,11.12537251,,
7.5,-0.523261838,-6.186756217,8.036541424,0.0009315907449,-0.00213550708,0.001098989242,0,,,,,,,,1,28.61417249,77.21000343,11.10097318,,
7.51,-0.5226112596,-6.234947922,7.92109492,-0.002661540475,-0.001585157889,0.001675568778,0,,,,,,,,1,28.61417278,77.21000452,11.0765592,,
7.52,-0.4975745807,-6.126298237,7.918404876,-0.0002878265436,-0.001228666392,-0.001048756488,0,,,,,,,,1,28.61417308,77.2100056,11.05213093,,
7.53,-0.5522961709,-6.148905903,7.972790985,-0.005401823911,0.005151336059,0.001773080748,0,,,,,,,,1,28.61417337,77.21000668,11.02768871,,
7.54,-0.6197312355,-6.087915177,8.001257459,0.002777514506,-0.006450804547,0.006477056366,0,,,,,,,,1,28.61417366,77.21000776,11.00323289,,
7.55,-0.5487060125,-6.177478903,7.923501934,-0.00276327584,-0.001955075569,-8.062136451e-05,0,,,,,,,,1,28.61417396,77.21000884,10.97876379,,
7.56,-0.6190236,-5.999293832,7.897653285,0.002413902987,0.0002952677496,0.0002111260995,0,,,,,,,,1,28.61417425,77.21000991,10.95428175,,
7.57,-0.5831454566,-6.212991667,8.018973253,0.001113587862,-0.0008603097046,0.004746311048,0,,,,,,,,1,28.61417454,77.21001099,10.92978707,,
7.58,-0.6531240725,-6.152503842,7.965252164,0.006837565606,-0.0001563017637,-0.001121711247,0,,,,,,,,1,28.61417483,77.21001205,10.90528007,,
7.59,-0.6112020402,-6.043406485,7.964723335,-0.001412716482,0.002407953212,-0.004188552169,0,,,,,,,,1,28.61417512,77.21001312,10.88076104,,
7.6,-0.5267733726,-6.125816621,7.967548359,7.939441791e-05,0.003741929317,0.0001446928925,0,,,,,,,,1,28.61417541,77.21001419,10.85623029,,
7.61,-0.5234960855,-6.11421476,7.925792791,0.001801355584,0.0004145335394,0.00272382682,0,,,,,,,,1,28.6141757,77.21001525,10.83168808,,
7.62,-0.6283755709,-6.04839108,7.9720791,-0.00085201634,-0.002391354861,-0.0006407484317,0,,,,,,,,1,28.61417598,77.21001631,10.80713472,,
7.63,-0.5612748478,-6.10179065,8.031538785,-0.005111020354,0.005122796396,0.0005381068779,0,,,,,,,,1,28.61417627,77.21001737,10.78257045,,
7.64,-0.5628094644,-6.184288023,7.891730941,0.002535525583,7.075103555e-05,0.002181477456,0,,,,,,,,1,28.61417656,77.21001842,10.75799556,,
7.65,-0.5779475491,-6.210476345,8.007963473,0.001665345608,-0.001703332291,-0.004861037697,0,,,,,,,,1,28.61417684,77.21001948,10.73341031,,
7.66,-0.504459193,-6.237494312,7.932632957,0.002788727799,-0.00709400442,-0.00194513747,0,,,,,,,,1,28.61417713,77.21002053,10.70881493,,
7.67,-0.627370767,-6.006546024,7.921914455,0.003008839088,-0.0006336644187,-0.0009604416718,0,,,,,,,,1,28.61417741,77.21002157,10.68420969,,
7.68,-0.5053443333,-6.035022758,7.957473678,-0.0007944458395,0.001303876173,-0.001952474092,0,,,,,,,,1,28.6141777,77.21002262,10.65959482,,
7.69,-0.562254584,-6.067011075,7.831458479,0.0006962175246,-0.0009926881977,0.004784291511,0,,,,,,,,1,28.61417798,77.21002366,10.63497056,,
7.7,-0.5995042967,-6.150441556,7.866759877,0.000106339245,-0.005575947504,0.005578974227,0,,,,,,,,1,28.61417826,77.2100247,10.61033713,,
7.71,-0.6426227975,-6.129914222,7.949693961,-0.001438952939,-0.001823778201,0.003561318863,0,,,,,,,,1,28.61417855,77.21002574,10.58569476,,
7.72,-0.6948255443,-6.114247332,7.994926586,-0.00318488701,-0.002085273681,-0.005405136722,0,,,,,,,,1,28.61417883,77.21002678,10.56104367,,
7.73,-0.5463205941,-6.159553558,7.874998387,-0.001509781918,-0.002814554382,-0.0008418879125,0,,,,,,,,1,28.61417911,77.21002781,10.53638407,,
7.74,-0.6058952437,-6.153391762,7.941045382,-0.00232720976,0.001102458325,0.001429687301,0,,,,,,,,1,28.61417939,77.21002884,10.51171616,,
7.75,-0.6243302842,-6.149616851,7.903424503,-0.001767737084,-0.005501297567,-4.334739265e-05,0,,,,,,,,1,28.61417967,77.21002987,10.48704016,,
7.76,-0.6424170837,-6.090249237,7.93193606,0.0001189651016,0.004018316109,-0.001786702938,0,,,,,,,,1,28.61417995,77.2100309,10.46235625,,
7.77,-0.6319127833,-6.109644437,7.957514825,-0.0007605852541,0.0008527021194,-0.003492059953,0,,,,,,,,1,28.61418022,77.21003192,10.43766464,,
7.78,-0.6148986214,-6.147716322,8.008274334,0.0007090712956,0.0007726182967,0.002402410096,0,,,,,,,,1,28.6141805,77.21003294,10.4129655,,
7.79,-0.6244946288,-6.117012536,8.025361195,-0.004314507286,-0.01111285182,0.001291479154,0,,,,,,,,1,28.61418078,77.21003396,10.38825902,,
7.8,-0.5459013796,-6.078666863,7.889716514,-0.002775001851,0.003153224633,0.006127532989,0,,,,,,,,1,28.61418105,77.21003498,10.36354539,,
7.81,-0.5789554866,-6.028618026,7.981803162,0.004443376849,0.001923089542,0.004095339531,0,,,,,,,,1,28.61418133,77.21003599,10.33882477,,
7.82,-0.4951947068,-6.140392702,7.987158878,0.00414556768,-0.004301330441,-0.003685894304,0,,,,,,,,1,28.61418161,77.21003701,10.31409734,,
7.83,-0.526750937,-6.062677203,7.963531555,-0.00271453746,-0.008792501761,0.000478632691,0,,,,,,,,1,28.61418188,77.21003801,10.28936325,,
7.84,-0.5054183402,-6.174084277,7.898166825,-0.0001447551734,-0.008128189541,-0.0004673502573,0,,,,,,,,1,28.61418215,77.21003902,10.26462269,,
7.85,-0.619064971,-6.127039509,7.9500262,0.003538019597,-0.0001747390115,0.002143074559,0,,,,,,,,1,28.61418243,77.21004003,10.23987579,,
7.86,-0.6202227756,-6.141348926,7.974396105,0.00147540429,-0.006394938816,-0.0003457706393,0,,,,,,,,1,28.6141827,77.21004103,10.21512272,,
7.87,-0.5182312434,-6.113688743,7.896305614,-0.001525044713,-0.0002066425815,-0.0003077138261,0,,,,,,,,1,28.61418297,77.21004203,10.19036363,,
7.88,-0.5862480616,-6.075059771,8.02711752,-0.000951721543,-0.0008804757965,-0.001578682467,0,,,,,,,,1,28.61418324,77.21004303,10.16559867,,
7.89,-0.6114031245,-6.129746282,7.931300075,-0.001272566483,-0.002800826671,0.001285410111,0,,,,,,,,1,28.61418351,77.21004402,10.14082797,,
7.9,-0.5969621358,-6.151725271,7.980691131,-0.002549723777,-0.0008508882213,0.0009882799541,0,,,,,,,,1,28.61418378,77.21004501,10.11605168,,
7.91,-0.5581453424,-6.157915862,7.911418556,0.002773620743,-0.004213724053,-0.0007414921809,0,,,,,,,,1,28.61418405,77.210046,10.09126993,,
7.92,-0.6007929315,-6.002481744,7.983702119,0.002337894949,0.002088135625,0.004213938135,0,,,,,,,,1,28.61418432,77.21004699,10.06648286,,
7.93,-0.4512285735,-6.050688497,8.01013462,-0.002283406754,-0.001526454979,-0.003004162789,0,,,,,,,,1,28.61418458,77.21004798,10.04169059,,
7.94,-0.5512715317,-6.204505974,7.981510852,-0.002668227802,0.002428104505,-0.00577024676,0,,,,,,,,1,28.61418485,77.21004896,10.01689326,,
7.95,-0.4639503557,-6.191514228,7.945824879,0.0004592140004,-0.003790529256,0.0007399658056,0,,,,,,,,1,28.61418512,77.21004994,9.992090985,,
7.96,-0.4949594613,-6.129408967,8.02204892,0.0002401372478,-0.000806552183,-0.0007883086465,0,,,,,,,,1,28.61418538,77.21005092,9.967283888,,
7.97,-0.562756895,-6.112118115,7.955893088,-0.00528734738,-0.006977980576,0.002689280263,0,,,,,,,,1,28.61418565,77.21005189,9.942472086,,
7.98,-0.5769440409,-6.136764623,7.996188849,-0.002845959883,-0.0003187045384,0.0001627630857,0,,,,,,,,1,28.61418591,77.21005287,9.917655694,,
7.99,-0.5633281849,-6.234249357,7.970697147,0.00176555243,-0.003859811324,4.651457867e-05,0,,,,,,,,1,28.61418618,77.21005384,9.892834823,,
8,-0.4844509773,-6.142865778,7.898832776,-0.0001918880365,-0.007011157532,-0.0005058844324,1,28.61419039,77.21005863,4.2,9.786949362,76.7493364,38.80954016,11,1,28.61418644,77.2100548,9.868009583,,
8.01,-0.573495586,-6.203448092,8.027767311,-0.0007820487095,-0.0003430843233,-0.003395061559,0,,,,,,,,1,28.6141867,77.21005577,9.843180081,,
8.02,-0.5489075075,-6.116853491,7.952162465,0.0001429858067,-0.005849436528,-0.002869011993,0,,,,,,,,1,28.61418696,77.21005673,9.818346421,,
8.03,-0.5309957601,-6.131996836,8.033508523,-0.0009827205851,0.004136481455,0.003857830798,0,,,,,,,,1,28.61418722,77.21005769,9.793508703,,
8.04,-0.5240679988,-6.202315924,7.914662373,-0.002484562962,5.229169301e-05,-0.001905793046,0,,,,,,,,1,28.61418748,77.21005865,9.768667028,,
8.05,-0.5691225525,-6.104106897,7.953698516,-0.001729498515,0.002361437168,-0.002178731784,0,,,,,,,,1,28.61418774,77.21005961,9.74382149,,
8.06,-0.6150090534,-6.174431728,7.954547874,0.003410237206,-0.001186362052,-0.00533900595,0,,,,,,,,1,28.614188,77.21006056,9.718972186,,
8.07,-0.4869908221,-6.179773265,7.936033158,-0.001473142086,-0.001733303566,-0.001253778199,0,,,,,,,,1,28.61418826,77.21006151,9.694119206,,
8.08,-0.5414388997,-6.124056459,7.987390017,0.000513519645,0.001082550012,-0.003640302513,0,,,,,,,,1,28.61418852,77.21006246,9.66926264,,
8.09,-0.5370378716,-6.099495832,8.023836515,-0.001002401284,-0.005713968487,-0.0007071934147,0,,,,,,,,1,28.61418877,77.21006341,9.644402575,,
8.1,-0.5724789662,-6.056385721,7.968246755,-0.002799770225,-0.003220283061,-0.004488512719,0,,,,,,,,1,28.61418903,77.21006435,9.619539098,,
8.11,-0.5764503892,-6.151992022,8.00965879,0.002956679528,-0.0007708230964,-0.002210008701,0,,,,,,,,1,28.61418929,77.21006529,9.59467229,,
8.12,-0.5002578832,-6.166885093,8.009689303,-0.005598826263,-0.004481388295,0.0007605760919,0,,,,,,,,1,28.61418954,77.21006623,9.569802235,,
8.13,-0.5326911201,-6.168931617,7.972931458,-0.001827572872,0.001386481128,0.001110729004,0,,,,,,,,1,28.6141898,77.21006717,9.544929009,,
8.14,-0.5172543613,-6.043293635,7.988263235,-0.002592652506,-0.00143642739,-0.001351045721,0,,,,,,,,1,28.61419005,77.2100681,9.520052692,,
8.15,-0.5704937986,-6.151377193,7.943449621,0.002960334899,-0.001828034307,-0.005443083154,0,,,,,,,,1,28.6141903,77.21006904,9.495173358,,
8.16,-0.5011971613,-6.164304833,7.961539114,0.005458331097,-0.001995386866,-0.003063577351,0,,,,,,,,1,28.61419056,77.21006996,9.470291081,,
8.17,-0.5858740683,-6.114671491,8.006585247,-0.003489049631,-0.004878115069,-0.004238872737,0,,,,,,,,1,28.61419081,77.21007089,9.445405933,,
8.18,-0.4932409255,-6.051208399,7.96282473,-0.001948216381,-0.001023368476,0.004728956023,0,,,,,,,,1,28.61419106,77.21007182,9.420517983,,
8.19,-0.5892229853,-6.074401037,7.997512225,-0.001888992749,-0.003076316704,0.0008072795925,0,,,,,,,,1,28.61419131,77.21007274,9.395627301,,
8.2,-0.5441173527,-6.132443204,7.994632167,0.001530611411,-0.003236837722,0.004828030501,0,,,,,,,,1,28.61419156,77.21007366,9.370733952,,
8.21,-0.59801427,-6.152847039,7.970192184,0.0001730679342,-0.004294061882,-0.0004365118377,0,,,,,,,,1,28.61419181,77.21007457,9.345838002,,
8.22,-0.5320783422,-6.09973183,7.954919867,0.0009270092023,-0.004516007138,0.001457198334,0,,,,,,,,1,28.61419206,77.21007549,9.320939514,,
8.23,-0.5458054301,-6.116205564,8.017948496,0.0006978994141,-0.002282537631,-0.007833398735,0,,,,,,,,1,28.6141923,77.2100764,9.29603855,,
8.24,-0.5206326349,-6.163507828,8.009778326,-0.007414802864,-0.004708584858,0.003261845505,0,,,,,,,,1,28.61419255,77.21007731,9.271135171,,
8.25,-0.4422090561,-6.201320548,8.006236841,0.00185122662,0.00220407561,-0.0002120815708,0,,,,,,,,1,28.6141928,77.21007822,9.246229435,,
8.26,-0.5692679112,-6.196897616,7.992544132,-0.00256624974,0.006251981412,-0.001441722171,0,,,,,,,,1,28.61419304,77.21007912,9.2213214,,
8.27,-0.4950548096,-6.186424022,7.979872418,-0.002005947944,-0.003639824642,0.007281589956,0,,,,,,,,1,28.61419329,77.21008003,9.196411122,,
8.28,-0.492905492,-6.15169111,7.994708091,0.00157910769,-0.003590974219,-0.001327179109,0,,,,,,,,1,28.61419353,77.21008093,9.171498656,,
8.29,-0.5438857911,-6.200846065,8.019068949,-0.001789374998,0.0002433940774,0.000648514411,0,,,,,,,,1,28.61419378,77.21008182,9.146584054,,
8.3,-0.57312172,-6.082015144,7.9076432,-0.004918796764,-0.003121585074,-0.001028433392,0,,,,,,,,1,28.61419402,77.21008272,9.12166737,,
8.31,-0.6202822041,-6.159043496,8.06695268,-0.00137200939,-5.28394558e-05,-0.0005547311755,0,,,,,,,,1,28.61419426,77.21008361,9.096748654,,
8.32,-0.5305171756,-6.10033884,7.945824659,0.002806161832,-0.0004715735456,0.002264787927,0,,,,,,,,1,28.6141945,77.2100845,9.071827955,,
8.33,-0.628332854,-6.222251732,7.923189536,0.005407650536,-0.006072085714,-0.002374588117,0,,,,,,,,1,28.61419474,77.21008539,9.046905322,,
8.34,-0.5380943432,-6.038826651,7.89235694,-0.004358402351,-0.002230391175,0.0004195366595,0,,,,,,,,1,28.61419498,77.21008627,9.021980802,,
8.35,-0.6546710511,-6.086063168,8.030804678,-0.002846967962,-0.005961849241,0.004715505764,0,,,,,,,,1,28.61419522,77.21008716,8.997054441,,
8.36,-0.5408491191,-6.182374292,8.031637981,-0.005043519385,-0.002406017524,0.006755329338,0,,,,,,,,1,28.61419546,77.21008804,8.972126284,,
8.37,-0.5978282581,-6.002410242,7.962007699,0.00270589848,-0.004074128021,-0.002746132984,0,,,,,,,,1,28.6141957,77.21008892,8.947196374,,
8.38,-0.5897138055,-6.162267451,8.101279862,-0.002659503022,-0.0006527710725,0.0003776669227,0,,,,,,,,1,28.61419594,77.21008979,8.922264755,,
8.39,-0.5185220359,-6.105580792,7.917877904,0.003480661818,-0.006507313234,0.001104631121,0,,,,,,,,1,28.61419618,77.21009067,8.897331469,,
8.4,-0.5357665795,-6.13558569,8.044768491,-0.004554329598,-0.000529215654,0.001026236162,0,,,,,,,,1,28.61419641,77.21009154,8.872396555,,
8.41,-0.5903902166,-6.054084133,7.926482748,0.003995196865,-0.004451990569,0.0007899657781,0,,,,,,,,1,28.61419665,77.2100924,8.847460053,,
8.42,-0.5949445828,-6.119545568,7.981713569,-0.0009640909435,0.0006894119084,-0.002467435819,0,,,,,,,,1,28.61419688,77.21009327,8.822522003,,
8.43,-0.6350863426,-6.202182455,7.925402189,0.002422791678,-0.001056620466,0.00165104842,0,,,,,,,,1,28.61419712,77.21009413,8.797582442,,
8.44,-0.5158012619,-6.07493462,8.015172193,-0.003676337746,-0.00189476326,-0.003368905858,0,,,,,,,,1,28.61419735,77.21009499,8.772641407,,
8.45,-0.530060496,-6.096590666,7.943638411,0.002057589681,-0.002268429021,-0.003260398607,0,,,,,,,,1,28.61419759,77.21009585,8.747698934,,
8.46,-0.5401290912,-6.143554926,7.950126904,-0.005690049081,-0.003256260268,0.003651510587,0,,,,,,,,1,28.61419782,77.21009671,8.722755057,,
8.47,-0.4533032661,-6.127517235,8.031761352,0.004220748535,-0.001016469939,-0.005517998463,0,,,,,,,,1,28.61419805,77.21009756,8.697809812,,
8.48,-0.6018367068,-6.14360434,7.942512113,-0.002228059819,-0.002191088201,-0.003065976167,0,,,,,,,,1,28.61419828,77.21009841,8.672863231,,
8.49,-0.5704808464,-6.137707383,7.991771352,0.001845143895,-0.001883506705,-0.001547960894,0,,,,,,,,1,28.61419851,77.21009926,8.647915348,,
8.5,-0.5447037934,-6.154987678,8.055111295,-0.002488073972,0.0006126000914,-0.006386956581,0,,,,,,,,1,28.61419874,77.21010011,8.622966193,,
8.51,-0.5856779748,-6.074545717,7.947719958,-0.002414942288,-0.004955280566,-0.0001064290199,0,,,,,,,,1,28.61419897,77.21010095,8.598015798,,
8.52,-0.6001247658,-6.063162026,7.906376796,-0.002594347212,-0.005085279541,0.002217909165,0,,,,,,,,1,28.6141992,77.21010179,8.573064193,,
8.53,-0.5961080787,-6.100133517,7.958758383,-0.003213380116,0.001153538957,0.004586066576,0,,,,,,,,1,28.61419943,77.21010263,8.548111408,,
8.54,-0.6112612242,-6.123017381,8.044704328,0.001626645029,-0.005479041796,0.0006108722304,0,,,,,,,,1,28.61419965,77.21010347,8.523157471,,
8.55,-0.5192283225,-6.115972035,8.002939426,-0.003382044375,-0.0002648934593,-0.00396046184,0,,,,,,,,1,28.61419988,77.2101043,8.498202411,,
8.56,-0.5746869244,-6.081523896,7.973112442,0.0006755966267,9.218648763e-05,-0.004896733746,0,,,,,,,,1,28.61420011,77.21010514,8.473246254,,
8.57,-0.6221031844,-6.169879778,7.977120519,-0.0008400762435,-0.00327728853,0.00243257692,0,,,,,,,,1,28.61420033,77.21010597,8.448289029,,
8.58,-0.543509065,-6.133880577,7.923606233,-0.003476381507,-0.006439226937,6.758318207e-05,0,,,,,,,,1,28.61420056,77.21010679,8.42333076,,
8.59,-0.5347177442,-6.175042395,7.882497848,-0.002971214474,-0.002188826682,0.001593428488,0,,,,,,,,1,28.61420078,77.21010762,8.398371473,,
8.6,-0.5774368301,-6.062386919,8.028755594,-0.003202213362,-0.002682789163,-0.0005020309655,0,,,,,,,,1,28.614201,77.21010844,8.373411193,,
8.61,-0.5502394629,-6.07859355,8.003885479,-0.002655346819,-0.00649572129,-0.002933180591,0,,,,,,,,1,28.61420123,77.21010926,8.348449944,,
8.62,-0.5814506521,-6.088407613,7.968211666,0.004982519247,-0.003181382201,0.001031034573,0,,,,,,,,1,28.61420145,77.21011008,8.323487751,,
8.63,-0.5591545905,-6.09507961,7.933199826,0.001938835041,-0.001316126576,0.006405535798,0,,,,,,,,1,28.61420167,77.21011089,8.298524635,,
8.64,-0.5269940115,-6.058998512,8.037346934,0.005523887883,-0.000928955453,0.0003356512734,0,,,,,,,,1,28.61420189,77.2101117,8.273560619,,
8.65,-0.548782939,-6.069991038,7.909878946,-0.001890022362,0.00429649332,0.001363357238,0,,,,,,,,1,28.61420211,77.21011251,8.248595726,,
8.66,-0.5148531176,-6.154916815,8.039626086,0.005911945321,-0.002752077771,0.002496338802,0,,,,,,,,1,28.61420233,77.21011332,8.223629977,,
8.67,-0.5452910197,-6.114060991,7.995294088,2.727855318e-05,-0.004863347841,-0.003893428103,0,,,,,,,,1,28.61420255,77.21011412,8.198663392,,
8.68,-0.5968062038,-6.272698706,7.937826713,0.0005912532173,-0.005507651577,0.007253073503,0,,,,,,,,1,28.61420276,77.21011493,8.173695992,,
8.69,-0.5477939921,-6.051338911,7.976390614,0.004634166358,0.001916111325,-0.006865280486,0,,,,,,,,1,28.61420298,77.21011573,8.148727797,,
8.7,-0.5119771858,-6.129023976,7.983369013,-0.003575033555,-0.004600980519,-0.0002373356824,0,,,,,,,,1,28.6142032,77.21011652,8.123758827,,
8.71,-0.509197614,-6.137267194,8.028743463,-0.003635721626,0.004930365576,0.0009923868451,0,,,,,,,,1,28.61420341,77.21011732,8.098789099,,
8.72,-0.4470121113,-6.058684365,7.937239212,-0.003704250597,-0.007181337441,-0.002424806071,0,,,,,,,,1,28.61420363,77.21011811,8.073818633,,
8.73,-0.4975264578,-6.083560003,8.036230345,-2.497138144e-05,-0.00619783074,0.0007822865025,0,,,,,,,,1,28.61420384,77.2101189,8.048847447,,
8.74,-0.5510930748,-6.060747953,7.998610194,0.001183516832,-0.005214104209,-0.003502253875,0,,,,,,,,1,28.61420406,77.21011969,8.023875558,,
8.75,-0.5601994966,-6.071882519,7.972419608,-0.002171631015,-0.001278821328,0.001038782296,0,,,,,,,,1,28.61420427,77.21012047,7.998902984,,
8.76,-0.6152116754,-6.119836162,7.914460964,0.001252957654,0.003389268924,-0.001582518694,0,,,,,,,,1,28.61420448,77.21012126,7.97392974,,
8.77,-0.5765128045,-6.117204983,7.874591497,0.002037676274,-0.00430230963,-0.0003652295302,0,,,,,,,,1,28.6142047,77.21012204,7.948955844,,
8.78,-0.5771041639,-6.146012853,7.929526057,-0.002885665721,-0.0002060679437,0.0008779427851,0,,,,,,,,1,28.61420491,77.21012282,7.923981311,,
8.79,-0.5936134949,-6.208461067,7.936159263,-0.001806067198,-0.006678101999,0.003860917434,0,,,,,,,,1,28.61420512,77.21012359,7.899006157,,
8.8,-0.5888632162,-6.103267806,7.971584058,-0.0006340780534,-0.003264751379,0.0003198659609,0,,,,,,,,1,28.61420533,77.21012436,7.874030397,,
8.81,-0.4886643336,-6.088650467,7.997835313,-0.002251864174,-0.00311481435,-0.001861629886,0,,,,,,,,1,28.61420554,77.21012513,7.849054046,,
8.82,-0.5096420859,-6.153490061,8.0662502,0.001377261518,-0.002295549441,0.001934705481,0,,,,,,,,1,28.61420575,77.2101259,7.824077118,,
8.83,-0.4943974639,-6.132129308,7.973019558,-1.737594518e-05,-0.004155732748,-0.003602325464,0,,,,,,,,1,28.61420595,77.21012667,7.799099627,,
8.84,-0.5497062888,-6.176517418,8.023211193,-0.001447000445,-0.002332999329,-0.004227024711,0,,,,,,,,1,28.61420616,77.21012743,7.774121588,,
8.85,-0.5940091233,-6.100832307,7.994005922,-0.004001154323,-0.004019324706,-0.008451645332,0,,,,,,,,1,28.61420637,77.21012819,7.749143012,,
8.86,-0.55412184,-6.099227254,8.015149796,-0.002083427197,-0.006726224033,-0.001280782928,0,,,,,,,,1,28.61420657,77.21012895,7.724163915,,
8.87,-0.6069242264,-6.22680314,7.95383856,0.002546229793,-0.002742596538,0.003860409365,0,,,,,,,,1,28.61420678,77.21012971,7.699184307,,
8.88,-0.5111878627,-6.109683218,7.998637865,0.0003139177546,-0.00473410626,-0.003132076543,0,,,,,,,,1,28.61420698,77.21013046,7.674204202,,
8.89,-0.5265292212,-6.052129609,7.930174156,-0.001685068266,9.645051546e-06,0.002739539744,0,,,,,,,,1,28.61420719,77.21013121,7.649223612,,
8.9,-0.5520810998,-6.003292046,7.905085475,-0.001412201698,-0.002374143146,0.004490668273,0,,,,,,,,1,28.61420739,77.21013196,7.624242548,0.3661378622,-2.701529264
8.91,-0.6183088409,-6.159968584,7.977573672,0.002316816887,-0.002795262031,0.001022410202,0,,,,,,,,1,28.61420759,77.21013271,7.599261022,,
8.92,-0.5284015404,-6.134478882,8.015626427,-0.005790678065,0.0004448079892,0.002673262323,0,,,,,,,,1,28.6142078,77.21013345,7.574279046,,
8.93,-0.4673167696,-6.124624063,7.917760491,0.004360322384,-0.003184966738,0.0008080676464,0,,,,,,,,1,28.614208,77.21013419,7.54929663,,
8.94,-0.5623601319,-6.135036118,7.999937457,-0.001273632681,-0.006609928796,0.0009598004037,0,,,,,,,,1,28.6142082,77.21013493,7.524313786,,
8.95,-0.5934075719,-6.061898621,7.989111375,-0.004594126935,-0.0005426664881,-0.0003058591246,0,,,,,,,,1,28.6142084,77.21013567,7.499330523,,
8.96,-0.4752500914,-6.154846389,7.950380078,0.001455381589,-0.003146379508,0.001215404296,0,,,,,,,,1,28.6142086,77.2101364,7.474346851,,
8.97,-0.4076608094,-6.2301204,7.959819988,-0.00527741537,-0.001210325452,-0.001336599889,0,,,,,,,,1,28.6142088,77.21013713,7.449362782,,
8.98,-0.5571831118,-6.159668573,7.922592666,-0.002368208375,-0.009435264482,0.0007521933695,0,,,,,,,,1,28.61420899,77.21013786,7.424378324,,
8.99,-0.4960880794,-6.149787384,7.944376581,-0.002993360424,-0.0002000335793,0.001954454701,0,,,,,,,,1,28.61420919,77.21013859,7.399393487,,
9,-0.5334198857,-6.140369838,7.917714873,0.002079250981,-0.00502479708,0.00206874093,1,28.61420637,77.21010468,4.2,7.19936227,74.21958912,37.15843247,13,1,28.61420939,77.21013931,7.37440828,0.4160622656,-2.673305988
9.01,-0.6176572261,-6.124982089,8.016977879,0.002475230632,0.0008355481364,0.003269993427,0,,,,,,,,1,28.61420958,77.21014003,7.349422712,,
9.02,-0.5442730756,-6.097039988,8.008214024,-0.00358580187,-0.003851002179,0.004624347718,0,,,,,,,,1,28.61420978,77.21014075,7.324436792,,
9.03,-0.5926347798,-6.085615873,7.987706716,0.005060080079,-0.002455134011,0.006855581212,0,,,,,,,,1,28.61420997,77.21014147,7.299450529,,
9.04,-0.4348132906,-6.096399298,7.941892389,0.006171174663,0.001993756815,0.007684418828,0,,,,,,,,1,28.61421017,77.21014218,7.274463931,,
9.05,-0.5430062411,-6.233652448,7.947277595,-0.006523662672,-0.002028173442,0.003625725418,0,,,,,,,,1,28.61421036,77.2101429,7.249477005,,
9.06,-0.5272637968,-6.105586045,8.017710366,-0.001122934266,-0.003959160033,0.002131532008,0,,,,,,,,1,28.61421055,77.21014361,7.224489761,,
9.07,-0.5669313734,-6.173084337,7.944662572,-0.000899052369,0.00349365658,0.003345156962,0,,,,,,,,1,28.61421075,77.21014431,7.199502206,,
9.08,-0.6016413661,-6.050526978,7.923575425,0.002260103614,0.002021122488,0.00234820093,0,,,,,,,,1,28.61421094,77.21014502,7.174514348,,
9.09,-0.6094944586,-6.034153605,7.955885118,-0.004339190259,0.002098568124,-0.002392172945,0,,,,,,,,1,28.61421113,77.21014572,7.149526193,,
9.1,-0.5156922101,-6.111676313,7.946691572,0.003990635939,-0.003208127257,0.0003799948004,0,,,,,,,,1,28.61421132,77.21014642,7.124537749,0.3983221352,-2.626045227
9.11,-0.5433411889,-6.064298281,7.954723117,0.005517666723,-0.006567895244,0.001466779477,0,,,,,,,,1,28.61421151,77.21014712,7.099549023,,
9.12,-0.6444327116,-6.245942218,7.914370173,0.004993381856,-0.004888228029,-0.004075161461,0,,,,,,,,1,28.6142117,77.21014781,7.074560023,,
9.13,-0.5608809016,-6.090884598,8.02684124,0.003549933229,-0.001588826078,-0.001432425669,0,,,,,,,,1,28.61421188,77.2101485,7.049570754,,
9.14,-0.4847437213,-6.072316936,8.064203404,-1.431822419e-05,-0.00463349058,0.00772181265,0,,,,,,,,1,28.61421207,77.21014919,7.024581223,,
9.15,-0.5536631055,-6.118392204,7.857287575,-0.0009989609277,0.002045950325,0.001001354489,0,,,,,,,,1,28.61421226,77.21014988,6.999591437,,
9.16,-0.547752972,-6.049800339,7.964425017,0.001353551478,-0.001241326723,-0.003425637041,0,,,,,,,,1,28.61421244,77.21015057,6.974601402,,
9.17,-0.5099213519,-6.134113886,7.992424522,0.003620105225,0.001788359938,0.003271081092,0,,,,,,,,1,28.61421263,77.21015125,6.949611124,,
9.18,-0.5785596038,-6.110267584,7.930807001,-0.001161929751,0.001114405217,0.0003295160503,0,,,,,,,,1,28.61421281,77.21015193,6.924620609,,
9.19,-0.5318126422,-6.170595236,7.94665044,0.003649862143,0.001770459135,0.00242796306,0,,,,,,,,1,28.614213,77.21015261,6.899629863,,
9.2,-0.4965821247,-6.174489828,8.003902424,0.00268316697,0.0007462499113,0.002596041222,0,,,,,,,,1,28.61421318,77.21015328,6.87463889,0.3571590185,-2.732897043
9.21,-0.5047050729,-6.17420434,7.924354496,-0.002550284531,-0.007034322461,0.003150971112,0,,,,,,,,1,28.61421336,77.21015395,6.849647698,,
9.22,-0.5919385336,-6.091138484,7.967713964,-0.0003655916469,-0.002336726358,-0.0006587813936,0,,,,,,,,1,28.61421355,77.21015462,6.824656291,,
9.23,-0.532570592,-6.044654046,7.954272089,-0.003924906375,-0.002831040384,0.001364427029,0,,,,,,,,1,28.61421373,77.21015529,6.799664674,,
9.24,-0.4912885672,-6.131825405,7.96355917,-0.002593077558,-0.003743851437,-0.0001963180451,0,,,,,,,,1,28.61421391,77.21015596,6.774672852,,
9.25,-0.6113596087,-6.170861362,8.096410688,-0.004536063542,-0.0008870043506,-0.0008939831009,0,,,,,,,,1,28.61421409,77.21015662,6.749680832,,
9.26,-0.5335962213,-6.169776487,8.042387324,0.004418602276,-0.00688430378,0.002406515652,0,,,,,,,,1,28.61421427,77.21015728,6.724688616,,
9.27,-0.5122495762,-6.087795525,8.019947691,0.001265769375,-0.001888644424,-0.002962372367,0,,,,,,,,1,28.61421445,77.21015794,6.699696211,,
9.28,-0.6385001292,-6.214341603,7.962089648,-0.0002478140903,-0.00386392312,0.000265349848,0,,,,,,,,1,28.61421462,77.2101586,6.67470362,,
9.29,-0.5331140123,-6.129380684,8.018052668,-0.0001230906705,-0.001507555369,0.004725529066,0,,,,,,,,1,28.6142148,77.21015925,6.649710849,,
9.3,-0.6082072663,-6.075970081,7.867795384,-0.0002699541345,-0.008950076789,0.0004118339351,0,,,,,,,,1,28.61421498,77.2101599,6.624717902,0.3541146517,-2.727700949
9.31,-0.5406172677,-6.101651128,8.00533675,0.002693446558,-0.002227515577,0.001187834936,0,,,,,,,,1,28.61421515,77.21016055,6.599724782,,
9.32,-0.513217346,-6.123258657,7.978293996,-0.002322311654,0.001129262715,0.000890839416,0,,,,,,,,1,28.61421533,77.21016119,6.574731495,,
9.33,-0.6127925133,-6.125561476,7.963978229,-0.004081796331,0.001975792533,-0.002451794375,0,,,,,,,,1,28.6142155,77.21016184,6.549738044,,
9.34,-0.5319508605,-6.163277994,7.904878684,-0.0002035551415,-0.007038040246,0.001207494339,0,,,,,,,,1,28.61421568,77.21016248,6.524744433,,
9.35,-0.4811104464,-6.223903118,7.958534909,0.002239501391,-0.002139179839,0.0003790893383,0,,,,,,,,1,28.61421585,77.21016312,6.499750666,,
9.36,-0.476854267,-6.056879251,7.886667435,0.002641106155,-0.003116552032,-0.0003898863565,0,,,,,,,,1,28.61421602,77.21016375,6.474756747,,
9.37,-0.5081309315,-6.160296711,7.99553666,0.004148259244,-0.004424222891,0.002819178157,0,,,,,,,,1,28.6142162,77.21016439,6.44976268,,
9.38,-0.5132641868,-6.084816644,7.879528835,0.001718090001,-0.003697415004,-0.002390079041,0,,,,,,,,1,28.61421637,77.21016502,6.424768469,,
9.39,-0.5912962564,-6.097246238,8.007172179,-0.000811058175,-0.006198208315,-0.00269074503,0,,,,,,,,1,28.61421654,77.21016565,6.399774116,,
9.4,-0.46201637,-6.088148853,8.03817933,-0.001238457477,-0.0001658959978,-0.001283630517,0,,,,,,,,1,28.61421671,77.21016627,6.374779625,0.4580321312,-2.615100145
9.41,-0.4889239579,-6.089943139,7.906315116,0.001211971022,0.003243812364,-0.002061372705,0,,,,,,,,1,28.61421688,77.2101669,6.349785,,
9.42,-0.4495225366,-6.109784488,7.95248798,0.0001462825596,-0.001851095749,-0.002798167857,0,,,,,,,,1,28.61421705,77.21016752,6.324790244,,
9.43,-0.5588086764,-6.162451864,7.974942163,0.0007989688375,-0.0005274261455,-0.002300732175,0,,,,,,,,1,28.61421721,77.21016814,6.29979536,,
9.44,-0.6328234549,-6.083124655,7.923140351,-0.003053944017,-0.001147809134,0.003297856862,0,,,,,,,,1,28.61421738,77.21016875,6.274800351,,
9.45,-0.4944753446,-6.158511491,8.00850953,-0.0002562613697,-0.001051001929,-0.002541410677,0,,,,,,,,1,28.61421755,77.21016937,6.249805221,,
9.46,-0.4781514206,-6.106518076,7.97667768,-0.0006868551894,-0.002374814864,0.001200130328,0,,,,,,,,1,28.61421772,77.21016998,6.224809972,,
9.47,-0.5373781574,-6.141774937,7.964464642,0.001265750728,-0.001638064196,-0.0008773982467,0,,,,,,,,1,28.61421788,77.21017059,6.199814606,,
9.48,-0.4435767292,-6.187894617,7.936348236,-0.0009317332495,-0.00126821897,-0.00110409666,0,,,,,,,,1,28.61421805,77.2101712,6.174819128,,
9.49,-0.5700730781,-6.131843519,8.008130181,0.001453260853,-0.004918644179,-0.005108891111,0,,,,,,,,1,28.61421821,77.2101718,6.14982354,,
9.5,-0.5520993088,-6.077203244,7.922704718,-0.003719047967,0.0007721890559,0.001789538691,0,,,,,,,,1,28.61421837,77.2101724,6.124827844,0.4665796757,-2.559431791
9.51,-0.5272136145,-6.118946505,7.923974919,0.006207245692,-0.00275083076,0.001761392091,0,,,,,,,,1,28.61421854,77.210173,6.099832043,,
9.52,-0.5519232662,-6.147789738,7.941529183,-0.00417836135,-0.008355146553,0.004346354512,0,,,,,,,,1,28.6142187,77.2101736,6.074836139,,
9.53,-0.5882382275,-6.084694067,7.935483163,-0.0002856311619,-0.003669957307,0.002193357644,0,,,,,,,,1,28.61421886,77.21017419,6.049840136,,
9.54,-0.4998165,-6.077475769,8.006117151,-0.0004043025184,-0.006429530126,-0.001057650408,0,,,,,,,,1,28.61421902,77.21017479,6.024844035,,
9.55,-0.5148653081,-6.207189539,7.98372849,0.0004809630215,-0.005375126258,0.002009963037,0,,,,,,,,1,28.61421918,77.21017537,5.999847839,,
9.56,-0.509824082,-6.087368187,8.041862435,-0.0001360054657,-0.01151642638,-1.570977029e-05,0,,,,,,,,1,28.61421934,77.21017596,5.97485155,,
9.57,-0.5091013305,-6.133362611,7.949884881,-0.0008008498094,-0.004855839427,-0.000873708777,0,,,,,,,,1,28.6142195,77.21017655,5.949855171,,
9.58,-0.5816161175,-6.125952108,7.96514902,-0.002708796972,-0.001889426874,-0.001538265874,0,,,,,,,,1,28.61421966,77.21017713,5.924858703,,
9.59,-0.4761369083,-6.154814648,7.928757649,0.001286548525,-0.006649399483,0.0021678072,0,,,,,,,,1,28.61421981,77.21017771,5.899862149,,
9.6,-0.5785608699,-6.010644153,7.982907996,0.003000886087,0.001614250481,-0.0039860813,0,,,,,,,,1,28.61421997,77.21017829,5.874865512,0.3601045012,-2.728467941
9.61,-0.6082315357,-6.053688548,7.963714814,-0.003189202674,-0.002500288606,0.004211589151,0,,,,,,,,1,28.61422013,77.21017886,5.849868792,,
9.62,-0.5347852712,-6.163034796,8.009712805,-0.007621460533,-0.002428611731,-0.0007570497743,0,,,,,,,,1,28.61422028,77.21017943,5.824871992,,
9.63,-0.5069621891,-6.16803287,7.980055099,0.002583670364,-0.001446396251,0.003037002763,0,,,,,,,,1,28.61422044,77.21018,5.799875114,,
9.64,-0.6146099812,-6.058288581,7.927835923,-0.006429286212,0.0008474339038,-0.0004945509072,0,,,,,,,,1,28.61422059,77.21018057,5.77487816,,
9.65,-0.5893456688,-6.178290059,7.923003621,-0.006247561832,-0.002952251865,-0.0009747668457,0,,,,,,,,1,28.61422074,77.21018114,5.749881132,,
9.66,-0.5384202378,-6.160363728,8.008726262,0.004009832058,0.0002245850621,-0.001758819486,0,,,,,,,,1,28.6142209,77.2101817,5.724884031,,
9.67,-0.5202297576,-6.070688142,8.046607755,0.0004245964379,-0.001491470817,-0.002866337909,0,,,,,,,,1,28.61422105,77.21018226,5.69988686,,
9.68,-0.580159076,-6.125290113,7.930424074,-0.0007668002593,-0.001572233298,0.00490595159,0,,,,,,,,1,28.6142212,77.21018282,5.674889619,,
9.69,-0.5564956265,-6.096230693,7.996814618,8.209823462e-05,-0.003411683628,-0.0005290495046,0,,,,,,,,1,28.61422135,77.21018337,5.649892311,,
9.7,-0.5787484483,-6.104419748,7.979697424,0.0006366503744,-0.001400850947,-0.002149420055,0,,,,,,,,1,28.6142215,77.21018393,5.624894938,0.4027754664,-2.704862833
9.71,-0.5167088144,-6.249531505,7.929939304,-0.001205585574,-0.006745094293,-0.003737397464,0,,,,,,,,1,28.61422165,77.21018448,5.5998975,,
9.72,-0.4947719349,-6.208920136,7.954490186,-0.002164843843,0.001422992912,-0.0007136071234,0,,,,,,,,1,28.6142218,77.21018502,5.5749,,
9.73,-0.559276071,-6.166413832,7.957653056,-0.002264319711,-0.001996910593,-0.0005763571279,0,,,,,,,,1,28.61422195,77.21018557,5.549902439,,
9.74,-0.5377282127,-6.137613187,7.948055313,-0.000719048977,-0.004611757571,-0.001977057488,0,,,,,,,,1,28.6142221,77.21018611,5.524904819,,
9.75,-0.5172931716,-6.085784271,8.018608576,-0.0007454493352,-0.009046733348,-0.000248040513,0,,,,,,,,1,28.61422224,77.21018665,5.49990714,,
9.76,-0.6420145045,-6.06012661,7.997830285,-0.00114245103,-0.004668187152,-0.0009559272448,0,,,,,,,,1,28.61422239,77.21018719,5.474909405,,
9.77,-0.5550244426,-6.077215969,8.018627061,-0.003078296022,0.0007762015606,-0.002392007859,0,,,,,,,,1,28.61422253,77.21018773,5.449911615,,
9.78,-0.5004114613,-6.167218598,7.891437596,0.0002362101808,-0.001287571955,0.006649561785,0,,,,,,,,1,28.61422268,77.21018826,5.424913771,,
9.79,-0.4687103288,-6.099451982,7.954629151,0.0002856689283,-0.0008365197357,-0.001976469706,0,,,,,,,,1,28.61422282,77.21018879,5.399915874,,
9.8,-0.566322766,-6.138309135,8.017491592,-0.001935775916,-0.004925793753,-0.004807020368,0,,,,,,,,1,28.61422297,77.21018932,5.374917926,0.4008042216,-2.644871473
9.81,-0.6060719307,-6.171206279,8.097942302,-0.002677835454,-0.00381141703,-0.00159960489,0,,,,,,,,1,28.61422311,77.21018985,5.349919927,,
9.82,-0.6101041298,-6.103312032,7.988548334,-0.001886420039,-0.0057574711,0.0009958976495,0,,,,,,,,1,28.61422325,77.21019037,5.32492188,,
9.83,-0.5373747681,-6.06352605,7.957793676,-0.001653301113,0.004038795554,0.002159982751,0,,,,,,,,1,28.61422339,77.21019089,5.299923786,,
9.84,-0.4842568142,-6.126075398,7.944300628,-0.0002841372723,-0.007198865029,0.002009607064,0,,,,,,,,1,28.61422353,77.21019141,5.274925645,,
9.85,-0.5816445953,-6.154885495,8.024205986,-0.001638650688,-0.003162044544,-0.004543042564,0,,,,,,,,1,28.61422367,77.21019193,5.249927458,,
9.86,-0.491110728,-6.123817864,7.937875154,-0.002852031227,0.0006425270258,-0.00179307073,0,,,,,,,,1,28.61422381,77.21019244,5.224929228,,
9.87,-0.590056456,-6.136886096,8.046074963,0.002625757468,-0.002978907986,0.0002900504946,0,,,,,,,,1,28.61422395,77.21019295,5.199930954,,
9.88,-0.5063854623,-6.143835541,8.052074299,0.002994876278,-0.002098635796,-0.002706243669,0,,,,,,,,1,28.61422409,77.21019346,5.174932638,,
9.89,-0.6253622877,-6.231021895,7.899870956,0.004284996256,0.001896367287,0.0003186286546,0,,,,,,,,1,28.61422423,77.21019397,5.149934281,,
9.9,-0.4994207735,-6.18615427,7.951673051,-0.0008033637132,-0.0008609893527,-0.004815460031,0,,,,,,,,1,28.61422437,77.21019447,5.124935884,0.3653375506,-2.738732815
9.91,-0.5444485786,-6.156417902,8.019760855,0.0004586072467,-0.007340279179,-0.0003572488223,0,,,,,,,,1,28.6142245,77.21019497,5.099937447,,
9.92,-0.5257132384,-6.141214435,8.015979389,0.0005667586071,-0.001780141094,0.004048124298,0,,,,,,,,1,28.61422464,77.21019547,5.074938973,,
9.93,-0.6452683362,-6.06924597,7.950958283,-0.0003345974299,0.000371037149,0.00137924806,0,,,,,,,,1,28.61422477,77.21019597,5.049940462,,
9.94,-0.5913341161,-6.128848055,8.006016523,-0.0009730117667,-0.003767990109,-0.0009781057865,0,,,,,,,,1,28.61422491,77.21019646,5.024941914,,
9.95,-0.5435087097,-6.108612854,7.966700263,0.006923723048,0.0006305638783,-0.0004919681857,0,,,,,,,,1,28.61422504,77.21019695,4.999943331,,
9.96,-0.5762278921,-6.049660193,8.030699704,-0.002808554215,0.006417633099,0.004978652037,0,,,,,,,,1,28.61422517,77.21019744,4.974944713,,
9.97,-0.6174803583,-6.100524139,7.934654006,0.004695180495,-0.001959385306,0.00117591906,0,,,,,,,,1,28.61422531,77.21019793,4.949946061,,
9.98,-0.5849801208,-6.107979588,8.026137493,0.008496080127,-0.001815240075,0.001576893593,0,,,,,,,,1,28.61422544,77.21019841,4.924947377,,
9.99,-0.4649500835,-6.074165322,7.950290823,0.0002552953376,0.00213649634,0.0001928956203,0,,,,,,,,1,28.61422557,77.2101989,4.89994866,,
10,-0.5733100469,-6.165602484,7.961174264,-0.001262950303,5.222944505e-06,-0.004983413889,1,28.61422923,77.21020984,4.2,4.900485998,71.65845911,39.57271934,12,1,28.6142257,77.21019938,4.874949912,0.3491500616,-2.775552034
10.01,-0.463228763,-6.109836471,7.98929992,0.002864994273,-0.002772986063,-0.0003967578188,0,,,,,,,,1,28.61422583,77.21019985,4.849951134,,
10.02,-0.7031487218,-6.113791432,7.942198942,-0.00582685227,0.0002923986913,0.0005888954176,0,,,,,,,,1,28.61422596,77.21020033,4.824952326,,
10.03,-0.5563049705,-6.110108661,8.012420047,-0.002979867191,0.001815808013,0.001329970363,0,,,,,,,,1,28.61422608,77.2102008,4.799953489,,
10.04,-0.5783869714,-6.168213222,7.981640141,-0.001989277914,0.003549966045,-0.003477336548,0,,,,,,,,1,28.61422621,77.21020127,4.774954623,,
10.05,-0.5783610468,-6.053544829,7.954616749,-0.003807615434,-0.003194142795,-0.001684838054,0,,,,,,,,1,28.61422634,77.21020174,4.74995573,,
10.06,-0.6323891464,-6.130027686,7.945519214,0.005327710293,-0.0001203694372,-0.002488958717,0,,,,,,,,1,28.61422647,77.2102022,4.72495681,,
10.07,-0.5524280676,-6.127553422,8.031888131,-0.004238074064,0.0006076658038,0.001536266131,0,,,,,,,,1,28.61422659,77.21020266,4.699957863,,
10.08,-0.4832606814,-6.149267959,7.885398468,-0.0003386217697,-0.004746446041,0.0003938892433,0,,,,,,,,1,28.61422672,77.21020312,4.674958891,,
10.09,-0.6521623894,-6.039336703,7.969617857,0.0003938330008,-0.001620077358,0.007275186282,0,,,,,,,,1,28.61422684,77.21020358,4.649959893,,
10.1,-0.5150441511,-6.151635769,7.9855509,-0.002081286888,0.004236102641,-0.006104430871,0,,,,,,,,1,28.61422696,77.21020404,4.624960872,0.348364979,-2.837845325
10.11,-0.5082897576,-6.152695707,7.970051381,0.002336697264,-0.001963744353,-0.00392100814,0,,,,,,,,1,28.61422709,77.21020449,4.599961826,,
10.12,-0.5206960563,-6.189827906,7.928810122,0.002439402457,0.001212656994,-0.00273528654,0,,,,,,,,1,28.61422721,77.21020494,4.574962757,,
10.13,-0.5184197361,-6.15210372,7.963958372,0.00104773047,-0.003083808682,0.002259071967,0,,,,,,,,1,28.61422733,77.21020539,4.549963665,,
10.14,-0.6243286541,-6.108831029,7.995272154,0.003861545308,-6.954965171e-06,0.0002599200883,0,,,,,,,,1,28.61422745,77.21020583,4.524964552,,
10.15,-0.4468390202,-6.131423755,7.964948255,0.003593494462,-0.005026640265,0.001621804399,0,,,,,,,,1,28.61422757,77.21020628,4.499965416,,
10.16,-0.5030976642,-6.12632578,8.055246163,-0.002803260038,0.002490754875,-0.002858115072,0,,,,,,,,1,28.61422769,77.21020672,4.47496626,,
10.17,-0.5429160059,-6.133607225,8.018387531,-0.00201119669,4.829585052e-05,-0.00320555695,0,,,,,,,,1,28.61422781,77.21020715,4.449967083,,
10.18,-0.4817797003,-6.101297147,8.046175402,-0.0009429693044,-0.0007599264444,0.0004524476797,0,,,,,,,,1,28.61422793,77.21020759,4.424967886,,
10.19,-0.6058013135,-6.124780028,8.002370812,0.002237420316,-0.0002188895935,0.0007517495956,0,,,,,,,,1,28.61422805,77.21020802,4.399968669,,
10.2,-0.4600355789,-6.189656964,8.060375319,-0.003174619449,-0.003339462547,-0.003285242141,0,,,,,,,,1,28.61422816,77.21020845,4.374969433,0.4268822968,-2.755064249
10.21,-0.5445600646,-6.083102371,7.997965322,0.002445569173,-0.002854416988,0.005153442129,0,,,,,,,,1,28.61422828,77.21020888,4.349970179,,
10.22,-0.644275694,-6.15611626,7.987922012,-0.001141671706,0.001730337897,-0.002034509717,0,,,,,,,,1,28.61422839,77.21020931,4.324970906,,
10.23,-0.5735630093,-6.155135395,7.987567116,0.003482353848,-0.006454117604,0.001216725659,0,,,,,,,,1,28.61422851,77.21020973,4.299971616,,
10.24,-0.5539464638,-6.138525697,8.007688255,0.004197434647,-0.0009800085188,0.002549526011,0,,,,,,,,1,28.61422862,77.21021015,4.274972308,,
10.25,-0.5676346261,-6.196864776,7.927868575,0.001267344179,0.0002876514651,0.001259686579,0,,,,,,,,1,28.61422874,77.21021057,4.249972983,,
10.26,-0.5313476608,-6.194944751,7.950841253,0.0002948235821,-0.006427285146,0.00192089302,0,,,,,,,,1,28.61422885,77.21021099,4.224973642,,
10.27,-0.5182266586,-6.163075725,7.948283332,-0.0003760877072,-0.0006425427089,-0.003116328462,0,,,,,,,,1,28.61422896,77.2102114,4.199974285,,
10.28,-0.6139107449,-6.086286418,8.013320312,-0.002122235079,-0.003637035076,0.0005537294846,0,,,,,,,,1,28.61422907,77.21021181,4.174974912,,
10.29,-0.5580047818,-6.09411603,7.945008259,-0.003246059916,-0.001008969886,-0.001539911133,0,,,,,,,,1,28.61422919,77.21021222,4.149975524,,
10.3,-0.6039076285,-6.201156869,8.006711744,-0.006913199738,0.001187783087,0.003188858093,0,,,,,,,,1,28.6142293,77.21021263,4.124976121,0.4193699956,-2.759950638
10.31,-0.5856090786,-6.108530568,7.964360919,-0.003503349089,-0.002436895886,8.35329533e-05,0,,,,,,,,1,28.61422941,77.21021303,4.099976704,,
10.32,-0.4940221389,-6.117390953,7.924403633,0.002872395667,0.0006056603876,-0.001021612247,0,,,,,,,,1,28.61422951,77.21021343,4.074977272,,
10.33,-0.6173299594,-6.13714902,8.025093883,0.001646234573,-0.0003426627036,0.0008997628356,0,,,,,,,,1,28.61422962,77.21021383,4.049977826,,
10.34,-0.5438097066,-6.060579126,8.033305558,-0.005335966512,-0.003709300685,0.001478803011,0,,,,,,,,1,28.61422973,77.21021423,4.024978367,,
10.35,-0.5614518578,-6.156941546,7.956075664,0.004876681905,-0.00325011382,-0.001913141357,0,,,,,,,,1,28.61422984,77.21021462,3.999978895,,
10.36,-0.5507371948,-6.11023433,7.989805352,-0.003009984483,0.002836978395,0.006792968595,0,,,,,,,,1,28.61422994,77.21021501,3.974979409,,
10.37,-0.5973989694,-6.123297293,7.968576623,-0.001622432275,-0.004442172919,0.001120892091,0,,,,,,,,1,28.61423005,77.2102154,3.949979912,,
10.38,-0.5059848051,-6.186416564,8.051680351,-0.003028555841,-0.002700240194,-0.003099976417,0,,,,,,,,1,28.61423015,77.21021579,3.924980401,,
10.39,-0.5385556311,-6.146951491,7.965572454,-0.001061350465,-0.003618945219,0.00278903629,0,,,,,,,,1,28.61423026,77.21021617,3.89998088,,
10.4,-0.5788838431,-6.109231376,8.029503655,0.00140572584,-0.006603628844,-0.00230302782,0,,,,,,,,1,28.61423036,77.21021655,3.874981346,0.4694921076,-2.639169216
10.41,-0.5276744076,-6.115155409,8.024290821,0.0006672520662,-0.002622924115,-0.003686536414,0,,,,,,,,1,28.61423047,77.21021693,3.849981801,,
10.42,-0.4610337173,-6.070732674,7.877345695,-0.0007556730729,-0.004180393506,0.0007488191806,0,,,,,,,,1,28.61423057,77.21021731,3.824982245,,
10.43,-0.5314326069,-6.106754229,7.986551282,0.001344773582,-0.005371531106,-0.0009250333653,0,,,,,,,,1,28.61423067,77.21021768,3.799982678,,
10.44,-0.524335493,-6.039883478,7.999795587,0.004851084201,-0.003712363128,0.002525741813,0,,,,,,,,1,28.61423077,77.21021805,3.7749831,,
10.45,-0.5370665945,-6.127531298,7.906826716,-0.003159220086,0.0002130328866,-0.0005888905209,0,,,,,,,,1,28.61423087,77.21021842,3.749983512,,
10.46,-0.6035038723,-6.205817193,8.062097451,0.0005685492631,-0.002812489998,0.0009992458052,0,,,,,,,,1,28.61423097,77.21021879,3.724983915,,
10.47,-0.5345677213,-6.179857308,7.965943273,0.003375995205,-0.002248529421,-0.003675645179,0,,,,,,,,1,28.61423107,77.21021916,3.699984307,,
10.48,-0.5383800821,-6.150727284,8.040673935,-0.002441134751,-0.006197843358,-0.0002117877927,0,,,,,,,,1,28.61423117,77.21021952,3.67498469,,
10.49,-0.5221935687,-6.077300179,7.946457573,-0.002619174192,-0.00408676073,0.0005621923612,0,,,,,,,,1,28.61423127,77.21021988,3.649985063,,
10.5,-0.601797126,-6.137851556,7.973852533,0.00185392761,-0.0004281791134,-0.002755803835,0,,,,,,,,1,28.61423136,77.21022023,3.624985427,0.4419503212,-2.727776527
10.51,-0.5045611073,-6.221458295,8.026116941,-0.00131279667,-0.001950102071,-0.003637348267,0,,,,,,,,1,28.61423146,77.21022059,3.599985783,,
10.52,-0.5433249373,-6.113739967,8.025884549,1.167359746e-05,-0.005272098446,0.002206412359,0,,,,,,,,1,28.61423155,77.21022094,3.57498613,,
10.53,-0.5731974438,-6.12786822,8.00388416,0.001942525412,-0.003116785817,0.001193834887,0,,,,,,,,1,28.61423165,77.21022129,3.549986468,,
10.54,-0.5553710001,-6.186968792,8.007741081,-0.001025233714,-0.001038192716,0.003036080337,0,,,,,,,,1,28.61423174,77.21022164,3.524986798,,
10.55,-0.5529505254,-6.142645465,8.00367276,0.003062696184,-0.007510616295,-0.001274036328,0,,,,,,,,1,28.61423184,77.21022198,3.49998712,,
10.56,-0.5724468182,-6.055085564,8.025870091,0.0006048360979,0.002316296649,0.005433000184,0,,,,,,,,1,28.61423193,77.21022233,3.474987434,,
10.57,-0.4690169199,-6.15528955,7.982058644,0.002616263659,-0.0004413004657,0.0003917866462,0,,,,,,,,1,28.61423202,77.21022267,3.449987741,,
10.58,-0.5545280921,-6.151988152,7.934854318,0.002660355902,-0.001329429704,0.001349557149,0,,,,,,,,1,28.61423211,77.210223,3.42498804,,
10.59,-0.553693152,-6.130263844,7.936750529,-0.0006619712866,-0.002243501911,-0.00177255098,0,,,,,,,,1,28.61423221,77.21022334,3.399988331,,
10.6,-0.6554223949,-6.172823868,8.063442872,-0.0009481996755,-0.005594768089,0.001333463063,0,,,,,,,,1,28.6142323,77.21022367,3.374988616,0.4031583667,-2.747163296
10.61,-0.5636322736,-6.077084757,7.936447219,-0.003622296288,0.00139925353,-0.00238510032,0,,,,,,,,1,28.61423239,77.210224,3.349988894,,
10.62,-0.6349227616,-6.112085165,8.012182294,-0.004476604339,-0.003765031628,0.001360594102,0,,,,,,,,1,28.61423247,77.21022433,3.324989164,,
10.63,-0.5227108611,-6.127804031,7.976810269,-0.002961873548,-0.002800415044,-0.0009570133473,0,,,,,,,,1,28.61423256,77.21022466,3.299989429,,
10.64,-0.4969322773,-6.152290413,7.987072613,-0.00153887483,0.001044647452,-0.0004127020532,0,,,,,,,,1,28.61423265,77.21022498,3.274989687,,
10.65,-0.4491512292,-6.222813958,7.996568522,0.001046110443,-0.002987888323,0.001464228685,0,,,,,,,,1,28.61423274,77.2102253,3.249989938,,
10.66,-0.4394471159,-6.210925134,7.893271369,0.006226304662,0.00267134403,0.001313094112,0,,,,,,,,1,28.61423282,77.21022562,3.224990184,,
10.67,-0.5769034182,-6.138406625,8.056979779,-0.0001330009013,-0.002060371213,-3.750567096e-05,0,,,,,,,,1,28.61423291,77.21022593,3.199990423,,
10.68,-0.5788921727,-6.210925698,8.056282869,-0.003180012221,-0.002165154717,-0.0007383115305,0,,,,,,,,1,28.61423299,77.21022625,3.174990657,,
10.69,-0.5516510182,-6.11894787,7.979024831,0.001801088455,0.004298735264,-0.00192015283,0,,,,,,,,1,28.61423308,77.21022656,3.149990884,,
10.7,-0.6010109993,-6.160650755,8.008726765,0.003450098084,-0.003209411958,0.001053859287,0,,,,,,,,1,28.61423316,77.21022687,3.124991107,0.4206315875,-2.652101517
10.71,-0.5035152364,-6.203600173,7.986554492,0.005223326523,3.342655786e-05,0.001767733934,0,,,,,,,,1,28.61423325,77.21022717,3.099991324,,
10.72,-0.5928931423,-6.085254312,7.970232933,0.005262847693,-0.001686785445,0.000135053338,0,,,,,,,,1,28.61423333,77.21022747,3.074991535,,
10.73,-0.5590668202,-6.109755377,8.067274728,0.004897474916,0.001607509381,-0.0001395608859,0,,,,,,,,1,28.61423341,77.21022778,3.049991742,,
10.74,-0.5308750388,-6.007465546,8.010273244,-0.002601751536,-0.0007110781623,-0.0002449474588,0,,,,,,,,1,28.61423349,77.21022807,3.024991943,,
10.75,-0.5259087594,-6.109918141,7.996459522,-0.0004255583624,-0.002651466229,-0.004176707556,0,,,,,,,,1,28.61423357,77.21022837,2.99999214,,
10.76,-0.5334304155,-6.003146494,7.927266126,0.001017186126,-0.003934766559,0.0009992971321,0,,,,,,,,1,28.61423365,77.21022866,2.974992331,,
10.77,-0.5318898909,-6.121771714,7.996415221,-0.008137605512,-0.001882075238,0.002864775542,0,,,,,,,,1,28.61423373,77.21022895,2.949992518,,
10.78,-0.5395248432,-6.073740524,7.924708996,-6.743190183e-05,0.004319218642,0.001711772561,0,,,,,,,,1,28.61423381,77.21022924,2.924992701,,
10.79,-0.4779482908,-6.056090663,7.960871548,-0.002014839036,-0.002771603517,-0.003192952986,0,,,,,,,,1,28.61423389,77.21022953,2.899992879,,
10.8,-0.5129012087,-6.20401303,8.040663956,0.0008813672257,-0.004446067793,0.00342116933,0,,,,,,,,1,28.61423396,77.21022981,2.874993053,0.476685226,-2.4622159
10.81,-0.4829118392,-6.038086997,7.985290802,-0.001701379064,-0.003452977926,0.0008344650048,0,,,,,,,,1,28.61423404,77.21023009,2.849993222,,
10.82,-0.427637628,-6.073796109,8.046237613,0.004754287617,-0.006634174672,0.001125643054,0,,,,,,,,1,28.61423412,77.21023037,2.824993387,,
10.83,-0.4912293929,-6.115891127,7.947134078,0.0004049921866,-0.0008981347142,-0.007379420144,0,,,,,,,,1,28.61423419,77.21023065,2.799993549,,
10.84,-0.5184141468,-6.140260381,8.045855059,0.0007696981634,-0.00326515562,-0.0007629525181,0,,,,,,,,1,28.61423426,77.21023092,2.774993706,,
10.85,-0.5835959415,-6.171217079,8.01000653,-0.003122412195,-0.009976177265,0.0001722358421,0,,,,,,,,1,28.61423434,77.2102312,2.74999386,,
10.86,-0.5703666132,-6.083544631,8.006936861,0.003239049028,-0.000612820868,-0.004919557324,0,,,,,,,,1,28.61423441,77.21023146,2.724994009,,
10.87,-0.4887603803,-6.088050153,7.980152923,0.000848773262,-0.00494162535,0.003841232893,0,,,,,,,,1,28.61423448,77.21023173,2.699994155,,
10.88,-0.5569993987,-6.133007305,8.019647648,-0.00286386132,-0.0006971961147,-0.001545603224,0,,,,,,,,1,28.61423456,77.210232,2.674994298,,
10.89,-0.5443831426,-6.038347517,8.078343378,-0.004213235622,-0.002978864239,-0.001891967755,0,,,,,,,,1,28.61423463,77.21023226,2.649994437,,
10.9,-0.5755573732,-6.082323266,7.915357592,0.004275069759,-0.004195390685,-0.0007509761178,0,,,,,,,,1,28.6142347,77.21023252,2.624994573,0.4856642187,-2.63796401
10.91,-0.5633452549,-6.05432869,7.917564335,-0.004216213156,0.001702414937,0.001120642444,0,,,,,,,,1,28.61423477,77.21023277,2.599994705,,
10.92,-0.5608833631,-6.135544415,7.899787852,-0.001608509884,-0.003124169175,0.0004174055349,0,,,,,,,,1,28.61423484,77.21023303,2.574994834,,
10.93,-0.5952624697,-6.093505616,7.986746544,-0.000793995826,-0.0005650852466,0.006155911059,0,,,,,,,,1,28.6142349,77.21023328,2.54999496,,
10.94,-0.4871663264,-6.142898206,7.861605138,0.005588127629,-0.004650247248,0.006204880814,0,,,,,,,,1,28.61423497,77.21023353,2.524995083,,
10.95,-0.5464147311,-6.188932102,8.013993987,0.001704683808,0.005122842247,-0.0005087656944,0,,,,,,,,1,28.61423504,77.21023378,2.499995203,,
10.96,-0.5897730556,-6.027659264,7.890472034,0.004234746277,-0.001016852554,-0.003794227881,0,,,,,,,,1,28.61423511,77.21023402,2.47499532,,
10.97,-0.566448897,-6.011344189,8.018086919,-0.0005326616549,-0.007157167378,-0.0007372189929,0,,,,,,,,1,28.61423517,77.21023426,2.449995434,,
10.98,-0.5273190016,-6.081930635,8.051696754,0.002467355984,-0.0009140013633,0.002678294446,0,,,,,,,,1,28.61423524,77.2102345,2.424995546,,
10.99,-0.5856641153,-6.114140415,8.055588456,-0.001557680674,0.001342633557,-0.002329434387,0,,,,,,,,1,28.6142353,77.21023474,2.399995654,,
11,-0.489953421,-6.154224267,8.000527848,0.001060748813,0.001756988156,-0.002692589464,1,28.61424062,77.21021087,4.2,2.376561476,72.63077884,36.86929988,14,1,28.61423537,77.21023498,2.37499576,0.4418116212,-2.637626171
11.01,-0.5013373953,-6.186020069,8.041972321,0.0006943127435,-0.001659936513,0.005215375695,0,,,,,,,,1,28.61423543,77.21023521,2.349995864,,
11.02,-0.4752461531,-6.199026897,7.958837449,-0.002645120205,-0.006003676867,-0.003546277441,0,,,,,,,,1,28.61423549,77.21023544,2.324995965,,
11.03,-0.58141634,-6.1964617,7.943762753,-0.0006840505215,-0.001546969371,-0.0003488458255,0,,,,,,,,1,28.61423555,77.21023567,2.299996063,,
11.04,-0.6273118853,-6.085024679,8.000332349,-0.0008031827626,-0.005566072479,-0.0001008183193,0,,,,,,,,1,28.61423561,77.21023589,2.274996159,,
11.05,-0.6230994908,-6.19952915,8.018418346,-0.001736587526,-0.003772015617,-0.005764060189,0,,,,,,,,1,28.61423567,77.21023611,2.249996253,,
11.06,-0.5673672182,-6.057390776,7.951945559,-0.003132478199,-0.001266343805,0.003114452927,0,,,,,,,,1,28.61423573,77.21023633,2.224996344,,
11.07,-0.5603377738,-6.120677602,7.927205104,0.002410832036,-0.001485636238,-0.003117431584,0,,,,,,,,1,28.61423579,77.21023655,2.199996433,,
11.08,-0.5632418148,-6.108110525,8.105051825,-0.0002475301798,0.0005963275097,0.002432221571,0,,,,,,,,1,28.61423585,77.21023677,2.17499652,,
11.09,-0.5592442661,-6.114757304,7.925538084,0.003866723545,-0.003204881107,0.002023898258,0,,,,,,,,1,28.61423591,77.21023698,2.149996605,,
11.1,-0.5554262809,-6.175648072,7.93104175,0.002731945139,0.00246558439,0.0006407637925,0,,,,,,,,1,28.61423597,77.21023719,2.124996688,0.4411728084,-2.595182657
11.11,-0.587192192,-6.18423536,8.022173952,-0.0001555314904,-0.002616682738,-0.002896538469,0,,,,,,,,1,28.61423602,77.2102374,2.099996769,,
11.12,-0.5136870456,-6.2072914,8.040455885,-0.001178792493,-0.005553089378,0.001418130067,0,,,,,,,,1,28.61423608,77.2102376,2.074996847,,
11.13,-0.5229177069,-6.145555878,7.91674257,0.003065172763,-0.003032277542,-0.001270399702,0,,,,,,,,1,28.61423613,77.21023781,2.049996924,,
11.14,-0.5402971669,-6.109312516,7.904589441,4.270095258e-06,0.0004058603016,0.001091058884,0,,,,,,,,1,28.61423619,77.21023801,2.024996999,,
11.15,-0.6282153829,-6.066353764,7.930087255,0.001325934335,-0.003369764357,-0.0003350722943,0,,,,,,,,1,28.61423624,77.21023821,1.999997073,,
11.16,-0.529302922,-6.162145985,7.944056539,0.00494346154,-0.003901133073,-0.00147221266,0,,,,,,,,1,28.6142363,77.2102384,1.974997144,,
11.17,-0.4905136096,-6.168684454,8.059203536,0.002596410862,-0.005452278754,0.00243117257,0,,,,,,,,1,28.61423635,77.21023859,1.949997214,,
11.18,-0.5102139785,-6.021480174,7.976885415,0.004588809419,-0.0002688323461,0.005087724155,0,,,,,,,,1,28.6142364,77.21023879,1.924997282,,
11.19,-0.5493098396,-6.131474899,7.996114673,0.0005942134687,0.0004957804217,-0.005682289248,0,,,,,,,,1,28.61423645,77.21023897,1.899997348,,
11.2,-0.4619334934,-6.186312019,8.078524232,-0.003188642999,0.001213509158,-0.005880822612,0,,,,,,,,1,28.6142365,77.21023916,1.874997413,0.4276621938,-2.647391081
11.21,-0.5284090933,-6.146886761,7.955978754,3.766038851e-05,-0.00177730253,-0.001155496529,0,,,,,,,,1,28.61423655,77.21023934,1.849997476,,
11.22,-0.4936772803,-6.09313979,8.014822455,0.00656219042,-0.006293670625,-0.002922234877,0,,,,,,,,1,28.6142366,77.21023952,1.824997537,,
11.23,-0.5295507176,-6.059107093,8.000143902,-0.003173738413,-0.001066645843,0.002065725353,0,,,,,,,,1,28.61423665,77.2102397,1.799997597,,
11.24,-0.5653285331,-6.104063926,7.990146522,-0.004579964172,-0.005503547752,0.0004075505373,0,,,,,,,,1,28.6142367,77.21023988,1.774997656,,
11.25,-0.5327316832,-6.064983753,7.98996454,-0.003108287147,-0.002659612858,-0.006662053099,0,,,,,,,,1,28.61423674,77.21024005,1.749997713,,
11.26,-0.6033950377,-6.199926811,7.931915204,0.002774534736,0.002044382477,0.0002213130806,0,,,,,,,,1,28.61423679,77.21024022,1.724997769,,
11.27,-0.6048909561,-6.156132895,7.955426805,0.002073045584,-0.005201349498,0.00123052826,0,,,,,,,,1,28.61423684,77.21024039,1.699997823,,
11.28,-0.4579880917,-6.093574624,8.0431332,0.004533889938,-0.008414857986,-0.0006912373821,0,,,,,,,,1,28.61423688,77.21024056,1.674997876,,
11.29,-0.5408617962,-6.140395957,7.889781526,0.002552247487,-0.00149805165,0.001968123153,0,,,,,,,,1,28.61423693,77.21024072,1.649997928,,
11.3,-0.5669541618,-6.09138667,7.928030632,-0.003444650465,0.0003435774206,0.006556239362,0,,,,,,,,1,28.61423697,77.21024088,1.624997979,0.4312346578,-2.673292875
11.31,-0.4882499212,-6.087484003,7.977209297,0.001861037984,-0.002154410155,0.0005722260097,0,,,,,,,,1,28.61423701,77.21024104,1.599998028,,
11.32,-0.5468793146,-6.058469242,7.958193804,0.003449948177,0.0006421910315,-0.00131659926,0,,,,,,,,1,28.61423706,77.2102412,1.574998076,,
11.33,-0.5638279405,-6.146138831,7.905760181,-0.00255790251,-0.002756921796,0.001123148073,0,,,,,,,,1,28.6142371,77.21024135,1.549998123,,
11.34,-0.5668104618,-6.186105424,8.032624653,0.002921626103,-0.003746346475,-0.003307348417,0,,,,,,,,1,28.61423714,77.21024151,1.524998169,,
11.35,-0.5459067205,-6.210643437,8.038533901,-0.0003260291334,0.001428497962,-0.003521039166,0,,,,,,,,1,28.61423718,77.21024166,1.499998213,,
11.36,-0.569517183,-6.153750459,7.953133769,-1.35275346e-06,0.0004039773282,0.008098065384,0,,,,,,,,1,28.61423722,77.2102418,1.474998257,,
11.37,-0.6071635842,-6.147074383,8.004189514,0.002190868454,-0.01038642849,-0.0005189776694,0,,,,,,,,1,28.61423726,77.21024195,1.4499983,,
11.38,-0.6136355302,-6.141324713,7.940852449,-0.0001715267031,-0.0001638370794,0.002406992049,0,,,,,,,,1,28.6142373,77.21024209,1.424998341,,
11.39,-0.5197768217,-6.131100844,7.854405835,0.002868072592,-0.006264441799,0.002639949361,0,,,,,,,,1,28.61423733,77.21024223,1.399998381,,
11.4,-0.5251103996,-6.097253552,7.920479022,0.003365045848,0.003570477262,0.001856498255,0,,,,,,,,1,28.61423737,77.21024237,1.374998421,0.3928955197,-2.809659243
11.41,-0.5740719354,-6.143650835,7.956105813,-0.0035356456,0.0009001016671,0.004363593608,0,,,,,,,,1,28.61423741,77.2102425,1.349998459,,
11.42,-0.5842807449,-6.043585209,7.94980383,-0.003568028558,-0.002003980743,-0.003691604842,0,,,,,,,,1,28.61423744,77.21024263,1.324998497,,
11.43,-0.5587111713,-6.132804628,7.974114639,0.00526432108,0.001562473645,-4.440881987e-05,0,,,,,,,,1,28.61423748,77.21024276,1.299998534,,
11.44,-0.4544456939,-6.089012288,8.070138088,-0.008535460012,-0.001100008151,-0.002044698591,0,,,,,,,,1,28.61423751,77.21024289,1.274998569,,
11.45,-0.5754742561,-6.075014607,7.990362161,0.000200568661,-6.998276582e-05,-0.004620528187,0,,,,,,,,1,28.61423755,77.21024301,1.249998604,,
11.46,-0.5180454083,-6.211722629,7.951129763,0.005475186244,-0.003714352716,0.001601110947,0,,,,,,,,1,28.61423758,77.21024314,1.224998638,,
11.47,-0.5505085122,-6.152082352,7.993192172,-0.00334851669,-0.0003675713569,-0.003008739623,0,,,,,,,,1,28.61423761,77.21024326,1.199998672,,
11.48,-0.5201615724,-6.09353279,7.992953938,-0.008834213244,0.005560144545,0.0006601579974,0,,,,,,,,1,28.61423765,77.21024337,1.174998704,,
11.49,-0.6028648911,-6.100889664,7.926363168,-0.0002712473018,-0.00504818195,-0.005492364508,0,,,,,,,,1,28.61423768,77.21024349,1.149998736,,
11.5,-0.4952106901,-6.182200631,8.017578164,-0.003246648284,4.481311254e-05,0.001902096315,0,,,,,,,,1,28.61423771,77.2102436,1.124998766,0.4314798415,-2.520900965
11.51,-0.6720047611,-6.060568678,7.979418447,0.0004403007357,-0.007182287061,-0.002835265501,0,,,,,,,,1,28.61423774,77.21024371,1.099998797,,
11.52,-0.5239739434,-6.150613898,7.957241513,-0.00498475502,-0.00310418501,-0.0002213246374,0,,,,,,,,1,28.61423777,77.21024382,1.074998826,,
11.53,-0.5794826647,-6.086987056,7.96288066,-0.003055145863,-0.004608151582,0.00217677209,0,,,,,,,,1,28.61423779,77.21024392,1.049998855,,
11.54,-0.5621221804,-6.161432629,7.89965878,-0.007786122958,-0.0001596713067,0.002104169593,0,,,,,,,,1,28.61423782,77.21024403,1.024998882,,
11.55,-0.6456990874,-6.153660687,7.880693556,0.001886843524,-0.005473788891,-0.004465587664,0,,,,,,,,1,28.61423785,77.21024413,0.9999989097,,
11.56,-0.5787900252,-6.184311636,7.911533034,-0.002594813668,-0.003823319947,0.0002152647594,0,,,,,,,,1,28.61423788,77.21024422,0.9756086924,,
11.57,-0.6839926472,-6.218154884,7.907648638,-0.001956479761,-0.007860579217,-0.002316703928,0,,,,,,,,1,28.6142379,77.21024432,0.9518133585,,
11.58,-0.7658911625,-6.160882152,7.844055226,0.000176396137,-0.002914286208,0.002199422952,0,,,,,,,,1,28.61423793,77.21024441,0.9285983985,,
11.59,-0.7923249413,-6.133264783,7.83806598,0.001488856225,-0.005172476655,0.0008108782593,0,,,,,,,,1,28.61423795,77.2102445,0.9059496571,,
11.6,-0.8473625095,-6.074650035,7.805727972,0.003486188486,-0.003755706905,0.0003573357689,0,,,,,,,,1,28.61423798,77.21024459,0.883853324,0.38093853,-2.808363914
11.61,-0.8705492459,-6.19297512,7.794013825,-0.002138588945,-0.006361137657,0.003741769435,0,,,,,,,,1,28.614238,77.21024468,0.8622959258,,
11.62,-0.9893841501,-6.137288503,7.837620419,-0.0009033219262,-0.004783731681,-0.006184191776,0,,,,,,,,1,28.61423802,77.21024476,0.8412643179,,
11.63,-1.014751027,-6.146266923,7.758620956,0.0009668991682,0.0003639663503,-0.002298789805,0,,,,,,,,1,28.61423805,77.21024485,0.820745676,,
11.64,-1.014435846,-6.271336161,7.633946485,0.002658807117,0.001561844641,0.005102858097,0,,,,,,,,1,28.61423807,77.21024493,0.8007274888,,
11.65,-1.0444406,-6.129748832,7.736579907,-0.005671659913,-0.006318543222,0.002943908962,0,,,,,,,,1,28.61423809,77.210245,0.78119755,,
11.66,-1.007896331,-6.268614151,7.621353379,-0.001791358832,-0.004157012285,0.005114540332,0,,,,,,,,1,28.61423811,77.21024508,0.7621439512,,
11.67,-1.14895655,-6.154107733,7.588140619,-0.008589307141,-0.003545695454,0.003132682029,0,,,,,,,,1,28.61423813,77.21024516,0.7435550744,,
11.68,-1.20670387,-6.206092818,7.606457578,-0.003720618073,-0.0007985836833,-0.0001894843693,0,,,,,,,,1,28.61423815,77.21024523,0.7254195848,,
11.69,-1.263460093,-6.193237965,7.484366112,0.0008462473837,-0.002573092542,0.006689088671,0,,,,,,,,1,28.61423817,77.2102453,0.7077264242,,
11.7,-1.256489606,-6.255550547,7.535082117,0.0009022375356,-0.0004136748385,-0.0003645163885,0,,,,,,,,1,28.61423819,77.21024537,0.6904648041,0.281514883,-3.228532076
11.71,-1.279055246,-6.23675909,7.490576387,0.001151736587,-0.002760434099,-0.000576755214,0,,,,,,,,1,28.61423821,77.21024544,0.6736241991,,
11.72,-1.288029419,-6.28876181,7.508710898,-0.0007465575771,-0.005468279481,-0.0006004336961,0,,,,,,,,1,28.61423822,77.2102455,0.6571943406,,
11.73,-1.380419491,-6.275244623,7.492021541,-4.351627721e-05,0.002700871417,0.0007936650103,0,,,,,,,,1,28.61423824,77.21024557,0.6411652103,,
11.74,-1.377603137,-6.324958325,7.479344284,-0.006803555186,-0.003496771465,-0.003465368409,0,,,,,,,,1,28.61423826,77.21024563,0.6255270344,,
11.75,-1.406613871,-6.201084622,7.491162046,0.002208854633,-0.0004234175877,-0.001195107005,0,,,,,,,,1,28.61423827,77.21024569,0.6102702775,,
11.76,-1.453324621,-6.2483535,7.48531191,-0.002942228365,0.002157510967,-0.0005390308469,0,,,,,,,,1,28.61423829,77.21024575,0.5953856366,,
11.77,-1.477537227,-6.310982038,7.528799733,-0.002410460376,-0.007835121307,0.003667143959,0,,,,,,,,1,28.61423831,77.21024581,0.5808640357,,
11.78,-1.491704681,-6.273180923,7.366499909,-0.0009128660195,-0.003699515918,0.006436119637,0,,,,,,,,1,28.61423832,77.21024587,0.5666966202,,
11.79,-1.528059923,-6.380589785,7.401207794,0.002824533715,-0.005019879721,-0.002756580449,0,,,,,,,,1,28.61423834,77.21024592,0.5528747514,,
11.8,-1.520913875,-6.371946554,7.332601344,-0.0009918770763,-0.008873248605,-0.003591424755,0,,,,,,,,1,28.61423835,77.21024597,0.5393900014,0.2660841644,-3.460614681
11.81,-1.582478399,-6.279418436,7.368232724,0.0002444912219,-0.004851762062,0.007147887294,0,,,,,,,,1,28.61423837,77.21024603,0.5262341477,,
11.82,-1.660059326,-6.354132668,7.339657574,-0.00114646801,-0.001016746579,0.004569418683,0,,,,,,,,1,28.61423838,77.21024608,0.5133991685,,
11.83,-1.626825402,-6.35292273,7.293830712,-0.004630829437,-0.005027501014,0.004916266296,0,,,,,,,,1,28.61423839,77.21024613,0.5008772375,,
11.84,-1.648604423,-6.301484516,7.317291327,0.003990419948,-0.007037318261,-0.0009073315937,0,,,,,,,,1,28.61423841,77.21024618,0.4886607195,,
11.85,-1.710085519,-6.429724618,7.309522428,-0.003887007033,-0.002997356608,-0.00178991767,0,,,,,,,,1,28.61423842,77.21024623,0.4767421654,,
11.86,-1.704088809,-6.358117686,7.229090869,0.001399445953,-0.001709180466,0.0022976746,0,,,,,,,,1,28.61423843,77.21024627,0.4651143077,,
11.87,-1.743626168,-6.236185678,7.191482686,-0.001382237508,-0.00727003519,-0.002292981884,0,,,,,,,,1,28.61423845,77.21024632,0.4537700563,,
11.88,-1.803286312,-6.33150969,7.194626977,0.002974480462,-0.002000261671,-0.005253085161,0,,,,,,,,1,28.61423846,77.21024636,0.442702494,,
11.89,-1.809120791,-6.34065003,7.225809145,-0.0002282863773,-0.005495525712,-0.002218957289,0,,,,,,,,1,28.61423847,77.21024641,0.4319048722,,
11.9,-1.818884693,-6.357311944,7.189718828,-0.000119336987,-0.0004867944615,-0.003229118069,0,,,,,,,,1,28.61423848,77.21024645,0.421370607,0.2500681579,-3.651511669
11.91,-1.777248021,-6.39847021,7.179225585,-0.0009444491752,-0.005862568447,-0.001049869768,0,,,,,,,,1,28.61423849,77.21024649,0.4110932751,,
11.92,-1.857389494,-6.372640294,7.254541097,0.003753308135,-0.006034488869,-0.002507492779,0,,,,,,,,1,28.6142385,77.21024653,0.4010666099,,
11.93,-1.843626728,-6.374616744,7.174803046,-0.005469482389,-0.003079188329,0.001766734804,0,,,,,,,,1,28.61423851,77.21024657,0.3912844974,,
11.94,-1.930472312,-6.31985892,7.147701785,0.002170662751,-0.004996041432,-0.002838203395,0,,,,,,,,1,28.61423852,77.21024661,0.3817409731,,
11.95,-1.852067755,-6.439067872,7.200357643,-0.0005989183924,0.003112145991,-0.000900357273,0,,,,,,,,1,28.61423853,77.21024664,0.3724302177,,
11.96,-1.940515882,-6.435321674,7.041797007,-0.0009824971295,0.001872698956,-0.002655389669,0,,,,,,,,1,28.61423854,77.21024668,0.3633465538,,
11.97,-1.927112037,-6.335546343,7.156019552,0.002534029802,-0.006308774136,-0.000411270117,0,,,,,,,,1,28.61423855,77.21024672,0.3544844427,,
11.98,-2.036466597,-6.285521065,7.122754248,-0.001309187376,0.002557039999,-0.0004914609998,0,,,,,,,,1,28.61423856,77.21024675,0.3458384807,,
11.99,-2.014006851,-6.355562344,7.093042603,0.003571516134,0.001011789648,0.002930601188,0,,,,,,,,1,28.61423857,77.21024679,0.3374033958,,
12,-1.918588677,-6.381506462,7.109178858,-0.0007750982824,0.0009632069218,-0.0006910297101,1,28.61423397,77.21019941,4.2,0.3563338651,,35.78916718,10,1,28.61423858,77.21024682,0.3291740447,0.1747473329,-4.180688381
12.01,-2.002717816,-6.409754707,7.119134564,-0.003395910216,-0.002803147652,0.001315232644,0,,,,,,,,1,28.61423859,77.21024685,0.3211454095,,
12.02,-1.936955159,-6.329018733,7.160428437,-0.003276775104,-0.004126319875,-0.005455951697,0,,,,,,,,1,28.6142386,77.21024688,0.3133125946,,
12.03,-1.996678129,-6.390944225,7.171866144,0.001252570005,0.001232279797,-0.004138710176,0,,,,,,,,1,28.61423861,77.21024691,0.305670824,,
12.04,-2.039392718,-6.337132613,7.093537657,-0.002441366702,0.0016137761,-0.005271844885,0,,,,,,,,1,28.61423861,77.21024694,0.2982154381,,
12.05,-2.093989155,-6.456756144,7.107632707,-0.0006245571984,-0.002074588739,0.0001463825739,0,,,,,,,,1,28.61423862,77.21024697,0.2909418908,,
12.06,-2.137195669,-6.396436348,7.121381795,0.002438959085,-0.003050698735,-0.003508030046,0,,,,,,,,1,28.61423863,77.210247,0.2838457471,,
12.07,-2.073336987,-6.428714245,7.063441191,0.001831659891,-0.01116764832,-0.003907460059,0,,,,,,,,1,28.61423864,77.21024703,0.2769226801,,
12.08,-2.018589456,-6.414124046,7.106045259,-0.0008366892002,-0.01113905024,-0.004917472075,0,,,,,,,,1,28.61423865,77.21024706,0.2701684684,,
12.09,-2.092738263,-6.328178387,7.038104256,-0.001920798424,-0.002788442602,-0.002092811745,0,,,,,,,,1,28.61423865,77.21024708,0.2635789936,,
12.1,-2.076361248,-6.394356929,7.071035841,0.00191513353,-0.00505322807,0.001378471865,0,,,,,,,,1,28.61423866,77.21024711,0.2571502376,0.1321143508,-4.686011314
12.11,-2.196300915,-6.437088547,7.011821544,-0.001170905035,-6.83000305e-05,-0.003796155918,0,,,,,,,,1,28.61423867,77.21024713,0.2508782806,,
12.12,-2.159637212,-6.409140465,7.003701077,0.002028723278,-0.0006551908633,-0.002372924882,0,,,,,,,,1,28.61423867,77.21024716,0.2447592981,,
12.13,-2.141946466,-6.436448281,7.045825207,-0.00464683867,-0.002747706836,-0.0005264373098,0,,,,,,,,1,28.61423868,77.21024718,0.2387895592,,
12.14,-2.233287271,-6.41656696,6.997853209,-0.0005699600303,-0.005785261661,0.0008399287646,0,,,,,,,,1,28.61423869,77.2102472,0.2329654236,,
12.15,-2.168816065,-6.488482618,7.008929862,-0.001450831143,-0.004464726417,-0.001493410645,0,,,,,,,,1,28.61423869,77.21024723,0.2272833401,,
12.16,-2.273506858,-6.385834934,6.955952657,-0.002406536958,-0.003087727073,0.00105465823,0,,,,,,,,1,28.6142387,77.21024725,0.221739844,,
12.17,-2.139542356,-6.405027541,7.050425405,-0.001320301565,-0.0004983785163,0.002837211027,0,,,,,,,,1,28.6142387,77.21024727,0.2163315551,,
12.18,-2.205665603,-6.38308729,6.935666497,-0.001539629133,0.0002790659369,0.006671541959,0,,,,,,,,1,28.61423871,77.21024729,0.2110551757,,
12.19,-2.252841622,-6.489420875,6.993980754,-0.0007692877682,-0.0045660398,0.002941861838,0,,,,,,,,1,28.61423872,77.21024731,0.2059074885,,
12.2,-2.276089722,-6.38686995,7.004992844,-0.002593778216,-0.00438028441,0.005030533772,0,,,,,,,,1,28.61423872,77.21024733,0.2008853546,0.08983305842,-5.162839413
12.21,-2.243017588,-6.441866909,6.984613804,-0.001601975934,-0.004734338388,-0.002775952556,0,,,,,,,,1,28.61423873,77.21024735,0.1959857118,,
12.22,-2.273347245,-6.441037511,6.960288462,0.002766433064,-0.0006181906325,-0.001569160766,0,,,,,,,,1,28.61423873,77.21024737,0.1912055725,,
12.23,-2.240207406,-6.420756869,6.95412864,0.004965783552,-0.002042789807,-0.0007195334846,0,,,,,,,,1,28.61423874,77.21024739,0.186542022,,
12.24,-2.307843458,-6.484806972,6.941761387,0.0004137432109,-0.007558236879,-0.002105500129,0,,,,,,,,1,28.61423874,77.21024741,0.1819922166,,
12.25,-2.296044186,-6.406888084,6.904522461,-0.002708195795,-0.001276515077,-0.00249694318,0,,,,,,,,1,28.61423875,77.21024743,0.177553382,,
12.26,-2.348218932,-6.504926406,6.953809539,0.001675851113,-0.0006125290304,-0.001699235238,0,,,,,,,,1,28.61423875,77.21024744,0.1732228117,,
12.27,-2.370942853,-6.380273949,6.890825347,-0.001275417191,-0.006266086632,0.00135055957,0,,,,,,,,1,28.61423876,77.21024746,0.1689978651,,
12.28,-2.353535755,-6.455930311,6.938721911,-0.002603295959,-0.004835129232,-6.882203019e-05,0,,,,,,,,1,28.61423876,77.21024748,0.1648759659,,
12.29,-2.260340382,-6.477027954,6.885089698,0.001090244817,-0.001523036539,-0.003467718404,0,,,,,,,,1,28.61423876,77.21024749,0.1608546009,,
12.3,-2.253940753,-6.351365377,7.002533119,-0.001226427217,-0.0007614149644,-0.002725316924,0,,,,,,,,1,28.61423877,77.21024751,0.156931318,0.0749155432,-5.591404438
12.31,-2.374500389,-6.338481644,6.908389573,0.0001618053285,-0.005831086822,0.003736315008,0,,,,,,,,1,28.61423877,77.21024752,0.1531037248,,
12.32,-2.278430543,-6.487336401,6.902951623,-0.003404388249,-0.001238683957,0.0001932902025,0,,,,,,,,1,28.61423878,77.21024754,0.1493694877,,
12.33,-2.43006754,-6.437450269,6.971699214,0.0004710671183,-0.004335332323,0.004605617922,0,,,,,,,,1,28.61423878,77.21024755,0.1457263294,,
12.34,-2.339075623,-6.404329343,6.954494341,0.003774977613,-0.003910916845,0.004721075266,0,,,,,,,,1,28.61423878,77.21024757,0.1421720287,,
12.35,-2.331876314,-6.468428659,6.877358875,-0.0007924125626,-0.0002443650939,-0.001053258972,0,,,,,,,,1,28.61423879,77.21024758,0.1387044182,,
12.36,-2.390162868,-6.462914554,6.939079937,0.004200592717,-0.01037497263,-0.001343757786,0,,,,,,,,1,28.61423879,77.2102476,0.1353213837,,
12.37,-2.363935879,-6.432002523,6.921421873,-0.0006378339076,-0.0008510072759,0.002270164056,0,,,,,,,,1,28.6142388,77.21024761,0.1320208621,,
12.38,-2.383161463,-6.466349664,6.933481495,0.003106819866,-0.001584546655,2.705046622e-05,0,,,,,,,,1,28.6142388,77.21024762,0.1288008411,,
12.39,-2.377892095,-6.395764975,6.868202029,0.004550253465,0.002245000033,0.00383279186,0,,,,,,,,1,28.6142388,77.21024764,0.1256593571,,
12.4,-2.291065927,-6.405311262,6.902053274,-0.00175601459,-0.006917925618,-0.002521849654,0,,,,,,,,1,28.61423881,77.21024765,0.1225944948,0.04437885433,-6
12.41,-2.355023236,-6.506410961,6.776948664,-0.0008988859405,-0.00532709369,-0.001145273661,0,,,,,,,,1,28.61423881,77.21024766,0.1196043851,,
12.42,-2.457517846,-6.394302941,6.85872884,0.0009772568879,-0.003024786691,-0.002029959091,0,,,,,,,,1,28.61423881,77.21024767,0.116687205,,
12.43,-2.526431863,-6.489491674,6.839610112,0.004660510183,0.007701216924,-0.00681497817,0,,,,,,,,1,28.61423882,77.21024768,0.1138411756,,
12.44,-2.361288057,-6.456194625,6.93844092,-0.002480634284,-0.0002085822137,-0.004086329877,0,,,,,,,,1,28.61423882,77.21024769,0.1110645616,,
12.45,-2.461111363,-6.463776609,6.859252773,-0.002286836583,-0.0004806014422,-0.004986460819,0,,,,,,,,1,28.61423882,77.2102477,0.1083556698,,
12.46,-2.467510653,-6.605211215,6.783744609,0.002529845083,0.001445114633,-0.002812188166,0,,,,,,,,1,28.61423882,77.21024772,0.1057128486,,
12.47,-2.379887484,-6.482931312,6.893789312,-0.001410208523,-0.001421119962,0.001582482372,0,,,,,,,,1,28.61423883,77.21024773,0.1031344865,,
12.48,-2.546162785,-6.448955798,6.816462189,0.001297343262,-0.004636459077,0.003386709596,0,,,,,,,,1,28.61423883,77.21024774,0.1006190112,,
12.49,-2.586636076,-6.44569011,6.81596419,-0.001739643772,-0.003234659087,0.0007565228061,0,,,,,,,,1,28.61423883,77.21024775,0.09816488896,,
12.5,-2.497061818,-6.387118171,6.8847175,-0.0007496313016,-0.003732780099,-0.003796202101,0,,,,,,,,1,28.61423884,77.21024775,0.09577062338,0.03630957007,-6
12.51,-2.502494489,-6.387646157,6.764973615,0.002042765579,-0.00615168407,0.001228489733,0,,,,,,,,1,28.61423884,77.21024776,0.09343475452,,
12.52,-2.501429099,-6.521406917,6.799498967,-7.631898829e-05,-0.003536080278,-0.000486145463,0,,,,,,,,1,28.61423884,77.21024777,0.09115585806,,
12.53,-2.442123459,-6.437028294,6.897920725,-0.007450826361,0.001161931296,-0.001733896325,0,,,,,,,,1,28.61423884,77.21024778,0.08893254445,,
12.54,-2.435084492,-6.450453869,6.796690245,0.0001407439836,0.0007516649485,0.00129600577,0,,,,,,,,1,28.61423885,77.21024779,0.086763458,,
12.55,-2.490641833,-6.490223874,6.815827648,-0.008568215176,-0.004614432037,-5.575907869e-05,0,,,,,,,,1,28.61423885,77.2102478,0.0846472761,,
12.56,-2.510135386,-6.430074694,6.794862346,0.003415707405,-0.0003718728166,0.003364495554,0,,,,,,,,1,28.61423885,77.21024781,0.08258270839,,
12.57,-2.447108522,-6.432476583,6.831335317,-0.001656123829,-0.001691473376,0.003387847834,0,,,,,,,,1,28.61423885,77.21024782,0.08056849599,,
12.58,-2.471514235,-6.512746322,6.889338657,0.0005933255037,-0.008687464594,-0.0001433761234,0,,,,,,,,1,28.61423885,77.21024782,0.07860341072,,
12.59,-2.486781636,-6.445450919,6.831307038,0.006133920901,0.0004991898191,0.001865065882,0,,,,,,,,1,28.61423886,77.21024783,0.07668625436,,
12.6,-2.503476303,-6.515639464,6.746414782,0.003072294306,-0.002262582929,-0.0009047130699,0,,,,,,,,1,28.61423886,77.21024784,0.07481585792,0.0376714766,-6
12.61,-2.538970973,-6.410412767,6.781535262,-0.003834217713,0.0009197298576,-0.004892056061,0,,,,,,,,1,28.61423886,77.21024785,0.07299108089,,
12.62,-2.551622389,-6.463961648,6.726727717,0.000114778579,-0.002249881541,-0.002967430139,0,,,,,,,,1,28.61423886,77.21024785,0.07121081063,,
12.63,-2.516136976,-6.447804706,6.873718733,-0.0002803965887,-0.006026714365,0.0006604562959,0,,,,,,,,1,28.61423886,77.21024786,0.06947396159,,
12.64,-2.518000061,-6.443867492,6.780881533,-0.002395556876,-0.009803635161,-0.00158567747,0,,,,,,,,1,28.61423887,77.21024787,0.06777947472,,
12.65,-2.566615751,-6.572854934,6.888913833,0.0009433351896,-0.005164806848,-0.002961484588,0,,,,,,,,1,28.61423887,77.21024787,0.0661263168,,
12.66,-2.56089069,-6.513415153,6.788130152,-0.003065339789,-0.0002947598615,0.001982702748,0,,,,,,,,1,28.61423887,77.21024788,0.0645134798,,
12.67,-2.519955429,-6.464640334,6.827766654,-0.004369216841,-0.001090117514,-0.00535141939,0,,,,,,,,1,28.61423887,77.21024789,0.0629399803,,
12.68,-2.498528719,-6.353814782,6.748383526,0.001822309746,-0.003384186675,-0.003635485185,0,,,,,,,,1,28.61423887,77.21024789,0.06140485883,,
12.69,-2.491140337,-6.563599699,6.837656025,0.0007491694091,-0.001222786488,0.002611557496,0,,,,,,,,1,28.61423887,77.2102479,0.05990717934,,
12.7,-2.514091414,-6.430386219,6.756562956,0.004807239056,-0.000845000147,-0.002270835172,0,,,,,,,,1,28.61423888,77.2102479,0.05844602863,0.02629603446,-6
12.71,-2.565748703,-6.434939082,6.661728193,0.001857106431,-0.009096896588,0.0004298224197,0,,,,,,,,1,28.61423888,77.21024791,0.05702051573,,
12.72,-2.577297818,-6.489354946,6.723173195,-0.00353475221,0.000205964055,-0.005317065737,0,,,,,,,,1,28.61423888,77.21024792,0.05562977145,,
12.73,-2.525721448,-6.500337339,6.848268047,0.003896446029,-0.002577009243,0.001234910441,0,,,,,,,,1,28.61423888,77.21024792,0.05427294775,,
12.74,-2.537541292,-6.470852079,6.818763309,0.002620377749,-0.001206784323,0.00228938964,0,,,,,,,,1,28.61423888,77.21024793,0.05294921732,,
12.75,-2.554211372,-6.522232769,6.684280526,0.003575511199,0.003341910522,0.002917332191,0,,,,,,,,1,28.61423888,77.21024793,0.051657773,,
12.76,-2.532121375,-6.469440129,6.74565453,-0.001179067492,-0.003477906779,0.006169687418,0,,,,,,,,1,28.61423888,77.21024794,0.05039782731,,
12.77,-2.575869773,-6.527088347,6.775464953,-0.0001080579631,-0.0002135079812,-0.001003012271,0,,,,,,,,1,28.61423889,77.21024794,0.04916861201,,
12.78,-2.576894462,-6.502395973,6.725464821,0.001806735735,-0.006986912508,-0.001557227464,0,,,,,,,,1,28.61423889,77.21024795,0.04796937757,,
12.79,-2.573680393,-6.554860603,6.730226739,0.003368048485,-0.001745689098,-0.00517736511,0,,,,,,,,1,28.61423889,77.21024795,0.04679939275,,
12.8,-2.547411415,-6.480214707,6.808512218,0.002444629866,-0.001313732898,0.0005391398435,0,,,,,,,,1,28.61423889,77.21024796,0.04565794415,0.01887433231,-6
12.81,-2.511452298,-6.452172375,6.829969373,-0.000344261702,-0.003384249471,-0.003343017241,0,,,,,,,,1,28.61423889,77.21024796,0.04454433576,,
12.82,-2.549142294,-6.472148729,6.773329887,-0.001519314041,0.002903792909,-0.003544371487,0,,,,,,,,1,28.61423889,77.21024796,0.04345788854,,
12.83,-2.53657312,-6.436538621,6.722576479,-0.003389536695,-0.001809919348,-0.001832115628,0,,,,,,,,1,28.61423889,77.21024797,0.04239794004,,
12.84,-2.563807852,-6.441449562,6.775135591,-0.003966470561,-0.008002101859,-0.001460054651,0,,,,,,,,1,28.61423889,77.21024797,0.04136384394,,
12.85,-2.675619445,-6.485918112,6.677829303,-0.002806178187,-0.006352408155,0.002336229993,0,,,,,,,,1,28.6142389,77.21024798,0.0403549697,,
12.86,-2.569934284,-6.530864698,6.808319965,-0.0003602304451,0.00117401846,0.006399057754,0,,,,,,,,1,28.6142389,77.21024798,0.03937070215,,
12.87,-2.636330395,-6.428265797,6.835639558,0.0006405513866,-0.003364057035,-0.001723828254,0,,,,,,,,1,28.6142389,77.21024799,0.03841044112,,
12.88,-2.640328683,-6.46245085,6.828282914,0.001088338523,-0.003342032144,-0.005254854607,0,,,,,,,,1,28.6142389,77.21024799,0.03747360109,,
12.89,-2.640560927,-6.584938112,6.78041927,0.001165487895,-0.001482998367,0.005181195384,0,,,,,,,,1,28.6142389,77.21024799,0.03655961082,,
12.9,-2.616699097,-6.491168896,6.792861946,0.001407420601,-0.001819971417,-0.005125029125,0,,,,,,,,1,28.6142389,77.210248,0.035667913,0.008526823483,-6
12.91,-2.688261384,-6.430099611,6.738301696,-0.003102649439,0.001051586968,-0.0027853672,0,,,,,,,,1,28.6142389,77.210248,0.0347979639,,
12.92,-2.603729905,-6.403127488,6.796707759,0.004691465063,-0.002462437526,0.001057542602,0,,,,,,,,1,28.6142389,77.210248,0.03394923307,,
12.93,-2.596373725,-6.573364842,6.836810716,-0.001694942172,0.001444974997,0.002120298144,0,,,,,,,,1,28.6142389,77.21024801,0.033121203,,
12.94,-2.639761203,-6.454866184,6.753278747,0.0002229186096,-0.0087546369,0.002538060783,0,,,,,,,,1,28.6142389,77.21024801,0.03231336878,,
12.95,-2.547443164,-6.549602058,6.747947385,0.001946317379,-0.005648575168,-0.001158566086,0,,,,,,,,1,28.61423891,77.21024801,0.03152523783,,
12.96,-2.606111714,-6.517708385,6.648645566,0.002012256315,0.001652578814,-0.001943717388,0,,,,,,,,1,28.61423891,77.21024802,0.03075632959,,
12.97,-2.558087796,-6.453406242,6.719548525,-0.007247601818,0.000388691463,-0.002828460107,0,,,,,,,,1,28.61423891,77.21024802,0.03000617521,,
12.98,-2.604132783,-6.453087443,6.792663409,-0.001644191185,0.002959989838,0.0003230499941,0,,,,,,,,1,28.61423891,77.21024802,0.02927431728,,
12.99,-2.537230268,-6.479162035,6.746434482,-0.002633873128,-0.001050573595,0.003993082126,0,,,,,,,,1,28.61423891,77.21024802,0.02856030954,,
13,-2.664233545,-6.486436298,6.746535199,-0.005482220148,0.0009211239405,0.002063595022,0,,,,,,,,0,28.61423891,77.21024803,0.02786371663,0.004725360777,-6
13.01,-2.551349529,-6.550984823,6.745208319,-0.001112703383,-0.003270093452,-0.004193096539,0,,,,,,,,0,28.61423891,77.21024803,0.02718411378,,
13.02,-2.561358449,-6.431523537,6.737507749,0.005266207408,-0.007636536509,0.001613275217,0,,,,,,,,0,28.61423891,77.21024803,0.02652108662,,
13.03,-2.572681041,-6.548141922,6.8411925,-0.003968423319,-0.005325675164,0.003109444492,0,,,,,,,,0,28.61423891,77.21024804,0.02587423084,,
13.04,-2.658355387,-6.457023912,6.740527274,2.181645933e-05,-0.004084904009,0.002437735831,0,,,,,,,,0,28.61423891,77.21024804,0.02524315204,,
13.05,-2.716273919,-6.525281238,6.852685951,-0.0005964585789,-0.0006074329503,-0.008997885814,0,,,,,,,,0,28.61423891,77.21024804,0.02462746541,,
13.06,-2.608084617,-6.558655635,6.689295195,0.004032339577,-0.0055032985,-0.003633026088,0,,,,,,,,0,28.61423891,77.21024804,0.02402679552,,
13.07,-2.602708614,-6.489069437,6.759586973,0.005759630723,0.002286183553,0.002294266382,0,,,,,,,,0,28.61423891,77.21024805,0.02344077612,,
13.08,-2.631058862,-6.474705653,6.763887752,-0.001967628498,-0.004498690639,-0.002213201192,0,,,,,,,,0,28.61423891,77.21024805,0.02286904987,,
13.09,-2.631283624,-6.592897746,6.734144223,0.002070737929,-0.008387139871,-0.001100051201,0,,,,,,,,0,28.61423892,77.21024805,0.02231126817,,
13.1,-2.614530277,-6.444842604,6.828236897,-0.005268996924,-0.002252361415,9.328448946e-05,0,,,,,,,,0,28.61423892,77.21024805,0.02176709089,0.00364473043,-6
13.11,-2.61501362,-6.410155814,6.756521493,-0.003443947367,-0.001954948687,-0.0007172258765,0,,,,,,,,0,28.61423892,77.21024805,0.02123618624,,
13.12,-2.557299776,-6.475253698,6.78255595,-0.001328118419,0.004031974462,0.003115538603,0,,,,,,,,0,28.61423892,77.21024806,0.02071823048,,
13.13,-2.687926669,-6.515182841,6.800779711,0.001207363283,-0.003250364497,-0.002134917298,0,,,,,,,,0,28.61423892,77.21024806,0.02021290778,,
13.14,-2.578144696,-6.454758029,6.730159759,-0.0003701072907,-0.002144550056,-0.003634689009,0,,,,,,,,0,28.61423892,77.21024806,0.01971991003,,
13.15,-2.667085344,-6.521002375,6.733753664,-0.002763546571,-0.003930277819,-0.002359528454,0,,,,,,,,0,28.61423892,77.21024806,0.01923893662,,
13.16,-2.615277248,-6.535788204,6.738930066,0.0008652069843,-0.002226872772,-0.0006470082508,0,,,,,,,,0,28.61423892,77.21024806,0.01876969426,,
13.17,-2.659844386,-6.630574387,6.67775066,0.003092510286,0.0003072957098,-0.001873704684,0,,,,,,,,0,28.61423892,77.21024807,0.01831189684,,
13.18,-2.632126336,-6.513193206,6.766949327,0.002625996302,-0.007486424809,0.003641929745,0,,,,,,,,0,28.61423892,77.21024807,0.01786526521,,
13.19,-2.76905336,-6.474454882,6.70601177,-0.001109825802,-0.003138189493,0.002763245832,0,,,,,,,,0,28.61423892,77.21024807,0.01742952703,,
13.2,-2.650524243,-6.564739472,6.772062712,-0.003710597377,-0.002930060524,0.006948938319,0,,,,,,,,0,28.61423892,77.21024807,0.01700441662,0.003519651946,-6
13.21,-2.651732646,-6.446398754,6.679929759,0.00246261913,-0.007985404816,-0.001333947891,0,,,,,,,,0,28.61423892,77.21024807,0.01658967475,,
13.22,-2.624578145,-6.457999865,6.80615275,-0.007055587632,-0.003970972226,0.002420403303,0,,,,,,,,0,28.61423892,77.21024807,0.01618504853,,
13.23,-2.581847241,-6.46979977,6.760197137,-0.002593341719,-0.001666087498,0.003061561582,0,,,,,,,,0,28.61423892,77.21024808,0.01579029125,,
13.24,-2.68788836,-6.562074402,6.833388704,-0.002280269237,-0.004673519996,-0.004992528789,0,,,,,,,,0,28.61423892,77.21024808,0.0154051622,,
13.25,-2.565948193,-6.51433682,6.661305402,-0.0004101452349,0.0004522815094,0.002208024936,0,,,,,,,,0,28.61423892,77.21024808,0.01502942654,,
13.26,-2.578614759,-6.450907249,6.722425088,0.0007691345091,-0.0031974009,-0.002736007237,0,,,,,,,,0,28.61423892,77.21024808,0.01466285516,,
13.27,-2.633382697,-6.497465191,6.788166168,0.003411296835,-0.005269987321,-0.003441454876,0,,,,,,,,0,28.61423892,77.21024808,0.01430522454,,
13.28,-2.64496483,-6.431195134,6.768453558,-0.00163567603,-0.003222859774,0.004516775111,0,,,,,,,,0,28.61423892,77.21024808,0.01395631663,,
13.29,-2.589082235,-6.525517542,6.764245856,-0.001149522972,-0.0002727856125,-0.002287201498,0,,,,,,,,0,28.61423892,77.21024808,0.01361591866,,
13.3,-2.746963359,-6.446610632,6.650199313,0.00263736754,-0.00892027492,-0.002180390099,0,,,,,,,,0,28.61423893,77.21024809,0.01328382308,0.003291904693,-6
13.31,-2.631088595,-6.493657226,6.793007908,0.002480307558,-0.003692012769,0.0003832090593,0,,,,,,,,0,28.61423893,77.21024809,0.0129598274,,
13.32,-2.655992819,-6.425310899,6.791527916,-2.487537e-05,-0.001161464531,0.0005027972675,0,,,,,,,,0,28.61423893,77.21024809,0.01264373405,,
13.33,-2.666505523,-6.464612783,6.767893802,-0.002557939807,-0.00136211384,0.0001343904118,0,,,,,,,,0,28.61423893,77.21024809,0.01233535029,,
13.34,-2.622497338,-6.579321144,6.744298277,0.001133936899,-0.005454851472,-0.00436509895,0,,,,,,,,0,28.61423893,77.21024809,0.01203448809,,
13.35,-2.647880076,-6.5213901,6.664585432,0.00201262639,-0.007347890218,0.006132243956,0,,,,,,,,0,28.61423893,77.21024809,0.01174096399,,
13.36,-2.625831207,-6.474482775,6.671886588,4.27284423e-05,-0.002955995761,-0.00197346843,0,,,,,,,,0,28.61423893,77.21024809,0.01145459901,,
13.37,-2.70746413,-6.497706293,6.756179091,-0.001817358388,-0.001602784414,0.003330785544,0,,,,,,,,0,28.61423893,77.21024809,0.01117521855,,
13.38,-2.653299576,-6.548487669,6.720600971,0.003738181616,-0.001305162344,-0.002790637925,0,,,,,,,,0,28.61423893,77.2102481,0.01090265224,,
13.39,-2.643451525,-6.533513196,6.695023308,0.001301659272,0.00235899997,0.005749326585,0,,,,,,,,0,28.61423893,77.2102481,0.0106367339,,
13.4,-2.601701066,-6.433310798,6.795357091,0.0008146340882,-0.003016188815,-0.0005431637269,0,,,,,,,,0,28.61423893,77.2102481,0.01037730136,0.004591161385,-6
13.41,-2.607168608,-6.475303065,6.774991605,-0.000720966656,-0.000343343418,0.001772884633,0,,,,,,,,0,28.61423893,77.2102481,0.01012419645,,
13.42,-2.625537412,-6.507826694,6.800404074,-0.001298216299,-0.002588435954,0.00147151331,0,,,,,,,,0,28.61423893,77.2102481,0.00987726483,,
13.43,-2.611540127,-6.530596512,6.710700366,0.007388816995,-0.004966401021,0.002887918767,0,,,,,,,,0,28.61423893,77.2102481,0.009636355931,,
13.44,-2.650087895,-6.472315686,6.664308888,-0.001227462363,-0.004316372563,-0.004403050439,0,,,,,,,,0,28.61423893,77.2102481,0.00940132286,,
13.45,-2.674434364,-6.460271254,6.738907656,0.001271217211,-0.002791927341,-0.001126860484,0,,,,,,,,0,28.61423893,77.2102481,0.009172022302,,
13.46,-2.573473213,-6.47016041,6.628763775,-0.006835831705,-0.0001650827947,0.002163471662,0,,,,,,,,0,28.61423893,77.2102481,0.008948314441,,
13.47,-2.779790067,-6.395208656,6.708186228,-0.00581519628,-0.001897809653,0.002286979034,0,,,,,,,,0,28.61423893,77.2102481,0.008730062869,,
13.48,-2.725381334,-6.488745148,6.710937784,-0.00032368533,-0.00283671444,-0.002904992161,0,,,,,,,,0,28.61423893,77.21024811,0.008517134507,,
13.49,-2.633521765,-6.462727669,6.715852146,0.001715069704,-0.001433443828,-0.0006173094403,0,,,,,,,,0,28.61423893,77.21024811,0.008309399519,,
13.5,-2.548872026,-6.512587457,6.713590845,-0.003462463295,0.003425337432,0.004479186261,0,,,,,,,,0,28.61423893,77.21024811,0.008106731238,0.003855416086,-6
13.51,-2.723571848,-6.478592272,6.725928532,-0.003079013749,-0.004086665344,0.00126574021,0,,,,,,,,0,28.61423893,77.21024811,0.007909006086,,
13.52,-2.635528081,-6.468728789,6.744751639,-0.004215022758,-0.004076937304,0.0007621035136,0,,,,,,,,0,28.61423893,77.21024811,0.007716103498,,
13.53,-2.599553744,-6.548234766,6.64962087,-0.001298552072,-0.006568708428,-0.002233566125,0,,,,,,,,0,28.61423893,77.21024811,0.007527905852,,
13.54,-2.718053728,-6.501150565,6.855879663,-0.004512343959,-0.001354947627,-0.001795615407,0,,,,,,,,0,28.61423893,77.21024811,0.007344298392,,
13.55,-2.65071293,-6.443650049,6.769702329,-0.006229135575,-0.001581719452,0.001534226237,0,,,,,,,,0,28.61423893,77.21024811,0.007165169163,,
13.56,-2.674266522,-6.48300419,6.784953029,-0.003132618611,-0.004795623995,0.001722660191,0,,,,,,,,0,28.61423893,77.21024811,0.00699040894,,
13.57,-2.711937644,-6.546171816,6.79629283,-0.0004760300928,0.001101141269,-0.004670394606,0,,,,,,,,0,28.61423893,77.21024811,0.006819911161,,
13.58,-2.659473512,-6.494425571,6.719443134,0.004794657081,-0.0007030499869,-0.008301317323,0,,,,,,,,0,28.61423893,77.21024811,0.006653571864,,
13.59,-2.729041714,-6.469776689,6.699996318,-0.002111264762,-0.001348546673,-0.002000722718,0,,,,,,,,0,28.61423893,77.21024811,0.006491289623,,
13.6,-2.688693857,-6.417424627,6.812435134,-0.002833794135,-0.005470704828,-0.003308257438,0,,,,,,,,0,28.61423893,77.21024811,0.006332965486,0.005102824885,-6
13.61,-2.684534822,-6.558247517,6.745416782,0.0008869942515,-0.004451946449,-0.003989024549,0,,,,,,,,0,28.61423893,77.21024811,0.006178502913,,
13.62,-2.712319416,-6.483146353,6.669823619,0.00335905166,-0.01230113638,-0.001560724462,0,,,,,,,,0,28.61423893,77.21024812,0.00602780772,,
13.63,-2.634701047,-6.509884835,6.794630106,-0.0005906393542,-0.004081627425,-0.002481855567,0,,,,,,,,0,28.61423893,77.21024812,0.00588078802,,
13.64,-2.593732866,-6.395059451,6.730222482,-0.001247800045,-0.002221818393,-0.002013123024,0,,,,,,,,0,28.61423893,77.21024812,0.005737354166,,
13.65,-2.702126526,-6.521590999,6.706228707,-0.001861597824,-0.002492526275,0.001813472206,0,,,,,,,,0,28.61423893,77.21024812,0.005597418698,,
13.66,-2.698059507,-6.481990551,6.748403824,-0.0005097348279,-0.005755286985,-0.001914538379,0,,,,,,,,0,28.61423893,77.21024812,0.005460896291,,
13.67,-2.680573564,-6.537625838,6.752420149,0.0005829033775,-0.004500515234,0.003475026321,0,,,,,,,,0,28.61423893,77.21024812,0.005327703699,,
13.68,-2.729077146,-6.504091801,6.668075709,-0.0003541974442,-0.0005556777059,0.004440140068,0,,,,,,,,0,28.61423893,77.21024812,0.005197759706,,
13.69,-2.675779017,-6.436848729,6.710016547,-0.0007209141156,-0.004397335259,-0.003171799259,0,,,,,,,,0,28.61423893,77.21024812,0.005070985079,,
13.7,-2.648791682,-6.477648898,6.781612046,0.002112925739,-0.004216453735,0.003546092079,0,,,,,,,,0,28.61423893,77.21024812,0.004947302516,0.005933053792,-6
13.71,-2.693597549,-6.496728806,6.657624624,-0.002311336094,-0.001763854706,-0.0008237491694,0,,,,,,,,0,28.61423893,77.21024812,0.004826636601,,
13.72,-2.632447115,-6.489357425,6.730073137,-0.000730715785,-0.003020736468,-7.337379126e-05,0,,,,,,,,0,28.61423893,77.21024812,0.004708913757,,
13.73,-2.670586892,-6.556263188,6.821235231,0.002225048861,-0.001671070225,-0.003247900181,0,,,,,,,,0,28.61423893,77.21024812,0.004594062202,,
13.74,-2.719942966,-6.521400835,6.702387544,0.002522746504,-0.003692913893,0.0005624331924,0,,,,,,,,0,28.61423893,77.21024812,0.004482011904,,
13.75,-2.647124254,-6.602465415,6.825783149,0.0009466869941,0.003400958466,0.005615900151,0,,,,,,,,0,28.61423893,77.21024812,0.004372694541,,
13.76,-2.696685022,-6.511251097,6.713613707,0.001726272883,-0.006359979429,-0.004439274337,0,,,,,,,,0,28.61423894,77.21024812,0.004266043455,,
13.77,-2.682222999,-6.418483845,6.838938321,-0.0011182861,-0.001034805414,-0.004292995098,0,,,,,,,,0,28.61423894,77.21024812,0.004161993614,,
13.78,-2.601260851,-6.6205115,6.745281259,0.001697592734,0.00243493036,-0.00470240427,0,,,,,,,,0,28.61423894,77.21024812,0.004060481575,,
13.79,-2.616674087,-6.543940007,6.802891715,-5.001141878e-06,0.001950840355,-0.001874409489,0,,,,,,,,0,28.61423894,77.21024812,0.003961445439,,
13.8,-2.624066438,-6.55763321,6.697901483,-0.002608640091,-0.002814658194,0.00145898437,0,,,,,,,,0,28.61423894,77.21024812,0.003864824818,0.004981605802,-6
13.81,-2.683537269,-6.572381958,6.661812823,0.0006664049858,-0.003367451831,-0.001377806351,0,,,,,,,,0,28.61423894,77.21024812,0.003770560798,,
13.82,-2.614344648,-6.39889204,6.790890437,0.0004185561926,0.001430153085,-0.001038105324,0,,,,,,,,0,28.61423894,77.21024812,0.003678595901,,
13.83,-2.619069439,-6.386951116,6.819358917,0.005866359206,-0.001274322539,-0.001450489447,0,,,,,,,,0,28.61423894,77.21024812,0.00358887405,,
13.84,-2.638869066,-6.503514923,6.776411321,-0.0009109901764,-0.0007066589784,-0.007122024913,0,,,,,,,,0,28.61423894,77.21024813,0.003501340536,,
13.85,-2.753118326,-6.5487927,6.697647013,0.00326223411,-0.002707392913,0.0004913386004,0,,,,,,,,0,28.61423894,77.21024813,0.003415941987,,
13.86,-2.67645639,-6.382760336,6.728828796,0.002882316818,-0.003968816507,-0.002249912652,0,,,,,,,,0,28.61423894,77.21024813,0.003332626328,,
13.87,-2.720642751,-6.492669105,6.652626094,-0.0002344309203,0.002635747824,0.006139455862,0,,,,,,,,0,28.61423894,77.21024813,0.003251342759,,
13.88,-2.624487681,-6.363218906,6.801308185,0.001498705025,-0.001989747675,0.0005095229068,0,,,,,,,,0,28.61423894,77.21024813,0.003172041716,,
13.89,-2.584763998,-6.511304625,6.707517137,0.000245838001,-0.00141847988,0.0004935174548,0,,,,,,,,0,28.61423894,77.21024813,0.003094674845,,
13.9,-2.626498677,-6.529382014,6.637474572,-0.002123626898,-0.01128238171,0.0004442841084,0,,,,,,,,0,28.61423894,77.21024813,0.003019194971,0.005323875695,-6
13.91,-2.623121512,-6.521913442,6.659725368,-0.003999827992,-0.005174121747,0.001449034083,0,,,,,,,,0,28.61423894,77.21024813,0.002945556069,,
13.92,-2.682061218,-6.446899235,6.715299341,0.00550704118,0.0007853441423,-0.002053031312,0,,,,,,,,0,28.61423894,77.21024813,0.002873713238,,
13.93,-2.682021325,-6.54104368,6.665255792,0.0009006002805,-0.003853778468,0.002452900008,0,,,,,,,,0,28.61423894,77.21024813,0.002803622672,,
13.94,-2.622264263,-6.49882604,6.737262572,0.001513146136,0.003974817392,0.004715102438,0,,,,,,,,0,28.61423894,77.21024813,0.002735241631,,
13.95,-2.664114491,-6.50729117,6.672376908,0.0019720362,0.00481208572,-0.002996005707,0,,,,,,,,0,28.61423894,77.21024813,0.00266852842,,
13.96,-2.691430249,-6.46782267,6.743028935,-0.001167775287,-0.003280816466,-0.003024302782,0,,,,,,,,0,28.61423894,77.21024813,0.002603442361,,
13.97,-2.647968426,-6.461657578,6.852544013,-0.004646014755,-0.0009679797593,-0.001973133965,0,,,,,,,,0,28.61423894,77.21024813,0.002539943767,,
13.98,-2.692207924,-6.448110979,6.640987532,-0.003675532551,0.001544094486,-0.006167838385,0,,,,,,,,0,28.61423894,77.21024813,0.002477993919,,
13.99,-2.641035044,-6.511549319,6.684464047,-0.002119420894,-0.004538173894,-0.001274714182,0,,,,,,,,0,28.61423894,77.21024813,0.002417555043,,
14,-2.665596771,-6.514650425,6.631640696,0.004195935183,0.002863027888,-0.0002224542242,0,,,,,,,,0,28.61423894,77.21024813,0.002358590286,0.006041123997,-6
14.01,-2.664393808,-6.508044012,6.764878582,-0.0005543997017,-0.0008721043215,0.001531104592,0,,,,,,,,0,28.61423894,77.21024813,0.002301063694,,
14.02,-2.640923323,-6.438024644,6.697722041,0.002353108743,-0.002399478188,0.001741372487,0,,,,,,,,0,28.61423894,77.21024813,0.002244940189,,
14.03,-2.564371098,-6.469921482,6.74552991,-0.001725482925,-0.002377042019,0.004243401851,0,,,,,,,,0,28.61423894,77.21024813,0.00219018555,,
14.04,-2.661943499,-6.518129624,6.758952744,-0.002347961506,0.0005239184297,-0.002645734721,0,,,,,,,,0,28.61423894,77.21024813,0.00213676639,,
14.05,-2.61700505,-6.407129087,6.771349541,0.002657644462,-0.005999687475,0.0002463817655,0,,,,,,,,0,28.61423894,77.21024813,0.002084650137,,
14.06,-2.659617624,-6.48465597,6.719992059,0.001929992068,-0.004300905623,0.002471671309,0,,,,,,,,0,28.61423894,77.21024813,0.002033805012,,
14.07,-2.678929042,-6.487346091,6.834338112,0.002282222066,9.670994722e-05,0.005183475549,0,,,,,,,,0,28.61423894,77.21024813,0.001984200011,,
14.08,-2.718197517,-6.511837363,6.716835238,0.004202950156,-0.0004421729948,-0.0002726909156,0,,,,,,,,0,28.61423894,77.21024813,0.001935804889,,
14.09,-2.727554581,-6.420818183,6.6823654,-0.00467044224,-0.00103673218,0.002349630904,0,,,,,,,,0,28.61423894,77.21024813,0.001888590136,,
14.1,-2.61324896,-6.393484868,6.704197104,-3.415866337e-05,-0.002072312584,-0.004088935538,0,,,,,,,,0,28.61423894,77.21024813,0.001842526962,0.01072499994,-6
14.11,-2.650966401,-6.566969778,6.73042144,0.001280190106,-0.004193636109,-0.00567972835,0,,,,,,,,0,28.61423894,77.21024813,0.00179758728,,
14.12,-2.717943579,-6.474396871,6.649372452,0.0004543792387,-0.004220207925,-0.008225564158,0,,,,,,,,0,28.61423894,77.21024813,0.001753743687,,
14.13,-2.69162541,-6.535405652,6.721396026,-0.00152568936,-0.00850152703,-0.001796728397,0,,,,,,,,0,28.61423894,77.21024813,0.001710969451,,
14.14,-2.621946942,-6.457519829,6.697123774,-0.0004121520967,-0.002307464925,0.003123033294,0,,,,,,,,0,28.61423894,77.21024813,0.001669238489,,
14.15,-2.605500837,-6.480377016,6.759246359,0.003588679693,0.001649397116,-0.002185712618,0,,,,,,,,0,28.61423894,77.21024813,0.001628525355,,
14.16,-2.62812378,-6.411591421,6.710126743,-0.003177131483,0.001644536714,-0.001185612404,0,,,,,,,,0,28.61423894,77.21024813,0.001588805224,,
14.17,-2.754126905,-6.481263987,6.68513741,0.0003443683791,-0.002520044923,-0.002029983234,0,,,,,,,,0,28.61423894,77.21024813,0.001550053878,,
14.18,-2.724096837,-6.555682639,6.785723191,0.003012677861,-0.004980630536,-0.004210126301,0,,,,,,,,0,28.61423894,77.21024813,0.001512247685,,
14.19,-2.643116805,-6.582647517,6.660118876,0.005054505183,-0.005681371408,0.003357325455,0,,,,,,,,0,28.61423894,77.21024813,0.001475363596,,
14.2,-2.731825006,-6.511738985,6.780085629,0.002893585485,-0.00772260201,0.004989413252,0,,,,,,,,0,28.61423894,77.21024813,0.001439379118,0.01333344076,-6
14.21,-2.692564892,-6.455596756,6.745207884,-0.0001416464797,-0.002872118299,0.0002832335968,0,,,,,,,,0,28.61423894,77.21024813,0.00140427231,,
14.22,-2.656829961,-6.453172716,6.703132956,-4.948462188e-06,-0.002905892825,0.00337288348,0,,,,,,,,0,28.61423894,77.21024813,0.001370021766,,
14.23,-2.713123679,-6.542078399,6.727897525,-0.0003531613846,-0.0003814245965,0.002028754019,0,,,,,,,,0,28.61423894,77.21024813,0.001336606601,,
14.24,-2.649315033,-6.564761704,6.679639511,-0.0002733519354,-0.002947852825,0.001725257338,0,,,,,,,,0,28.61423894,77.21024813,0.00130400644,,
14.25,-2.731970026,-6.486351406,6.763423612,-0.001772574276,-0.002085978914,0.0006786736934,0,,,,,,,,0,28.61423894,77.21024813,0.001272201405,,
14.26,-2.741912559,-6.431796871,6.696849397,-0.0004823489185,0.004583392178,-0.002195505247,0,,,,,,,,0,28.61423894,77.21024813,0.001241172102,,
14.27,-2.671959044,-6.519061023,6.745856231,-0.001440084801,0.001970921272,0.001563139596,0,,,,,,,,0,28.61423894,77.21024813,0.001210899612,,
14.28,-2.679864134,-6.507184837,6.744025963,-0.003743953961,-0.001782720692,-0.001045129195,0,,,,,,,,0,28.61423894,77.21024813,0.001181365475,,
14.29,-2.653700282,-6.50656353,6.688238223,-0.004837125389,-0.002621257604,-0.0003911091322,0,,,,,,,,0,28.61423894,77.21024813,0.001152551683,,
14.3,-2.681203231,-6.460535521,6.703326932,-0.000798357603,-0.001463059925,0.0002628498576,0,,,,,,,,0,28.61423894,77.21024813,0.001124440666,0.008605893701,-6
14.31,-2.728256559,-6.502243715,6.782215909,0.001259209847,-0.004618941145,-0.004956581411,0,,,,,,,,0,28.61423894,77.21024813,0.001097015284,,
14.32,-2.621622004,-6.562813682,6.744850512,-0.0003036628106,-0.002118944771,-0.0006175714644,0,,,,,,,,0,28.61423894,77.21024813,0.001070258814,,
14.33,-2.604430032,-6.462078603,6.628269585,-0.001486229971,-0.0005032402512,-0.001257189959,0,,,,,,,,0,28.61423894,77.21024814,0.00104415494,,
14.34,-2.711566824,-6.554575819,6.773218932,0.0006400048474,0.0003650736866,-0.00116941322,0,,,,,,,,0,28.61423894,77.21024814,0.001018687747,,
14.35,-2.671551813,-6.524267127,6.785454238,0.0004399898592,-0.0008517908869,0.001493123903,0,,,,,,,,0,28.61423894,77.21024814,0.0009938417039,,
14.36,-2.658352853,-6.487528543,6.787834703,0.001374990203,-0.005500236344,0.003379789368,0,,,,,,,,0,28.61423894,77.21024814,0.0009696016624,,
14.37,-2.587638387,-6.523912584,6.645819025,0.002835482059,-0.007936895281,-0.001170192909,0,,,,,,,,0,28.61423894,77.21024814,0.0009459528413,,
14.38,-2.733605382,-6.497813795,6.722500699,0.002948555587,-0.008419449361,0.002345222429,0,,,,,,,,0,28.61423894,77.21024814,0.0009228808208,,
14.39,-2.674302597,-6.44564685,6.715585994,0.003779454479,-0.007790404336,0.0009137486376,0,,,,,,,,0,28.61423894,77.21024814,0.0009003715325,,
14.4,-2.72087055,-6.439653357,6.642982226,0.001465753859,0.002591268804,0.001593482607,0,,,,,,,,0,28.61423894,77.21024814,0.0008784112512,0.005389446393,-6
14.41,-2.762015206,-6.447671141,6.787682679,0.0009840485516,-0.001611489523,-0.0004054797005,0,,,,,,,,0,28.61423894,77.21024814,0.0008569865866,,
14.42,-2.603680501,-6.541521436,6.75453025,0.002806568451,0.001910942316,0.003578732289,0,,,,,,,,0,28.61423894,77.21024814,0.0008360844747,,
14.43,-2.656395721,-6.433185837,6.782528286,0.0005307398191,-0.005503147618,-0.002902295229,0,,,,,,,,0,28.61423894,77.21024814,0.0008156921704,,
14.44,-2.680013454,-6.522896428,6.676169918,0.004395070406,-0.0023412178,0.005356728942,0,,,,,,,,0,28.61423894,77.21024814,0.0007957972394,,
14.45,-2.67755964,-6.537066763,6.756750182,-0.003144076092,-0.009953274623,-0.004121467142,0,,,,,,,,0,28.61423894,77.21024814,0.0007763875507,,
14.46,-2.617918611,-6.377098894,6.762736032,0.004749777451,-0.008995809602,-0.0001172815868,0,,,,,,,,0,28.61423894,77.21024814,0.000757451269,,
14.47,-2.663557374,-6.499162524,6.769587219,0.004194222882,-0.002373627784,-0.001127091328,0,,,,,,,,0,28.61423894,77.21024814,0.0007389768478,,
14.48,-2.732905855,-6.527106683,6.736145331,0.0008210897411,-0.001264685204,-0.003674435459,0,,,,,,,,0,28.61423894,77.21024814,0.0007209530222,,
14.49,-2.669996006,-6.545858541,6.800424887,-0.0005363998095,0.001435897582,-0.004575305348,0,,,,,,,,0,28.61423894,77.21024814,0.0007033688022,,
14.5,-2.644741907,-6.475034203,6.765308413,0.0009349068271,-0.0001950870245,-0.005450643266,0,,,,,,,,0,28.61423894,77.21024814,0.0006862134655,0.009642454796,-6
14.51,-2.644834376,-6.464124326,6.811685494,0.004392568336,0.0002083599235,-0.001313169071,0,,,,,,,,0,28.61423894,77.21024814,0.0006694765517,,
14.52,-2.688760432,-6.474471375,6.697766689,-0.0006771849443,-0.001677561682,-0.006169463039,0,,,,,,,,0,28.61423894,77.21024814,0.0006531478553,,
14.53,-2.618876401,-6.442669343,6.634258021,0.0017898334,-0.005435989191,0.00376951236,0,,,,,,,,0,28.61423894,77.21024814,0.0006372174198,,
14.54,-2.656934436,-6.489850774,6.771297583,0.00348689571,0.001453405632,0.001295109175,0,,,,,,,,0,28.61423894,77.21024814,0.0006216755316,,
14.55,-2.681871309,-6.461302251,6.69828899,-0.005926601934,-0.0001056116725,0.003444471339,0,,,,,,,,0,28.61423894,77.21024814,0.0006065127137,,
14.56,-2.687448584,-6.57566133,6.727308198,-0.004940668633,-0.005199940565,-0.002275512325,0,,,,,,,,0,28.61423894,77.21024814,0.0005917197207,,
14.57,-2.660982615,-6.540389036,6.773014934,0.002442434347,-0.0006205211667,-6.168096775e-05,0,,,,,,,,0,28.61423894,77.21024814,0.0005772875324,,
14.58,-2.59684817,-6.457152658,6.713723828,-0.001063504763,0.0001755623235,0.002407706959,0,,,,,,,,0,28.61423894,77.21024814,0.0005632073487,,
14.59,-2.647732329,-6.445742376,6.728212904,-0.001775062253,0.002609559758,-0.002769184287,0,,,,,,,,0,28.61423894,77.21024814,0.0005494705841,,
14.6,-2.649908892,-6.516868965,6.7379342,0.001569986988,-0.002602111186,0.002258907024,0,,,,,,,,0,28.61423894,77.21024814,0.0005360688625,0.006284238305,-6
14.61,-2.60812527,-6.518280795,6.737149032,-0.001044988817,-0.00299729696,0.002975700693,0,,,,,,,,0,28.61423894,77.21024814,0.0005229940122,,
14.62,-2.702156699,-6.548837502,6.722069182,-0.002804132677,-0.002993593677,0.0001026621833,0,,,,,,,,0,28.61423894,77.21024814,0.0005102380607,,
14.63,-2.687631703,-6.486382801,6.752562308,0.0006454690518,-0.0005795770308,-0.003257667092,0,,,,,,,,0,28.61423894,77.21024814,0.0004977932299,,
14.64,-2.723087726,-6.500264815,6.742603833,-0.001020011313,-0.00146176242,0.001091556143,0,,,,,,,,0,28.61423894,77.21024814,0.0004856519316,,
14.65,-2.665437047,-6.430179103,6.614065213,0.004188533607,-0.001576073809,0.0004753285952,0,,,,,,,,0,28.61423894,77.21024814,0.0004738067626,,
14.66,-2.605145933,-6.435298998,6.740794678,-0.001882877665,-0.001115894582,0.003044585871,0,,,,,,,,0,28.61423894,77.21024814,0.0004622505001,,
14.67,-2.781164777,-6.44293133,6.701038919,0.00354756555,-0.006689337429,0.001822008551,0,,,,,,,,0,28.61423894,77.21024814,0.0004509760976,,
14.68,-2.587855081,-6.46045812,6.679771003,-0.001269842258,-0.008058085433,-0.002125973073,0,,,,,,,,0,28.61423894,77.21024814,0.0004399766806,,
14.69,-2.711598018,-6.502517291,6.786264021,0.003734725773,8.513729368e-05,-0.003034258811,0,,,,,,,,0,28.61423894,77.21024814,0.0004292455421,,
14.7,-2.647318534,-6.524841914,6.645045207,-0.003612273669,0.003839833421,0.001532303666,0,,,,,,,,0,28.61423894,77.21024814,0.0004187761386,0.004408284556,-6
14.71,-2.708949663,-6.477718855,6.719532967,0.003545527868,-0.003264800844,-0.0006257870172,0,,,,,,,,0,28.61423894,77.21024814,0.0004085620864,,
14.72,-2.745894813,-6.490067777,6.732308241,0.001880480522,-0.001586057457,-0.00442523555,0,,,,,,,,0,28.61423894,77.21024814,0.0003985971575,,
14.73,-2.671994094,-6.499637163,6.718269516,-0.001318008773,-0.0005909493127,0.000921051349,0,,,,,,,,0,28.61423894,77.21024814,0.0003888752756,,
14.74,-2.636989849,-6.483346303,6.642241937,0.0001769691434,-0.004596637813,-0.008480573083,0,,,,,,,,0,28.61423894,77.21024814,0.0003793905128,,
14.75,-2.709004749,-6.537355229,6.778393893,0.006534496872,-0.00130079392,-0.001385282184,0,,,,,,,,0,28.61423894,77.21024814,0.0003701370857,,
14.76,-2.734438052,-6.438992088,6.619833387,0.001268264421,-0.005168324933,0.007722740893,0,,,,,,,,0,28.61423894,77.21024814,0.0003611093519,,
14.77,-2.609935026,-6.476227874,6.662569199,0.0002347242695,-0.003333456988,0.002508377667,0,,,,,,,,0,28.61423894,77.21024814,0.0003523018067,,
14.78,-2.614834275,-6.543460853,6.706432752,-0.00158756383,-0.007432664259,-0.0007349255503,0,,,,,,,,0,28.61423894,77.21024814,0.0003437090797,,
14.79,-2.728789112,-6.486925608,6.752094615,-0.002716384304,-0.004029771687,0.005563650841,0,,,,,,,,0,28.61423894,77.21024814,0.0003353259314,,
14.8,-2.617281376,-6.508788308,6.681261496,-0.000182476515,0.0005096553968,-0.00113773819,0,,,,,,,,0,28.61423894,77.21024814,0.0003271472502,0.004797732923,-6
14.81,-2.671931206,-6.520537392,6.784895696,-0.002302907001,0.006953437572,0.001928825466,0,,,,,,,,0,28.61423894,77.21024814,0.0003191680489,,
14.82,-2.647146287,-6.58383729,6.789539482,-0.003261604809,-0.006549400894,-0.002640225849,0,,,,,,,,0,28.61423894,77.21024814,0.0003113834624,,
14.83,-2.694026207,-6.558494262,6.697919422,-0.002106244464,0.000518669502,-0.002213018341,0,,,,,,,,0,28.61423894,77.21024814,0.0003037887438,,
14.84,-2.747907414,-6.48069403,6.625944011,0.002741972109,0.000633867356,0.0008925965182,0,,,,,,,,0,28.61423894,77.21024814,0.0002963792622,,
14.85,-2.716336249,-6.559425644,6.783919466,0.001717810659,-0.003669443583,0.00308409705,0,,,,,,,,0,28.61423894,77.21024814,0.0002891504997,,
14.86,-2.647126672,-6.539466806,6.764058165,-0.003489285371,-0.004376642834,0.002316761901,0,,,,,,,,0,28.61423894,77.21024814,0.0002820980485,,
14.87,-2.592528317,-6.450120802,6.761782939,0.0002429308367,-0.003928080356,0.00489419579,0,,,,,,,,0,28.61423894,77.21024814,0.0002752176083,,
14.88,-2.658869954,-6.536476491,6.70203006,0.0001234556138,0.002736779686,-0.003432318497,0,,,,,,,,0,28.61423894,77.21024814,0.0002685049837,,
14.89,-2.683143552,-6.460644006,6.729977131,-0.0002682822877,-0.0007390065551,0.00154141735,0,,,,,,,,0,28.61423894,77.21024814,0.0002619560817,,
14.9,-2.631541043,-6.426325228,6.65946509,0.002436461893,-0.00127666191,-0.0007526098583,0,,,,,,,,0,28.61423894,77.21024814,0.000255566909,0.003686657408,-6
14.91,-2.663993827,-6.550623544,6.607614072,-0.000146927823,0.002283566282,0.001980991302,0,,,,,,,,0,28.61423894,77.21024814,0.0002493335697,,
14.92,-2.634296792,-6.49185751,6.68075087,-0.004935190172,-0.003857654488,2.129515314e-05,0,,,,,,,,0,28.61423894,77.21024814,0.0002432522631,,
14.93,-2.647484752,-6.600968062,6.853706689,0.0006526853038,-0.003991427144,-0.0003248416262,0,,,,,,,,0,28.61423894,77.21024814,0.0002373192811,,
14.94,-2.631358235,-6.530056767,6.728526381,0.0001569128365,-0.005437408046,-0.0005611626739,0,,,,,,,,0,28.61423894,77.21024814,0.000231531006,,
14.95,-2.694781843,-6.602137715,6.706501326,0.004874947879,-0.006174619769,-0.001784424849,0,,,,,,,,0,28.61423894,77.21024814,0.0002258839082,,
14.96,-2.684289704,-6.56909366,6.762538335,0.0008739760797,-0.002330139368,0.0002811720761,0,,,,,,,,0,28.61423894,77.21024814,0.0002203745446,,
14.97,-2.610211402,-6.479939099,6.813821,-0.0002226069939,0.001266915616,-0.003981802691,0,,,,,,,,0,28.61423894,77.21024814,0.0002149995557,,
14.98,-2.646103894,-6.53849987,6.819994488,8.120434717e-06,-0.0006277982178,0.001985073877,0,,,,,,,,0,28.61423894,77.21024814,0.0002097556641,,
14.99,-2.649106137,-6.476175865,6.687242068,-0.002152788328,-0.002133621698,4.299198281e-05,0,,,,,,,,0,28.61423894,77.21024814,0.0002046396723,,
15,-2.738107639,-6.499894956,6.706186696,-0.006129219978,-0.001898271438,0.002054251028,0,,,,,,,,0,28.61423894,77.21024814,0.0001996484608,0.005569535773,-6
15.01,-2.645904616,-6.545221867,6.656924846,-0.002703579028,-0.00153216333,0.003406247896,0,,,,,,,,0,28.61423894,77.21024814,0.0001947789862,,
15.02,-2.721887467,-6.523667186,6.668073017,-0.002634255724,-0.002163345252,-0.004039893617,0,,,,,,,,0,28.61423894,77.21024814,0.0001900282792,,
15.03,-2.62765598,-6.492342555,6.665138914,0.0008680388924,0.002890145533,-2.874217728e-05,0,,,,,,,,0,28.61423894,77.21024814,0.0001853934431,,
15.04,-2.66345097,-6.538230136,6.769218706,-0.0001392598638,-0.01094489112,0.001310229219,0,,,,,,,,0,28.61423894,77.21024814,0.0001808716518,,
15.05,-2.657314472,-6.547564677,6.698116309,-0.0002755509178,-0.004652034269,-0.002035114377,0,,,,,,,,0,28.61423894,77.21024814,0.0001764601481,,
15.06,-2.651122925,-6.558447247,6.713306531,0.003780058448,-3.401469227e-05,0.001826288134,0,,,,,,,,0,28.61423894,77.21024814,0.000172156242,,
15.07,-2.600098403,-6.49841791,6.717311946,0.002259534449,-0.001377665728,0.0005624446199,0,,,,,,,,0,28.61423894,77.21024814,0.0001679573093,,
15.08,-2.66247031,-6.499190869,6.728067516,-0.0005763722882,-0.0007374773961,-0.0002360599535,0,,,,,,,,0,28.61423894,77.21024814,0.0001638607896,,
15.09,-2.79300478,-6.560315287,6.65616672,0.001078993548,-0.002260928995,-0.001085247527,0,,,,,,,,0,28.61423894,77.21024814,0.000159864185,,
15.1,-2.730399876,-6.558045406,6.817369501,0.0004018910511,-0.004571036952,0.001102302411,0,,,,,,,,0,28.61423894,77.21024814,0.0001559650585,0.004938665777,-6
15.11,-2.660647429,-6.493672054,6.694927884,0.003114629509,-0.00646438175,5.183666079e-05,0,,,,,,,,0,28.61423894,77.21024814,0.0001521610327,,
15.12,-2.712296155,-6.505622497,6.745602888,-0.001370460424,2.611440732e-05,-0.004160851266,0,,,,,,,,0,28.61423894,77.21024814,0.000148449788,,
15.13,-2.678921794,-6.430869693,6.754099384,-0.005139416883,-0.002188509554,0.006188457569,0,,,,,,,,0,28.61423894,77.21024814,0.0001448290614,,
15.14,-2.792607596,-6.374760104,6.671980979,-0.003816699774,0.002073509949,-0.002873791666,0,,,,,,,,0,28.61423894,77.21024814,0.0001412966453,,
15.15,-2.660759464,-6.460551596,6.672890999,0.001781666982,-0.005877368282,-0.002393911643,0,,,,,,,,0,28.61423894,77.21024814,0.0001378503857,,
15.16,-2.726766481,-6.42458047,6.667636141,0.0005823692993,-0.001568015277,-0.001014246721,0,,,,,,,,0,28.61423894,77.21024814,0.0001344881811,,
15.17,-2.553164652,-6.437980827,6.720015659,-0.005762958575,-0.001452120398,0.00414947338,0,,,,,,,,0,28.61423894,77.21024814,0.0001312079816,,
15.18,-2.60739583,-6.427792423,6.716277277,-0.00446660892,0.0007678473309,-0.0007266374198,0,,,,,,,,0,28.61423894,77.21024814,0.0001280077869,,
15.19,-2.756800217,-6.445668278,6.760715137,-0.003430584974,-0.001805158306,0.005879923815,0,,,,,,,,0,28.61423894,77.21024814,0.0001248856458,,
15.2,-2.762446324,-6.429663549,6.691710981,-0.0008195012727,-0.002356431481,-0.00445549977,0,,,,,,,,0,28.61423894,77.21024814,0.0001218396544,0.002978177276,-6
15.21,-2.732758248,-6.544156315,6.778457408,0.00261148441,0.0006571306252,0.001664537294,0,,,,,,,,0,28.61423894,77.21024814,0.0001188679555,,
15.22,-2.583733938,-6.43012873,6.733974078,0.0015933116,0.002160099624,-0.001060011768,0,,,,,,,,0,28.61423894,77.21024814,0.0001159687371,,
15.23,-2.683181117,-6.468461408,6.713834245,0.0009172522821,-0.008248633669,0.004858988048,0,,,,,,,,0,28.61423894,77.21024814,0.0001131402313,,
15.24,-2.670461917,-6.507240767,6.724199831,-0.001830189385,0.002170935014,0.004441180948,0,,,,,,,,0,28.61423894,77.21024814,0.0001103807135,,
15.25,-2.737076456,-6.550650064,6.715514197,0.002982240634,-0.006225749894,-0.005224350949,0,,,,,,,,0,28.61423894,77.21024814,0.000107688501,,
15.26,-2.631522049,-6.531408614,6.801125877,0.001472801907,0.003439497165,0.0004478812953,0,,,,,,,,0,28.61423894,77.21024814,0.0001050619522,,
15.27,-2.588553753,-6.565604685,6.7238618,0.005025117199,-0.00360512572,-0.00205282215,0,,,,,,,,0,28.61423894,77.21024814,0.0001024994655,,
15.28,-2.647321108,-6.533934862,6.839055941,0.002638246108,0.001041929555,0.004686459142,0,,,,,,,,0,28.61423894,77.21024814,9.999947855e-05,,
15.29,-2.788159448,-6.502783831,6.72173794,0.004263948802,-0.004350187628,0.0002095841016,0,,,,,,,,0,28.61423894,77.21024814,9.756046688e-05,,
15.3,-2.700509828,-6.527576046,6.655192292,-0.005117802041,-0.002422086187,-0.00468083247,0,,,,,,,,0,28.61423894,77.21024814,9.51809433e-05,0.004060596228,-6
15.31,-2.667213798,-6.432932305,6.657213957,0.005177186534,-0.003952200926,-0.002574917027,0,,,,,,,,0,28.61423894,77.21024814,9.285945688e-05,,
15.32,-2.665529745,-6.450592926,6.793025386,0.00281106482,-0.001946776606,4.221156664e-05,0,,,,,,,,0,28.61423894,77.21024814,9.059459207e-05,,
15.33,-2.69151317,-6.450769696,6.629452236,-0.001893767611,-0.0005697432553,0.00471781122,0,,,,,,,,0,28.61423894,77.21024814,8.838496788e-05,,
15.34,-2.61635918,-6.567245539,6.767770999,-0.0007968359018,-0.0007119540788,0.00143911092,0,,,,,,,,0,28.61423894,77.21024814,8.622923695e-05,,
15.35,-2.613679003,-6.501052787,6.699015279,0.002989780648,-0.003462157233,0.003633566273,0,,,,,,,,0,28.61423894,77.21024814,8.412608483e-05,,
15.36,-2.661295316,-6.495752293,6.707904544,0.001660147216,0.003606204591,-0.0006249138155,0,,,,,,,,0,28.61423894,77.21024814,8.20742291e-05,,
15.37,-2.68289915,-6.525850384,6.784407796,-0.001812379793,-0.001661802132,0.001524004601,0,,,,,,,,0,28.61423894,77.21024814,8.007241864e-05,,
15.38,-2.65692291,-6.51940775,6.776159398,-0.0004447005912,-0.0006378861015,0.0005412250434,0,,,,,,,,0,28.61423894,77.21024814,7.811943282e-05,,
15.39,-2.685522846,-6.508392246,6.729322507,0.004431110414,0.0002285322089,-0.001464415039,0,,,,,,,,0,28.61423894,77.21024814,7.62140808e-05,,
15.4,-2.683804345,-6.457632055,6.752648878,-0.002846890882,-0.001579639893,4.764160658e-05,0,,,,,,,,0,28.61423894,77.21024814,7.435520078e-05,0.007145208307,-6
15.41,-2.56178715,-6.497137611,6.834210045,-0.004271541989,0.0007398805478,0.001972448424,0,,,,,,,,0,28.61423894,77.21024814,7.25416593e-05,,
15.42,-2.721944919,-6.495485305,6.747021039,0.001366619317,1.773345341e-05,-0.004895441267,0,,,,,,,,0,28.61423894,77.21024814,7.077235053e-05,,
15.43,-2.777624484,-6.440118239,6.723412129,0.005698268765,-0.0008095530548,-0.003146870469,0,,,,,,,,0,28.61423894,77.21024814,6.904619564e-05,,
15.44,-2.738280566,-6.434953231,6.772328262,0.0008926969071,-0.006026529407,0.001021349767,0,,,,,,,,0,28.61423894,77.21024814,6.736214209e-05,,
15.45,-2.710511491,-6.485766258,6.729139978,-0.0004387529706,-0.004612363413,0.0006106035053,0,,,,,,,,0,28.61423894,77.21024814,6.571916301e-05,,
15.46,-2.703889787,-6.451387559,6.649246351,-0.003304938606,-0.00499273685,-0.002857390698,0,,,,,,,,0,28.61423894,77.21024814,6.41162566e-05,,
15.47,-2.62716777,-6.531772605,6.776699688,0.004673986781,-0.002579040898,-0.001813688877,0,,,,,,,,0,28.61423894,77.21024814,6.255244546e-05,,
15.48,-2.54871947,-6.435300097,6.668077652,-0.001120647786,-0.002583116951,-0.001748736077,0,,,,,,,,0,28.61423894,77.21024814,6.102677606e-05,,
15.49,-2.633727289,-6.514711407,6.766887015,-0.001820164167,-3.983025248e-05,0.002482967542,0,,,,,,,,0,28.61423894,77.21024814,5.953831811e-05,,
15.5,-2.587181056,-6.563985484,6.618839206,0.001040276597,-0.000772265203,0.0007690452487,0,,,,,,,,0,28.61423894,77.21024814,5.808616401e-05,0.01020570379,-6
15.51,-2.687075331,-6.515517723,6.667656097,-0.003021498021,-0.002838434916,0.004723461447,0,,,,,,,,0,28.61423894,77.21024814,5.66694283e-05,,
15.52,-2.662340157,-6.50437518,6.730492087,-0.004965023501,0.0006642839536,-0.002746632452,0,,,,,,,,0,28.61423894,77.21024814,5.528724712e-05,,
15.53,-2.667902759,-6.558160082,6.800212104,-0.000788804126,-0.002020328304,0.001451242037,0,,,,,,,,0,28.61423894,77.21024814,5.393877768e-05,,
15.54,-2.644086087,-6.531965012,6.784031965,0.006995004778,-0.0009694508473,-0.003739169579,0,,,,,,,,0,28.61423894,77.21024814,5.262319774e-05,,
15.55,-2.711862595,-6.595133497,6.731687026,-0.004516859887,-0.001945751018,-0.002400893403,0,,,,,,,,0,28.61423894,77.21024814,5.133970511e-05,,
15.56,-2.711251488,-6.558272181,6.772983801,-0.001509471678,-0.0008754538359,-0.004123429774,0,,,,,,,,0,28.61423894,77.21024814,5.008751718e-05,,
15.57,-2.681354167,-6.485986383,6.784317512,0.002149732739,-0.003261291443,-0.001787646153,0,,,,,,,,0,28.61423894,77.21024814,4.886587042e-05,,
15.58,-2.725732221,-6.463708936,6.728658498,-0.001439720485,-0.005913483732,0.004332367925,0,,,,,,,,0,28.61423894,77.21024814,4.767401992e-05,,
15.59,-2.609400062,-6.475294479,6.735782918,-0.0009470549287,-0.00549153149,-0.003468986401,0,,,,,,,,0,28.61423894,77.21024814,4.651123895e-05,,
15.6,-2.636508967,-6.506720642,6.661071898,0.001840930404,-0.002369342514,-0.001467869946,0,,,,,,,,0,28.61423894,77.21024814,4.537681849e-05,0.008210122585,-6
15.61,-2.706261873,-6.532525208,6.707926905,-0.006513154981,-0.003370971412,-0.00312038779,0,,,,,,,,0,28.61423894,77.21024814,4.427006682e-05,,
15.62,-2.67492216,-6.50199294,6.768530067,-0.003819938792,0.001578024074,0.000817888092,0,,,,,,,,0,28.61423894,77.21024814,4.319030909e-05,,
15.63,-2.694032702,-6.52462041,6.721785698,-0.001031230582,-0.002770764358,-0.005322998707,0,,,,,,,,0,28.61423894,77.21024814,4.213688692e-05,,
15.64,-2.680199519,-6.529667813,6.782805372,-0.002982723217,0.002127753242,-0.005242494111,0,,,,,,,,0,28.61423894,77.21024814,4.110915797e-05,,
15.65,-2.659460106,-6.424318954,6.749445726,-0.001928759144,-0.00313646271,0.006011379535,0,,,,,,,,0,28.61423894,77.21024814,4.010649558e-05,,
15.66,-2.680480996,-6.429953137,6.695214726,-0.00235955525,-0.002363512534,0.003331701869,0,,,,,,,,0,28.61423894,77.21024814,3.912828837e-05,,
15.67,-2.645300494,-6.427366909,6.773281796,0.003136261236,-0.003820615171,-0.0009888773638,0,,,,,,,,0,28.61423894,77.21024814,3.817393987e-05,,
15.68,-2.70628391,-6.488739835,6.735567012,0.003957854243,0.001569066784,0.003982329787,0,,,,,,,,0,28.61423894,77.21024814,3.724286817e-05,,
15.69,-2.679206697,-6.519834245,6.726698866,0.003231998132,-0.004163736632,0.0012091732,0,,,,,,,,0,28.61423894,77.21024814,3.633450553e-05,,
15.7,-2.76886909,-6.426073278,6.784131123,0.001218208964,-0.00402112984,-0.000590827561,0,,,,,,,,0,28.61423894,77.21024814,3.544829808e-05,0.004196053371,-6
15.71,-2.617975516,-6.45527548,6.668236298,-0.0005264739862,0.002542465297,-0.00046019047,0,,,,,,,,0,28.61423894,77.21024814,3.458370544e-05,,
15.72,-2.659819148,-6.336619668,6.679815412,-0.00010154459,-0.002465084858,-0.0001995862867,0,,,,,,,,0,28.61423894,77.21024814,3.374020043e-05,,
15.73,-2.59367883,-6.522772095,6.637979738,0.004398596993,-0.001077397513,0.001650150823,0,,,,,,,,0,28.61423894,77.21024814,3.291726871e-05,,
15.74,-2.682740212,-6.447682439,6.68841945,-0.0006152314909,-0.00476566791,0.005256172313,0,,,,,,,,0,28.61423894,77.21024814,3.21144085e-05,,
15.75,-2.6389042,-6.477038639,6.772907816,-0.0003581757388,-0.006196477873,0.004057736989,0,,,,,,,,0,28.61423894,77.21024814,3.133113024e-05,,
15.76,-2.685361412,-6.474470497,6.734088016,-0.002912540775,-0.0004980391387,-6.612036025e-05,0,,,,,,,,0,28.61423894,77.21024814,3.056695633e-05,,
15.77,-2.65012177,-6.474815936,6.661444056,0.001439467498,-0.003059560088,0.005032675558,0,,,,,,,,0,28.61423894,77.21024814,2.982142081e-05,,
15.78,-2.69962439,-6.452992674,6.78509542,0.006038982372,0.002433719485,0.0009830122778,0,,,,,,,,0,28.61423894,77.21024814,2.909406909e-05,,
15.79,-2.625965312,-6.451150074,6.739742028,0.002025094671,0.002243778433,-0.001723361098,0,,,,,,,,0,28.61423894,77.21024814,2.838445765e-05,,
15.8,-2.687361537,-6.435655291,6.754586475,-0.002224251667,-0.002264520281,-0.001916641428,0,,,,,,,,0,28.61423894,77.21024814,2.76921538e-05,0.01348364353,-6
15.81,-2.654922022,-6.505969753,6.737185176,0.0009560549399,-0.002286746345,0.001351992041,0,,,,,,,,0,28.61423894,77.21024814,2.701673542e-05,,
15.82,-2.735762377,-6.551908504,6.717693601,0.001901834357,-0.01082251279,0.002693155359,0,,,,,,,,0,28.61423894,77.21024814,2.635779065e-05,,
15.83,-2.751062757,-6.484482109,6.683477609,-0.004102479242,-0.0005897693205,0.0009184502938,0,,,,,,,,0,28.61423894,77.21024814,2.571491771e-05,,
15.84,-2.68425977,-6.468350764,6.670537802,0.003729376284,-0.002403345929,0.0005415291162,0,,,,,,,,0,28.61423894,77.21024814,2.508772459e-05,,
15.85,-2.644187184,-6.515664377,6.761282891,0.003516284504,0.001644388384,-0.00065183234,0,,,,,,,,0,28.61423894,77.21024814,2.447582887e-05,,
15.86,-2.616679258,-6.399493021,6.802109038,-0.005466237499,0.002502280647,-0.002223111573,0,,,,,,,,0,28.61423894,77.21024814,2.387885743e-05,,
15.87,-2.660519532,-6.572746695,6.757220908,-1.374633084e-05,-0.001861981734,5.457129684e-05,0,,,,,,,,0,28.61423894,77.21024814,2.329644628e-05,,
15.88,-2.581952768,-6.508854364,6.701852311,0.003318210863,0.0004106956257,0.001544908026,0,,,,,,,,0,28.61423894,77.21024814,2.272824027e-05,,
15.89,-2.70716573,-6.475525518,6.734440306,0.003531099725,2.400189082e-05,0.004451482004,0,,,,,,,,0,28.61423894,77.21024814,2.217389295e-05,,
15.9,-2.69518219,-6.588939862,6.695876779,-0.00256338931,-0.00541184257,0.0004520819832,0,,,,,,,,0,28.61423894,77.21024814,2.163306629e-05,0.02758733369,-6
15.91,-2.683820998,-6.472643579,6.711403039,-0.003130079695,-0.002577371916,-0.0008980169193,0,,,,,,,,0,28.61423894,77.21024814,2.110543053e-05,,
15.92,-2.665547219,-6.521028756,6.70095395,-0.001166828349,-0.007349049905,-1.275264685e-05,0,,,,,,,,0,28.61423894,77.21024814,2.059066393e-05,,
15.93,-2.659759173,-6.470282223,6.671160279,0.001751126628,-0.001788194363,-0.003060338179,0,,,,,,,,0,28.61423894,77.21024814,2.008845261e-05,,
15.94,-2.754776002,-6.474256856,6.719097821,0.003418019438,0.001984075257,-0.003026805068,0,,,,,,,,0,28.61423894,77.21024814,1.959849035e-05,,
15.95,-2.602869856,-6.457571206,6.751203108,-0.002683311996,-0.001764361639,-0.002050180346,0,,,,,,,,0,28.61423894,77.21024814,1.912047839e-05,,
15.96,-2.675334874,-6.449131814,6.742270663,4.693898932e-05,-0.009421352517,-0.004661988786,0,,,,,,,,0,28.61423894,77.21024814,1.865412526e-05,,
15.97,-2.692073028,-6.599593417,6.649599806,-0.005095006873,0.001408383771,0.0006259763373,0,,,,,,,,0,28.61423894,77.21024814,1.81991466e-05,,
15.98,-2.648318364,-6.377317851,6.775628692,-0.002772129499,-0.004352499192,-0.002300767398,0,,,,,,,,0,28.61423894,77.21024814,1.775526497e-05,,
15.99,-2.677237293,-6.493120412,6.739534113,-0.0007594858457,0.002619514167,-0.002290240396,0,,,,,,,,0,28.61423894,77.21024814,1.732220973e-05,,
16,-2.703275274,-6.478684369,6.686348508,0.006374370342,-0.003904327143,0.00186629773,0,,,,,,,,0,28.61423894,77.21024814,1.689971681e-05,0.01852227561,-6
16.01,-2.687947786,-6.446239567,6.804330767,0.0006967771298,-0.003075338984,0.005213368413,0,,,,,,,,0,28.61423894,77.21024814,1.64875286e-05,,
16.02,-2.644464493,-6.548778305,6.733837923,0.004264238598,-0.005230805659,-0.000739865781,0,,,,,,,,0,28.61423894,77.21024814,1.608539375e-05,,
16.03,-2.725935615,-6.41775953,6.66252441,0.002591194978,-0.0003677414022,-0.002317711598,0,,,,,,,,0,28.61423894,77.21024814,1.569306707e-05,,
16.04,-2.69140385,-6.582021911,6.748791147,-0.0004426197043,-0.004854888128,-0.002168460841,0,,,,,,,,0,28.61423894,77.21024814,1.531030934e-05,,
16.05,-2.694283556,-6.560209901,6.664770182,0.000781815068,0.0006921249321,0.00328421599,0,,,,,,,,0,28.61423894,77.21024814,1.493688716e-05,,
16.06,-2.734051902,-6.556118483,6.709160849,-0.0009665652484,-0.002030600342,-0.002660181433,0,,,,,,,,0,28.61423894,77.21024814,1.457257284e-05,,
16.07,-2.745275849,-6.557501757,6.715741378,-0.002603795863,-0.005139356157,0.002169772313,0,,,,,,,,0,28.61423894,77.21024814,1.421714424e-05,,
16.08,-2.628501695,-6.498471276,6.827722168,-0.001512531364,0.00224284838,0.001048885008,0,,,,,,,,0,28.61423894,77.21024814,1.387038462e-05,,
16.09,-2.617731721,-6.461321573,6.843412876,0.002516906292,-0.00373700835,-0.000222533444,0,,,,,,,,0,28.61423894,77.21024814,1.353208256e-05,,
16.1,-2.693526749,-6.421660317,6.681819945,6.745968679e-05,-0.0006047128371,-0.0003709219441,0,,,,,,,,0,28.61423894,77.21024814,1.320203176e-05,0.01741581038,-6
16.11,-2.718590033,-6.464230036,6.684864857,0.001647316457,0.002186139889,-0.001352546863,0,,,,,,,,0,28.61423894,77.21024814,1.288003099e-05,,
16.12,-2.722401716,-6.488798631,6.680349739,0.004879716313,-0.008176431586,-0.0006791013582,0,,,,,,,,0,28.61423894,77.21024814,1.256588389e-05,,
16.13,-2.608687948,-6.379929667,6.803393175,-0.001335054309,-0.004676482248,0.002577155652,0,,,,,,,,0,28.61423894,77.21024814,1.225939892e-05,,
16.14,-2.657182866,-6.527246218,6.697867982,0.002712432313,-0.000701623333,0.001581160231,0,,,,,,,,0,28.61423894,77.21024814,1.196038919e-05,,
16.15,-2.645467362,-6.600442716,6.776626188,-0.002344267484,0.002045306211,-0.001887016545,0,,,,,,,,0,28.61423894,77.21024814,1.166867238e-05,,
16.16,-2.766533738,-6.535227543,6.699764248,0.000889995456,-0.003446306838,-0.006830786525,0,,,,,,,,0,28.61423894,77.21024814,1.138407061e-05,,
16.17,-2.653438016,-6.481682112,6.770912038,0.003448368331,-0.002946279319,0.001839498185,0,,,,,,,,0,28.61423894,77.21024814,1.110641035e-05,,
16.18,-2.692098626,-6.429986994,6.663944461,0.003421391493,-0.004506831953,-0.002464392009,0,,,,,,,,0,28.61423894,77.21024814,1.08355223e-05,,
16.19,-2.640510244,-6.556361399,6.787379405,0.0002096085757,-0.004872247875,0.00281921441,0,,,,,,,,0,28.61423894,77.21024814,1.057124126e-05,,
16.2,-2.70256991,-6.507114869,6.779090579,-0.003234853778,-0.001272929824,0.004752668164,0,,,,,,,,0,28.61423894,77.21024814,1.031340611e-05,0.01955235377,-6
16.21,-2.667670173,-6.497007666,6.749483938,0.005463893657,-0.004934933014,0.002791431751,0,,,,,,,,0,28.61423894,77.21024814,1.006185962e-05,,
16.22,-2.756701789,-6.501149056,6.693155997,-0.006605956475,0.004471274511,0.001440138983,0,,,,,,,,0,28.61423894,77.21024814,9.816448411e-06,,
16.23,-2.705249846,-6.50568461,6.666802186,0.0006454562315,-0.001969992941,-0.002496262516,0,,,,,,,,0,28.61423894,77.21024814,9.57702284e-06,,
16.24,-2.68018169,-6.446994496,6.734179766,0.000516738613,-0.00343717205,-0.001244245889,0,,,,,,,,0,28.61423894,77.21024814,9.343436917e-06,,
16.25,-2.609333897,-6.482472748,6.692670898,-0.003447279529,-0.006076060223,-0.0005116493261,0,,,,,,,,0,28.61423894,77.21024814,9.115548212e-06,,
16.26,-2.700677058,-6.557272388,6.687221328,-0.0005819786627,-0.003210862065,0.004524961811,0,,,,,,,,0,28.61423894,77.21024814,8.893217768e-06,,
16.27,-2.619325726,-6.507315516,6.751039979,0.004936629237,-0.004114529046,-0.004907606302,0,,,,,,,,0,28.61423894,77.21024814,8.676310017e-06,,
16.28,-2.601619445,-6.566699904,6.697132769,-0.001695465343,-0.002767358202,0.002339569904,0,,,,,,,,0,28.61423894,77.21024814,8.4646927e-06,,
16.29,-2.739112729,-6.455858902,6.748476855,0.001004330063,-0.0007731362507,0.00344855693,0,,,,,,,,0,28.61423894,77.21024814,8.25823678e-06,,
16.3,-2.638351911,-6.508441414,6.72164548,-0.009629224771,-0.002052560908,0.00189406196,0,,,,,,,,0,28.61423894,77.21024814,8.056816371e-06,0.02425868995,-6
16.31,-2.670262713,-6.433126176,6.608973626,-0.003419160042,-0.0005325230234,0.003245077005,0,,,,,,,,0,28.61423894,77.21024814,7.860308654e-06,,
16.32,-2.653964584,-6.44058384,6.677777632,-0.001504004989,-0.004059446657,0.0007919746287,0,,,,,,,,0,28.61423894,77.21024814,7.668593809e-06,,
16.33,-2.667858106,-6.477864839,6.744375838,0.0001056807119,-0.001707447334,-0.002090783929,0,,,,,,,,0,28.61423894,77.21024814,7.481554936e-06,,
16.34,-2.756429151,-6.498779124,6.745895399,-0.005862653901,0.001781325307,-0.003772286485,0,,,,,,,,0,28.61423894,77.21024814,7.299077986e-06,,
16.35,-2.758280181,-6.504228008,6.686749429,0.002374843398,-0.005115267684,-0.004788832649,0,,,,,,,,0,28.61423894,77.21024814,7.121051694e-06,,
16.36,-2.669324812,-6.483329306,6.649964187,0.00383966765,-0.001582209776,-0.004128978672,0,,,,,,,,0,28.61423894,77.21024814,6.947367506e-06,,
16.37,-2.619863757,-6.529080787,6.730452844,-0.0005793165455,-0.001623335747,0.002719013831,0,,,,,,,,0,28.61423894,77.21024814,6.777919518e-06,,
16.38,-2.692781928,-6.445823826,6.803824998,-0.007199424498,-0.00129437604,0.001060060343,0,,,,,,,,0,28.61423894,77.21024814,6.612604408e-06,,
16.39,-2.677848155,-6.530444372,6.774441125,0.0008246432206,-0.00273664021,0.0004996510765,0,,,,,,,,0,28.61423894,77.21024814,6.451321374e-06,,
16.4,-2.608769591,-6.470907042,6.687317639,0.003578994766,0.001770674188,0.001254120299,0,,,,,,,,0,28.61423894,77.21024814,6.293972072e-06,0.03247041255,-5.795428276
16.41,-2.669664003,-6.521191641,6.78638395,0.003226313356,-0.001315442974,-0.001743073642,0,,,,,,,,0,28.61423894,77.21024814,6.140460558e-06,,
16.42,-2.647719414,-6.419544513,6.746642738,0.0004119300081,0.001354528622,0.001352536636,0,,,,,,,,0,28.61423894,77.21024814,5.990693227e-06,,
16.43,-2.60763659,-6.406461962,6.742712109,0.002013409182,-0.001662995721,0.00402348926,0,,,,,,,,0,28.61423894,77.21024814,5.844578758e-06,,
16.44,-2.603111947,-6.57102626,6.722089193,0.0001580223795,-0.002097162336,0.005334806776,0,,,,,,,,0,28.61423894,77.21024814,5.702028057e-06,,
16.45,-2.697912728,-6.556290117,6.688206842,-0.001595546745,-0.001896491186,-0.005426896925,0,,,,,,,,0,28.61423894,77.21024814,5.562954202e-06,,
16.46,-2.648741643,-6.497309437,6.763518543,-0.002038020516,0.0008734211635,0.004759948319,0,,,,,,,,0,28.61423894,77.21024814,5.427272392e-06,,
16.47,-2.733570675,-6.504122668,6.713150435,-0.0004263143221,-0.00268813321,-0.003376295217,0,,,,,,,,0,28.61423894,77.21024814,5.294899895e-06,,
16.48,-2.620037889,-6.522001749,6.726310327,-0.002810786519,-0.005162346106,3.66121255e-05,0,,,,,,,,0,28.61423894,77.21024814,5.165755995e-06,,
16.49,-2.649746465,-6.559858467,6.733391609,0.001396384485,-0.001102100674,-0.001398841133,0,,,,,,,,0,28.61423894,77.21024814,5.039761946e-06,,
16.5,-2.704048524,-6.499188893,6.775199448,-0.0004890754353,0.002809741746,0.001472697471,0,,,,,,,,0,28.61423894,77.21024814,4.916840923e-06,0.01609863341,-6
16.51,-2.619537817,-6.502077909,6.729939535,0.001090083674,-0.002670104997,-0.000439317393,0,,,,,,,,0,28.61423894,77.21024814,4.796917974e-06,,
16.52,-2.673896269,-6.536557321,6.795136137,-0.001124575753,-0.006504130778,0.003529498905,0,,,,,,,,0,28.61423894,77.21024814,4.679919974e-06,,
16.53,-2.673290968,-6.519146492,6.756852816,-0.0002299453958,0.002891970872,0.0003062374009,0,,,,,,,,0,28.61423894,77.21024814,4.565775585e-06,,
16.54,-2.696898805,-6.439405444,6.637722192,-0.004383848869,-3.342728945e-05,0.003088494332,0,,,,,,,,0,28.61423894,77.21024814,4.454415205e-06,,
16.55,-2.722545453,-6.538495045,6.717444052,0.005038194076,-0.003192810083,0.0004663754853,0,,,,,,,,0,28.61423894,77.21024814,4.345770931e-06,,
16.56,-2.691904151,-6.511427824,6.762183161,-0.005722230861,0.0002746720888,-0.0003713834489,0,,,,,,,,0,28.61423894,77.21024814,4.239776518e-06,,
16.57,-2.688744202,-6.439250564,6.743292917,0.004160002848,-0.005503134018,0.003055711935,0,,,,,,,,0,28.61423894,77.21024814,4.136367335e-06,,
16.58,-2.66159182,-6.537488831,6.720915276,0.002634995207,0.0001320171822,-0.001046155967,0,,,,,,,,0,28.61423894,77.21024814,4.035480327e-06,,
16.59,-2.663923619,-6.518217601,6.709780604,0.002226331128,0.001462657308,0.00411265672,0,,,,,,,,0,28.61423894,77.21024814,3.937053977e-06,,
16.6,-2.643043176,-6.422405372,6.706277862,-0.00435908341,-0.003085406921,-0.002901211289,0,,,,,,,,0,28.61423894,77.21024814,3.841028271e-06,0.01104903966,-6
16.61,-2.744311212,-6.443201353,6.663887218,-0.001723595689,-0.002524268613,0.00335313102,0,,,,,,,,0,28.61423894,77.21024814,3.747344654e-06,,
16.62,-2.628656953,-6.474942016,6.724073389,-0.0002911198681,-0.001643011383,0.003629711367,0,,,,,,,,0,28.61423894,77.21024814,3.655946004e-06,,
16.63,-2.675202798,-6.5752564,6.792779257,-0.003639700546,-0.003763324475,-0.0005382813794,0,,,,,,,,0,28.61423894,77.21024814,3.566776589e-06,,
16.64,-2.69218092,-6.446357383,6.701580029,-0.004998176012,-0.002556268873,0.001312609905,0,,,,,,,,0,28.61423894,77.21024814,3.479782038e-06,,
16.65,-2.672549091,-6.5735913,6.725509401,-0.002137540377,-0.003332762828,-2.715056833e-05,0,,,,,,,,0,28.61423894,77.21024814,3.394909306e-06,,
16.66,-2.770331733,-6.530941567,6.817951442,0.002733210767,-0.005380862282,0.002074719875,0,,,,,,,,0,28.61423894,77.21024814,3.31210664e-06,,
16.67,-2.665913381,-6.547509961,6.746254025,-0.002351020066,0.0007015502096,-0.00108777293,0,,,,,,,,0,28.61423894,77.21024814,3.231323551e-06,,
16.68,-2.689351831,-6.499383176,6.674658206,0.0009405921922,-0.002044371765,0.001366071074,0,,,,,,,,0,28.61423894,77.21024814,3.152510782e-06,,
16.69,-2.654151867,-6.529990314,6.751741995,-0.005763413768,0.004913021456,-0.006783254821,0,,,,,,,,0,28.61423894,77.21024814,3.075620275e-06,,
16.7,-2.664104895,-6.538744202,6.687267482,-0.003134978052,-0.0005879270167,0.004127567977,0,,,,,,,,0,28.61423894,77.21024814,3.000605146e-06,0.01046172809,-6
16.71,-2.665690036,-6.560029468,6.729172349,-0.0003607521749,-0.0009146239745,-0.004587937694,0,,,,,,,,0,28.61423894,77.21024814,2.927419655e-06,,
16.72,-2.622407235,-6.436087714,6.643211581,0.003238798774,-0.00276651132,-0.0002269344295,0,,,,,,,,0,28.61423894,77.21024814,2.856019175e-06,,
16.73,-2.656853935,-6.440164886,6.815048963,0.004147943901,0.001764855678,0.0002428088816,0,,,,,,,,0,28.61423894,77.21024814,2.786360171e-06,,
16.74,-2.724975385,-6.53542941,6.735660171,0.002649498027,0.004039399636,-0.003666025113,0,,,,,,,,0,28.61423894,77.21024814,2.718400167e-06,,
16.75,-2.579856275,-6.496289306,6.726271149,-0.001815874768,-0.004494373317,-0.004861548039,0,,,,,,,,0,28.61423894,77.21024814,2.652097724e-06,,
16.76,-2.654845296,-6.400144352,6.596522465,-0.004358232575,-0.001087148701,0.003706059458,0,,,,,,,,0,28.61423894,77.21024814,2.587412413e-06,,
16.77,-2.642443477,-6.552588057,6.720090311,-0.0008869635915,-0.001877118417,-0.001360544591,0,,,,,,,,0,28.61423894,77.21024814,2.524304794e-06,,
16.78,-2.629159808,-6.443052104,6.697851238,0.002867031342,-0.003710939194,-0.00146105813,0,,,,,,,,0,28.61423894,77.21024814,2.462736384e-06,,
16.79,-2.715955257,-6.473997519,6.705309915,0.00303290611,-0.002091142531,-0.001501106051,0,,,,,,,,0,28.61423894,77.21024814,2.402669643e-06,,
16.8,-2.68698038,-6.467713454,6.752340965,0.00391856845,-0.000256265204,-0.002704474861,0,,,,,,,,0,28.61423894,77.21024814,2.344067944e-06,0.0112028867,-6
16.81,-2.569982269,-6.500857815,6.692199096,0.0001033427836,0.002415552808,-0.001287148731,0,,,,,,,,0,28.61423894,77.21024814,2.286895555e-06,,
16.82,-2.688211339,-6.467154734,6.80959154,0.004235257085,0.000385723403,-0.002450578337,0,,,,,,,,0,28.61423894,77.21024814,2.231117615e-06,,
16.83,-2.689212387,-6.565067615,6.748668341,-0.002806211949,-0.003483894897,0.001093707186,0,,,,,,,,0,28.61423894,77.21024814,2.176700112e-06,,
16.84,-2.674340312,-6.497356577,6.707880706,0.006890841594,-0.005506332527,-0.002217829062,0,,,,,,,,0,28.61423894,77.21024814,2.123609866e-06,,
16.85,-2.607668288,-6.466464047,6.770067351,-0.001468087993,-0.001477505902,-0.0005847943936,0,,,,,,,,0,28.61423894,77.21024814,2.071814503e-06,,
16.86,-2.73271653,-6.455702439,6.831627304,0.004890998959,0.0006910102254,-0.003139316489,0,,,,,,,,0,28.61423894,77.21024814,2.021282442e-06,,
16.87,-2.654051406,-6.500808252,6.711742878,-0.001456712669,-0.003968487756,0.002862601325,0,,,,,,,,0,28.61423894,77.21024814,1.97198287e-06,,
16.88,-2.669974712,-6.51815518,6.722440365,0.002616618371,0.001903416027,0.001542360792,0,,,,,,,,0,28.61423894,77.21024814,1.923885727e-06,,
16.89,-2.646868411,-6.566341104,6.730890278,-0.004125400258,0.0008304248067,0.002707765224,0,,,,,,,,0,28.61423894,77.21024814,1.876961685e-06,,
16.9,-2.665465923,-6.479983331,6.723246248,0.002379008145,-0.001581833197,-0.001040764185,0,,,,,,,,0,28.61423894,77.21024814,1.831182132e-06,0.007457986474,-6
16.91,-2.695070952,-6.455517013,6.709232176,-0.0002508350358,0.002407186547,-0.006076832309,0,,,,,,,,0,28.61423894,77.21024814,1.786519153e-06,,
16.92,-2.73534966,-6.543859606,6.734660295,0.00188206921,-0.002531593703,-0.001281990153,0,,,,,,,,0,28.61423894,77.21024814,1.742945515e-06,,
16.93,-2.727636127,-6.431712558,6.76913251,0.0004706287608,0.003561579125,0.007595221774,0,,,,,,,,0,28.61423894,77.21024814,1.700434649e-06,,
16.94,-2.70789067,-6.543975929,6.729707467,-0.001094118216,0.0004389364021,-0.001761153374,0,,,,,,,,0,28.61423894,77.21024814,1.658960633e-06,,
16.95,-2.653003775,-6.448715639,6.784018602,-0.001766082786,-0.006400975217,0.005404722303,0,,,,,,,,0,28.61423894,77.21024814,1.618498178e-06,,
16.96,-2.600393597,-6.535289943,6.6939154,0.001295111653,-0.005895359252,0.002631855553,0,,,,,,,,0,28.61423894,77.21024814,1.579022613e-06,,
16.97,-2.682253297,-6.505579307,6.64644015,-0.004044538911,-0.006490369016,0.004111154638,0,,,,,,,,0,28.61423894,77.21024814,1.540509866e-06,,
16.98,-2.728576752,-6.490525553,6.732073339,0.00487478995,-0.003341892061,-0.0008371433338,0,,,,,,,,0,28.61423894,77.21024814,1.502936455e-06,,
16.99,-2.651122806,-6.41859619,6.771780129,0.00260953197,-0.001018073199,2.429967806e-05,0,,,,,,,,0,28.61423894,77.21024814,1.466279468e-06,,
17,-2.693540436,-6.505140769,6.712359262,0.0008475348856,-0.001667037242,0.001516206447,0,,,,,,,,0,28.61423894,77.21024814,1.430516554e-06,0.007559502963,-6
17.01,-2.643493651,-6.537607452,6.727963302,-8.403044091e-05,-0.002709913012,0.003217815939,0,,,,,,,,0,28.61423894,77.21024814,1.395625907e-06,,
17.02,-2.770326307,-6.470208839,6.774685628,-0.004878205589,-0.003255563428,-0.002391071625,0,,,,,,,,0,28.61423894,77.21024814,1.361586251e-06,,
17.03,-2.694608981,-6.450399448,6.716501317,-0.005900968195,0.0005426291279,8.439765725e-05,0,,,,,,,,0,28.61423894,77.21024814,1.32837683e-06,,
17.04,-2.713310873,-6.536931537,6.692250407,0.001613422882,0.002375795948,0.00129114251,0,,,,,,,,0,28.61423894,77.21024814,1.295977395e-06,,
17.05,-2.655524553,-6.524084008,6.756684438,-0.002126473458,-0.001471334705,0.0017491796,0,,,,,,,,0,28.61423894,77.21024814,1.26436819e-06,,
17.06,-2.643799605,-6.526354742,6.712872009,-0.005707608705,-0.005220449503,-0.002317099169,0,,,,,,,,0,28.61423894,77.21024814,1.233529942e-06,,
17.07,-2.717447976,-6.515609232,6.714650034,-0.0005568611184,-0.002743883516,-0.004187007235,0,,,,,,,,0,28.61423894,77.21024814,1.203443845e-06,,
17.08,-2.615971811,-6.569444863,6.728870813,-0.0001180795863,-0.00529086788,-0.0002219984569,0,,,,,,,,0,28.61423894,77.21024814,1.174091557e-06,,
17.09,-2.63440302,-6.47556044,6.730408627,-0.002929896305,0.0009417260486,0.004537228386,0,,,,,,,,0,28.61423894,77.21024814,1.145455177e-06,,
17.1,-2.656604605,-6.567320777,6.724232101,0.005236513013,-0.00108196351,0.001145702454,0,,,,,,,,0,28.61423894,77.21024814,1.117517246e-06,0.008199836127,-6
17.11,-2.623830863,-6.472564684,6.785945171,0.0001197210132,0.003795557478,-0.007135214414,0,,,,,,,,0,28.61423894,77.21024814,1.090260728e-06,,
17.12,-2.604454203,-6.539467118,6.729610993,0.003095630069,-0.002109223637,0.003804344768,0,,,,,,,,0,28.61423894,77.21024814,1.063669003e-06,,
17.13,-2.718889667,-6.471980658,6.664372064,0.0007837259402,-0.004963194176,-0.004582406469,0,,,,,,,,0,28.61423894,77.21024814,1.037725856e-06,,
17.14,-2.668124603,-6.501835784,6.762109483,-0.007600653682,-0.002569839693,0.0001154557093,0,,,,,,,,0,28.61423894,77.21024814,1.01241547e-06,,
17.15,-2.715883348,-6.531159528,6.692683114,-0.001310857399,0.001363231211,0.003307813748,0,,,,,,,,0,28.61423894,77.21024814,9.877224094e-07,,
17.16,-2.719107819,-6.603817602,6.639428979,-0.002750283032,-0.001415066218,-0.0008752777006,0,,,,,,,,0,28.61423894,77.21024814,9.636316189e-07,,
17.17,-2.639976917,-6.51979195,6.734598822,0.001197757275,-0.00554141952,-6.114624623e-05,0,,,,,,,,0,28.61423894,77.21024814,9.401284087e-07,,
17.18,-2.710592276,-6.534450398,6.696990728,-0.002493819486,-0.006377937501,0.003326407045,0,,,,,,,,0,28.61423894,77.21024814,9.171984475e-07,,
17.19,-2.625361687,-6.439528053,6.674579379,0.0001486202213,-0.0005934059062,-0.00319907301,0,,,,,,,,0,28.61423894,77.21024814,8.948277536e-07,,
17.2,-2.594065001,-6.489795207,6.780609954,-0.005620083115,-0.004370009039,0.0008986647054,0,,,,,,,,0,28.61423894,77.21024814,8.730026865e-07,0.004707444459,-6
17.21,-2.674812872,-6.549025547,6.669784416,0.0006636323653,0.007340740337,-0.001184803494,0,,,,,,,,0,28.61423894,77.21024814,8.51709938e-07,,
17.22,-2.728627924,-6.419504454,6.64133698,0.001241748334,-0.002889513674,0.001553649028,0,,,,,,,,0,28.61423894,77.21024814,8.309365249e-07,,
17.23,-2.64426146,-6.534606151,6.775729893,0.001228809563,-0.003622603397,0.003765957099,0,,,,,,,,0,28.61423894,77.21024814,8.106697804e-07,,
17.24,-2.632816602,-6.463874678,6.726357814,-0.0009259749674,0.001118162361,-0.004883197882,0,,,,,,,,0,28.61423894,77.21024814,7.908973467e-07,,
17.25,-2.648232274,-6.445720166,6.684597826,-0.003021300895,-0.003463912455,-0.001850571278,0,,,,,,,,0,28.61423894,77.21024814,7.716071675e-07,,
17.26,-2.695443543,-6.536690114,6.596191695,-0.002578947964,-0.004964192545,-0.001742890879,0,,,,,,,,0,28.61423894,77.21024814,7.527874805e-07,,
17.27,-2.665788998,-6.513845936,6.824753024,-0.002169917519,-0.0009364236003,-0.006354426912,0,,,,,,,,0,28.61423894,77.21024814,7.344268103e-07,,
17.28,-2.684602164,-6.511917144,6.64003409,0.005988096992,-0.00111436042,-0.005123630226,0,,,,,,,,0,28.61423894,77.21024814,7.165139612e-07,,
17.29,-2.645340483,-6.487922146,6.759003681,-0.005856567461,-0.003236452967,-0.00145993242,0,,,,,,,,0,28.61423894,77.21024814,6.99038011e-07,,
17.3,-2.70648586,-6.539761354,6.729330376,0.001283031861,-0.006961711209,-0.003024556437,0,,,,,,,,0,28.61423894,77.21024814,6.819883034e-07,0.00400408078,-6
17.31,-2.667766171,-6.574040916,6.686326669,0.003572076015,-0.005789639352,-0.00409799353,0,,,,,,,,0,28.61423894,77.21024814,6.653544423e-07,,
17.32,-2.603957245,-6.499968292,6.686805582,-0.004104828679,-0.003728036438,-0.0007496307312,0,,,,,,,,0,28.61423894,77.21024814,6.491262852e-07,,
17.33,-2.676601232,-6.457119877,6.65627937,0.002425676797,-0.001761225986,0.001503027277,0,,,,,,,,0,28.61423894,77.21024814,6.332939368e-07,,
17.34,-2.691284957,-6.456904395,6.659272368,-0.00495229794,-0.004595004719,0.003230407089,0,,,,,,,,0,28.61423894,77.21024814,6.178477432e-07,,
17.35,-2.617168585,-6.541870125,6.729498194,-0.002595780112,-0.003289774198,-0.002045520097,0,,,,,,,,0,28.61423894,77.21024814,6.02778286e-07,,
17.36,-2.706010394,-6.438298707,6.652752383,-0.007143797091,0.001580333818,-0.0009697678155,0,,,,,,,,0,28.61423894,77.21024814,5.880763766e-07,,
17.37,-2.71732384,-6.565033196,6.718440048,-0.001815391929,-0.002971028963,-0.0007278874354,0,,,,,,,,0,28.61423894,77.21024814,5.737330504e-07,,
17.38,-2.717036666,-6.440997654,6.662550426,0.001318958126,-0.0002867300605,-0.004745289153,0,,,,,,,,0,28.61423894,77.21024814,5.597395613e-07,,
17.39,-2.621108044,-6.534912476,6.75521645,-0.002882800974,-0.001183922952,0.0008988897327,0,,,,,,,,0,28.61423894,77.21024814,5.460873769e-07,,
17.4,-2.704226805,-6.566126169,6.710719788,0.002252406557,-0.004130703002,-0.003437013773,0,,,,,,,,0,28.61423894,77.21024814,5.327681726e-07,0.005310476758,-6
17.41,-2.757098763,-6.532382154,6.771008433,0.005530599643,-0.001804717505,0.002547363483,0,,,,,,,,0,28.61423894,77.21024814,5.197738269e-07,,
17.42,-2.586636179,-6.551121099,6.685348611,0.002915658524,0.004546048911,0.001444718756,0,,,,,,,,0,28.61423894,77.21024814,5.070964165e-07,,
17.43,-2.693798666,-6.571655144,6.777371363,-0.000872451175,-0.0001704707985,-0.0007544048156,0,,,,,,,,0,28.61423894,77.21024814,4.947282112e-07,,
17.44,-2.632707269,-6.536211143,6.745414604,0.004722437322,-0.006217238265,0.0010836617,0,,,,,,,,0,28.61423894,77.21024814,4.826616695e-07,,
17.45,-2.754085186,-6.434971617,6.73536023,0.0009376570984,-0.003733827011,-0.0004402666293,0,,,,,,,,0,28.61423894,77.21024814,4.708894336e-07,,
17.46,-2.609579013,-6.454695274,6.658893702,0.007150362239,-0.002008674473,-0.0009038241791,0,,,,,,,,0,28.61423894,77.21024814,4.594043255e-07,,
17.47,-2.662115581,-6.491679895,6.766305775,-0.0001003930283,-0.003410978552,0.003551285996,0,,,,,,,,0,28.61423894,77.21024814,4.48199342e-07,,
17.48,-2.733937536,-6.52188258,6.664058313,-8.113583732e-05,-0.001448354297,-0.0007506739632,0,,,,,,,,0,28.61423894,77.21024814,4.372676507e-07,,
17.49,-2.632430237,-6.515387331,6.819757317,0.0001779746441,-4.598019578e-05,0.0004249540948,0,,,,,,,,0,28.61423894,77.21024814,4.26602586e-07,,
17.5,-2.675032045,-6.572546077,6.775040995,0.002677637006,6.963218374e-05,-0.004486846777,0,,,,,,,,0,28.61423894,77.21024814,4.161976449e-07,0.004590686876,-6
17.51,-2.673306218,-6.507737932,6.724713717,-5.398574786e-05,-0.006760096463,-0.003102022844,0,,,,,,,,0,28.61423894,77.21024814,4.060464828e-07,,
17.52,-2.614857641,-6.50270783,6.670053459,-0.00137499113,-0.00362177748,0.0006221282968,0,,,,,,,,0,28.61423894,77.21024814,3.961429101e-07,,
17.53,-2.6409049,-6.435213828,6.540555627,-0.0003901060497,-0.0002130308293,0.001054341877,0,,,,,,,,0,28.61423894,77.21024814,3.864808879e-07,,
17.54,-2.641442282,-6.532753594,6.716307042,0.001983297381,-0.004931093634,-0.00282828361,0,,,,,,,,0,28.61423894,77.21024814,3.770545248e-07,,
17.55,-2.569277689,-6.422116296,6.848839688,-0.005829757823,0.001587131592,-0.001518844152,0,,,,,,,,0,28.61423894,77.21024814,3.67858073e-07,,
17.56,-2.577857027,-6.589464363,6.666394541,0.0004101852727,-0.007291034953,-0.0008456681282,0,,,,,,,,0,28.61423894,77.21024814,3.588859248e-07,,
17.57,-2.645180479,-6.449420462,6.745396067,-0.002307970802,0.0005851785679,0.001799502133,0,,,,,,,,0,28.61423894,77.21024814,3.501326096e-07,,
17.58,-2.61831729,-6.349961807,6.787571626,0.003486122942,-0.00707401142,0.002301134969,0,,,,,,,,0,28.61423894,77.21024814,3.415927898e-07,,
17.59,-2.625173929,-6.544333214,6.819147313,-0.0009180081652,0.002688237566,0.002386202749,0,,,,,,,,0,28.61423894,77.21024814,3.332612584e-07,,
17.6,-2.71924435,-6.42428594,6.613206951,-0.002777337321,0.0004445252935,0.0007724785774,0,,,,,,,,0,28.61423894,77.21024814,3.25132935e-07,0.003795682918,-6
17.61,-2.756638435,-6.492827576,6.776314849,-0.001967430441,-0.002742060835,-0.005842321308,0,,,,,,,,0,28.61423894,77.21024814,3.172028634e-07,,
17.62,-2.720898978,-6.542499919,6.73716081,0.001648554788,-0.0009989013939,0.003498496632,0,,,,,,,,0,28.61423894,77.21024814,3.094662082e-07,,
17.63,-2.728036073,-6.511064675,6.637889048,-0.001436622885,0.0007923556806,2.035426873e-05,0,,,,,,,,0,28.61423894,77.21024814,3.019182519e-07,,
17.64,-2.615825267,-6.521673519,6.780495003,-0.00132871914,-0.003881860125,-0.001390309357,0,,,,,,,,0,28.61423894,77.21024814,2.945543921e-07,,
17.65,-2.703887136,-6.492183097,6.735414225,-0.000333698275,-0.002466564696,0.001203522186,0,,,,,,,,0,28.61423894,77.21024814,2.873701387e-07,,
17.66,-2.64842418,-6.499459853,6.725224728,0.001470754274,-0.005680735599,-0.001452917843,0,,,,,,,,0,28.61423894,77.21024814,2.803611109e-07,,
17.67,-2.654239858,-6.581153692,6.739475732,-0.00447418016,-0.006479263276,-0.002011144337,0,,,,,,,,0,28.61423894,77.21024814,2.73523035e-07,,
17.68,-2.694969183,-6.481038594,6.684728725,0.002074643283,-0.003401841021,0.002639303936,0,,,,,,,,0,28.61423894,77.21024814,2.668517415e-07,,
17.69,-2.78733416,-6.471282388,6.743826832,0.001198719118,-0.004247360015,-0.003043502277,0,,,,,,,,0,28.61423894,77.21024814,2.603431624e-07,,
17.7,-2.64367013,-6.568924747,6.732368301,0.002668539095,-0.004506408784,-0.002106323161,0,,,,,,,,0,28.61423894,77.21024814,2.539933292e-07,0.008364407346,-6
17.71,-2.651403056,-6.492246469,6.681863314,-0.0004700552194,0.001786852382,-0.0007753420529,0,,,,,,,,0,28.61423894,77.21024814,2.477983699e-07,,
17.72,-2.609716698,-6.45538219,6.671812446,0.002035298713,-0.00249910021,-0.003487641196,0,,,,,,,,0,28.61423894,77.21024814,2.417545073e-07,,
17.73,-2.648403536,-6.420909065,6.670471777,0.003196334976,-0.002411437235,-0.001065665178,0,,,,,,,,0,28.61423894,77.21024814,2.358580559e-07,,
17.74,-2.763239833,-6.4900313,6.71462116,-0.003140515136,0.00286373756,0.0007135131861,0,,,,,,,,0,28.61423894,77.21024814,2.301054203e-07,,
17.75,-2.716297217,-6.482528494,6.718657664,0.0009186208808,-0.000829592095,-0.001757634369,0,,,,,,,,0,28.61423894,77.21024814,2.24493093e-07,,
17.76,-2.653379852,-6.458882797,6.658063108,0.002023710016,0.000130825872,-0.001154009553,0,,,,,,,,0,28.61423894,77.21024814,2.190176517e-07,,
17.77,-2.743280931,-6.464918413,6.753197027,-0.00720272181,0.0007802718397,-0.0004712546437,0,,,,,,,,0,28.61423894,77.21024814,2.136757578e-07,,
17.78,-2.681497811,-6.510427825,6.812537115,0.001510940217,-0.007031120524,-0.001965092695,0,,,,,,,,0,28.61423894,77.21024814,2.084641539e-07,,
17.79,-2.587520508,-6.464059184,6.710475343,0.00495520514,0.0008375189483,-0.002711586961,0,,,,,,,,0,28.61423894,77.21024814,2.033796624e-07,,
17.8,-2.574928159,-6.540039619,6.720487963,0.003325037746,-0.004747165118,-0.00249128044,0,,,,,,,,0,28.61423894,77.21024814,1.984191828e-07,0.005475286394,-6
17.81,-2.713588936,-6.451192571,6.750896673,-0.002949014411,0.001908392334,0.007058137515,0,,,,,,,,0,28.61423894,77.21024814,1.935796905e-07,,
17.82,-2.589259347,-6.515062175,6.74517726,6.9611281e-05,-0.006449502139,-0.0006575452778,0,,,,,,,,0,28.61423894,77.21024814,1.888582347e-07,,
17.83,-2.706469791,-6.587977944,6.671679428,-0.005327417901,0.004915111337,0.002730649349,0,,,,,,,,0,28.61423894,77.21024814,1.842519363e-07,,
17.84,-2.613548693,-6.549991539,6.655237904,-0.0004343143576,-0.005620545602,-4.988538026e-05,0,,,,,,,,0,28.61423894,77.21024814,1.797579866e-07,,
17.85,-2.648834029,-6.472893619,6.737167427,0.002161491267,-0.00655629069,-0.004041679259,0,,,,,,,,0,28.61423894,77.21024814,1.753736455e-07,,
17.86,-2.58935808,-6.527328879,6.740410878,-0.0003176879682,-0.003339524104,0.001339003193,0,,,,,,,,0,28.61423894,77.21024814,1.710962395e-07,,
17.87,-2.617222328,-6.525477267,6.727175541,0.003386222081,-0.003036098687,0.002399275435,0,,,,,,,,0,28.61423894,77.21024814,1.669231605e-07,,
17.88,-2.734535284,-6.539594321,6.720064559,-0.002018729615,-0.004310970018,0.002684660947,0,,,,,,,,0,28.61423894,77.21024814,1.628518639e-07,,
17.89,-2.746369324,-6.551442656,6.652634982,0.0005730495417,-0.001611720045,0.002018080928,0,,,,,,,,0,28.61423894,77.21024814,1.588798672e-07,,
17.9,-2.739069833,-6.485993516,6.716863469,0.005434754175,-0.003570907386,0.000944304115,0,,,,,,,,0,28.61423894,77.21024814,1.550047485e-07,0.007614279632,-6
17.91,-2.76913693,-6.562411695,6.754868358,0.001119475548,-0.002314814442,-0.001882703101,0,,,,,,,,0,28.61423894,77.21024814,1.512241449e-07,,
17.92,-2.599120163,-6.580174002,6.719199088,-0.0008555452064,-0.002875679103,-0.001200296225,0,,,,,,,,0,28.61423894,77.21024814,1.475357511e-07,,
17.93,-2.679355784,-6.546047811,6.711823537,-0.001655472591,0.0003594160714,-0.003589195217,0,,,,,,,,0,28.61423894,77.21024814,1.439373181e-07,,
17.94,-2.725081126,-6.475498362,6.639978043,0.002659702711,-0.0015664188,0.002149501107,0,,,,,,,,0,28.61423894,77.21024814,1.404266518e-07,,
17.95,-2.684068719,-6.481930315,6.767471504,0.0007051570176,-0.001614394328,0.002307931426,0,,,,,,,,0,28.61423894,77.21024814,1.370016115e-07,,
17.96,-2.70725631,-6.485102318,6.668521302,-0.003919337854,-0.006721914884,-0.002790422382,0,,,,,,,,0,28.61423894,77.21024814,1.336601088e-07,,
17.97,-2.696683777,-6.502395693,6.742893026,-0.001429153856,-0.00370440056,0.003833041282,0,,,,,,,,0,28.61423894,77.21024814,1.304001062e-07,,
17.98,-2.636845816,-6.526424135,6.818535534,-0.0008926020336,0.0009545006134,-0.005802747007,0,,,,,,,,0,28.61423894,77.21024814,1.272196158e-07,,
17.99,-2.686141708,-6.477358072,6.763948741,-0.003912069429,-0.0004602208574,0.001026496686,0,,,,,,,,0,28.61423894,77.21024814,1.241166983e-07,,
18,-2.613388728,-6.475394939,6.756662414,-0.0006434126599,-0.0003656642167,0.008968742137,0,,,,,,,,0,28.61423894,77.21024814,1.210894618e-07,0.005455842707,-6
18.01,-2.668977652,-6.5043045,6.756626514,-0.001101364487,-0.003071877054,0.003050930929,0,,,,,,,,0,28.61423894,77.21024814,1.181360603e-07,,
18.02,-2.638775387,-6.455612215,6.656660096,0.001054530593,-0.00578456441,-0.002681269097,0,,,,,,,,0,28.61423894,77.21024814,1.152546929e-07,,
18.03,-2.579473354,-6.443122537,6.766345411,0.0002168986708,-0.008482840983,0.002558238748,0,,,,,,,,0,28.61423894,77.21024814,1.124436029e-07,,
18.04,-2.607946253,-6.497771981,6.797208478,-0.001499255917,-0.0002115459392,0.002515970249,0,,,,,,,,0,28.61423894,77.21024814,1.09701076e-07,,
18.05,-2.610612514,-6.426530038,6.723225785,-0.0008437798859,-0.0003983924919,-0.006577273127,0,,,,,,,,0,28.61423894,77.21024814,1.0702544e-07,,
18.06,-2.699403391,-6.567817929,6.776749008,-0.003450305347,-0.008416453716,-0.003144779031,0,,,,,,,,0,28.61423894,77.21024814,1.044150634e-07,,
18.07,-2.710987206,-6.538222243,6.776466835,0.005077767567,-0.003680702954,0.002439897583,0,,,,,,,,0,28.61423894,77.21024814,1.018683545e-07,,
18.08,-2.657072736,-6.500373809,6.681408471,-0.006074312491,-0.001279760022,0.00033878894,0,,,,,,,,0,28.61423894,77.21024814,9.938376051e-08,,
18.09,-2.651509879,-6.590206182,6.686896055,0.001176743421,-0.001694607188,0.001070009268,0,,,,,,,,0,28.61423894,77.21024814,9.695976635e-08,,
18.1,-2.628912272,-6.438265313,6.698535369,0.001788751508,-0.004712965188,-0.003883689495,0,,,,,,,,0,28.61423894,77.21024814,9.4594894e-08,0.01340142917,-6
18.11,-2.668405592,-6.499670661,6.655648877,0.0006155249654,-0.002974623541,-0.003031589832,0,,,,,,,,0,28.61423894,77.21024814,9.228770147e-08,,
18.12,-2.620843265,-6.474868459,6.762230483,-0.00429806331,-0.001398040835,0.004944760062,0,,,,,,,,0,28.61423894,77.21024814,9.003678192e-08,,
18.13,-2.638420237,-6.530506578,6.744728452,-6.903618199e-05,0.000679088952,-0.005628002961,0,,,,,,,,0,28.61423894,77.21024814,8.784076285e-08,,
18.14,-2.574819044,-6.497742425,6.690582183,0.005411987236,0.0001392571868,0.001603480078,0,,,,,,,,0,28.61423894,77.21024814,8.569830522e-08,,
18.15,-2.739420416,-6.409845199,6.606707953,-0.0006407751671,-0.004898987727,-0.0005654625243,0,,,,,,,,0,28.61423894,77.21024814,8.360810265e-08,,
18.16,-2.683132892,-6.469143612,6.668444763,-0.002748448233,-0.003248792609,-0.0008190590362,0,,,,,,,,0,28.61423894,77.21024814,8.156888063e-08,,
18.17,-2.583778413,-6.457357668,6.798817905,-1.871462539e-05,-0.004275292,0.0001950156607,0,,,,,,,,0,28.61423894,77.21024814,7.957939574e-08,,
18.18,-2.647139401,-6.548163707,6.80917703,-0.001862302414,-0.001513835289,-0.006292230759,0,,,,,,,,0,28.61423894,77.21024814,7.763843487e-08,,
18.19,-2.664662823,-6.531843012,6.712463194,-0.002537538893,-0.005870777721,0.0009226173333,0,,,,,,,,0,28.61423894,77.21024814,7.574481451e-08,,
18.2,-2.695570445,-6.493422297,6.648792568,0.002126363261,-0.001100556276,0.003816822749,0,,,,,,,,0,28.61423894,77.21024814,7.389738001e-08,0.009314533323,-6
18.21,-2.652948445,-6.523797198,6.72510831,-0.000830841146,-0.0008313057746,0.001497031546,0,,,,,,,,0,28.61423894,77.21024814,7.209500488e-08,,
18.22,-2.680117144,-6.470733258,6.689617318,0.0008990246748,-0.001290884704,-0.002943080212,0,,,,,,,,0,28.61423894,77.21024814,7.033659013e-08,,
18.23,-2.585518067,-6.429749677,6.723841212,-0.0005725689813,-0.007009333979,0.003282136932,0,,,,,,,,0,28.61423894,77.21024814,6.862106354e-08,,
18.24,-2.693203791,-6.55867634,6.710883531,0.003313402228,-0.002091768558,-0.002414095117,0,,,,,,,,0,28.61423894,77.21024814,6.694737907e-08,,
18.25,-2.598425959,-6.554449009,6.773382467,-0.001179942759,0.002295543629,-0.00112744104,0,,,,,,,,0,28.61423894,77.21024814,6.531451616e-08,,
18.26,-2.665418046,-6.481899396,6.725572471,-0.002618000737,-0.006112561679,0.0009703422942,0,,,,,,,,0,28.61423894,77.21024814,6.372147918e-08,,
18.27,-2.693223389,-6.509797138,6.73763037,0.0004831028932,0.0009605782381,-0.002257372396,0,,,,,,,,0,28.61423894,77.21024814,6.216729676e-08,,
18.28,-2.641791724,-6.45004784,6.787526464,-0.003183629904,0.001644578053,0.002198587484,0,,,,,,,,0,28.61423894,77.21024814,6.065102123e-08,,
18.29,-2.686927677,-6.469404574,6.719784981,0.0007479511719,0.005117037637,0.005928411627,0,,,,,,,,0,28.61423894,77.21024814,5.917172803e-08,,
18.3,-2.722021138,-6.484046085,6.738295564,-0.001102746226,0.001491449081,-0.002654918117,0,,,,,,,,0,28.61423894,77.21024814,5.772851515e-08,0.0113046132,-6
18.31,-2.723963174,-6.444194614,6.780747004,-0.004032914678,-0.002836941883,0.003906911073,0,,,,,,,,0,28.61423894,77.21024814,5.632050259e-08,,
18.32,-2.667162082,-6.517634554,6.752029235,-0.0004861761419,-0.0001213280328,0.001969802072,0,,,,,,,,0,28.61423894,77.21024814,5.494683179e-08,,
18.33,-2.693198975,-6.62035876,6.724306348,-0.00478681265,-0.002307992948,-0.002159263147,0,,,,,,,,0,28.61423894,77.21024814,5.360666516e-08,,
18.34,-2.678019635,-6.539723438,6.717059141,0.004138542862,-0.0001318745418,-0.001838109128,0,,,,,,,,0,28.61423894,77.21024814,5.229918553e-08,,
18.35,-2.698851005,-6.508850504,6.776208037,-0.0006925506516,-0.002428269682,0.005387813875,0,,,,,,,,0,28.61423894,77.21024814,5.102359563e-08,,
18.36,-2.637840865,-6.53482381,6.691667769,0.00248276254,-0.004511256146,-0.0001175626207,0,,,,,,,,0,28.61423894,77.21024814,4.977911769e-08,,
18.37,-2.587310765,-6.511862913,6.721682289,-0.004750211916,-0.003449731842,0.002888692197,0,,,,,,,,0,28.61423894,77.21024814,4.856499287e-08,,
18.38,-2.659240769,-6.507834885,6.813818318,-0.0006897190258,0.003660972002,-0.00176733587,0,,,,,,,,0,28.61423894,77.21024814,4.738048085e-08,,
18.39,-2.552167128,-6.517076842,6.797158189,0.0007198678678,-0.001239771394,8.634776893e-05,0,,,,,,,,0,28.61423894,77.21024814,4.622485937e-08,,
18.4,-2.602536958,-6.562746711,6.693104561,-0.003791407462,0.0005644765037,0.002695458587,0,,,,,,,,0,28.61423894,77.21024814,4.509742377e-08,0.00748046767,-6
18.41,-2.543869921,-6.453415632,6.707026066,0.003218075324,0.004277350432,0.0044986194,0,,,,,,,,0,28.61423894,77.21024814,4.399748661e-08,,
18.42,-2.706754279,-6.522509235,6.714716239,0.003732243104,-0.002453957997,0.002958175517,0,,,,,,,,0,28.61423894,77.21024814,4.292437718e-08,,
18.43,-2.609117817,-6.445349274,6.757505479,-0.004237587689,-0.006225815427,0.002915644654,0,,,,,,,,0,28.61423894,77.21024814,4.187744115e-08,,
18.44,-2.650771793,-6.553758524,6.669660361,-0.0006372496444,-0.004610437339,-0.001321755287,0,,,,,,,,0,28.61423894,77.21024814,4.085604014e-08,,
18.45,-2.589678209,-6.541290735,6.662448596,-9.620452221e-05,0.0002031838025,-0.003629801691,0,,,,,,,,0,28.61423894,77.21024814,3.985955136e-08,,
18.46,-2.642808578,-6.486193799,6.700695502,-0.003580281992,-0.001411935606,-0.003296387229,0,,,,,,,,0,28.61423894,77.21024814,3.888736718e-08,,
18.47,-2.617798947,-6.417260213,6.73945233,0.001429586674,-0.0009159708522,-0.0007892054032,0,,,,,,,,0,28.61423894,77.21024814,3.793889481e-08,,
18.48,-2.760871536,-6.533989172,6.67826874,0.0001692450691,-0.004456260234,0.002123942098,0,,,,,,,,0,28.61423894,77.21024814,3.701355591e-08,,
18.49,-2.635036632,-6.565743239,6.801429624,-0.001345843423,-0.004589455667,0.001536983977,0,,,,,,,,0,28.61423894,77.21024814,3.611078626e-08,,
18.5,-2.676896704,-6.574266805,6.721387992,-0.002149711825,-4.124527797e-05,-0.0007542528586,0,,,,,,,,0,28.61423894,77.21024814,3.523003537e-08,0.01041300595,-6
18.51,-2.612284456,-6.500423323,6.726318291,0.006707145276,-0.0009219266021,-0.004201564613,0,,,,,,,,0,28.61423894,77.21024814,3.437076622e-08,,
18.52,-2.708532363,-6.445901928,6.67625349,0.003624607193,-0.002202827937,0.006718359284,0,,,,,,,,0,28.61423894,77.21024814,3.353245485e-08,,
18.53,-2.626048341,-6.524302694,6.754403152,-0.003299834001,-0.005957069435,0.002598225696,0,,,,,,,,0,28.61423894,77.21024814,3.271459009e-08,,
18.54,-2.629522163,-6.473423857,6.651345013,0.000579082659,-0.005292671992,-0.0003286839915,0,,,,,,,,0,28.61423894,77.21024814,3.191667326e-08,,
18.55,-2.757123952,-6.536739704,6.684143984,0.0007436127233,-0.0005893339894,0.0001445594756,0,,,,,,,,0,28.61423894,77.21024814,3.113821782e-08,,
18.56,-2.635508467,-6.499717375,6.746641453,-0.001120264637,-0.001666572838,0.001525408235,0,,,,,,,,0,28.61423894,77.21024814,3.037874909e-08,,
18.57,-2.69725754,-6.548174375,6.731165079,-0.003374964044,0.0003596240069,-2.049179878e-05,0,,,,,,,,0,28.61423894,77.21024814,2.963780399e-08,,
18.58,-2.622749652,-6.500449471,6.668333747,0.004012698528,-0.0008300374107,-0.0007722291008,0,,,,,,,,0,28.61423894,77.21024814,2.891493072e-08,,
18.59,-2.633143852,-6.511574556,6.670921068,0.005946467888,-0.0004924201836,-0.001762518731,0,,,,,,,,0,28.61423894,77.21024814,2.820968851e-08,,
18.6,-2.65604632,-6.510417754,6.734699325,0.0004338026728,-0.0002072575517,-0.0003986355898,0,,,,,,,,0,28.61423894,77.21024814,2.752164733e-08,0.013842416,-6
18.61,-2.561239862,-6.391528398,6.72219043,-0.001412114306,-0.003486055719,-0.002397958048,0,,,,,,,,0,28.61423894,77.21024814,2.685038763e-08,,
18.62,-2.622276692,-6.545908091,6.61630322,-0.001105888935,0.0004922362315,-0.002097796276,0,,,,,,,,0,28.61423894,77.21024814,2.619550013e-08,,
18.63,-2.661256344,-6.464719913,6.668867615,-0.0003706682381,-0.0004767622595,-0.001132536335,0,,,,,,,,0,28.61423894,77.21024814,2.555658549e-08,,
18.64,-2.648304455,-6.507490441,6.651273573,-0.001004055882,-0.0014523223,0.002614969884,0,,,,,,,,0,28.61423894,77.21024814,2.493325414e-08,,
18.65,-2.696689738,-6.527107147,6.690901308,0.002061158778,-0.003500409573,-0.0002687249978,0,,,,,,,,0,28.61423894,77.21024814,2.432512599e-08,,
18.66,-2.619886881,-6.475603562,6.75078849,-0.00244697425,-0.0001839021159,-0.00266469159,0,,,,,,,,0,28.61423894,77.21024814,2.373183023e-08,,
18.67,-2.700482826,-6.640349839,6.656986033,-0.003224511721,0.001557034926,-0.0001679998185,0,,,,,,,,0,28.61423894,77.21024814,2.315300511e-08,,
18.68,-2.610231095,-6.455906776,6.713589451,-0.003354482001,-0.001234931759,-0.0001668462979,0,,,,,,,,0,28.61423894,77.21024814,2.258829767e-08,,
18.69,-2.768771188,-6.507393853,6.713465782,-0.002017275546,-0.0111543874,-0.0004128437163,0,,,,,,,,0,28.61423894,77.21024814,2.203736358e-08,,
18.7,-2.729031463,-6.526038441,6.76715817,0.0005984669641,0.001835078586,0.0006060663533,0,,,,,,,,0,28.61423894,77.21024814,2.14998669e-08,0.01810594462,-6
18.71,-2.668704988,-6.516069982,6.712528128,-0.005547739362,0.001378197684,-0.001299787279,0,,,,,,,,0,28.61423894,77.21024814,2.097547991e-08,,
18.72,-2.623820298,-6.585965124,6.686778983,-0.001195982107,0.0005837955095,-0.0006936664103,0,,,,,,,,0,28.61423894,77.21024814,2.046388283e-08,,
18.73,-2.717552451,-6.58237263,6.773371451,-0.004271424604,-0.003985725172,-0.002498285998,0,,,,,,,,0,28.61423894,77.21024814,1.996476374e-08,,
18.74,-2.552474035,-6.505578324,6.722742255,-0.001618181449,0.0009793475707,-0.006272626184,0,,,,,,,,0,28.61423894,77.21024814,1.947781828e-08,,
18.75,-2.601404,-6.531424687,6.714043465,-7.577823315e-05,0.00100084662,0.002613731017,0,,,,,,,,0,28.61423894,77.21024814,1.900274955e-08,,
18.76,-2.717930468,-6.503540707,6.867905681,0.002459686815,-0.0007611607053,0.002687176273,0,,,,,,,,0,28.61423894,77.21024814,1.853926785e-08,,
18.77,-2.647342945,-6.496163057,6.722034434,-0.0005984291903,-0.0009551209633,0.003125063973,0,,,,,,,,0,28.61423894,77.21024814,1.808709058e-08,,
18.78,-2.688077611,-6.42624382,6.732142119,0.00273390051,0.0009342784501,-9.325070618e-05,0,,,,,,,,0,28.61423894,77.21024814,1.764594203e-08,,
18.79,-2.64760858,-6.488473869,6.754748349,0.002074910653,-0.006268467477,-0.00495178048,0,,,,,,,,0,28.61423894,77.21024814,1.72155532e-08,,
18.8,-2.655934662,-6.57538988,6.74756302,0.002285260526,0.003256269473,-0.001044451466,0,,,,,,,,0,28.61423894,77.21024814,1.679566166e-08,0.0107830232,-6
18.81,-2.678802811,-6.473760034,6.699543985,0.003575552806,-0.002948651816,-0.001574112832,0,,,,,,,,0,28.61423894,77.21024814,1.638601138e-08,,
18.82,-2.72813527,-6.495958958,6.699917677,6.114710253e-05,0.002762098324,0.006999776763,0,,,,,,,,0,28.61423894,77.21024814,1.598635256e-08,,
18.83,-2.69621827,-6.449219284,6.742742059,-0.001289609743,-0.0006703589936,-0.002617216223,0,,,,,,,,0,28.61423894,77.21024814,1.559644153e-08,,
18.84,-2.726782139,-6.466128384,6.711331297,-8.986275894e-05,-0.01019105867,-0.0005135236775,0,,,,,,,,0,28.61423894,77.21024814,1.521604051e-08,,
18.85,-2.623256404,-6.466641874,6.773993639,0.003429071916,-0.002026092239,-0.002558244,0,,,,,,,,0,28.61423894,77.21024814,1.484491757e-08,,
18.86,-2.69479112,-6.510426413,6.723230362,-0.0003502819924,-0.003736257203,0.006816633589,0,,,,,,,,0,28.61423894,77.21024814,1.448284641e-08,,
18.87,-2.779498073,-6.55354777,6.573418929,-0.001624361625,0.001220919137,-0.003718299657,0,,,,,,,,0,28.61423894,77.21024814,1.412960626e-08,,
18.88,-2.657113234,-6.524289686,6.748448724,0.00110011817,-0.00485656798,0.003098471336,0,,,,,,,,0,28.61423894,77.21024814,1.378498171e-08,,
18.89,-2.69278928,-6.585302074,6.775918514,0.00283700209,-0.006539415563,0.005551946632,0,,,,,,,,0,28.61423894,77.21024814,1.344876265e-08,,
18.9,-2.73810939,-6.446502746,6.657581099,-0.0001766694043,0.0006823534345,-0.003115335925,0,,,,,,,,0,28.61423894,77.21024814,1.312074405e-08,0.01468645036,-6
18.91,-2.672401506,-6.452406235,6.751889983,0.002130029118,-0.002536179607,-0.002330716907,0,,,,,,,,0,28.61423894,77.21024814,1.28007259e-08,,
18.92,-2.690932195,-6.469939303,6.706964246,-0.002728293888,-0.003528325103,0.002183143425,0,,,,,,,,0,28.61423894,77.21024814,1.248851307e-08,,
18.93,-2.718458804,-6.492003401,6.704506426,-0.004553165161,0.0002956472445,0.003441652565,0,,,,,,,,0,28.61423894,77.21024814,1.218391519e-08,,
18.94,-2.786731405,-6.475939102,6.736323056,-0.002817051103,-0.005608213709,-0.0003444861535,0,,,,,,,,0,28.61423894,77.21024814,1.188674653e-08,,
18.95,-2.706900538,-6.475041481,6.737677046,-0.0006558499939,-0.001656769056,-0.0002431443756,0,,,,,,,,0,28.61423894,77.21024814,1.159682588e-08,,
18.96,-2.599658409,-6.556730822,6.678657254,0.001366229853,-0.004049797781,0.001069893343,0,,,,,,,,0,28.61423894,77.21024814,1.131397647e-08,,
18.97,-2.653873164,-6.455061261,6.700598556,0.000463216827,-0.001893065673,-0.002268753376,0,,,,,,,,0,28.61423894,77.21024814,1.103802582e-08,,
18.98,-2.642592833,-6.494135895,6.73025862,-0.004384398295,0.004587009805,0.0006444201567,0,,,,,,,,0,28.61423894,77.21024814,1.076880568e-08,,
18.99,-2.639190017,-6.589275075,6.66661123,-0.002469534171,-0.00503718525,0.0004366932719,0,,,,,,,,0,28.61423894,77.21024814,1.050615189e-08,,
19,-2.641668989,-6.467354702,6.847284671,0.001211594003,-0.002964229544,0.007695835295,0,,,,,,,,0,28.61423894,77.21024814,1.024990428e-08,0.008693466894,-6
19.01,-2.666732467,-6.442569821,6.738922317,0.003092132731,-0.00125482599,-0.003262108129,0,,,,,,,,0,28.61423894,77.21024814,9.999906613e-09,,
19.02,-2.593129614,-6.479650345,6.658213296,0.0007065098314,-0.00509572374,-0.005164447431,0,,,,,,,,0,28.61423894,77.21024814,9.756006452e-09,,
19.03,-2.692344746,-6.496094289,6.747762148,-0.0009336856747,-0.003610193852,-0.001187335192,0,,,,,,,,0,28.61423894,77.21024814,9.518055075e-09,,
19.04,-2.737531372,-6.445640446,6.745471209,0.004512718186,-0.005739066428,-0.004000300963,0,,,,,,,,0,28.61423894,77.21024814,9.28590739e-09,,
19.05,-2.664754316,-6.594098192,6.703751943,0.002210931217,-0.003814460072,0.004466051549,0,,,,,,,,0,28.61423894,77.21024814,9.059421844e-09,,
19.06,-2.729493545,-6.423444477,6.722382265,-0.003415300614,-0.000927303402,0.0004592965618,0,,,,,,,,0,28.61423894,77.21024814,8.838460336e-09,,
19.07,-2.627141376,-6.441553248,6.66983875,0.001058518747,-0.005407044067,-0.00396992575,0,,,,,,,,0,28.61423894,77.21024814,8.622888132e-09,,
19.08,-2.693825952,-6.555663216,6.810922534,-0.0003822803537,0.006792746867,0.0009193335931,0,,,,,,,,0,28.61423894,77.21024814,8.412573788e-09,,
19.09,-2.694356559,-6.549515089,6.742946176,0.004480256849,-0.004211967833,-0.003656642032,0,,,,,,,,0,28.61423894,77.21024814,8.207389061e-09,,
19.1,-2.645651086,-6.48458969,6.720543324,-0.0008958451399,-0.0008960277214,0.0001453167387,0,,,,,,,,0,28.61423894,77.21024814,8.00720884e-09,0.009955514222,-6
19.11,-2.643128654,-6.465091908,6.792045727,-0.001670927928,-0.002739757642,0.001301752624,0,,,,,,,,0,28.61423894,77.21024814,7.811911064e-09,,
19.12,-2.770969451,-6.562168302,6.738612943,-0.002467984507,-0.002361395713,-9.999692584e-05,0,,,,,,,,0,28.61423894,77.21024814,7.621376647e-09,,
19.13,-2.707442802,-6.493451167,6.658148209,-0.0004276963964,-0.006320454292,7.733870194e-05,0,,,,,,,,0,28.61423894,77.21024814,7.435489412e-09,,
19.14,-2.646576569,-6.46432144,6.673801133,-0.001825351713,-0.004550175858,-0.001257529728,0,,,,,,,,0,28.61423894,77.21024814,7.254136012e-09,,
19.15,-2.636425153,-6.446478319,6.770018396,-0.001946203088,-0.002177836647,-0.003344740288,0,,,,,,,,0,28.61423894,77.21024814,7.077205865e-09,,
19.16,-2.656114641,-6.471453056,6.750417142,0.0008716587374,-0.004031278469,0.001278496204,0,,,,,,,,0,28.61423894,77.21024814,6.904591088e-09,,
19.17,-2.689274416,-6.49914355,6.751770677,0.003905365894,-0.002778980112,-0.001294053127,0,,,,,,,,0,28.61423894,77.21024814,6.736186427e-09,,
19.18,-2.60554037,-6.547408684,6.632586659,-0.007259005264,-7.600345697e-05,-0.0001404361298,0,,,,,,,,0,28.61423894,77.21024814,6.571889197e-09,,
19.19,-2.639534036,-6.434289205,6.626859013,-0.000566539164,-0.0005198747271,0.0004444263953,0,,,,,,,,0,28.61423894,77.21024814,6.411599217e-09,,
19.2,-2.68789666,-6.45553801,6.806323015,-0.00161001842,-0.002083705943,0.005174890537,0,,,,,,,,0,28.61423894,77.21024814,6.255218748e-09,0.008742155507,-6
19.21,-2.689605636,-6.424153349,6.761237778,0.003526435784,-0.004330799008,-0.0007559726175,0,,,,,,,,0,28.61423894,77.21024814,6.102652437e-09,,
19.22,-2.612870289,-6.56758948,6.580899804,0.0006437707461,-0.004856576579,-0.000946545615,0,,,,,,,,0,28.61423894,77.21024814,5.953807256e-09,,
19.23,-2.680974188,-6.552697267,6.771927453,0.002328784927,0.007201908621,0.003924754067,0,,,,,,,,0,28.61423894,77.21024814,5.808592445e-09,,
19.24,-2.692754746,-6.475551313,6.672476091,0.001055856859,-0.002432286074,-0.0003552122937,0,,,,,,,,0,28.61423894,77.21024814,5.666919458e-09,,
19.25,-2.610433616,-6.49860676,6.671881987,0.002068029878,0.002151769383,-0.003557475062,0,,,,,,,,0,28.61423894,77.21024814,5.528701911e-09,,
19.26,-2.594615118,-6.448664477,6.699309071,8.019581937e-05,-0.0004869508207,0.00251088723,0,,,,,,,,0,28.61423894,77.21024814,5.393855523e-09,,
19.27,-2.681986107,-6.464467178,6.831057445,0.0002820455541,0.002311538896,0.001404143401,0,,,,,,,,0,28.61423894,77.21024814,5.262298071e-09,,
19.28,-2.665329101,-6.48933609,6.678382363,-0.006246217757,-0.002247424035,0.0002839807145,0,,,,,,,,0,28.61423894,77.21024814,5.133949337e-09,,
19.29,-2.686970755,-6.47543473,6.699603347,-0.001819591764,-0.003031190672,-0.001740941362,0,,,,,,,,0,28.61423894,77.21024814,5.008731061e-09,,
19.3,-2.650257394,-6.505267125,6.730218803,0.0005903260503,-0.001704941225,0.002422391357,0,,,,,,,,0,28.61423894,77.21024814,4.886566889e-09,0.005227112677,-6
19.31,-2.708157715,-6.541413145,6.783012454,0.002800625734,-0.001422504906,-0.005324731045,0,,,,,,,,0,28.61423894,77.21024814,4.76738233e-09,,
19.32,-2.662645288,-6.523376263,6.77238403,0.0007363825725,-0.003054357003,-0.003808331387,0,,,,,,,,0,28.61423894,77.21024814,4.651104713e-09,,
19.33,-2.629942686,-6.510010354,6.74971513,-0.0005910818179,-0.003437594501,-0.0001771234347,0,,,,,,,,0,28.61423894,77.21024814,4.537663134e-09,,
19.34,-2.651787752,-6.546042064,6.709927385,-0.002022521609,-0.002330840373,-0.0007334236819,0,,,,,,,,0,28.61423894,77.21024814,4.426988424e-09,,
19.35,-2.639972727,-6.546405601,6.686249097,-0.000982553358,-0.008300735784,-0.002770590776,0,,,,,,,,0,28.61423894,77.21024814,4.319013096e-09,,
19.36,-2.690208941,-6.467268334,6.695156522,-0.002313234502,-0.003133949238,-0.001906283972,0,,,,,,,,0,28.61423894,77.21024814,4.213671313e-09,,
19.37,-2.661239428,-6.464887951,6.765525139,-0.001111323068,-0.00432704494,0.001322163869,0,,,,,,,,0,28.61423894,77.21024814,4.110898842e-09,,
19.38,-2.721227231,-6.493600426,6.71324274,0.002910936705,0.001191048668,0.003310533641,0,,,,,,,,0,28.61423894,77.21024814,4.010633017e-09,,
19.39,-2.664296603,-6.461852121,6.792338375,-0.002530826394,-0.002997772375,-0.0002746072372,0,,,,,,,,0,28.61423894,77.21024814,3.912812699e-09,,
19.4,-2.652867991,-6.52992002,6.639438907,0.003171751639,-0.001082427942,0.00532948432,0,,,,,,,,0,28.61423894,77.21024814,3.817378243e-09,0.004663068801,-6
19.41,-2.718740343,-6.478361631,6.728023348,-0.005197746653,-0.006429470661,0.00459417306,0,,,,,,,,0,28.61423894,77.21024814,3.724271457e-09,,
19.42,-2.666709757,-6.593419877,6.829853952,0.004003803758,-0.003529863978,0.006097913688,0,,,,,,,,0,28.61423894,77.21024814,3.633435568e-09,,
19.43,-2.706067632,-6.588137758,6.737900417,-0.0006267605249,-0.001117972349,0.0007593083339,0,,,,,,,,0,28.61423894,77.21024814,3.544815188e-09,,
19.44,-2.774115671,-6.460777396,6.710629903,-0.0003980064658,-0.000412079416,0.002372082823,0,,,,,,,,0,28.61423894,77.21024814,3.458356281e-09,,
19.45,-2.744776364,-6.591030436,6.710956327,0.001446745752,-0.001282950965,-0.001203326467,0,,,,,,,,0,28.61423894,77.21024814,3.374006128e-09,,
19.46,-2.698954408,-6.528662792,6.728237168,0.003573382534,9.098451198e-06,-0.004499862599,0,,,,,,,,0,28.61423894,77.21024814,3.291713295e-09,,
19.47,-2.740325957,-6.507935318,6.753174762,0.004370990651,-4.253936576e-05,-0.00212317175,0,,,,,,,,0,28.61423894,77.21024814,3.211427605e-09,,
19.48,-2.670238951,-6.502149763,6.676220026,-0.001744567147,-0.001534059812,-0.004985584296,0,,,,,,,,0,28.61423894,77.21024814,3.133100103e-09,,
19.49,-2.655047732,-6.542818117,6.630938972,0.002970521972,-0.002424308578,-0.002711282939,0,,,,,,,,0,28.61423894,77.21024814,3.056683027e-09,,
19.5,-2.582372037,-6.575517169,6.696270787,-0.005506147691,0.001110911892,-0.002505417553,0,,,,,,,,0,28.61423894,77.21024814,2.982129782e-09,0.00446204748,-6
19.51,-2.676123674,-6.57400831,6.723590756,0.001663301123,0.002742383138,0.003442082271,0,,,,,,,,0,28.61423894,77.21024814,2.90939491e-09,,
19.52,-2.671974054,-6.48915918,6.791095704,-0.000338663475,-0.004549737196,-0.002845332484,0,,,,,,,,0,28.61423894,77.21024814,2.838434058e-09,,
19.53,-2.762811084,-6.466110229,6.754894824,-0.003100898006,-0.004987603008,-8.88037234e-05,0,,,,,,,,0,28.61423894,77.21024814,2.769203959e-09,,
19.54,-2.681852228,-6.510120574,6.634418052,0.002797987292,0.0007784901321,0.002600911187,0,,,,,,,,0,28.61423894,77.21024814,2.701662399e-09,,
19.55,-2.645742445,-6.526144142,6.718127289,-0.003058938578,-0.001527297969,-0.001895032569,0,,,,,,,,0,28.61423894,77.21024814,2.635768194e-09,,
19.56,-2.682659895,-6.50711248,6.685478725,-0.00107022146,-0.001771745457,-0.0002050372357,0,,,,,,,,0,28.61423894,77.21024814,2.571481165e-09,,
19.57,-2.631760684,-6.485584943,6.707814644,0.001194513381,-0.001240654802,-0.001817121731,0,,,,,,,,0,28.61423894,77.21024814,2.508762112e-09,,
19.58,-2.556651411,-6.419544194,6.739941161,0.004523620343,0.0004376773325,-0.0008374061312,0,,,,,,,,0,28.61423894,77.21024814,2.447572793e-09,,
19.59,-2.728392942,-6.517410466,6.703397886,-0.001072404912,-0.009251222706,0.005853165065,0,,,,,,,,0,28.61423894,77.21024814,2.387875895e-09,,
19.6,-2.696367807,-6.471843515,6.738301698,-0.004599104249,0.001673784151,-0.001015284954,0,,,,,,,,0,28.61423894,77.21024814,2.32963502e-09,0.004342649598,-6
19.61,-2.656450271,-6.536645768,6.83136063,-0.003133985783,-0.003217139757,0.001998228774,0,,,,,,,,0,28.61423894,77.21024814,2.272814653e-09,,
19.62,-2.677746284,-6.45208613,6.778970248,0.001204155845,-0.002778938207,0.001706306687,0,,,,,,,,0,28.61423894,77.21024814,2.21738015e-09,,
19.63,-2.673912247,-6.51988555,6.721419877,-0.00686027361,0.006077222758,-0.002188841427,0,,,,,,,,0,28.61423894,77.21024814,2.163297707e-09,,
19.64,-2.849318295,-6.486801824,6.836915014,0.0007429798999,-0.001395635445,-0.009301678683,0,,,,,,,,0,28.61423894,77.21024814,2.110534348e-09,,
19.65,-2.671911553,-6.507900242,6.669353699,0.001736418734,0.004790284244,0.003214298589,0,,,,,,,,0,28.61423894,77.21024814,2.059057901e-09,,
19.66,-2.671734731,-6.544106518,6.698180127,0.003873127928,-0.0008479729047,-0.001581850259,0,,,,,,,,0,28.61423894,77.21024814,2.008836976e-09,,
19.67,-2.66527079,-6.527525071,6.753079571,-0.001023403556,-0.00183474752,-0.003829449584,0,,,,,,,,0,28.61423894,77.21024814,1.959840953e-09,,
19.68,-2.665506126,-6.605060077,6.713654385,0.004831807382,-0.0003792197137,0.00688153553,0,,,,,,,,0,28.61423894,77.21024814,1.912039954e-09,,
19.69,-2.606272958,-6.525292232,6.761193106,-0.002580272743,-0.009362779551,-0.004127755607,0,,,,,,,,0,28.61423894,77.21024814,1.865404833e-09,,
19.7,-2.567513214,-6.537363931,6.680923127,-0.003035003649,-0.0002205780114,-0.002590102671,0,,,,,,,,0,28.61423894,77.21024814,1.819907154e-09,0.007378351409,-6
19.71,-2.625778736,-6.397425975,6.642443246,0.003712303896,0.0002341018856,0.009041091974,0,,,,,,,,0,28.61423894,77.21024814,1.775519175e-09,,
19.72,-2.636895313,-6.526516799,6.717092311,-0.001129137487,-0.006027047795,0.005222107221,0,,,,,,,,0,28.61423894,77.21024814,1.732213829e-09,,
19.73,-2.734679489,-6.588052271,6.723509818,0.001507809965,0.0008017216754,-0.0002929169264,0,,,,,,,,0,28.61423894,77.21024814,1.689964711e-09,,
19.74,-2.620052581,-6.479672654,6.737116519,0.001672904068,-0.001070129387,-0.001092575885,0,,,,,,,,0,28.61423894,77.21024814,1.64874606e-09,,
19.75,-2.728403763,-6.606263527,6.745778908,0.002091526611,-0.004165236987,-0.005013055604,0,,,,,,,,0,28.61423894,77.21024814,1.608532741e-09,,
19.76,-2.716423004,-6.489554686,6.797604101,0.00187213255,0.003025215526,-0.001294246421,0,,,,,,,,0,28.61423894,77.21024814,1.569300235e-09,,
19.77,-2.654457491,-6.548065269,6.692748212,0.002657912277,-0.009774614342,0.0002773967032,0,,,,,,,,0,28.61423894,77.21024814,1.53102462e-09,,
19.78,-2.658164776,-6.482034242,6.651550808,0.004377704427,-0.001549684093,-0.0005802509056,0,,,,,,,,0,28.61423894,77.21024814,1.493682556e-09,,
19.79,-2.699816359,-6.527679179,6.73105453,-0.007615165861,0.00305838668,-0.001780177064,0,,,,,,,,0,28.61423894,77.21024814,1.457251274e-09,,
19.8,-2.603841234,-6.481625862,6.774903219,-0.005437175959,-0.0003558542804,-0.002894167682,0,,,,,,,,0,28.61423894,77.21024814,1.42170856e-09,0.007042229641,-6
19.81,-2.666971621,-6.507049242,6.705317131,-0.001732972837,-0.001611216819,-0.0001625398357,0,,,,,,,,0,28.61423894,77.21024814,1.387032741e-09,,
19.82,-2.704851084,-6.446644341,6.719672569,-0.005825138812,-0.005441424873,-0.000708794426,0,,,,,,,,0,28.61423894,77.21024814,1.353202675e-09,,
19.83,-2.630763134,-6.493216159,6.79098632,0.001242939368,-0.003252210429,0.001281113569,0,,,,,,,,0,28.61423894,77.21024814,1.320197731e-09,,
19.84,-2.701027295,-6.424020446,6.671625251,0.001323917872,-0.001043291339,-0.0004468834517,0,,,,,,,,0,28.61423894,77.21024814,1.287997787e-09,,
19.85,-2.696419567,-6.572108063,6.6799729,0.003304795129,0.001193880246,-0.0005786416612,0,,,,,,,,0,28.61423894,77.21024814,1.256583207e-09,,
19.86,-2.689924721,-6.418942888,6.691505507,0.0001624860961,-0.00202783689,0.003851257602,0,,,,,,,,0,28.61423894,77.21024814,1.225934836e-09,,
19.87,-2.706518778,-6.507338284,6.745787365,0.004020093453,0.001911093579,-0.002287182185,0,,,,,,,,0,28.61423894,77.21024814,1.196033986e-09,,
19.88,-2.696511676,-6.486430747,6.721629264,0.008703342863,-0.002176586612,0.001035729018,0,,,,,,,,0,28.61423894,77.21024814,1.166862425e-09,,
19.89,-2.736012107,-6.512620886,6.674346092,-0.002762045347,-0.0002964077457,-0.004634651635,0,,,,,,,,0,28.61423894,77.21024814,1.138402366e-09,,
19.9,-2.636513431,-6.471740293,6.709336439,0.001033896758,0.0002574090509,0.003918434762,0,,,,,,,,0,28.61423894,77.21024814,1.110636455e-09,0.009321619757,-6
19.91,-2.608453133,-6.495224471,6.740286279,0.001644760161,-0.006164458464,0.002203253989,0,,,,,,,,0,28.61423894,77.21024814,1.083547761e-09,,
19.92,-2.660125607,-6.564976645,6.723494907,0.002814022664,-0.003655566188,0.003358121989,0,,,,,,,,0,28.61423894,77.21024814,1.057119767e-09,,
19.93,-2.599505134,-6.561907048,6.743329755,-0.002111428069,0.001601146148,-0.00177572172,0,,,,,,,,0,28.61423894,77.21024814,1.031336358e-09,,
19.94,-2.664209912,-6.428980106,6.807576595,0.0006949956085,0.002497450047,0.005620597911,0,,,,,,,,0,28.61423894,77.21024814,1.006181812e-09,,
19.95,-2.684300066,-6.542324235,6.800536921,0.002014164028,0.0005498910681,0.0004447103064,0,,,,,,,,0,28.61423894,77.21024814,9.816407926e-10,,
19.96,-2.644355612,-6.53077349,6.721494905,-0.003266578149,-0.01012806805,0.006100229434,0,,,,,,,,0,28.61423894,77.21024814,9.576983342e-10,,
19.97,-2.731288859,-6.419940529,6.68557828,-0.001858060118,-0.00417403478,-0.00496373103,0,,,,,,,,0,28.61423894,77.21024814,9.343398383e-10,,
19.98,-2.639875886,-6.569707407,6.765528767,0.001026303049,0.003318368746,-0.0007245988822,0,,,,,,,,0,28.61423894,77.21024814,9.115510617e-10,,
19.99,-2.700098163,-6.554337819,6.729774144,0.0001758127268,-0.006586676267,-0.002647858384,0,,,,,,,,0,28.61423894,77.21024814,8.89318109e-10,,
20,-2.720606243,-6.52618653,6.712550212,0.001184425214,0.001957839697,-0.007193318031,0,,,,,,,,0,28.61423894,77.21024814,0.0003658545262,0.007855238393,-6
20.01,-2.768696051,-6.524936328,6.694693604,-0.005587030958,-0.006115046897,0.0006810936348,0,,,,,,,,0,28.61423894,77.21024814,0.001088638562,,
20.02,-2.785479692,-6.551493056,6.62874583,0.0007903180289,-0.005218266121,0.0007466878117,0,,,,,,,,0,28.61423894,77.21024814,0.002159647378,,
20.03,-2.844642466,-6.461065661,6.771906806,-0.002357375533,-0.006627564754,0.001280668082,0,,,,,,,,0,28.61423894,77.21024814,0.003570387686,,
20.04,-2.753068842,-6.594876507,6.501511588,0.006544731573,-0.005744333506,-0.004401740021,0,,,,,,,,0,28.61423894,77.21024814,0.005312573352,,
20.05,-2.891657737,-6.546453688,6.629851729,0.003297772007,-0.004854939158,-0.001981777496,0,,,,,,,,0,28.61423894,77.21024814,0.007378120343,,
20.06,-2.900683373,-6.514800196,6.657703496,0.0001569546727,-0.003693766333,-0.002769082029,0,,,,,,,,0,28.61423894,77.21024814,0.009759141798,,
20.07,-2.930574279,-6.540683233,6.546768662,-0.004854293219,-0.003625745074,0.002727883545,0,,,,,,,,0,28.61423894,77.21024814,0.01244794322,,
20.08,-3.026736445,-6.600554349,6.57071312,-0.002483058635,-0.003626714543,0.001602002494,0,,,,,,,,0,28.61423894,77.21024814,0.01543701777,,
20.09,-2.92817212,-6.564357467,6.56061813,0.004979481235,-0.003722868477,-0.003354579077,0,,,,,,,,0,28.61423894,77.21024814,0.01871904173,,
20.1,-3.071039527,-6.523607272,6.571092812,-0.001068940186,-0.005719807303,-0.008219853074,0,,,,,,,,0,28.61423894,77.21024815,0.02228686998,0.01305144094,-6
20.11,-3.081810906,-6.588136386,6.541405352,0.002503551532,-0.003701641168,-0.002457448858,0,,,,,,,,0,28.61423894,77.21024815,0.02613353169,,
20.12,-3.025833697,-6.527654887,6.449273563,-0.004667296626,-0.0008663737541,-0.002103276213,0,,,,,,,,0,28.61423894,77.21024815,0.03025222604,,
20.13,-3.008659203,-6.639906519,6.548053834,-0.0002095107408,-9.440417622e-06,0.001185786505,0,,,,,,,,0,28.61423894,77.21024815,0.03463631809,,
20.14,-3.125873237,-6.544042884,6.39428941,0.002369734037,-0.001261900563,0.004933990882,0,,,,,,,,0,28.61423894,77.21024816,0.03927933472,,
20.15,-3.072012633,-6.547280738,6.481441647,0.0005694223024,-0.0009394655377,0.002241779365,0,,,,,,,,0,28.61423895,77.21024816,0.0441749607,,
20.16,-3.129839229,-6.564862929,6.559241165,-0.005508950318,0.0003591138577,0.001504112418,0,,,,,,,,0,28.61423895,77.21024817,0.04931703483,,
20.17,-3.184063909,-6.548777221,6.469692531,0.001967979788,-0.005403717949,0.001745450525,0,,,,,,,,0,28.61423895,77.21024817,0.05469954617,,
20.18,-3.194023117,-6.571034142,6.434434907,0.001054080535,-0.005181758483,-0.001262512006,0,,,,,,,,0,28.61423895,77.21024818,0.06031663041,,
20.19,-3.189004432,-6.584252586,6.459217405,0.003632153077,-0.00187017588,-0.0005467254257,0,,,,,,,,0,28.61423895,77.21024818,0.06616256626,,
20.2,-3.244551899,-6.605342894,6.370597767,-0.006232120355,-0.004978345092,-0.0008754346109,0,,,,,,,,0,28.61423895,77.21024819,0.07223177196,0.02608154714,-5.852309704
20.21,-3.242895221,-6.591958912,6.418581963,0.003282323143,-0.003918691826,-0.001491552881,0,,,,,,,,0,28.61423896,77.2102482,0.07851880191,,
20.22,-3.180257946,-6.638511678,6.32760416,0.004793851867,0.003728840191,0.00300558313,0,,,,,,,,0,28.61423896,77.2102482,0.08501834333,,
20.23,-3.267683875,-6.542245768,6.298065364,-0.002634335979,0.0001090784438,0.0004692303626,0,,,,,,,,0,28.61423896,77.21024821,0.091725213,,
20.24,-3.285614285,-6.667801777,6.4489311,0.001947763711,-0.002931937088,0.001676716166,0,,,,,,,,0,28.61423896,77.21024822,0.09863435415,,
20.25,-3.244317352,-6.66455959,6.390996794,0.001764963618,0.001912780319,-0.00366914766,0,,,,,,,,0,28.61423896,77.21024823,0.1057408333,,
20.26,-3.332776894,-6.585681772,6.303236883,0.002055693867,-0.001918268464,-0.001975825369,0,,,,,,,,0,28.61423897,77.21024824,0.1130398374,,
20.27,-3.338828421,-6.618878925,6.415000971,0.0007039073832,0.0009345214346,-0.00142008137,0,,,,,,,,0,28.61423897,77.21024825,0.1205266706,,
20.28,-3.312161158,-6.651866994,6.278882075,0.004323869698,-0.001820825717,0.001042172653,0,,,,,,,,0,28.61423897,77.21024826,0.1281967518,,
20.29,-3.376241105,-6.708622344,6.227622947,0.007974176501,-0.004116445986,-0.001224350145,0,,,,,,,,0,28.61423898,77.21024828,0.1360456115,,
20.3,-3.368447784,-6.521409875,6.32484184,-0.00272263837,-0.00389623073,0.002804114829,0,,,,,,,,0,28.61423898,77.21024829,0.1440688893,0.1043833345,-4.203923702
20.31,-3.282023188,-6.62734116,6.262483582,-0.004255082068,-0.0001486726712,0.001702420069,0,,,,,,,,0,28.61423898,77.2102483,0.152262331,,
20.32,-3.371913936,-6.583024122,6.356305945,-0.001340498909,-0.0007449580353,0.007524737779,0,,,,,,,,0,28.61423899,77.21024832,0.1606217864,,
20.33,-3.403009136,-6.622441785,6.242665825,-0.004979881958,-0.0003136369361,0.003961997606,0,,,,,,,,0,28.61423899,77.21024833,0.1691432062,,
20.34,-3.524059943,-6.602928345,6.38861719,0.003989507475,-0.004494268007,0.003139793988,0,,,,,,,,0,28.614239,77.21024835,0.1778226402,,
20.35,-3.385771698,-6.602607717,6.264271732,0.004698996968,-0.001805917932,-0.001797793194,0,,,,,,,,0,28.614239,77.21024837,0.1866562343,,
20.36,-3.442594088,-6.718534651,6.240718408,0.001297753501,-0.003354534371,-0.01039335443,0,,,,,,,,0,28.61423901,77.21024839,0.1956402286,,
20.37,-3.489908404,-6.659628183,6.291039516,-0.003355199348,-0.00342833307,0.001432440491,0,,,,,,,,0,28.61423901,77.21024841,0.2047709548,,
20.38,-3.4374004,-6.638943629,6.314690933,-0.002405396045,-0.0009434117345,-0.0006413304017,0,,,,,,,,0,28.61423902,77.21024843,0.2140448339,,
20.39,-3.553909588,-6.583632885,6.255948387,0.001150863493,-0.003979208499,-0.003059327262,0,,,,,,,,0,28.61423902,77.21024845,0.2234583745,,
20.4,-3.465968284,-6.650157868,6.270500815,0.004483651607,-0.001877811264,-0.001777008743,0,,,,,,,,0,28.61423903,77.21024847,0.2330081703,0.09621632099,-3.985767603
20.41,-3.533799306,-6.611476432,6.227836726,-3.041642094e-05,0.0002903699618,-0.002120522273,0,,,,,,,,0,28.61423904,77.21024849,0.2426908978,,
20.42,-3.646135484,-6.614176697,6.261516459,0.002410706896,-0.001029390506,-0.0006341728986,0,,,,,,,,0,28.61423904,77.21024851,0.252503315,,
20.43,-3.560892246,-6.731123284,6.224102083,-0.003540815087,-0.003671704572,0.001975417866,0,,,,,,,,0,28.61423905,77.21024854,0.2624422585,,
20.44,-3.436117196,-6.633698068,6.254353994,0.0009101204573,-0.003850459316,-0.003031136445,0,,,,,,,,0,28.61423906,77.21024857,0.2725046424,,
20.45,-3.585267074,-6.57248015,6.187994077,-0.002926171847,0.0003734881691,0.000615643238,0,,,,,,,,0,28.61423906,77.21024859,0.282687456,,
20.46,-3.534515713,-6.592905535,6.302389071,0.003524036931,-0.004000856571,-0.0005427326086,0,,,,,,,,0,28.61423907,77.21024862,0.292987762,,
20.47,-3.549592086,-6.617651737,6.134913594,-0.002084989619,-0.003063385744,0.00290064398,0,,,,,,,,0,28.61423908,77.21024865,0.3034026946,,
20.48,-3.515871138,-6.735770682,6.199609404,0.00131223881,-0.0003096015648,-0.006247669246,0,,,,,,,,0,28.61423909,77.21024868,0.3139294582,,
20.49,-3.664281126,-6.571003516,6.291377313,-0.003182747502,-0.006053471897,0.004326626785,0,,,,,,,,0,28.61423909,77.21024871,0.3245653251,,
20.5,-3.559415514,-6.657835361,6.104781236,-0.003533589963,-0.004747553211,-0.005440587506,0,,,,,,,,0,28.6142391,77.21024874,0.3353076342,0.2186450809,-3.30649519
20.51,-3.589731045,-6.691976348,6.267919419,-0.001289844867,-0.001921412185,-0.001455181791,0,,,,,,,,0,28.61423911,77.21024877,0.3461537895,,
20.52,-3.619353774,-6.650233429,6.242594017,0.001536202083,-0.004098542692,0.00112370449,0,,,,,,,,0,28.61423912,77.21024881,0.357101258,,
20.53,-3.565864293,-6.689479285,6.109735268,0.002931712133,0.001810971206,-0.004925937817,0,,,,,,,,0,28.61423913,77.21024884,0.3681475688,,
20.54,-3.593985006,-6.685727418,6.037840212,-0.001192951209,0.0007556337992,-0.001676115992,0,,,,,,,,0,28.61423914,77.21024888,0.379290311,,
20.55,-3.597650005,-6.646583293,6.135631978,-0.0004383572902,-0.001990881775,-0.002463617738,0,,,,,,,,0,28.61423915,77.21024892,0.3905271327,,
20.56,-3.662291148,-6.604468915,6.138739447,-0.002501008527,0.00191223524,-0.003306448454,0,,,,,,,,0,28.61423916,77.21024895,0.4018557392,,
20.57,-3.664515497,-6.649933422,6.199263601,-0.002055132341,-0.002737412967,-0.0008953837145,0,,,,,,,,0,28.61423917,77.21024899,0.4132738919,,
20.58,-3.679532895,-6.644737188,6.18574821,0.002539146347,-0.001004752418,0.006477272793,0,,,,,,,,0,28.61423918,77.21024903,0.4247794067,,
20.59,-3.741820892,-6.678618727,6.112849529,0.003817050421,-0.003036844853,0.002492188263,0,,,,,,,,0,28.61423919,77.21024907,0.4363701529,,
20.6,-3.637620099,-6.711665668,6.16494274,-0.002739545951,-0.00464983984,0.004296928098,0,,,,,,,,0,28.61423921,77.21024912,0.4480440516,0.4268392622,-2.620535851
20.61,-3.704664984,-6.708301395,6.131222676,5.217177645e-05,-0.007345152368,0.003153775226,0,,,,,,,,0,28.61423922,77.21024916,0.4597990748,,
20.62,-3.655465114,-6.688435917,6.116662399,-0.00108147193,0.001159743856,0.001918171678,0,,,,,,,,0,28.61423923,77.21024921,0.4716332437,,
20.63,-3.715640598,-6.675412525,6.181039046,0.008213560611,-0.007821055448,0.001056625213,0,,,,,,,,0,28.61423924,77.21024925,0.483544628,,
20.64,-3.704031211,-6.638106526,6.13778665,-0.006450289336,0.002831000308,0.001907085328,0,,,,,,,,0,28.61423925,77.2102493,0.4955313444,,
20.65,-3.73642395,-6.623549596,6.047590969,-0.00123558205,0.0007241084544,0.001359626918,0,,,,,,,,0,28.61423927,77.21024935,0.5075915555,,
20.66,-3.665769273,-6.631875533,6.159153744,-0.002407665304,0.003068145274,-0.0028352696,0,,,,,,,,0,28.61423928,77.2102494,0.5197234688,,
20.67,-3.714563672,-6.625949725,6.196838183,-0.003746411348,0.004722641054,0.0001217169316,0,,,,,,,,0,28.6142393,77.21024945,0.5319253354,,
20.68,-3.76185449,-6.743125117,6.093100053,-0.0005039526449,-0.003995326754,-0.002306757248,0,,,,,,,,0,28.61423931,77.2102495,0.5441954491,,
20.69,-3.715739453,-6.652636476,6.105448404,0.001253485293,-0.005447020814,-0.0005372738399,0,,,,,,,,0,28.61423932,77.21024955,0.5565321455,,
20.7,-3.770017415,-6.752715712,6.052126797,-0.005158984435,-0.003608063394,-0.006304101828,0,,,,,,,,0,28.61423934,77.21024961,0.5689338005,1.060851455,-1.298740387
20.71,-3.767547489,-6.699112192,6.065223566,-0.006066940915,-0.003704946388,-0.002063553554,0,,,,,,,,0,28.61423935,77.21024966,0.5813988298,,
20.72,-3.683071567,-6.608066954,6.056578922,0.0003043408244,-0.003257815802,0.004954598476,0,,,,,,,,0,28.61423937,77.21024972,0.5939256876,,
20.73,-3.775736385,-6.662361583,6.122490958,0.001597904259,0.002082482912,0.002322308354,0,,,,,,,,0,28.61423939,77.21024978,0.6065128659,,
20.74,-3.68224678,-6.68288555,6.078329935,-0.0005038788857,-0.002918326626,-0.002830020507,0,,,,,,,,0,28.6142394,77.21024984,0.6191588936,,
20.75,-3.715543474,-6.665967343,6.066417411,-0.001791972296,-0.006316715378,0.0003995897208,0,,,,,,,,0,28.61423942,77.2102499,0.6318623352,,
20.76,-3.800441554,-6.738676223,6.153939613,-0.002169131014,-0.001318124694,0.006200321699,0,,,,,,,,0,28.61423943,77.21024996,0.6446217904,,
20.77,-3.767475901,-6.566711812,6.041948672,-0.0005116315891,-0.0008858005673,-0.001687551207,0,,,,,,,,0,28.61423945,77.21025002,0.6574358931,,
20.78,-3.785755258,-6.652616154,6.128466617,0.008638682061,-0.004795621598,0.002733635982,0,,,,,,,,0,28.61423947,77.21025009,0.6703033103,,
20.79,-3.698462151,-6.723991207,6.098605619,-0.004088998284,-0.003442568251,0.000614010555,0,,,,,,,,0,28.61423949,77.21025015,0.6832227418,,
20.8,-3.823989554,-6.55300568,6.186525436,0.00187780876,-0.003386957849,-0.001791898589,0,,,,,,,,0,28.61423951,77.21025022,0.6961929188,0.6202377081,-1.795879841
20.81,-3.767789231,-6.666567091,6.055707438,0.001868729641,-0.005369977988,-0.001280838051,0,,,,,,,,0,28.61423952,77.21025029,0.7092126037,,
20.82,-3.748308196,-6.761288788,6.040971316,0.004149446399,-0.003711633341,-0.006098168487,0,,,,,,,,0,28.61423954,77.21025036,0.722280589,,
20.83,-3.848075879,-6.678428357,6.158983388,-0.002431539553,0.005043033237,0.001399436,0,,,,,,,,0,28.61423956,77.21025043,0.7353956966,,
20.84,-3.78651381,-6.744598786,6.068793343,-0.002515724068,0.001636546051,-0.002749109133,0,,,,,,,,0,28.61423958,77.2102505,0.7485567772,,
20.85,-3.792147688,-6.683895254,5.944567826,-0.001197257955,-0.002041221892,0.001402441643,0,,,,,,,,0,28.6142396,77.21025057,0.7617627094,,
20.86,-3.812515925,-6.721047497,6.044394012,0.0006075209487,-0.004797864093,0.001376371566,0,,,,,,,,0,28.61423962,77.21025065,0.7750123994,,
20.87,-3.705787888,-6.742890081,5.972886474,0.002640481084,-0.005108138804,-0.002406969911,0,,,,,,,,0,28.61423964,77.21025072,0.7883047799,,
20.88,-3.78098986,-6.677245623,5.981470188,-0.002725647174,-0.003801275344,-0.002264034724,0,,,,,,,,0,28.61423966,77.2102508,0.8016388097,,
20.89,-3.861544532,-6.756216515,6.137190761,-0.003835870032,-0.003358785497,0.000932851864,0,,,,,,,,0,28.61423968,77.21025088,0.8150134729,,
20.9,-3.811105392,-6.698824951,5.984229494,-0.0002780894701,-0.002805834801,0.002195019629,0,,,,,,,,0,28.61423971,77.21025096,0.8284277784,1.295415282,-1.070322514
20.91,-3.843050914,-6.677159357,6.118508601,-0.001325283057,-0.001862455596,-0.001532032249,0,,,,,,,,0,28.61423973,77.21025104,0.8418807594,,
20.92,-3.796870549,-6.704603945,6.077500544,0.002144630248,-0.003152240871,0.001560294206,0,,,,,,,,0,28.61423975,77.21025112,0.8553714726,,
20.93,-3.847203482,-6.754946785,6.025986658,-0.003461473157,0.0006506827544,0.002707655194,0,,,,,,,,0,28.61423977,77.21025121,0.8688989977,,
20.94,-3.780374373,-6.638910483,6.01554706,0.002518379105,-0.002555476548,0.002851862747,0,,,,,,,,0,28.6142398,77.21025129,0.8824624368,,
20.95,-3.892528891,-6.62137405,6.058982399,0.0009482847218,-0.00669286537,-0.0009855058039,0,,,,,,,,0,28.61423982,77.21025138,0.8960609139,,
20.96,-3.907517726,-6.7639516,6.06838687,-0.00203347836,-0.003182956427,-0.001882426395,0,,,,,,,,0,28.61423984,77.21025147,0.9096935745,,
20.97,-3.826194975,-6.756707129,5.9943369,0.004456544711,-0.005616192409,0.000225164772,0,,,,,,,,0,28.61423987,77.21025156,0.9233595849,,
20.98,-3.780493665,-6.650904055,6.080327504,-0.0006796865302,-0.002445453525,0.0001008970415,0,,,,,,,,0,28.61423989,77.21025165,0.9370581316,,
20.99,-3.784038773,-6.709546906,6.030931448,0.0007025347669,0.002116447033,-0.000294281149,0,,,,,,,,0,28.61423992,77.21025174,0.9507884211,,
21,-3.899180199,-6.659423852,6.075690151,0.0001144548886,-0.001967382773,0.002707484971,0,,,,,,,,0,28.61423994,77.21025183,0.9645496791,1.143742681,-1.15121901
21.01,-3.874350038,-6.735542473,6.094775976,-0.004404890918,-0.003094048204,0.006721822739,0,,,,,,,,0,28.61423997,77.21025193,0.9783411504,,
21.02,-3.843165077,-6.673973602,6.065814737,0.001009749535,-0.003252362908,0.003876540766,0,,,,,,,,0,28.61423999,77.21025202,0.9921620979,,
21.03,-3.849419585,-6.721483139,6.061087681,0.0004109676611,-0.0007347516433,0.005761852161,0,,,,,,,,0,28.61424002,77.21025212,1.006011803,,
21.04,-3.769870409,-6.74972133,6.075150116,0.003968836927,-0.001758245289,0.001527126389,0,,,,,,,,0,28.61424005,77.21025222,1.019889564,,
21.05,-3.913417987,-6.722112319,5.941815673,0.004831232714,0.003563952168,-0.001502531043,0,,,,,,,,0,28.61424007,77.21025232,1.033794696,,
21.06,-3.853554806,-6.659623599,6.017209077,-0.005261513757,-0.001780505827,0.0004948390627,0,,,,,,,,0,28.6142401,77.21025242,1.047726533,,
21.07,-3.828586444,-6.748847062,6.045740551,0.001746474606,-0.0001830622334,-0.002020979682,0,,,,,,,,0,28.61424013,77.21025252,1.061684422,,
21.08,-3.838432733,-6.719116963,6.021758688,0.004312945752,0.001123489251,-0.005176610492,0,,,,,,,,0,28.61424016,77.21025262,1.075667729,,
21.09,-3.932167523,-6.750894905,5.981597999,-0.0003179689399,0.0003689887296,-0.000375570677,0,,,,,,,,0,28.61424019,77.21025273,1.089675833,,
21.1,-3.814822086,-6.711186942,6.014138548,-0.001336133356,0.00030607662,-0.001914260743,0,,,,,,,,0,28.61424022,77.21025284,1.10370813,1.221662641,-1.299472928
21.11,-3.831136328,-6.596458272,6.085637585,-0.01018417235,-0.00382653768,0.0001640979582,0,,,,,,,,0,28.61424024,77.21025294,1.117764029,,
21.12,-3.8107002,-6.75382103,6.055142782,-0.0007704362484,0.0007419212854,0.002301938959,0,,,,,,,,0,28.61424027,77.21025305,1.131842956,,
21.13,-3.92500889,-6.66390895,5.910500806,0.0004917176475,-0.003208272632,0.002645867398,0,,,,,,,,0,28.6142403,77.21025316,1.145944347,,
21.14,-3.859084258,-6.814664854,6.028870196,-0.002028222281,0.001014563274,0.0003802446838,0,,,,,,,,0,28.61424033,77.21025328,1.160067655,,
21.15,-3.895396322,-6.674652528,6.026301195,0.005425204519,3.536546199e-05,-0.003543240902,0,,,,,,,,0,28.61424037,77.21025339,1.174212347,,
21.16,-3.928617062,-6.766686992,5.962605118,0.005117069205,-0.002762692511,-0.0002150889373,0,,,,,,,,0,28.6142404,77.2102535,1.188377899,,
21.17,-3.827371567,-6.721132866,6.025034873,-0.0001546493602,0.0001464924587,-0.002702477799,0,,,,,,,,0,28.61424043,77.21025362,1.202563804,,
21.18,-3.911723296,-6.727965608,6.062069965,-0.003532420752,-0.003502574586,-0.006542865503,0,,,,,,,,0,28.61424046,77.21025374,1.216769565,,
21.19,-3.915072935,-6.635867899,6.061878753,-0.0008072158837,-0.0001801814976,-0.004129414464,0,,,,,,,,0,28.61424049,77.21025386,1.230994698,,
21.2,-3.892599698,-6.744677222,6.041190569,0.00296912372,0.0007413101742,0.000645320121,0,,,,,,,,0,28.61424053,77.21025398,1.245238729,1.239702821,-1.344867945
21.21,-3.993768883,-6.763009793,6.045360256,0.003022729206,-0.001186432441,0.0005343799907,0,,,,,,,,0,28.61424056,77.2102541,1.259501199,,
21.22,-3.811425697,-6.751092051,5.960900902,-0.001703457841,-0.001517077416,-0.00612928033,0,,,,,,,,0,28.61424059,77.21025422,1.273781658,,
21.23,-3.867109031,-6.730915996,6.043614246,0.007870619903,-0.004591384206,-0.0002689418771,0,,,,,,,,0,28.61424063,77.21025435,1.288079666,,
21.24,-3.941318854,-6.70530267,5.969985963,-0.0002054686866,-0.0005902488176,0.0004259443372,0,,,,,,,,0,28.61424066,77.21025447,1.302394796,,
21.25,-3.87442066,-6.65991896,6.067155337,-0.0002902677346,-0.006403345444,-0.0006702350743,0,,,,,,,,0,28.61424069,77.2102546,1.316726631,,
21.26,-3.866274575,-6.693724959,6.076375569,-0.001235629737,-0.005528748516,-0.00211315544,0,,,,,,,,0,28.61424073,77.21025473,1.331074762,,
21.27,-3.954418768,-6.719484165,6.081688168,-0.0008082533938,-0.005146257025,0.001036584994,0,,,,,,,,0,28.61424076,77.21025486,1.345438792,,
21.28,-3.909288264,-6.712561025,5.949197682,0.004843494853,-0.006040158605,0.005257009923,0,,,,,,,,0,28.6142408,77.21025499,1.359818333,,
21.29,-3.855402737,-6.725014223,6.056388871,0.003481418912,-0.002772763114,-0.004777034478,0,,,,,,,,0,28.61424084,77.21025513,1.374213008,,
21.3,-3.894323234,-6.736343688,5.950823878,-0.00635927006,0.001857213796,4.390984071e-05,0,,,,,,,,0,28.61424087,77.21025526,1.388622447,1.234464169,-1.420481443
21.31,-3.954560449,-6.702691822,5.932093443,0.001859919926,8.841777432e-05,-0.006280691711,0,,,,,,,,0,28.61424091,77.2102554,1.40304629,,
21.32,-3.899357431,-6.730564597,6.002128302,-0.0005184257786,-0.004030727085,0.0002743739724,0,,,,,,,,0,28.61424095,77.21025553,1.417484185,,
21.33,-3.85115876,-6.77530002,5.911529046,0.001825284777,-0.003084168464,0.004954789069,0,,,,,,,,0,28.61424099,77.21025567,1.43193579,,
21.34,-3.893393331,-6.749036111,6.011436544,-0.001077142862,0.00385903383,0.002079423629,0,,,,,,,,0,28.61424102,77.21025581,1.446400771,,
21.35,-3.910123567,-6.69774857,5.96650899,0.003346077242,-0.0005911073502,-0.002366958635,0,,,,,,,,0,28.61424106,77.21025595,1.460878801,,
21.36,-3.92265734,-6.720174724,5.992365236,-0.00872059702,-0.004384871987,-0.0005278601647,0,,,,,,,,0,28.6142411,77.2102561,1.475369562,,
21.37,-3.764694519,-6.706217601,5.927671559,-0.005826923594,0.0003356819119,-0.0009474096339,0,,,,,,,,0,28.61424114,77.21025624,1.489872743,,
21.38,-3.866298504,-6.720091185,6.023746119,-0.005933161844,-0.00135361159,0.0002358178448,0,,,,,,,,0,28.61424118,77.21025639,1.504388042,,
21.39,-3.84832887,-6.757026246,6.038747106,-0.0009810741482,-0.003010099048,0.001042419147,0,,,,,,,,0,28.61424122,77.21025653,1.518915163,,
21.4,-3.949800264,-6.665367125,5.918985669,-0.003414709605,-0.001224021115,-0.003451708682,0,,,,,,,,0,28.61424126,77.21025668,1.533453818,1.405951738,-1.582840204
21.41,-3.887987134,-6.715870476,5.978127761,0.002554277417,-0.004072115168,9.440163391e-05,0,,,,,,,,0,28.6142413,77.21025683,1.548003725,,
21.42,-3.929281065,-6.712795106,5.976234423,-0.003598686197,0.0006472630417,-0.002453457205,0,,,,,,,,0,28.61424134,77.21025698,1.56256461,,
21.43,-3.814808238,-6.703814248,5.972109625,-0.006384983617,-0.004578166166,-0.00386146115,0,,,,,,,,0,28.61424138,77.21025714,1.577136204,,
21.44,-3.947442608,-6.812286116,6.053442939,0.002645659479,0.004256411095,0.004483784392,0,,,,,,,,0,28.61424143,77.21025729,1.591718248,,
21.45,-3.848756289,-6.699329353,5.990515684,-0.001503948855,-0.003804329564,-2.122542731e-05,0,,,,,,,,0,28.61424147,77.21025745,1.606310486,,
21.46,-3.880330824,-6.650537443,6.069542967,-0.001675849017,-0.00317009567,-0.00301617106,0,,,,,,,,0,28.61424151,77.2102576,1.620912669,,
21.47,-3.930532778,-6.714912807,5.913126144,-0.000490923341,-0.001709807016,-0.0006917505016,0,,,,,,,,0,28.61424155,77.21025776,1.635524555,,
21.48,-3.91881003,-6.639545943,6.042063435,0.007263529742,-0.005193628803,0.003987095927,0,,,,,,,,0,28.6142416,77.21025792,1.650145908,,
21.49,-3.899091656,-6.70075405,5.959134719,-0.0007084721133,-0.002903492067,0.0002982286971,0,,,,,,,,0,28.61424164,77.21025808,1.664776495,,
21.5,-3.951397793,-6.618963492,5.933041266,0.0004839646332,0.0009899072319,-0.001380106094,0,,,,,,,,0,28.61424168,77.21025825,1.679416093,1.570441365,-1.639897823
21.51,-3.917795509,-6.695756171,6.007063197,0.003436412912,0.001863620842,0.001397607239,0,,,,,,,,0,28.61424173,77.21025841,1.694064481,,
21.52,-3.964582097,-6.708627676,5.985231091,-0.001262957995,-0.002448017015,-0.003711645678,0,,,,,,,,0,28.61424177,77.21025858,1.708721445,,
21.53,-3.864746269,-6.792478875,5.9188754,0.003213226244,-0.002532691877,0.001739617844,0,,,,,,,,0,28.61424182,77.21025874,1.723386776,,
21.54,-3.854553505,-6.777264012,5.961888383,-0.0009994125001,-0.002141115931,0.0005054052658,0,,,,,,,,0,28.61424187,77.21025891,1.738060269,,
21.55,-3.931694661,-6.79532249,5.998126519,-0.003121999696,-0.0005868409239,-0.002931815521,0,,,,,,,,0,28.61424191,77.21025908,1.752741726,,
21.56,-3.908440272,-6.76667065,5.969717639,0.002107370208,-0.005146692094,-0.0006544490033,0,,,,,,,,0,28.61424196,77.21025926,1.767430952,,
21.57,-3.915392745,-6.754590935,6.049381258,-0.0002848449347,-0.002300190123,0.0008935054847,0,,,,,,,,0,28.61424201,77.21025943,1.782127758,,
21.58,-3.986208856,-6.704324388,5.98916895,0.00226665851,-0.001887736861,3.976806873e-06,0,,,,,,,,0,28.61424205,77.2102596,1.796831959,,
21.59,-3.987512846,-6.784352327,5.987559899,0.0003488827789,-0.006116368784,-0.002763201171,0,,,,,,,,0,28.6142421,77.21025978,1.811543375,,
21.6,-3.90176927,-6.845060301,5.959624799,0.001483806758,8.075008484e-05,-0.000279541752,0,,,,,,,,0,28.61424215,77.21025996,1.826261829,1.793655038,-1.733598828
21.61,-3.806066203,-6.722714692,5.979655841,0.00153091078,-0.006187773718,0.003494905418,0,,,,,,,,0,28.6142422,77.21026013,1.84098715,,
21.62,-3.931967806,-6.706294227,6.01026031,-0.002888693113,-0.001554394715,0.001552428708,0,,,,,,,,0,28.61424225,77.21026031,1.855719171,,
21.63,-3.908839155,-6.702017194,5.930446427,0.000671836941,-0.007947094822,-0.0007623920007,0,,,,,,,,0,28.6142423,77.2102605,1.870457728,,
21.64,-3.882163274,-6.677640377,6.036233873,0.00143133736,0.0004538713613,-0.00112461959,0,,,,,,,,0,28.61424235,77.21026068,1.885202661,,
21.65,-3.871364622,-6.733835702,6.04092431,0.00191058981,-0.002882102161,0.0009843390656,0,,,,,,,,0,28.6142424,77.21026086,1.899953816,,
21.66,-3.959007388,-6.738158847,5.977189317,-0.004371184243,-0.0004331174106,-1.099503562e-05,0,,,,,,,,0,28.61424245,77.21026105,1.91471104,,
21.67,-4.00323017,-6.663423772,6.022299975,0.0002347405466,-0.003677666689,0.004173927056,0,,,,,,,,0,28.6142425,77.21026124,1.929474185,,
21.68,-3.957775093,-6.653078939,6.053284498,0.004072313683,0.000415256106,-0.004665917755,0,,,,,,,,0,28.61424255,77.21026143,1.944243107,,
21.69,-3.947501946,-6.73509634,5.934938303,0.001453614278,-0.004188528975,0.0008159437093,0,,,,,,,,0,28.6142426,77.21026162,1.959017666,,
21.7,-3.854833818,-6.75682958,6.017361364,0.00114114618,-0.002919114686,-0.0007134180351,0,,,,,,,,0,28.61424265,77.21026181,1.973797723,2.011249781,-1.813130498
21.71,-3.975592086,-6.681938189,6.084698281,-0.006413429783,-0.004252631773,0.001046763795,0,,,,,,,,0,28.6142427,77.210262,1.988583144,,
21.72,-3.959271883,-6.670535092,5.93186451,0.002302851878,-0.0003301969391,0.004796355426,0,,,,,,,,0,28.61424276,77.2102622,2.003373799,,
21.73,-3.918994803,-6.736989197,5.991095787,-0.002226223109,-0.003262145678,0.0004213728338,0,,,,,,,,0,28.61424281,77.21026239,2.01816956,,
21.74,-3.886954453,-6.687819651,5.943971672,0.00151713422,-0.005696475952,-0.001315843843,0,,,,,,,,0,28.61424286,77.21026259,2.032970303,,
21.75,-3.957144194,-6.764253183,6.011891854,0.001515887651,0.0004291079057,0.00053148097,0,,,,,,,,0,28.61424292,77.21026279,2.047775905,,
21.76,-3.896243355,-6.747615183,6.00320259,0.001953114199,-0.002582265131,0.0008802109346,0,,,,,,,,0,28.61424297,77.21026299,2.062586249,,
21.77,-3.896562367,-6.706423841,5.966400944,-0.003391420592,0.0003514202895,0.006304333705,0,,,,,,,,0,28.61424303,77.21026319,2.077401218,,
21.78,-3.897152576,-6.67536647,6.001505575,0.001342672419,0.005645834396,0.003054612079,0,,,,,,,,0,28.61424308,77.21026339,2.092220701,,
21.79,-3.9451477,-6.658240396,5.979880381,-0.003239143381,-0.001597536506,0.004800733177,0,,,,,,,,0,28.61424314,77.2102636,2.107044586,,
21.8,-3.87591448,-6.808692676,5.935465959,-0.002532120216,0.0009444364707,0.005333778743,0,,,,,,,,0,28.61424319,77.2102638,2.121872767,2.074127436,-1.828200817
21.81,-3.909777984,-6.790009031,6.046331297,-0.003038870402,-0.0005593397666,0.002737701129,0,,,,,,,,0,28.61424325,77.21026401,2.136705138,,
21.82,-3.954450474,-6.742298363,6.003981152,0.0009895825078,0.0009013212095,0.0001571392606,0,,,,,,,,0,28.61424331,77.21026422,2.151541598,,
21.83,-3.906199111,-6.747961316,5.968626357,0.003028254785,-0.001805805578,-0.0004600239083,0,,,,,,,,0,28.61424336,77.21026443,2.166382047,,
21.84,-3.915876742,-6.68597337,5.994183561,0.006524641797,-9.121513905e-05,0.001451765621,0,,,,,,,,0,28.61424342,77.21026464,2.181226388,,
21.85,-3.876480868,-6.695357785,5.884596393,-0.001219684172,-0.002119475795,-0.007102717363,0,,,,,,,,0,28.61424348,77.21026486,2.196074525,,
21.86,-3.888085308,-6.693750195,5.963193725,0.000250289085,0.001153167102,0.0004674295591,0,,,,,,,,0,28.61424354,77.21026507,2.210926365,,
21.87,-3.973057508,-6.787016906,5.948683094,-0.001563858906,-0.00292095619,-0.006950795074,0,,,,,,,,0,28.6142436,77.21026529,2.22578182,,
21.88,-3.93205176,-6.687562723,5.934291882,0.003172414061,0.000724468036,0.002885341688,0,,,,,,,,0,28.61424366,77.21026551,2.2406408,,
21.89,-3.94165883,-6.64324607,5.939863259,-0.0003761839106,-0.003387679183,-0.0008979618662,0,,,,,,,,0,28.61424372,77.21026573,2.255503219,,
21.9,-3.953057631,-6.636127535,5.878155742,0.002311900061,-0.003872920084,-0.0004041733338,0,,,,,,,,0,28.61424378,77.21026595,2.270368995,2.18543005,-1.842828989
21.91,-3.898378707,-6.785486091,5.985336563,0.00129549627,-0.001949410079,0.0001150671757,0,,,,,,,,0,28.61424384,77.21026617,2.285238043,,
21.92,-3.984454501,-6.740476843,5.93806153,0.003224370601,-0.007640994669,0.004489371613,0,,,,,,,,0,28.6142439,77.21026639,2.300110286,,
21.93,-3.92558995,-6.681191855,6.035683778,-0.003867843801,0.003315882343,-0.0006471049782,0,,,,,,,,0,28.61424396,77.21026662,2.314985645,,
21.94,-3.936168261,-6.765707418,5.88791602,-0.004984242948,-0.004806598294,0.003263498685,0,,,,,,,,0,28.61424402,77.21026684,2.329864044,,
21.95,-3.935977445,-6.79116071,6.02850978,-0.000324290605,0.0006688502627,-0.001253193658,0,,,,,,,,0,28.61424408,77.21026707,2.344745409,,
21.96,-3.93462194,-6.768176079,5.912398635,0.001731719058,-0.00645081468,-0.0006877544663,0,,,,,,,,0,28.61424414,77.2102673,2.359629667,,
21.97,-4.008218793,-6.66442163,6.002044973,0.002179367327,-0.005744679692,-0.0009506555187,0,,,,,,,,0,28.61424421,77.21026753,2.374516748,,
21.98,-3.941935243,-6.761146684,5.992061235,-0.002374316298,-0.003270508695,-0.001294975163,0,,,,,,,,0,28.61424427,77.21026777,2.389406584,,
21.99,-3.913586225,-6.753108812,5.960417334,0.004530567715,-0.002330648687,-0.0002452834155,0,,,,,,,,0,28.61424433,77.210268,2.404299106,,
22,-3.943830597,-6.757617444,5.961912978,-0.007912168357,-0.003868183214,-0.007691357163,0,,,,,,,,0,28.6142444,77.21026823,2.41919425,2.236535788,-1.879487514
22.01,-3.894256462,-6.750271279,6.021772187,0.004466515285,-0.002047191303,0.001856142449,0,,,,,,,,0,28.61424446,77.21026847,2.434091951,,
22.02,-3.856350372,-6.822235549,6.029458437,-0.00303470049,0.0008687634208,-0.0001491567572,0,,,,,,,,0,28.61424453,77.21026871,2.448992147,,
22.03,-3.947203713,-6.816210654,5.939610249,0.002636825322,-0.00252413646,-0.0006113235094,0,,,,,,,,0,28.61424459,77.21026895,2.463894778,,
22.04,-3.907336191,-6.711771444,5.98808931,-0.0006097637405,-0.0004244721327,-0.004046824012,0,,,,,,,,0,28.61424466,77.21026919,2.478799783,,
22.05,-3.948799244,-6.704955977,5.975449688,-0.00128121724,0.005210037708,-0.006918296958,0,,,,,,,,0,28.61424472,77.21026943,2.493707106,,
22.06,-3.919992395,-6.78645568,6.090907894,-0.001073623769,0.0006076968061,0.003210692674,0,,,,,,,,0,28.61424479,77.21026968,2.508616689,,
22.07,-3.899859413,-6.771606183,5.932219213,0.004058867914,4.312415913e-05,0.0008362531575,0,,,,,,,,0,28.61424486,77.21026992,2.523528477,,
22.08,-3.965959862,-6.628154551,5.957927734,-0.006437657923,-0.001648756649,0.001372016191,0,,,,,,,,0,28.61424492,77.21027017,2.538442416,,
22.09,-3.919497596,-6.621819426,5.995547993,0.003372237317,0.0009718886719,-0.004793476114,0,,,,,,,,0,28.61424499,77.21027042,2.553358455,,
22.1,-3.965957152,-6.729891789,5.957788278,0.00716208858,-0.002200908901,0.007623470221,0,,,,,,,,0,28.61424506,77.21027067,2.568276541,2.189614773,-1.836328149
22.11,-3.993806555,-6.663219613,6.037719793,-0.00534940271,-0.0005582182222,0.00242719771,0,,,,,,,,0,28.61424513,77.21027092,2.583196626,,
22.12,-4.013767953,-6.726386781,5.98521796,-0.003556665182,-0.001597261128,0.003618240197,0,,,,,,,,0,28.61424519,77.21027117,2.598118659,,
22.13,-3.903622506,-6.80820285,5.950387697,-0.001793670965,-0.001006841974,0.0002780031142,0,,,,,,,,0,28.61424526,77.21027143,2.613042594,,
22.14,-4.018755696,-6.740754797,5.966114255,-0.0007766860707,-0.01094370367,0.0007159035189,0,,,,,,,,0,28.61424533,77.21027168,2.627968385,,
22.15,-3.887645941,-6.715109934,5.976054688,0.001370464712,-0.004038876902,0.003495160318,0,,,,,,,,0,28.6142454,77.21027194,2.642895985,,
22.16,-3.979827565,-6.737346941,6.015702886,0.008337449909,0.004229972205,-0.004334689344,0,,,,,,,,0,28.61424547,77.2102722,2.657825351,,
22.17,-3.959926531,-6.783278241,5.974940538,0.0009869619404,0.0005717090735,0.00172525031,0,,,,,,,,0,28.61424554,77.21027246,2.67275644,,
22.18,-3.953698255,-6.693276096,5.993353973,0.003479786074,-0.003389101622,0.001198131371,0,,,,,,,,0,28.61424561,77.21027272,2.68768921,,
22.19,-3.97083491,-6.759570228,5.877905467,0.0005363213832,-0.001766070815,-0.001259554848,0,,,,,,,,0,28.61424569,77.21027298,2.70262362,,
22.2,-3.905665751,-6.675233709,5.930501535,5.870917842e-05,0.0002687241022,0.002975256747,0,,,,,,,,0,28.61424576,77.21027325,2.717559629,2.168952465,-1.835167885
22.21,-3.916878445,-6.720571162,5.968071224,-0.003380998271,-0.003955587357,-0.0001846846007,0,,,,,,,,0,28.61424583,77.21027351,2.732497199,,
22.22,-3.881199802,-6.75945827,6.028345079,-0.002533551267,-0.0001060711277,0.0001570507935,0,,,,,,,,0,28.6142459,77.21027378,2.747436292,,
22.23,-3.928933355,-6.596655397,5.948309523,0.003004415728,-0.001909396868,-0.002152265693,0,,,,,,,,0,28.61424598,77.21027405,2.76237687,,
22.24,-3.967080627,-6.772981831,5.964472881,-0.003776197395,-0.004546092146,-0.0005940185341,0,,,,,,,,0,28.61424605,77.21027432,2.777318897,,
22.25,-3.882269162,-6.775567387,5.950128184,-0.006045902244,0.002601302666,0.003547932172,0,,,,,,,,0,28.61424612,77.21027459,2.792262339,,
22.26,-3.969480166,-6.730974798,5.955298838,0.002390002825,-0.007973608995,0.001926748307,0,,,,,,,,0,28.6142462,77.21027486,2.80720716,,
22.27,-3.97386298,-6.781697936,6.048313222,0.002946920624,-0.004437552918,0.00151921742,0,,,,,,,,0,28.61424627,77.21027514,2.822153327,,
22.28,-3.955991263,-6.739099307,6.046471088,-0.000951724039,-0.007644939936,0.001252001205,0,,,,,,,,0,28.61424635,77.21027542,2.837100807,,
22.29,-3.870290805,-6.751256543,6.041832351,-0.00211056061,-0.004299503748,-0.002752659351,0,,,,,,,,0,28.61424642,77.21027569,2.852049567,,
22.3,-3.918566782,-6.697982249,6.011550677,-0.0007949699072,-0.002590606535,0.006468591386,0,,,,,,,,0,28.6142465,77.21027597,2.866999578,2.248549938,-1.849593043
22.31,-3.989868029,-6.705420085,5.976753296,0.002537427425,-0.00337851648,0.001839090817,0,,,,,,,,0,28.61424657,77.21027625,2.881950808,,
22.32,-3.903637965,-6.744656121,5.938342561,9.28869129e-06,-0.001312956847,-0.003024866444,0,,,,,,,,0,28.61424665,77.21027653,2.896903227,,
22.33,-3.967534816,-6.707247675,6.017985952,0.004065595484,0.0002333569877,0.001148405931,0,,,,,,,,0,28.61424673,77.21027682,2.911856807,,
22.34,-4.014319652,-6.725673368,6.017784454,-0.002664339089,-0.002990270081,-0.0003396776222,0,,,,,,,,0,28.61424681,77.2102771,2.926811519,,
22.35,-4.01204274,-6.707731123,5.90340109,-0.0004543554708,-0.003969949344,-0.001258717534,0,,,,,,,,0,28.61424688,77.21027739,2.941767336,,
22.36,-3.998603344,-6.70669699,6.01007121,-0.002231771871,0.003546185379,-0.002956285942,0,,,,,,,,0,28.61424696,77.21027768,2.95672423,,
22.37,-3.874134993,-6.700790708,5.991351726,0.0008848763535,-0.00256525471,0.004340091768,0,,,,,,,,0,28.61424704,77.21027797,2.971682175,,
22.38,-3.96146617,-6.708157305,6.012811423,-0.001818070588,-0.00214248429,0.002025120857,0,,,,,,,,0,28.61424712,77.21027826,2.986641147,,
22.39,-3.94454852,-6.740159203,6.038402472,0.005390995001,0.001896417227,0.00454015905,0,,,,,,,,0,28.6142472,77.21027855,3.001601119,,
22.4,-3.934476304,-6.795429375,5.98639378,0.0002325644897,-0.0004053532634,0.001215831567,0,,,,,,,,0,28.61424728,77.21027884,3.016562067,2.16701436,-1.835799932
22.41,-3.964058535,-6.691137789,5.913555941,-0.0007081887132,-0.003657955476,-0.005788452377,0,,,,,,,,0,28.61424736,77.21027914,3.031523968,,
22.42,-4.028202632,-6.720380414,5.996833717,-0.001501150935,-0.006005043524,0.0005366887936,0,,,,,,,,0,28.61424744,77.21027944,3.046486798,,
22.43,-4.047040791,-6.618108838,5.968620723,-3.984656828e-05,-0.002853933324,-0.004580157278,0,,,,,,,,0,28.61424752,77.21027973,3.061450535,,
22.44,-3.987330294,-6.693432599,5.942083198,0.001855391808,-0.008423343919,0.001394842683,0,,,,,,,,0,28.6142476,77.21028003,3.076415156,,
22.45,-3.961399165,-6.748046699,6.026688122,-0.00236949136,0.004000145707,0.003552546668,0,,,,,,,,0,28.61424768,77.21028033,3.09138064,,
22.46,-3.976764759,-6.741717253,5.935221436,0.0003984187917,-0.001503413567,-0.001041707531,0,,,,,,,,0,28.61424776,77.21028064,3.106346966,,
22.47,-3.972448675,-6.760882104,5.940630659,0.004167207938,-0.003223021667,0.001446772024,0,,,,,,,,0,28.61424785,77.21028094,3.121314113,,
22.48,-4.000789429,-6.732143587,5.982440696,-0.002260970452,-0.003529203449,-0.0003461404069,0,,,,,,,,0,28.61424793,77.21028125,3.136282061,,
22.49,-3.953955082,-6.788684058,5.897441646,0.001909749017,9.732391713e-05,-0.004029822321,0,,,,,,,,0,28.61424801,77.21028155,3.151250791,,
22.5,-3.975747909,-6.770323439,5.962384262,0.001160280877,0.001384726818,-0.0008498300856,0,,,,,,,,0,28.6142481,77.21028186,3.166220284,2.242007971,-1.873165846
22.51,-3.913535907,-6.740907584,6.040386548,0.001367808097,0.002504917013,-0.006571257993,0,,,,,,,,0,28.61424818,77.21028217,3.181190521,,
22.52,-3.990862853,-6.745565673,6.040024352,0.0003143191352,-0.002705308258,0.006362066439,0,,,,,,,,0,28.61424827,77.21028248,3.196161484,,
22.53,-3.861000213,-6.745605421,5.914094132,0.002008393374,-0.002508251253,-0.003648153087,0,,,,,,,,0,28.61424835,77.2102828,3.211133155,,
22.54,-3.859912445,-6.71695972,5.925445447,0.004531717068,0.001463033768,0.0008643894675,0,,,,,,,,0,28.61424844,77.21028311,3.226105517,,
22.55,-3.953523882,-6.602861522,5.959885792,-0.004804300821,0.0005523374854,0.003762549823,0,,,,,,,,0,28.61424852,77.21028343,3.241078554,,
22.56,-3.906484578,-6.764478325,5.984182596,0.0006258762899,-0.000349618261,0.002944471728,0,,,,,,,,0,28.61424861,77.21028374,3.256052247,,
22.57,-3.893657131,-6.705752942,5.985527105,-0.002286869501,-0.0002185060694,-0.0005199343945,0,,,,,,,,0,28.61424869,77.21028406,3.271026583,,
22.58,-3.952095267,-6.705342149,5.855209439,0.0006862212665,-7.847222101e-05,0.002120797673,0,,,,,,,,0,28.61424878,77.21028438,3.286001544,,
22.59,-3.963882486,-6.694863007,5.9906994,-0.002305492938,-0.002819099862,-0.001908800767,0,,,,,,,,0,28.61424887,77.2102847,3.300977116,,
22.6,-3.95127353,-6.666456955,5.95821039,0.002578010493,-0.003018143811,0.003296767479,0,,,,,,,,0,28.61424896,77.21028503,3.315953284,2.228867054,-1.88489747
22.61,-3.805125901,-6.632184226,6.088644907,0.0002029344072,-0.003177912655,0.004787655844,0,,,,,,,,0,28.61424904,77.21028535,3.330930033,,
22.62,-3.856784609,-6.712669178,5.873278665,-0.004619033891,-0.004715313136,0.001192185291,0,,,,,,,,0,28.61424913,77.21028568,3.34590735,,
22.63,-3.862492568,-6.694815811,5.944865362,0.002471678347,-0.0003862232383,-0.00126608344,0,,,,,,,,0,28.61424922,77.210286,3.360885219,,
22.64,-3.959633401,-6.77142091,6.006373344,-0.001555111523,-0.002636406989,0.001528748252,0,,,,,,,,0,28.61424931,77.21028633,3.375863628,,
22.65,-4.014899619,-6.683007913,5.989708543,-0.001653256296,-0.001830657263,0.001258712191,0,,,,,,,,0,28.6142494,77.21028666,3.390842564,,
22.66,-3.907124733,-6.761048988,5.990074405,0.002053716992,-0.003847772215,-0.003394377294,0,,,,,,,,0,28.61424949,77.210287,3.405822014,,
22.67,-3.956728886,-6.712158754,5.92308724,0.0008110923667,-0.002606059038,0.002035518597,0,,,,,,,,0,28.61424958,77.21028733,3.420801965,,
22.68,-3.955189411,-6.739569417,6.00330266,-0.0003078290734,-0.002753517296,0.0009893497945,0,,,,,,,,0,28.61424967,77.21028766,3.435782405,,
22.69,-3.989951252,-6.821811384,5.946684193,0.002739914178,0.002273064284,-0.004769887754,0,,,,,,,,0,28.61424976,77.210288,3.450763322,,
22.7,-3.977746654,-6.746629249,5.996863771,0.001130236878,0.003338931883,-0.0009739386982,0,,,,,,,,0,28.61424986,77.21028834,3.465744704,2.506783247,-1.983615637
22.71,-3.978308002,-6.724726777,5.935950337,0.0001621251938,-7.418628889e-05,0.001791583706,0,,,,,,,,0,28.61424995,77.21028868,3.480726541,,
22.72,-3.957558208,-6.714654262,5.951649098,-0.001548835093,-0.008317487441,-0.0001456665768,0,,,,,,,,0,28.61425004,77.21028902,3.49570882,,
22.73,-3.889973089,-6.696537165,5.993582798,-0.004601944695,0.0002556946188,-0.0004803048185,0,,,,,,,,0,28.61425013,77.21028936,3.510691532,,
22.74,-3.99374515,-6.73253781,6.013351177,0.0006912352932,-0.007733539244,-0.0005552644454,0,,,,,,,,0,28.61425023,77.2102897,3.525674665,,
22.75,-3.855041795,-6.80825952,5.977518031,-0.007883978819,-0.0006304919492,-0.005015765117,0,,,,,,,,0,28.61425032,77.21029005,3.54065821,,
22.76,-3.952941528,-6.744340304,6.029145393,0.0006861039711,0.001512951267,-0.005307341408,0,,,,,,,,0,28.61425041,77.2102904,3.555642156,,
22.77,-3.94399592,-6.793801016,6.025163538,0.001971651662,-0.00510872843,-0.001097049645,0,,,,,,,,0,28.61425051,77.21029074,3.570626494,,
22.78,-3.965291113,-6.746342139,5.967030671,-0.0001761624176,-0.004686578087,-0.003372784608,0,,,,,,,,0,28.6142506,77.21029109,3.585611213,,
22.79,-3.941712512,-6.702847003,5.98671117,-0.004954170695,-0.0008383763205,0.0005582539622,0,,,,,,,,0,28.6142507,77.21029144,3.600596306,,
22.8,-3.936625603,-6.685627819,5.977495235,-0.003240864232,-0.005360905492,-0.001429423717,0,,,,,,,,0,28.61425079,77.2102918,3.615581762,2.472438812,-1.942686796
22.81,-3.91237344,-6.721441481,5.966128881,0.007577057726,-0.004917840776,0.005500698897,0,,,,,,,,0,28.61425089,77.21029215,3.630567572,,
22.82,-3.967200788,-6.653196509,5.953290179,-0.003515833924,-0.008011909734,0.003677335776,0,,,,,,,,0,28.61425099,77.21029251,3.645553729,,
22.83,-3.897585556,-6.674529217,5.993721957,0.003613044461,-0.002535893781,0.008017486898,0,,,,,,,,0,28.61425108,77.21029286,3.660540224,,
22.84,-3.905933702,-6.646339405,5.995561671,0.001091056189,0.0007179502205,0.002413442231,0,,,,,,,,0,28.61425118,77.21029322,3.675527047,,
22.85,-3.928855713,-6.676003336,5.972154348,-0.0009869953107,0.001058428064,-0.00579796489,0,,,,,,,,0,28.61425128,77.21029358,3.690514193,,
22.86,-3.946248408,-6.648680332,6.049262674,0.0001483118474,-0.0004311211435,-0.0002883458108,0,,,,,,,,0,28.61425138,77.21029394,3.705501651,,
22.87,-3.902216539,-6.73005512,5.927083826,-0.005295025238,-0.002725865128,-0.001562519353,0,,,,,,,,0,28.61425148,77.2102943,3.720489416,,
22.88,-3.954260928,-6.740537663,5.953348192,0.0005449722825,-0.003299304869,0.002168768596,0,,,,,,,,0,28.61425157,77.21029467,3.735477479,,
22.89,-3.899677549,-6.713961539,5.99604523,-0.001361344798,0.004042101017,0.000910474012,0,,,,,,,,0,28.61425167,77.21029503,3.750465833,,
22.9,-3.970848827,-6.77718579,5.933921241,-0.002754530674,-0.00490978136,-0.001622525267,0,,,,,,,,0,28.61425177,77.2102954,3.765454471,2.624593973,-2.011827469
22.91,-3.964041429,-6.729983585,5.980844798,0.002630709717,-0.0001271944565,0.0007442962066,0,,,,,,,,0,28.61425187,77.21029577,3.780443387,,
22.92,-3.907639401,-6.639714511,5.934722205,0.00102678391,-0.001497098531,-0.0005190544463,0,,,,,,,,0,28.61425197,77.21029614,3.795432572,,
22.93,-3.921095696,-6.619080536,5.960382913,-0.005704488926,-0.003887203947,-0.002487321265,0,,,,,,,,0,28.61425208,77.21029651,3.810422022,,
22.94,-3.959539633,-6.703316351,5.90296649,0.0007684128103,-0.005484083122,0.0003472973721,0,,,,,,,,0,28.61425218,77.21029688,3.825411729,,
22.95,-4.019518612,-6.768079139,5.984358047,0.001252594592,-0.002908048448,7.271750231e-05,0,,,,,,,,0,28.61425228,77.21029726,3.840401686,,
22.96,-3.999365627,-6.772868706,5.978022204,0.004554286445,0.001521259781,-0.001414654847,0,,,,,,,,0,28.61425238,77.21029763,3.855391889,,
22.97,-3.868116595,-6.739814011,5.945506671,0.0009824687816,0.0007476616375,-0.004844513291,0,,,,,,,,0,28.61425248,77.21029801,3.870382331,,
22.98,-3.931504875,-6.765424678,5.956458053,0.001499999477,-0.001426672602,6.309305143e-05,0,,,,,,,,0,28.61425259,77.21029839,3.885373006,,
22.99,-3.863904851,-6.700740489,5.926920196,0.000929063274,0.0007995424878,-0.0009869166598,0,,,,,,,,0,28.61425269,77.21029877,3.900363908,,
23,-3.989813504,-6.687854435,5.898937638,-0.00230374306,0.0003798374603,-0.002263491433,1,28.61425466,77.21026568,4.2,3.964405912,73.23446857,37.80259376,13,1,28.61425279,77.21029915,3.915355032,2.443459511,-1.953305602
23.01,-3.894935566,-6.708413601,5.98113891,-0.001598953136,-0.001703307297,-0.00060345725,0,,,,,,,,1,28.6142529,77.21029953,3.930346373,,
23.02,-3.979777406,-6.631958612,5.912423294,0.003287510515,-0.004393465334,0.0007389267783,0,,,,,,,,1,28.614253,77.21029992,3.945337925,,
23.03,-3.898586524,-6.702087918,6.031112844,-0.00153396207,-0.008119823501,-0.002545524037,0,,,,,,,,1,28.61425311,77.21030031,3.960329683,,
23.04,-3.987138236,-6.729864902,5.924396408,0.002725720736,-0.004936620579,0.003254482112,0,,,,,,,,1,28.61425321,77.21030069,3.975321642,,
23.05,-3.952663467,-6.705597989,6.010771263,0.004150429367,-0.008435822547,4.268245596e-05,0,,,,,,,,1,28.61425332,77.21030108,3.990313797,,
23.06,-3.962521851,-6.614377284,5.883906677,0.004183837532,-0.005399163117,0.002051987557,0,,,,,,,,1,28.61425342,77.21030147,4.005306143,,
23.07,-3.970684198,-6.795119035,5.977748866,-0.0007477355951,-0.0002462492701,-0.003143693497,0,,,,,,,,1,28.61425353,77.21030186,4.020298676,,
23.08,-3.98519127,-6.711855408,5.901453788,-0.002121786449,0.001628695791,0.0009392927393,0,,,,,,,,1,28.61425364,77.21030226,4.035291391,,
23.09,-3.977627614,-6.645800937,5.996898826,0.002030258846,-0.001203170208,-0.002934287962,0,,,,,,,,1,28.61425374,77.21030265,4.050284284,,
23.1,-3.943124845,-6.718292104,6.032928735,-0.002726774396,-0.003007012462,0.0002531475348,0,,,,,,,,1,28.61425385,77.21030305,4.065277351,2.514524698,-1.955141425
23.11,-3.918956669,-6.763156225,5.930181293,0.001103674967,0.0008541255472,0.004149860736,0,,,,,,,,1,28.61425396,77.21030345,4.080270586,,
23.12,-3.888572643,-6.729538042,5.986806212,0.00691510556,-0.0001128481889,-0.003332580763,0,,,,,,,,1,28.61425407,77.21030385,4.095263986,,
23.13,-3.960023852,-6.645743674,5.917590348,-0.001353073174,-0.0007087339122,0.004046150225,0,,,,,,,,1,28.61425418,77.21030425,4.110257548,,
23.14,-3.912566319,-6.757602272,6.025258164,-0.004327300441,-0.002231321194,-0.00644745184,0,,,,,,,,1,28.61425429,77.21030465,4.125251266,,
23.15,-3.945345801,-6.714612802,6.01633579,0.005573131297,-0.004507514,0.0005427560298,0,,,,,,,,1,28.6142544,77.21030505,4.140245138,,
23.16,-3.94529806,-6.674895207,5.863038269,0.0003329993567,-0.005813647573,0.001443808666,0,,,,,,,,1,28.61425451,77.21030546,4.155239159,,
23.17,-3.975083594,-6.693451349,5.959603581,0.002329591976,-0.0003201013338,-0.002856289873,0,,,,,,,,1,28.61425462,77.21030587,4.170233325,,
23.18,-3.925244214,-6.632903822,5.89030644,-0.002242645945,-0.002037524508,0.0002218273971,0,,,,,,,,1,28.61425473,77.21030627,4.185227635,,
23.19,-3.938911686,-6.821044406,5.99494583,-0.003148040251,-1.328637427e-05,0.002527666613,0,,,,,,,,1,28.61425484,77.21030668,4.200222082,,
23.2,-3.971233164,-6.694783553,6.019265705,-0.003400042538,0.002192271536,0.002268413275,0,,,,,,,,1,28.61425495,77.21030709,4.215216666,2.54471302,-1.96099782
23.21,-3.894372187,-6.75648781,6.087277816,0.002356950965,0.001690621078,0.0006110124183,0,,,,,,,,1,28.61425506,77.21030751,4.230211381,,
23.22,-3.956443518,-6.721247738,5.945393754,0.0004127757424,-0.005692294063,-0.005876072554,0,,,,,,,,1,28.61425517,77.21030792,4.245206226,,
23.23,-3.944057749,-6.701555071,6.019732856,0.001266124516,-0.003736433399,0.002981618413,0,,,,,,,,1,28.61425529,77.21030834,4.260201196,,
23.24,-3.93469797,-6.776874593,5.987246968,0.001288707375,0.00350044324,0.001031131062,0,,,,,,,,1,28.6142554,77.21030875,4.275196289,,
23.25,-3.956532406,-6.679748588,5.917409814,-0.00465831518,0.00269527122,7.303729826e-05,0,,,,,,,,1,28.61425551,77.21030917,4.290191501,,
23.26,-3.926567456,-6.763870994,5.982411774,0.001388648773,-0.006665951857,-0.002746667886,0,,,,,,,,1,28.61425563,77.21030959,4.30518683,,
23.27,-3.965966702,-6.621800632,5.994744278,-0.003538232183,-0.003592558012,-0.003088909006,0,,,,,,,,1,28.61425574,77.21031001,4.320182273,,
23.28,-4.028410845,-6.653957255,5.951412039,-0.004864370516,-0.003475896718,-0.0003797786409,0,,,,,,,,1,28.61425586,77.21031044,4.335177828,,
23.29,-3.922867228,-6.766107712,5.991779069,0.002910491305,-0.0006645221787,-0.001501902766,0,,,,,,,,1,28.61425597,77.21031086,4.35017349,,
23.3,-3.939332363,-6.772063268,5.986551945,-0.004828257258,0.003055398955,0.00064528125,0,,,,,,,,1,28.61425609,77.21031129,4.365169259,2.512771845,-1.969982505
23.31,-3.924852458,-6.7074843,5.913958899,-0.001050665183,-0.004872746369,-0.00153312837,0,,,,,,,,1,28.6142562,77.21031171,4.380165131,,
23.32,-4.00062893,-6.741636852,5.998902624,-0.002382200375,-0.004315890795,-0.007299221293,0,,,,,,,,1,28.61425632,77.21031214,4.395161103,,
23.33,-4.015639885,-6.725196262,5.911024603,-0.002922552822,-0.00257629467,-7.088293274e-06,0,,,,,,,,1,28.61425644,77.21031257,4.410157174,,
23.34,-3.891578729,-6.706010407,5.956641872,-0.0001410770166,0.001131793323,-0.004057116406,0,,,,,,,,1,28.61425655,77.210313,4.42515334,,
23.35,-3.874195711,-6.712411471,5.882140882,0.003109627228,-0.001714033119,0.00385068225,0,,,,,,,,1,28.61425667,77.21031344,4.4401496,,
23.36,-4.016711129,-6.743653122,6.06059285,0.001363720478,-0.004195082551,-0.005207262644,0,,,,,,,,1,28.61425679,77.21031387,4.455145952,,
23.37,-3.938198608,-6.756440856,5.933367002,-0.001984770458,-0.003710742014,-0.003474394009,0,,,,,,,,1,28.61425691,77.21031431,4.470142392,,
23.38,-3.928334942,-6.772445572,5.948961839,0.0009934008788,-0.004241165474,0.001197417345,0,,,,,,,,1,28.61425703,77.21031474,4.485138919,,
23.39,-3.947006413,-6.724687934,5.968799917,0.0001291395451,-0.005357194305,-0.007863972221,0,,,,,,,,1,28.61425715,77.21031518,4.50013553,,
23.4,-3.87062395,-6.660434985,6.019106256,-0.004867036658,-0.002036064371,-0.003646057493,0,,,,,,,,1,28.61425727,77.21031562,4.515132225,2.327158928,-1.916720152
23.41,-4.001682193,-6.686266947,5.981416414,-0.002497352835,-0.003530380014,-0.00470897505,0,,,,,,,,1,28.61425739,77.21031607,4.530129,,
23.42,-3.923189842,-6.706112242,5.969033887,0.002256708484,-0.003103826711,-0.001949182056,0,,,,,,,,1,28.61425751,77.21031651,4.545125854,,
23.43,-3.849560574,-6.709593542,6.001188538,0.001687146947,0.001221528856,-0.008003094634,0,,,,,,,,1,28.61425763,77.21031695,4.560122784,,
23.44,-3.906273493,-6.708954235,5.991876701,-0.001682190795,-0.003770287737,0.006309873723,0,,,,,,,,1,28.61425775,77.2103174,4.575119789,,
23.45,-3.945943548,-6.735340048,5.947559588,-0.004899337994,0.001005571445,0.0001557407814,0,,,,,,,,1,28.61425787,77.21031785,4.590116868,,
23.46,-3.953543357,-6.750989055,5.963652856,-0.001405683204,-0.005940643071,0.002425379411,0,,,,,,,,1,28.61425799,77.2103183,4.605114017,,
23.47,-3.94552782,-6.805909552,5.985022648,0.00472231633,-0.0003339290563,0.001379622622,0,,,,,,,,1,28.61425811,77.21031875,4.620111236,,
23.48,-3.917929661,-6.763993007,6.060528431,-0.003490190845,0.001596512457,0.003823980449,0,,,,,,,,1,28.61425824,77.2103192,4.635108523,,
23.49,-3.960930933,-6.663720242,5.943207871,0.002804565984,-0.003775060636,0.001093622151,0,,,,,,,,1,28.61425836,77.21031965,4.650105876,,
23.5,-3.972530997,-6.778798415,5.959480017,-0.003901173261,-0.005767823896,-0.003527678352,0,,,,,,,,1,28.61425848,77.21032011,4.665103294,2.473679781,-1.927157521
23.51,-3.941989816,-6.803517627,6.028606298,0.0003562628684,-0.005483455899,-0.0007568794554,0,,,,,,,,1,28.61425861,77.21032057,4.680100774,,
23.52,-3.907104731,-6.69306296,5.973694773,0.002202036042,-0.002103098343,0.0008237487992,0,,,,,,,,1,28.61425873,77.21032102,4.695098317,,
23.53,-3.91126087,-6.728567318,6.097560972,-0.002507135172,-0.0003193301178,0.0005649339591,0,,,,,,,,1,28.61425886,77.21032148,4.710095919,,
23.54,-3.924361507,-6.70163685,6.019726619,8.654663137e-05,0.0003203043929,0.00193747234,0,,,,,,,,1,28.61425898,77.21032194,4.725093579,,
23.55,-3.949604628,-6.735903414,5.961908336,0.0002746866657,-0.004200549601,-0.0007772118294,0,,,,,,,,1,28.61425911,77.21032241,4.740091297,,
23.56,-3.986919928,-6.741540547,5.998680677,0.0003259250332,-0.001591103838,0.0005189687952,0,,,,,,,,1,28.61425923,77.21032287,4.75508907,,
23.57,-3.929537692,-6.704540261,6.065351866,-0.001126391827,-0.002413534809,-0.001514440781,0,,,,,,,,1,28.61425936,77.21032334,4.770086898,,
23.58,-3.934657711,-6.726637979,5.919458833,0.002780327139,-0.003599084505,-0.0007316126346,0,,,,,,,,1,28.61425949,77.2103238,4.785084778,,
23.59,-3.994912503,-6.746133967,5.98351302,-0.003164829989,-0.002077884869,0.001203003691,0,,,,,,,,1,28.61425961,77.21032427,4.80008271,,
23.6,-3.933079463,-6.716097871,6.027318704,0.002595553654,0.001758840302,0.003960933997,0,,,,,,,,1,28.61425974,77.21032474,4.815080693,2.471238852,-1.919823408
23.61,-3.912900086,-6.752847092,6.005379001,-0.001240022987,0.0003344448505,-0.002069709771,0,,,,,,,,1,28.61425987,77.21032521,4.830078725,,
23.62,-3.973115477,-6.730615686,5.945503754,-0.004504638354,-0.002022764911,-0.0008154089941,0,,,,,,,,1,28.61426,77.21032568,4.845076805,,
23.63,-3.971127303,-6.701360417,5.957750552,-0.002138036632,-0.005276477495,-0.0004325983579,0,,,,,,,,1,28.61426013,77.21032616,4.860074931,,
23.64,-4.014397902,-6.754206216,5.984604004,0.0005288520204,-0.004775700949,0.0006296378798,0,,,,,,,,1,28.61426026,77.21032663,4.875073104,,
23.65,-3.945293718,-6.671073624,5.913352449,-0.003027099168,-2.439767591e-05,0.003862819295,0,,,,,,,,1,28.61426039,77.21032711,4.890071321,,
23.66,-3.900121452,-6.754551245,5.876249927,0.006957631126,-0.0006757475174,-0.00727958185,0,,,,,,,,1,28.61426052,77.21032759,4.905069581,,
23.67,-3.864211991,-6.684855093,5.965862934,0.001199864886,-0.004647869352,0.007042850721,0,,,,,,,,1,28.61426065,77.21032807,4.920067884,,
23.68,-3.937226278,-6.778358193,5.933207813,0.004208699486,-0.005083700098,0.00318747102,0,,,,,,,,1,28.61426078,77.21032855,4.935066229,,
23.69,-3.851641163,-6.811613161,5.993061426,0.004380175134,-0.004540149288,-0.001560882062,0,,,,,,,,1,28.61426091,77.21032903,4.950064613,,
23.7,-3.997874371,-6.743845321,5.986114258,-0.0006154010803,-0.001785024605,0.0003006425847,0,,,,,,,,1,28.61426104,77.21032952,4.965063037,2.486185312,-1.95976758
23.71,-3.885640592,-6.742633496,5.900109138,-0.002543201842,-0.004127123071,0.005555224342,0,,,,,,,,1,28.61426117,77.21033,4.9800615,,
23.72,-3.901468933,-6.76284862,6.025329641,-0.001620449831,-0.004182290764,0.003692244117,0,,,,,,,,1,28.6142613,77.21033049,4.99506,,
23.73,-3.988776668,-6.744675065,6.024376907,2.694663454e-05,-0.003888483156,-0.000750902754,0,,,,,,,,1,28.61426144,77.21033098,5.010058536,,
23.74,-3.941139536,-6.863145699,6.023982526,0.003059851404,0.004261560564,-0.004714240738,0,,,,,,,,1,28.61426157,77.21033147,5.025057109,,
23.75,-3.917862578,-6.735559487,5.887729641,-0.003740778909,-0.003259232066,0.002996372041,0,,,,,,,,1,28.6142617,77.21033196,5.040055716,,
23.76,-3.997252598,-6.725544657,5.948639644,-0.005078450766,-0.0001432060897,0.004574398917,0,,,,,,,,1,28.61426184,77.21033246,5.055054357,,
23.77,-4.038036074,-6.739962151,5.985055713,-0.005099443924,-0.001733193072,0.0002780370006,0,,,,,,,,1,28.61426197,77.21033295,5.070053031,,
23.78,-3.89484354,-6.735343342,5.902355343,-0.007195614131,-0.0007282509113,-0.001276471112,0,,,,,,,,1,28.61426211,77.21033345,5.085051738,,
23.79,-3.961266206,-6.800479004,5.988299559,-0.002329010719,0.004193181475,-0.0003959025852,0,,,,,,,,1,28.61426224,77.21033395,5.100050476,,
23.8,-3.877817258,-6.752913582,5.883349561,-0.0005939310383,5.050789759e-06,-0.0008117830406,0,,,,,,,,1,28.61426238,77.21033444,5.115049245,2.307898045,-1.881445408
23.81,-3.930760986,-6.740419746,5.988350179,0.0006875883738,-0.0006901912112,0.004540789382,0,,,,,,,,1,28.61426251,77.21033494,5.130048044,,
23.82,-4.006899501,-6.732446476,5.92741444,-0.002116663626,0.004548597814,0.005626643551,0,,,,,,,,1,28.61426265,77.21033545,5.145046872,,
23.83,-3.991231464,-6.687199946,5.975016138,0.000222913298,-0.0006152605329,-0.001277067363,0,,,,,,,,1,28.61426279,77.21033595,5.160045728,,
23.84,-3.882600927,-6.753988017,5.968745287,-0.001117271014,-0.003696697355,-0.002809347025,0,,,,,,,,1,28.61426292,77.21033646,5.175044613,,
23.85,-3.918269091,-6.691993793,5.949817399,0.004212498018,-0.002936495099,0.004726704737,0,,,,,,,,1,28.61426306,77.21033696,5.190043525,,
23.86,-3.868885168,-6.781702784,6.063918701,-0.001470102061,0.001573522064,-0.0008249057728,0,,,,,,,,1,28.6142632,77.21033747,5.205042463,,
23.87,-3.826523172,-6.652200059,5.964220337,-0.001719967382,-0.002740687569,0.0002275116818,0,,,,,,,,1,28.61426334,77.21033798,5.220041428,,
23.88,-3.994049657,-6.788102287,6.047288953,-0.003261521068,0.0009615915229,0.001181865813,0,,,,,,,,1,28.61426348,77.21033849,5.235040417,,
23.89,-3.89511197,-6.688285207,5.937584381,-0.005981477492,-0.003000871881,-0.0001680649317,0,,,,,,,,1,28.61426361,77.210339,5.250039432,,
23.9,-3.878535086,-6.587449909,5.871795989,-3.123899519e-05,-0.002543874904,0.003606123257,0,,,,,,,,1,28.61426375,77.21033952,5.26503847,2.508216619,-1.955531359
23.91,-3.938603407,-6.755730482,5.939553098,0.002987369156,0.0008546163059,-0.002809993768,0,,,,,,,,1,28.61426389,77.21034003,5.280037532,,
23.92,-3.924916633,-6.680268219,6.014908704,-0.00052014806,-0.002114480109,0.002275788251,0,,,,,,,,1,28.61426403,77.21034055,5.295036616,,
23.93,-3.964032634,-6.638149717,5.963084055,-0.001494725329,-0.0009456496996,-0.003184462031,0,,,,,,,,1,28.61426417,77.21034107,5.310035723,,
23.94,-3.944664044,-6.669481629,5.942088477,0.002974853084,-0.006241558199,-0.002237391384,0,,,,,,,,1,28.61426432,77.21034159,5.325034852,,
23.95,-3.934410074,-6.789174645,5.963497992,-5.155799322e-05,0.0004812535279,-0.00198846672,0,,,,,,,,1,28.61426446,77.21034211,5.340034002,,
23.96,-3.840350129,-6.653106442,5.969235679,-0.004152690107,0.00341538816,0.0005774049801,0,,,,,,,,1,28.6142646,77.21034263,5.355033172,,
23.97,-3.968190073,-6.716008389,6.015525378,-0.00664277921,-0.00320492171,0.001414518509,0,,,,,,,,1,28.61426474,77.21034315,5.370032363,,
23.98,-3.76040456,-6.783591574,5.985225297,-0.00175938642,0.007041520188,0.003359482879,0,,,,,,,,1,28.61426488,77.21034368,5.385031574,,
23.99,-3.930342828,-6.795679269,5.983170439,0.004640936365,-0.007034141242,-0.0009463035111,0,,,,,,,,1,28.61426503,77.21034421,5.400030804,,
24,-3.939763341,-6.706378127,5.973432896,-0.004594421127,0.0002060220905,0.0006200508196,1,28.61423767,77.21025695,4.2,5.53703013,74.76304469,39.64682729,13,1,28.61426517,77.21034474,5.415030053,2.481748104,-1.933180809
24.01,-4.013297306,-6.728835155,6.024025187,-0.0006680444681,-0.002402124236,0.003841068705,0,,,,,,,,1,28.61426531,77.21034527,5.43002932,,
24.02,-3.928208516,-6.620908002,5.92816053,-0.003903910169,-0.006581924564,-0.003965896622,0,,,,,,,,1,28.61426546,77.2103458,5.445028604,,
24.03,-3.904939093,-6.741049963,6.030407549,-0.0002137502786,9.230777516e-05,0.0003978615825,0,,,,,,,,1,28.6142656,77.21034633,5.460027907,,
24.04,-3.953927655,-6.660364519,5.99202214,0.001812101719,-0.002080701906,-5.206667174e-05,0,,,,,,,,1,28.61426575,77.21034686,5.475027226,,
24.05,-3.902133893,-6.823988965,5.988545355,-0.004397447096,0.0008625835167,0.001196183736,0,,,,,,,,1,28.61426589,77.2103474,5.490026562,,
24.06,-3.927777102,-6.721480123,5.960931472,-0.003120057283,-0.005902714828,-0.0007329371347,0,,,,,,,,1,28.61426604,77.21034794,5.505025914,,
24.07,-3.895676022,-6.80049604,5.937570388,0.001346762566,-0.002581600677,-0.003513776482,0,,,,,,,,1,28.61426619,77.21034848,5.520025282,,
24.08,-3.905909565,-6.681363413,6.016920439,0.003683498981,0.001421959941,-0.002507553674,0,,,,,,,,1,28.61426633,77.21034902,5.535024666,,
24.09,-4.00660195,-6.762040375,5.978209545,-0.0003391409747,-0.0009762425731,-0.0005136506222,0,,,,,,,,1,28.61426648,77.21034956,5.550024064,,
24.1,-3.966512503,-6.794083968,5.973656455,-0.0001350452154,-0.001016092955,0.003485216578,0,,,,,,,,1,28.61426663,77.2103501,5.565023477,2.370884895,-1.899409652
24.11,-3.95558225,-6.721286639,6.02366854,-0.0003525693682,-0.002394535952,-0.002165088146,0,,,,,,,,1,28.61426678,77.21035065,5.580022904,,
24.12,-3.987179428,-6.758854044,5.93744322,-0.001059394628,-0.005676063399,0.0004898929706,0,,,,,,,,1,28.61426692,77.21035119,5.595022346,,
24.13,-3.904367569,-6.727060618,5.965807306,-0.00201277319,-0.004024181533,-0.0007659626197,0,,,,,,,,1,28.61426707,77.21035174,5.610021801,,
24.14,-3.978385005,-6.790847081,6.02621828,-0.002926457426,-0.006045436933,0.003648387689,0,,,,,,,,1,28.61426722,77.21035229,5.625021269,,
24.15,-3.921186446,-6.644272682,5.929885277,-0.007652716764,-0.003687426432,-0.001979965442,0,,,,,,,,1,28.61426737,77.21035284,5.64002075,,
24.16,-3.97875438,-6.687053595,5.93690706,-0.0005271258571,-0.00312806981,0.005162022585,0,,,,,,,,1,28.61426752,77.21035339,5.655020244,,
24.17,-3.928812067,-6.771746065,5.922769319,-0.003080018459,-0.001295253696,-0.003765757913,0,,,,,,,,1,28.61426767,77.21035394,5.67001975,,
24.18,-3.91068266,-6.742629949,6.002204982,-0.0004984757239,0.001526616964,0.0009227486061,0,,,,,,,,1,28.61426782,77.2103545,5.685019269,,
24.19,-3.884018085,-6.721446451,5.84884897,0.002268309495,-0.002532648773,0.001737346352,0,,,,,,,,1,28.61426797,77.21035506,5.700018799,,
24.2,-4.06706656,-6.705948216,5.977658642,-0.004351299453,-0.004038046982,-0.001290986364,0,,,,,,,,1,28.61426812,77.21035561,5.71501834,2.135144711,-1.826394677
24.21,-3.940600837,-6.694370971,5.937891306,0.003615027974,0.0006149074921,0.0003197975964,0,,,,,,,,1,28.61426828,77.21035617,5.730017893,,
24.22,-3.954353104,-6.8260936,6.058983965,0.0006080076049,-0.001972473202,0.001633122159,0,,,,,,,,1,28.61426843,77.21035673,5.745017456,,
24.23,-3.919543787,-6.650788074,5.993048518,0.002554087431,-0.005176844381,-0.003191072723,0,,,,,,,,1,28.61426858,77.2103573,5.760017031,,
24.24,-3.96803718,-6.640567814,5.927896247,0.001785972215,0.000302819675,0.004786747309,0,,,,,,,,1,28.61426873,77.21035786,5.775016615,,
24.25,-3.908385607,-6.724040479,5.958721598,0.0007551820276,-0.001851978408,0.002929741936,0,,,,,,,,1,28.61426889,77.21035842,5.79001621,,
24.26,-3.995391956,-6.776741468,5.976064043,0.0001852473886,-0.002956111794,-0.001586462739,0,,,,,,,,1,28.61426904,77.21035899,5.805015815,,
24.27,-3.870364963,-6.670777898,5.942752018,-0.003010715311,-9.816793042e-05,0.001156580377,0,,,,,,,,1,28.6142692,77.21035956,5.820015429,,
24.28,-4.029428298,-6.669505028,5.955060295,0.002126030842,-0.0007881966066,-0.004982787974,0,,,,,,,,1,28.61426935,77.21036013,5.835015053,,
24.29,-3.938044612,-6.847968802,6.022710081,-0.0008811663387,-0.001886790048,0.004864211247,0,,,,,,,,1,28.61426951,77.2103607,5.850014686,,
24.3,-3.867049777,-6.64834609,5.927782382,0.001649137929,0.001434200138,0.0003827772668,0,,,,,,,,1,28.61426966,77.21036127,5.865014327,2.158422232,-1.825128675
24.31,-3.956180916,-6.665549152,5.904676129,9.320830706e-05,-0.005288579426,0.003310177338,0,,,,,,,,1,28.61426982,77.21036185,5.880013978,,
24.32,-3.956763141,-6.677557582,6.00272735,0.002209674341,0.000580563778,0.007232418718,0,,,,,,,,1,28.61426997,77.21036242,5.895013637,,
24.33,-3.99895453,-6.692436795,5.955900512,-0.002932774546,-0.005393174029,-0.0004204943914,0,,,,,,,,1,28.61427013,77.210363,5.910013304,,
24.34,-3.929677316,-6.777611912,5.909307706,0.0003787732708,-0.00357655939,-0.0001811145485,0,,,,,,,,1,28.61427029,77.21036358,5.92501298,,
24.35,-3.897420392,-6.776145792,5.953041749,-0.0007762487999,-0.005777999343,0.0004025322729,0,,,,,,,,1,28.61427045,77.21036416,5.940012663,,
24.36,-3.905241919,-6.725407147,5.913341613,-0.004239114142,-0.004828350632,-0.0007492843275,0,,,,,,,,1,28.6142706,77.21036474,5.955012354,,
24.37,-4.022116539,-6.679743707,6.041096043,-0.001570006291,-0.0005716480325,-0.003561514709,0,,,,,,,,1,28.61427076,77.21036532,5.970012053,,
24.38,-3.8579803,-6.773498669,5.987798696,-0.001425662687,-0.001003901482,0.003768157333,0,,,,,,,,1,28.61427092,77.21036591,5.985011759,,
24.39,-3.939234852,-6.670553634,5.95277542,-0.007921631361,-0.003403802685,0.003250973747,0,,,,,,,,1,28.61427108,77.21036649,6.000011472,,
24.4,-3.936003543,-6.772614096,5.981458744,-3.906769516e-05,-0.00753811771,0.001434243916,0,,,,,,,,1,28.61427124,77.21036708,6.015011192,2.228505373,-1.842216611
24.41,-3.900923957,-6.744805433,5.894418882,0.002427876641,-0.003392759919,0.001586691992,0,,,,,,,,1,28.6142714,77.21036767,6.030010919,,
24.42,-4.037222837,-6.681993898,6.023449939,0.004100039638,-0.005099977792,-0.005520528496,0,,,,,,,,1,28.61427156,77.21036826,6.045010653,,
24.43,-3.951599098,-6.734055997,5.806432441,0.00236584066,-0.003061456453,-0.00542362993,0,,,,,,,,1,28.61427172,77.21036885,6.060010393,,
24.44,-3.946260237,-6.6845658,6.028268247,-0.005762089684,-0.002636566034,-0.00376555583,0,,,,,,,,1,28.61427188,77.21036944,6.07501014,,
24.45,-3.911249156,-6.740917696,6.036111115,-0.0007134331034,-0.003881165782,-0.001545460011,0,,,,,,,,1,28.61427204,77.21037004,6.090009893,,
24.46,-3.907236277,-6.782655121,5.934842492,0.0002142038502,-0.001446685306,-0.005039988148,0,,,,,,,,1,28.6142722,77.21037063,6.105009651,,
24.47,-3.981884975,-6.677766902,5.965081281,-0.003023083146,0.00329192021,-0.004712703058,0,,,,,,,,1,28.61427237,77.21037123,6.120009416,,
24.48,-3.922265558,-6.761531523,5.859159905,0.00433541989,-0.001526847663,-9.920255133e-05,0,,,,,,,,1,28.61427253,77.21037183,6.135009186,,
24.49,-4.028302301,-6.694725127,6.009236981,-0.005255854413,-0.006569318495,0.004537951728,0,,,,,,,,1,28.61427269,77.21037243,6.150008962,,
24.5,-3.992551476,-6.71050706,5.941378894,0.000515760255,-0.003382025596,0.001849686632,0,,,,,,,,1,28.61427285,77.21037303,6.165008744,2.267445087,-1.850856304
24.51,-4.031968992,-6.698376322,5.831441154,-0.002856619568,-0.001350296614,0.005626638611,0,,,,,,,,1,28.61427302,77.21037363,6.18000853,,
24.52,-3.985418347,-6.641373818,5.87147712,0.0008300364956,-0.002295646329,-0.004066381617,0,,,,,,,,1,28.61427318,77.21037424,6.195008322,,
24.53,-3.970750744,-6.730406828,5.980045459,0.002053369249,-0.007526888037,-0.002403130478,0,,,,,,,,1,28.61427335,77.21037485,6.210008119,,
24.54,-3.995971165,-6.746682745,6.021460137,0.002059649101,0.0002522560218,-0.005801989661,0,,,,,,,,1,28.61427351,77.21037545,6.225007921,,
24.55,-3.958583382,-6.683139208,5.934575049,0.003165057317,-0.003553064507,-0.0006584675071,0,,,,,,,,1,28.61427368,77.21037606,6.240007728,,
24.56,-4.002428982,-6.701139387,5.964617142,-0.0004835772881,0.004305868007,-0.0003925625658,0,,,,,,,,1,28.61427384,77.21037667,6.25500754,,
24.57,-3.858068989,-6.701981142,5.989635275,-0.002681994163,-0.002494057643,0.0025566649,0,,,,,,,,1,28.61427401,77.21037729,6.270007356,,
24.58,-4.022768009,-6.689495749,5.983099961,-0.0009029931879,-0.004761522677,-0.002944692334,0,,,,,,,,1,28.61427418,77.2103779,6.285007176,,
24.59,-3.893780139,-6.669055053,5.995962042,0.002686217406,0.002323032789,-0.001769265068,0,,,,,,,,1,28.61427434,77.21037851,6.300007001,,
24.6,-3.940211954,-6.714161773,5.924449935,-0.005307258453,-0.004070010987,0.00286877232,0,,,,,,,,1,28.61427451,77.21037913,6.31500683,2.146232605,-1.845336676
24.61,-3.933450425,-6.793538287,5.860545258,-0.005195650956,0.0006473195508,0.003404009899,0,,,,,,,,1,28.61427468,77.21037975,6.330006664,,
24.62,-3.949618614,-6.79613405,5.949095407,-8.413146549e-06,-0.002580288067,0.004280953521,0,,,,,,,,1,28.61427485,77.21038037,6.345006501,,
24.63,-4.02472926,-6.735045369,5.965690653,0.002031993456,-0.005547325945,-0.0008574151021,0,,,,,,,,1,28.61427502,77.21038099,6.360006343,,
24.64,-3.913679245,-6.803340974,5.891341405,0.002285772096,0.002781824689,0.0034526002,0,,,,,,,,1,28.61427519,77.21038161,6.375006188,,
24.65,-3.870394682,-6.69173432,5.884237362,-0.003441927739,-0.001925949843,-0.001536041702,0,,,,,,,,1,28.61427535,77.21038224,6.390006037,,
24.66,-4.013731454,-6.684370927,5.914181483,-0.001166154935,-0.001086458034,0.003566604854,0,,,,,,,,1,28.61427552,77.21038286,6.40500589,,
24.67,-3.901008547,-6.683870083,6.046767038,0.0008856143522,-0.0096871874,-9.813528191e-05,0,,,,,,,,1,28.61427569,77.21038349,6.420005746,,
24.68,-3.956772263,-6.770948339,5.958034577,0.00287317329,-0.0003557434914,-0.006299305332,0,,,,,,,,1,28.61427587,77.21038412,6.435005606,,
24.69,-3.90275822,-6.789824975,5.944847724,-0.001375385664,-0.002922700163,-0.001653573697,0,,,,,,,,1,28.61427604,77.21038475,6.450005469,,
24.7,-3.925973349,-6.739067165,5.959022478,0.002947065047,-0.003314429776,0.003978233251,0,,,,,,,,1,28.61427621,77.21038538,6.465005336,2.163873911,-1.853104115
24.71,-3.940199543,-6.707985794,5.977322822,-0.00260419727,0.0007001171139,0.005473989056,0,,,,,,,,1,28.61427638,77.21038601,6.480005206,,
24.72,-3.854814645,-6.789231053,6.033757683,0.001093661398,-0.00351713733,0.007434586976,0,,,,,,,,1,28.61427655,77.21038664,6.495005079,,
24.73,-3.946878554,-6.723533734,5.939265297,0.00100687398,0.0009946173996,0.002764306654,0,,,,,,,,1,28.61427672,77.21038728,6.510004955,,
24.74,-3.859484697,-6.810452955,5.943163793,0.001014059912,0.005809520616,0.004696078476,0,,,,,,,,1,28.6142769,77.21038792,6.525004834,,
24.75,-3.993674715,-6.724656445,5.920897039,0.003323482415,0.002803600161,-0.001475377714,0,,,,,,,,1,28.61427707,77.21038856,6.540004716,,
24.76,-3.880274824,-6.684261164,5.9939473,-0.004103139125,-0.006304241386,-0.003192337848,0,,,,,,,,1,28.61427724,77.2103892,6.555004601,,
24.77,-3.896013243,-6.768717556,6.027822806,-0.001030647967,0.0008685410615,-0.000753107132,0,,,,,,,,1,28.61427742,77.21038984,6.570004489,,
24.78,-3.989897664,-6.697353781,5.950702596,0.002962984444,-0.002938278757,0.0009717315208,0,,,,,,,,1,28.61427759,77.21039048,6.585004379,,
24.79,-4.016577535,-6.839323539,5.929330739,0.001018538324,-0.001754330724,-0.008173058272,0,,,,,,,,1,28.61427777,77.21039112,6.600004273,,
24.8,-4.024074523,-6.755026747,6.031151875,-0.00348764738,-0.002366191227,-0.0008674765506,0,,,,,,,,1,28.61427794,77.21039177,6.615004168,2.265466452,-1.873333812
24.81,-3.977244932,-6.796715211,5.903157876,-0.0009873839871,-0.001261899188,-0.003059765386,0,,,,,,,,1,28.61427812,77.21039242,6.630004067,,
24.82,-3.956984357,-6.691484099,5.955566829,-0.002461015584,-0.002413360532,-0.002647447286,0,,,,,,,,1,28.6142783,77.21039307,6.645003968,,
24.83,-3.921017645,-6.716239532,5.953448109,-0.003607843536,-0.002976790246,-0.002180944235,0,,,,,,,,1,28.61427847,77.21039372,6.660003871,,
24.84,-3.877652657,-6.781452966,6.045534019,0.00419749749,-0.003378126316,0.005463140662,0,,,,,,,,1,28.61427865,77.21039437,6.675003776,,
24.85,-3.986843402,-6.723347754,5.974264876,0.0002595757845,-0.001383321884,-0.001092124253,0,,,,,,,,1,28.61427883,77.21039502,6.690003684,,
24.86,-3.91307315,-6.593585002,6.066759317,0.001030580479,-0.004429749686,-0.0004181023241,0,,,,,,,,1,28.614279,77.21039568,6.705003594,,
24.87,-3.970211713,-6.701886704,5.968566065,0.0001526663227,-0.005337356225,0.00157555391,0,,,,,,,,1,28.61427918,77.21039633,6.720003507,,
24.88,-3.916692775,-6.722795754,5.923010287,-0.003540127369,-0.001999643749,0.004220560268,0,,,,,,,,1,28.61427936,77.21039699,6.735003421,,
24.89,-3.964270928,-6.70119418,6.040048502,-0.002468598406,-0.001895352208,-0.001044298595,0,,,,,,,,1,28.61427954,77.21039765,6.750003338,,
24.9,-3.960050715,-6.744069614,5.929610025,0.001276142231,-0.004281420843,0.001014586629,0,,,,,,,,1,28.61427972,77.21039831,6.765003256,2.343885422,-1.894409418
24.91,-3.926558753,-6.788836043,5.899649592,-0.001816876535,-0.001187952152,0.0006546586194,0,,,,,,,,1,28.6142799,77.21039897,6.780003177,,
24.92,-3.89338597,-6.717311601,5.915754675,-0.004167892659,-0.001713126316,0.004327957614,0,,,,,,,,1,28.61428008,77.21039964,6.795003099,,
24.93,-4.026022766,-6.684719733,5.967935171,0.0004128578023,-0.004266019591,-0.003840603862,0,,,,,,,,1,28.61428026,77.2104003,6.810003024,,
24.94,-3.89153254,-6.763657578,5.921132389,0.001287193562,0.004889804267,0.002402407307,0,,,,,,,,1,28.61428044,77.21040097,6.82500295,,
24.95,-3.943810225,-6.758897152,5.998152071,-0.00490393064,-0.000926884215,0.001650775566,0,,,,,,,,1,28.61428062,77.21040164,6.840002878,,
24.96,-3.933019507,-6.580412997,6.056722797,-0.001638844234,-0.0003222956855,-0.00190169276,0,,,,,,,,1,28.6142808,77.21040231,6.855002808,,
24.97,-3.955375428,-6.734462503,5.847311034,-0.003267628149,0.0007170724519,-0.001881100494,0,,,,,,,,1,28.61428099,77.21040298,6.870002739,,
24.98,-3.921909642,-6.678331787,5.910558296,0.005345488317,-0.0005844700869,-0.003093681388,0,,,,,,,,1,28.61428117,77.21040365,6.885002673,,
24.99,-3.984446983,-6.736409233,5.921320735,0.0006675757599,0.004573300369,0.001208962954,0,,,,,,,,1,28.61428135,77.21040432,6.900002607,,
25,-3.837249878,-6.714464436,5.924346143,-0.002324621827,-0.002511753956,-0.001619594322,1,28.61429437,77.2103389,4.2,6.753703497,69.6175174,36.28207963,15,1,28.61428154,77.210405,6.915002544,2.274273634,-1.895963311
25.01,-3.927733717,-6.726064129,5.950827556,0.001706209954,-0.00114334359,-0.001878541972,0,,,,,,,,1,28.61428172,77.21040567,6.930002482,,
25.02,-3.941643245,-6.719387831,6.051525053,0.001948068681,-0.003543078972,-0.0002240259679,0,,,,,,,,1,28.6142819,77.21040635,6.945002421,,
25.03,-3.956703665,-6.701267681,5.991655159,-0.004173971148,0.002282294408,0.0007881465464,0,,,,,,,,1,28.61428209,77.21040703,6.960002362,,
25.04,-3.98294685,-6.650613283,5.971664776,-0.0006319854167,-0.001583735897,-0.003286952095,0,,,,,,,,1,28.61428227,77.21040771,6.975002305,,
25.05,-4.017348095,-6.717087294,5.991106432,-0.001126763316,0.001430936727,6.873940278e-05,0,,,,,,,,1,28.61428246,77.2104084,6.990002248,,
25.06,-3.918228735,-6.664923316,6.065133333,-0.001227574449,-0.001573772247,-0.001479016852,0,,,,,,,,1,28.61428264,77.21040908,7.005002194,,
25.07,-3.995463706,-6.774135743,5.933288987,0.001979052922,-0.005977059338,0.0004351135596,0,,,,,,,,1,28.61428283,77.21040977,7.02000214,,
25.08,-3.982518196,-6.768692943,5.983980752,0.003201110731,-0.002983319001,-0.00345072227,0,,,,,,,,1,28.61428302,77.21041045,7.035002088,,
25.09,-3.997195573,-6.726511208,5.977960925,0.002040061371,-0.003783066047,-0.003578339494,0,,,,,,,,1,28.6142832,77.21041114,7.050002037,,
25.1,-3.961533223,-6.787530684,6.01036734,0.0006310512656,-0.005673293065,-0.002798210211,0,,,,,,,,1,28.61428339,77.21041183,7.065001987,2.267801046,-1.89262557
25.11,-3.968909394,-6.751434363,5.968755338,0.002452309285,-0.0002213708409,-0.003030836598,0,,,,,,,,1,28.61428358,77.21041252,7.080001939,,
25.12,-4.128852891,-6.715324996,5.968379443,-0.007021680217,-0.0006455854092,-0.001124744949,0,,,,,,,,1,28.61428377,77.21041322,7.095001892,,
25.13,-3.891856662,-6.711691907,5.994279189,-0.0008509427305,-0.003516054862,-0.002253291473,0,,,,,,,,1,28.61428396,77.21041391,7.110001845,,
25.14,-3.929219304,-6.743920012,5.953324267,-0.002785095553,-0.001524276946,-0.003886563357,0,,,,,,,,1,28.61428414,77.21041461,7.1250018,,
25.15,-3.930235874,-6.724814055,5.985237754,0.004287931208,-0.005830548428,-0.003928194891,0,,,,,,,,1,28.61428433,77.2104153,7.140001756,,
25.16,-3.960868824,-6.741056789,5.959252113,0.001538887479,0.0002889363981,-0.001143185168,0,,,,,,,,1,28.61428452,77.210416,7.155001714,,
25.17,-3.930816641,-6.728722698,6.05601007,0.003194307261,-0.002104699768,0.002476966271,0,,,,,,,,1,28.61428471,77.2104167,7.170001672,,
25.18,-3.953767786,-6.702916127,5.971962046,0.001292919555,-0.004296837343,-0.005748575769,0,,,,,,,,1,28.6142849,77.2104174,7.185001631,,
25.19,-3.937483621,-6.711220305,5.925599063,0.0005618552928,-0.003085459228,-0.004480282901,0,,,,,,,,1,28.6142851,77.21041811,7.200001591,,
25.2,-3.976987258,-6.797365945,5.958687628,-0.0008764683724,-0.002021418255,0.00137017658,0,,,,,,,,1,28.61428529,77.21041881,7.215001552,2.293809175,-1.88658607
25.21,-3.917031391,-6.866908711,5.903390094,-0.0007385297311,-0.002054424393,-0.000828297559,0,,,,,,,,1,28.61428548,77.21041952,7.230001515,,
25.22,-3.913948887,-6.739785661,5.927173848,-0.004083128344,-0.001177553503,0.0005567839775,0,,,,,,,,1,28.61428567,77.21042023,7.245001478,,
25.23,-3.912597608,-6.722836791,5.951915931,-0.001573815539,-8.767199836e-06,-0.001135758102,0,,,,,,,,1,28.61428586,77.21042093,7.260001442,,
25.24,-3.97625576,-6.79187811,6.010486693,-0.007999629454,0.001351201089,0.001749460991,0,,,,,,,,1,28.61428606,77.21042165,7.275001406,,
25.25,-3.907070978,-6.748725909,5.947150322,0.0009255088216,-0.005913006108,0.003323212405,0,,,,,,,,1,28.61428625,77.21042236,7.290001372,,
25.26,-3.982621244,-6.782316987,6.035651129,-0.004346089533,0.0006936380866,0.005423901355,0,,,,,,,,1,28.61428644,77.21042307,7.305001339,,
25.27,-3.897217833,-6.802190313,6.004037385,0.0003534308679,-0.002669902789,0.004217665738,0,,,,,,,,1,28.61428664,77.21042379,7.320001306,,
25.28,-4.020536232,-6.765259536,5.93656434,-0.0001668262763,-0.008013006511,-0.00191205057,0,,,,,,,,1,28.61428683,77.2104245,7.335001274,,
25.29,-3.939730354,-6.700116892,6.007292136,-0.0002771271198,-0.005416370816,-0.005726984351,0,,,,,,,,1,28.61428703,77.21042522,7.350001243,,
25.3,-3.993400918,-6.708857809,6.005094201,0.0001281450908,-0.005857531567,0.008694008397,0,,,,,,,,1,28.61428722,77.21042594,7.365001213,2.213389158,-1.831887722
25.31,-3.938140779,-6.775005969,6.004376968,0.001646403885,-0.0003687324194,-0.0006953000733,0,,,,,,,,1,28.61428742,77.21042666,7.380001183,,
25.32,-3.845371701,-6.704580326,5.97192924,0.003295223119,-0.002198919653,0.005290476497,0,,,,,,,,1,28.61428761,77.21042738,7.395001154,,
25.33,-3.919410088,-6.675702838,5.898754187,0.005447542908,-0.008130082406,-0.00413436496,0,,,,,,,,1,28.61428781,77.21042811,7.410001126,,
25.34,-3.951031924,-6.764107758,5.984544658,0.00150158366,-5.304449846e-05,0.002248126424,0,,,,,,,,1,28.61428801,77.21042883,7.425001099,,
25.35,-4.011084635,-6.748382134,6.010519064,0.001344073265,0.004388090083,-0.003932358365,0,,,,,,,,1,28.61428821,77.21042956,7.440001072,,
25.36,-3.880755316,-6.81709273,6.007176956,0.0009023329202,-0.009331323268,0.0009995015703,0,,,,,,,,1,28.6142884,77.21043029,7.455001046,,
25.37,-4.021575849,-6.820658046,5.953058921,0.004023798489,0.002261546273,-0.0002971363529,0,,,,,,,,1,28.6142886,77.21043102,7.47000102,,
25.38,-3.982026258,-6.745660214,5.925429434,0.005573832617,0.0001685248365,-0.002943379026,0,,,,,,,,1,28.6142888,77.21043175,7.485000995,,
25.39,-3.949648196,-6.70799527,5.978505705,0.0003891959985,0.0006496242088,-0.001670082456,0,,,,,,,,1,28.614289,77.21043248,7.500000971,,
25.4,-3.871979114,-6.710297508,6.026491928,-0.001182592574,0.001590498221,0.0008915727948,0,,,,,,,,1,28.6142892,77.21043321,7.515000947,2.263023853,-1.858433127
25.41,-3.945599085,-6.709024512,5.981972716,-0.0005711143287,-0.0078578301,-0.003209307649,0,,,,,,,,1,28.6142894,77.21043395,7.530000924,,
25.42,-3.942022077,-6.813335341,6.044722989,0.0004615953774,-0.002438605622,0.003962577235,0,,,,,,,,1,28.6142896,77.21043469,7.545000902,,
25.43,-3.944426687,-6.772199635,5.956537535,-0.002068378423,-0.0005980793874,-0.0001285131093,0,,,,,,,,1,28.6142898,77.21043542,7.56000088,,
25.44,-3.939813634,-6.749141067,5.872063174,0.0009449185652,0.001396463193,0.004304692404,0,,,,,,,,1,28.61429,77.21043616,7.575000858,,
25.45,-4.003265251,-6.688876113,6.033944724,-0.00492656618,0.003662056962,-0.001030955089,0,,,,,,,,1,28.6142902,77.21043691,7.590000837,,
25.46,-3.903240291,-6.742678243,5.936921092,0.00528166737,-0.007607448936,0.002400606765,0,,,,,,,,1,28.6142904,77.21043765,7.605000817,,
25.47,-3.899229644,-6.732172374,6.048088386,0.003535992749,-0.005982564191,0.005746155493,0,,,,,,,,1,28.6142906,77.21043839,7.620000797,,
25.48,-3.922023882,-6.709715562,6.003830214,-0.002340089356,-0.004550589225,-0.01082836963,0,,,,,,,,1,28.61429081,77.21043914,7.635000778,,
25.49,-3.917888838,-6.722642904,5.968037224,0.0008356125034,-0.001496050438,-0.001309475,0,,,,,,,,1,28.61429101,77.21043989,7.650000759,,
25.5,-3.832059711,-6.751606286,6.013348292,-0.002893459516,-0.008310375911,-0.002364639237,0,,,,,,,,1,28.61429121,77.21044063,7.66500074,2.185161352,-1.846055269
25.51,-3.890586243,-6.770960762,5.945584796,-0.001250409978,-0.001244310724,-0.002487403599,0,,,,,,,,1,28.61429142,77.21044138,7.680000722,,
25.52,-3.930847095,-6.729936772,6.018202035,0.001647414496,-0.002566330476,0.002228277556,0,,,,,,,,1,28.61429162,77.21044214,7.695000704,,
25.53,-4.035146429,-6.696256201,6.002410758,-0.002588062724,0.001495019895,0.0009602549343,0,,,,,,,,1,28.61429183,77.21044289,7.710000687,,
25.54,-3.912397165,-6.655191794,6.00863477,-0.001493275061,-0.0002736022312,-0.003431711989,0,,,,,,,,1,28.61429203,77.21044364,7.725000671,,
25.55,-3.985727589,-6.686776128,5.952631563,0.004417764121,-0.002527155439,0.00210886856,0,,,,,,,,1,28.61429224,77.2104444,7.740000654,,
25.56,-3.988077756,-6.702640164,6.010442193,0.0005339622799,-0.0004989154319,-0.007457354664,0,,,,,,,,1,28.61429244,77.21044516,7.755000638,,
25.57,-3.933881095,-6.649642872,5.898769284,0.0002569846554,-0.002839296316,-0.006232752656,0,,,,,,,,1,28.61429265,77.21044592,7.770000623,,
25.58,-3.967308814,-6.781961095,6.011736692,-0.005314763852,0.002096797534,0.0005391082932,0,,,,,,,,1,28.61429285,77.21044668,7.785000607,,
25.59,-3.996782955,-6.821894652,5.93143849,-0.004291045975,-0.002985912683,-0.002466014331,0,,,,,,,,1,28.61429306,77.21044744,7.800000593,,
25.6,-3.989920918,-6.737032035,5.904382943,-0.00106106925,0.002652583279,0.0009894192566,0,,,,,,,,1,28.61429327,77.2104482,7.815000578,2.227663994,-1.897496581
25.61,-3.942208025,-6.745570985,5.95674466,0.0004810971967,-0.008085580451,0.003850057125,0,,,,,,,,1,28.61429348,77.21044897,7.830000564,,
25.62,-3.990604553,-6.731084805,5.962218692,-0.002809438746,-0.004165585773,0.001240219124,0,,,,,,,,1,28.61429368,77.21044973,7.84500055,,
25.63,-3.953933384,-6.669839699,6.040651811,-0.004492398889,-0.002537281845,0.0009328297875,0,,,,,,,,1,28.61429389,77.2104505,7.860000537,,
25.64,-4.070169194,-6.71843831,5.948237459,-0.0003083341073,0.004011499374,0.003781382564,0,,,,,,,,1,28.6142941,77.21045127,7.875000524,,
25.65,-4.032969046,-6.702102172,6.023524814,-0.006893909786,-0.003733401945,-0.002552636411,0,,,,,,,,1,28.61429431,77.21045204,7.890000511,,
25.66,-3.949516533,-6.680634826,5.930080714,-0.002259126393,0.0008020459565,0.003233180279,0,,,,,,,,1,28.61429452,77.21045281,7.905000499,,
25.67,-3.925526349,-6.72220309,6.015793206,0.0008823905936,-0.004346025289,-0.0006728481176,0,,,,,,,,1,28.61429473,77.21045359,7.920000486,,
25.68,-3.936107026,-6.73671048,6.045930712,-0.005074072153,-0.002467454346,0.006457691345,0,,,,,,,,1,28.61429494,77.21045436,7.935000475,,
25.69,-3.91543598,-6.756755221,5.999440395,-0.0005111393678,0.000377239209,-0.000181664841,0,,,,,,,,1,28.61429515,77.21045514,7.950000463,,
25.7,-4.00848409,-6.743938534,5.920500759,0.001089425186,-0.001644218168,-0.001137746171,0,,,,,,,,1,28.61429536,77.21045592,7.965000452,2.253870964,-1.887163281
25.71,-3.935289814,-6.888323053,6.019394739,-0.000516130771,-0.001074701192,0.003437743633,0,,,,,,,,1,28.61429557,77.2104567,7.980000441,,
25.72,-3.840418775,-6.701971044,6.050315885,-0.003187668323,-0.006379386028,-0.006445649207,0,,,,,,,,1,28.61429579,77.21045748,7.99500043,,
25.73,-3.951053768,-6.698383797,5.838408363,-0.003291479343,-0.003132587219,0.001760554145,0,,,,,,,,1,28.614296,77.21045826,8.010000419,,
25.74,-3.952560293,-6.758592827,6.016772911,-0.001276985498,0.0005993733224,-0.001295696234,0,,,,,,,,1,28.61429621,77.21045904,8.025000409,,
25.75,-3.949361383,-6.829229156,5.933756084,-0.00154921671,-0.0005394969327,-0.0003084966835,0,,,,,,,,1,28.61429643,77.21045983,8.040000399,,
25.76,-3.967739475,-6.75445153,5.925088019,-0.001479431761,-0.0006955081421,0.0009055085458,0,,,,,,,,1,28.61429664,77.21046062,8.055000389,,
25.77,-3.888708512,-6.698134644,6.001468938,0.00228797993,-0.003774990336,-0.002138997193,0,,,,,,,,1,28.61429685,77.2104614,8.07000038,,
25.78,-3.953966022,-6.719172264,5.963592579,0.003482329814,-0.0003391171696,-0.001881750693,0,,,,,,,,1,28.61429707,77.21046219,8.085000371,,
25.79,-4.027823495,-6.802931028,5.951311434,-0.003706809945,0.0005541282835,-0.002580010467,0,,,,,,,,1,28.61429728,77.21046298,8.100000362,,
25.8,-3.910892109,-6.823671516,5.957608453,0.0002721910714,-0.005516335591,-0.001613951232,0,,,,,,,,1,28.6142975,77.21046378,8.115000353,2.364733696,-1.900806308
25.81,-3.932402261,-6.689899502,5.997755136,-0.002313615896,-0.001492177844,0.0004424311768,0,,,,,,,,1,28.61429771,77.21046457,8.130000344,,
25.82,-3.931074532,-6.698867882,5.931184314,-0.0001259318478,-0.005566124384,-0.0008569407593,0,,,,,,,,1,28.61429793,77.21046537,8.145000336,,
25.83,-3.944876451,-6.704228023,6.043142657,-0.005246745552,-0.006038068253,-0.001561624335,0,,,,,,,,1,28.61429815,77.21046616,8.160000328,,
25.84,-3.889559769,-6.706955796,6.019732761,-0.0002195205032,-0.002434772322,0.002879594389,0,,,,,,,,1,28.61429836,77.21046696,8.17500032,,
25.85,-3.984535484,-6.788480084,5.95736945,-0.004018808465,-0.006108837887,-0.0003438993435,0,,,,,,,,1,28.61429858,77.21046776,8.190000312,,
25.86,-3.967723644,-6.775759631,5.932394203,-0.004153023341,-0.0001013894245,0.003195374529,0,,,,,,,,1,28.6142988,77.21046856,8.205000304,,
25.87,-4.019152107,-6.698029909,5.95547474,-0.002142693253,-0.003576380115,0.001325569195,0,,,,,,,,1,28.61429902,77.21046937,8.220000297,,
25.88,-3.941742155,-6.787264054,5.9557055,0.001342598975,0.004519052483,-0.002408765067,0,,,,,,,,1,28.61429923,77.21047017,8.23500029,,
25.89,-3.974316814,-6.7599945,5.966406069,-0.004835286084,-0.003335898281,0.001927767355,0,,,,,,,,1,28.61429945,77.21047098,8.250000283,,
25.9,-3.958822089,-6.697776283,5.871387017,-0.0009179206665,-0.003767986038,0.001583696766,0,,,,,,,,1,28.61429967,77.21047179,8.265000276,2.329084158,-1.898906469
25.91,-3.933778843,-6.746367138,5.956467505,-0.002173434595,-0.0006892010938,-0.001830512993,0,,,,,,,,1,28.61429989,77.21047259,8.280000269,,
25.92,-3.826139288,-6.676077971,5.912821304,0.003904780656,-0.0002727216527,-0.004117346813,0,,,,,,,,1,28.61430011,77.2104734,8.295000262,,
25.93,-3.959213617,-6.701455665,6.041187876,0.001021661141,-0.0007228628317,-0.004630146302,0,,,,,,,,1,28.61430033,77.21047422,8.310000256,,
25.94,-3.964421408,-6.726544449,5.968658991,-0.002575526861,7.894562178e-06,0.0003892250228,0,,,,,,,,1,28.61430055,77.21047503,8.32500025,,
25.95,-3.952301384,-6.720153534,5.885859624,-0.0006079732265,0.0006489153034,0.0008543987336,0,,,,,,,,1,28.61430077,77.21047584,8.340000244,,
25.96,-3.935844424,-6.747650706,5.950130367,0.0008355203956,-0.002310947943,0.001287399577,0,,,,,,,,1,28.614301,77.21047666,8.355000238,,
25.97,-3.938825338,-6.716228929,6.032402223,0.003538616737,-0.005573467995,0.008093954251,0,,,,,,,,1,28.61430122,77.21047748,8.370000232,,
25.98,-3.970882844,-6.804868722,5.912876322,-0.002242672079,0.0007361116276,0.002523197924,0,,,,,,,,1,28.61430144,77.2104783,8.385000226,,
25.99,-3.981907555,-6.734479828,5.989466175,-0.004169598885,0.0008920863661,-0.0006786083496,0,,,,,,,,1,28.61430166,77.21047912,8.400000221,,
26,-3.895576597,-6.688164316,6.036856315,-4.731939137e-05,-0.003428268591,-0.002764145602,1,28.6142482,77.21053146,4.2,8.27932876,70.72697188,36.65530351,11,1,28.61430189,77.21047994,8.415000215,2.256097078,-1.879226089
26.01,-3.944375133,-6.766824636,5.934745539,-0.002072820683,-0.002323153277,-0.003766738602,0,,,,,,,,1,28.61430211,77.21048076,8.43000021,,
26.02,-3.925821444,-6.770510467,5.889128594,0.002821498409,-0.001867248848,-0.000162763851,0,,,,,,,,1,28.61430233,77.21048159,8.445000205,,
26.03,-3.891720467,-6.654592554,5.978817013,2.816876412e-05,0.002438587014,-0.002606832673,0,,,,,,,,1,28.61430256,77.21048242,8.4600002,,
26.04,-3.936271376,-6.752393826,5.965326596,-0.006361323637,0.001257017031,-0.004865837056,0,,,,,,,,1,28.61430278,77.21048324,8.475000195,,
26.05,-4.027786333,-6.746130907,5.905373501,0.002991039169,-0.003704131863,0.003656510042,0,,,,,,,,1,28.61430301,77.21048407,8.49000019,,
26.06,-3.920615761,-6.670753467,5.909943317,-0.002333381061,-0.008568003306,0.002890739574,0,,,,,,,,1,28.61430323,77.2104849,8.505000186,,
26.07,-3.873438587,-6.6462054,5.969951199,-0.0028273209,0.001558909395,-0.001147235643,0,,,,,,,,1,28.61430346,77.21048574,8.520000181,,
26.08,-3.936555115,-6.776642961,5.881575319,0.003008541504,-0.005209838317,-0.004220592568,0,,,,,,,,1,28.61430369,77.21048657,8.535000177,,
26.09,-3.872438588,-6.715016027,6.018053255,-0.004255380335,-0.002293960589,-0.00341032679,0,,,,,,,,1,28.61430391,77.21048741,8.550000172,,
26.1,-3.871592291,-6.711265046,6.004099949,-0.002403957033,-0.002863163759,0.002858566499,0,,,,,,,,1,28.61430414,77.21048824,8.565000168,2.292924881,-1.919915199
26.11,-3.970013059,-6.70695082,5.963273715,0.0001308500955,0.001442479644,0.00317603579,0,,,,,,,,1,28.61430437,77.21048908,8.580000164,,
26.12,-3.962943438,-6.783376516,5.920440834,0.002501064619,-0.001471953152,-0.00637706813,0,,,,,,,,1,28.6143046,77.21048992,8.59500016,,
26.13,-3.931050525,-6.718997364,6.007932898,-0.004891851909,-0.007384277507,-0.0001501543154,0,,,,,,,,1,28.61430483,77.21049076,8.610000156,,
26.14,-3.948098611,-6.697939579,5.98966969,0.0004939521963,0.0001533028388,0.001667965881,0,,,,,,,,1,28.61430505,77.2104916,8.625000152,,
26.15,-3.985793798,-6.78822012,5.889135082,0.0008872905314,-0.008044296756,0.003280626472,0,,,,,,,,1,28.61430528,77.21049245,8.640000149,,
26.16,-3.880666743,-6.725933263,6.037931112,-0.00180620374,-0.00394383384,0.003000711631,0,,,,,,,,1,28.61430551,77.21049329,8.655000145,,
26.17,-3.969488849,-6.698138141,5.895573419,-0.0005865153368,4.806904611e-05,0.001714724805,0,,,,,,,,1,28.61430574,77.21049414,8.670000142,,
26.18,-4.016896802,-6.807059662,5.945141397,-0.001443840444,-0.003044527438,0.003762607306,0,,,,,,,,1,28.61430597,77.21049499,8.685000138,,
26.19,-4.018672367,-6.7618824,5.943425133,-0.002378095849,0.002119854569,-0.002282076233,0,,,,,,,,1,28.6143062,77.21049584,8.700000135,,
26.2,-3.980203162,-6.800290875,5.96353632,-0.0006582623384,-0.0009384946659,-0.002804931939,0,,,,,,,,1,28.61430644,77.21049669,8.715000131,2.300527573,-1.918790698
26.21,-3.929987567,-6.725426282,5.998055078,0.0003848410191,0.0001643396069,-0.002642821349,0,,,,,,,,1,28.61430667,77.21049754,8.730000128,,
26.22,-3.956665303,-6.76127256,5.893922624,0.003007832214,0.00187150332,-0.002576766383,0,,,,,,,,1,28.6143069,77.2104984,8.745000125,,
26.23,-3.909726511,-6.70640778,6.012983134,-0.001869408146,-0.001979754288,-0.001145103663,0,,,,,,,,1,28.61430713,77.21049925,8.760000122,,
26.24,-4.023487014,-6.683963537,6.033812398,-0.001944480361,-0.008379464184,-0.001770103662,0,,,,,,,,1,28.61430736,77.21050011,8.775000119,,
26.25,-3.918352866,-6.701695104,5.965724293,0.00497205934,-0.002228296796,-0.001406301184,0,,,,,,,,1,28.6143076,77.21050097,8.790000116,,
26.26,-3.923255539,-6.696630445,5.967705763,0.0001612570534,-0.00101899051,0.003986991275,0,,,,,,,,1,28.61430783,77.21050183,8.805000113,,
26.27,-3.943470757,-6.64659939,5.869300776,0.001681965446,0.0003566330962,-0.000744824385,0,,,,,,,,1,28.61430807,77.21050269,8.820000111,,
26.28,-3.963666351,-6.709443044,5.995813487,-0.0003384720506,-0.002748006163,-0.001486309561,0,,,,,,,,1,28.6143083,77.21050356,8.835000108,,
26.29,-3.972921383,-6.672249425,6.003979898,-0.004019711034,-0.002356204911,0.0009682842647,0,,,,,,,,1,28.61430853,77.21050442,8.850000105,,
26.3,-3.970517774,-6.706755907,5.969148106,0.001611333967,-0.000447935388,0.002587696033,0,,,,,,,,1,28.61430877,77.21050529,8.865000103,2.341343164,-1.949755788
26.31,-3.94593874,-6.739141045,5.973325936,-7.074119747e-05,-0.001673440982,0.0008848450437,0,,,,,,,,1,28.61430901,77.21050615,8.8800001,,
26.32,-3.932550189,-6.756024673,6.072450216,-0.001004191675,-0.004230404915,0.0005248019173,0,,,,,,,,1,28.61430924,77.21050702,8.895000098,,
26.33,-4.09060413,-6.711470302,6.061064971,0.001184285851,-0.00154185759,0.004237461408,0,,,,,,,,1,28.61430948,77.21050789,8.910000095,,
26.34,-3.857630279,-6.647171576,5.915040374,-0.003883394483,0.0003182798522,0.001145202957,0,,,,,,,,1,28.61430971,77.21050877,8.925000093,,
26.35,-3.939498777,-6.736872094,5.951988531,0.002117585128,-0.005364726942,-0.001031174349,0,,,,,,,,1,28.61430995,77.21050964,8.940000091,,
26.36,-3.923237868,-6.688977184,5.967600092,3.381520131e-05,-0.008990348378,0.0009181212718,0,,,,,,,,1,28.61431019,77.21051051,8.955000089,,
26.37,-3.97449822,-6.686954919,5.934936642,0.002081847763,0.001399069162,0.001352382155,0,,,,,,,,1,28.61431043,77.21051139,8.970000086,,
26.38,-3.93668955,-6.762973219,5.933450156,0.001851301148,0.0009003751356,0.0001496092747,0,,,,,,,,1,28.61431067,77.21051227,8.985000084,,
26.39,-3.944952883,-6.662132645,5.922647867,-0.001508437384,-0.0005091264114,0.001188080059,0,,,,,,,,1,28.6143109,77.21051315,9.000000082,,
26.4,-3.928248037,-6.747688828,5.998991139,0.0005796906794,-0.002393811567,-0.002752694076,0,,,,,,,,1,28.61431114,77.21051403,9.01500008,2.256901264,-1.89285779
26.41,-4.051435711,-6.607878677,5.919303178,-0.001336130276,-0.001760568101,0.0002686737512,0,,,,,,,,1,28.61431138,77.21051491,9.030000078,,
26.42,-3.974905305,-6.791987545,6.013259631,0.004476076452,-0.0004342040874,0.0007524391959,0,,,,,,,,1,28.61431162,77.21051579,9.045000076,,
26.43,-3.966670482,-6.751339141,5.977564179,-0.0009532063386,0.000889057717,-0.00371630513,0,,,,,,,,1,28.61431186,77.21051668,9.060000074,,
26.44,-3.957618622,-6.696199489,6.005714665,0.0005315514252,-0.0004672913892,0.002168687821,0,,,,,,,,1,28.6143121,77.21051757,9.075000073,,
26.45,-3.937051037,-6.770339059,5.925182759,8.994861675e-05,-0.001983611933,0.004659414672,0,,,,,,,,1,28.61431235,77.21051845,9.090000071,,
26.46,-4.065588711,-6.600068239,5.991111412,-0.001505774835,-0.0004697985745,0.0006000727554,0,,,,,,,,1,28.61431259,77.21051934,9.105000069,,
26.47,-3.895010803,-6.728229164,5.993373686,0.001235184565,0.006278689265,-0.004526437204,0,,,,,,,,1,28.61431283,77.21052023,9.120000067,,
26.48,-3.898773428,-6.688465281,6.02159048,-0.004314509561,-0.001253406674,-0.0009367438188,0,,,,,,,,1,28.61431307,77.21052113,9.135000066,,
26.49,-3.996346101,-6.658372463,5.945945519,0.001175328275,-0.00995792066,-0.0007698360003,0,,,,,,,,1,28.61431331,77.21052202,9.150000064,,
26.5,-3.853882004,-6.68888487,5.89971568,0.002670156381,-0.002047885854,0.0005644924301,0,,,,,,,,1,28.61431356,77.21052292,9.165000063,2.325627565,-1.931077719
26.51,-3.879665975,-6.662175345,6.022732875,0.0007413240074,-0.002473383337,0.003620522714,0,,,,,,,,1,28.6143138,77.21052381,9.180000061,,
26.52,-3.867646719,-6.59828236,6.08804541,0.003166228415,-0.004710237168,-0.004193506881,0,,,,,,,,1,28.61431404,77.21052471,9.19500006,,
26.53,-3.963072636,-6.737691855,5.960364674,-0.005933320448,-0.004513435237,-0.0009786145652,0,,,,,,,,1,28.61431429,77.21052561,9.210000058,,
26.54,-3.935976781,-6.789278075,5.927789229,-0.007845006032,-0.001006126378,0.003055951607,0,,,,,,,,1,28.61431453,77.21052651,9.225000057,,
26.55,-3.929160629,-6.768031961,5.988118891,-0.002306676892,0.000895649083,-0.004973744824,0,,,,,,,,1,28.61431478,77.21052742,9.240000055,,
26.56,-3.973643315,-6.655633534,6.048400109,0.000806978139,0.0002175525629,0.001993025143,0,,,,,,,,1,28.61431502,77.21052832,9.255000054,,
26.57,-3.91089101,-6.777381513,5.952334723,-0.002307141454,-0.001722528017,-0.001916595872,0,,,,,,,,1,28.61431527,77.21052923,9.270000053,,
26.58,-4.020208111,-6.760868799,6.059053048,-0.001545677543,0.0006115092489,-0.001076756043,0,,,,,,,,1,28.61431552,77.21053013,9.285000051,,
26.59,-3.8589504,-6.745062654,6.018432983,0.009363555342,-0.001723007506,-0.002299132696,0,,,,,,,,1,28.61431576,77.21053104,9.30000005,,
26.6,-3.876789318,-6.678592738,6.009939056,0.0002548146703,-0.002089309891,0.006924467894,0,,,,,,,,1,28.61431601,77.21053195,9.315000049,2.390044212,-1.931163549
26.61,-3.947027835,-6.751139747,5.959088675,-0.001069341739,0.0008767453971,0.007212645844,0,,,,,,,,1,28.61431626,77.21053286,9.330000048,,
26.62,-3.97605959,-6.698581413,5.933925318,-0.001077629119,0.003635394241,0.001629457024,0,,,,,,,,1,28.61431651,77.21053378,9.345000047,,
26.63,-3.963807901,-6.785367736,5.988048546,-0.0006545477868,-0.003034045944,0.003000361646,0,,,,,,,,1,28.61431675,77.21053469,9.360000045,,
26.64,-3.948376444,-6.803809134,5.96995487,0.004665259977,-0.001123868053,0.0009075848811,0,,,,,,,,1,28.614317,77.21053561,9.375000044,,
26.65,-4.04450555,-6.664821177,5.966215023,-0.001447600485,-0.00237663413,-0.0008054158555,0,,,,,,,,1,28.61431725,77.21053653,9.390000043,,
26.66,-3.830897505,-6.578179476,5.970926405,-0.001235370937,-0.005745420957,0.002365961455,0,,,,,,,,1,28.6143175,77.21053744,9.404878091,,
26.67,-3.925754162,-6.695688368,6.073442562,-0.005560180049,-0.0004516175617,-0.0002742425287,0,,,,,,,,1,28.61431775,77.21053836,9.419393259,,
26.68,-3.933201138,-6.623667439,6.017324445,-0.001575081518,-0.005997673264,0.007091544965,0,,,,,,,,1,28.614318,77.21053929,9.4335544,,
26.69,-3.736803978,-6.700955208,6.048003591,-0.0009098479301,-6.067134532e-05,0.0012110429,0,,,,,,,,1,28.61431825,77.21054021,9.447370146,,
26.7,-3.832124659,-6.736915386,6.121290294,0.0001558746854,7.026352973e-06,0.00195018154,0,,,,,,,,1,28.6143185,77.21054113,9.460848923,2.467914343,-1.992029428
26.71,-3.749267686,-6.762914394,6.106553512,-0.004722856048,-0.003294439076,-0.003604148171,0,,,,,,,,1,28.61431876,77.21054206,9.473998949,,
26.72,-3.755898723,-6.713271384,6.067708065,1.389231174e-05,-0.005957450495,-0.006010854293,0,,,,,,,,1,28.61431901,77.21054299,9.486828243,,
26.73,-3.684851836,-6.707728721,6.18655776,0.00272320889,-0.0005172608931,-0.0001706419168,0,,,,,,,,1,28.61431926,77.21054392,9.499344627,,
26.74,-3.714343523,-6.670789584,6.086659526,-0.005741366688,-0.001140623206,-0.0009002155202,0,,,,,,,,1,28.61431951,77.21054485,9.511555734,,
26.75,-3.626502178,-6.622879368,6.047824127,0.004410693139,-0.005301533008,-0.0001830572296,0,,,,,,,,1,28.61431976,77.21054578,9.523469009,,
26.76,-3.604753654,-6.69598332,6.160289804,-0.0008894169292,-0.003960483239,-0.0009423132604,0,,,,,,,,1,28.61432002,77.21054671,9.535091716,,
26.77,-3.552048641,-6.692785191,6.265634282,0.004124958631,-0.001804998852,-0.006338196729,0,,,,,,,,1,28.61432027,77.21054764,9.546430942,,
26.78,-3.58651498,-6.757379011,6.235847151,-0.004159996174,0.001390708433,0.002248988195,0,,,,,,,,1,28.61432053,77.21054858,9.557493602,,
26.79,-3.530816608,-6.717553826,6.196793426,0.002624082085,-0.002295067328,0.00587805576,0,,,,,,,,1,28.61432078,77.21054951,9.568286441,,
26.8,-3.598142949,-6.610082798,6.178034013,-0.002642640901,0.001151605628,0.005883605612,0,,,,,,,,1,28.61432103,77.21055045,9.57881604,2.550120354,-2.00022912
26.81,-3.475716714,-6.665307463,6.244645087,-0.002910073165,0.004785798518,0.003612830484,0,,,,,,,,1,28.61432129,77.21055139,9.58908882,,
26.82,-3.449797757,-6.618277581,6.219044396,0.002379225631,-0.003485420662,-0.003849362708,0,,,,,,,,1,28.61432154,77.21055232,9.599111044,,
26.83,-3.474420846,-6.705688834,6.201273768,0.001863898576,-0.001777364198,-0.00332560417,0,,,,,,,,1,28.6143218,77.21055326,9.608888823,,
26.84,-3.487114273,-6.610931441,6.271049829,0.002153123798,-0.002540207078,0.0002946211334,0,,,,,,,,1,28.61432205,77.2105542,9.61842812,,
26.85,-3.484933092,-6.651587111,6.293432711,0.001311434375,0.002385546034,0.003482197657,0,,,,,,,,1,28.61432231,77.21055515,9.627734751,,
26.86,-3.350688324,-6.529168567,6.308222444,-0.00305980569,0.003302838008,-0.001635827014,0,,,,,,,,1,28.61432256,77.21055609,9.636814391,,
26.87,-3.418072794,-6.602630685,6.372727156,0.003510452448,-0.0006453306354,0.005476136505,0,,,,,,,,1,28.61432282,77.21055703,9.645672577,,
26.88,-3.298994034,-6.64503247,6.313467554,0.002681874758,-0.001650631573,0.001627783015,0,,,,,,,,1,28.61432308,77.21055797,9.654314709,,
26.89,-3.330600428,-6.554208207,6.368849733,-0.004425492724,-0.002682325706,-0.004795808583,0,,,,,,,,1,28.61432333,77.21055892,9.662746058,,
26.9,-3.343892876,-6.577257645,6.312451339,-0.005256202896,0.0009460192027,-0.001014817635,0,,,,,,,,1,28.61432359,77.21055987,9.670971764,2.60453701,-2.052201271
26.91,-3.370332914,-6.608571982,6.300676955,0.002146724574,-0.006605118354,-0.005036883434,0,,,,,,,,1,28.61432385,77.21056081,9.678996843,,
26.92,-3.259300591,-6.722154424,6.282180566,0.002888579259,-0.001037160723,0.001377533175,0,,,,,,,,1,28.61432411,77.21056176,9.686826188,,
26.93,-3.29473994,-6.554454064,6.368502568,0.0007230683927,-0.003517961065,-0.0007187742039,0,,,,,,,,1,28.61432436,77.21056271,9.694464574,,
26.94,-3.277617379,-6.612369712,6.440842434,0.0002412278916,-0.002009101723,-0.004035029501,0,,,,,,,,1,28.61432462,77.21056366,9.701916657,,
26.95,-3.396058496,-6.684574415,6.342112027,0.004409090076,0.001095934567,0.002291032933,0,,,,,,,,1,28.61432488,77.21056461,9.709186983,,
26.96,-3.221448764,-6.581630818,6.334771727,0.004681505796,-0.005507129671,0.001002826299,0,,,,,,,,1,28.61432514,77.21056556,9.716279983,,
26.97,-3.220898639,-6.516897028,6.404908077,0.002268337629,-0.003589689648,-0.006827505834,0,,,,,,,,1,28.61432539,77.21056651,9.723199983,,
26.98,-3.222086611,-6.62684022,6.40442426,-0.003322803393,-0.008704165047,-1.564859042e-05,0,,,,,,,,1,28.61432565,77.21056746,9.729951203,,
26.99,-3.273653638,-6.62301815,6.436748571,0.002504442111,0.0002855919238,-0.001739813299,0,,,,,,,,1,28.61432591,77.21056841,9.736537759,,
27,-3.201534108,-6.633227981,6.491940992,0.006441356768,-0.002611783396,0.003441427119,1,28.61429268,77.21059976,4.2,9.810416756,75.91405853,38.00010784,12,1,28.61432617,77.21056936,9.742963668,2.586556673,-2.021427155
27.01,-3.178271088,-6.609515456,6.442633538,-0.001025805218,-8.550889136e-05,0.003426989865,0,,,,,,,,1,28.61432643,77.21057032,9.749232847,,
27.02,-3.066443386,-6.600147953,6.409354199,0.001115748942,0.002451590129,-0.00184651909,0,,,,,,,,1,28.61432669,77.21057127,9.755349119,,
27.03,-3.092915419,-6.570142535,6.460094575,-0.001038109297,-0.001761708392,-0.001439025333,0,,,,,,,,1,28.61432695,77.21057223,9.761316213,,
27.04,-3.19251287,-6.514227093,6.434167743,0.002524127885,-0.00391533235,0.00281981714,0,,,,,,,,1,28.61432721,77.21057318,9.767137769,,
27.05,-3.129894851,-6.638855691,6.488426276,0.0006774054333,0.0004781875364,-0.003400803738,0,,,,,,,,1,28.61432747,77.21057414,9.772817336,,
27.06,-3.141671946,-6.611520526,6.482279682,0.003612023749,-0.001344206877,-0.002943497714,0,,,,,,,,1,28.61432773,77.21057509,9.778358376,,
27.07,-3.107454019,-6.627771052,6.415044111,-0.003151100564,-0.004217619432,0.001750785419,0,,,,,,,,1,28.61432799,77.21057605,9.78376427,,
27.08,-3.108644733,-6.45512113,6.460858835,-0.001220800751,-0.004103311275,-0.009066332072,0,,,,,,,,1,28.61432825,77.21057701,9.789038312,,
27.09,-2.982609844,-6.561175563,6.447469726,-0.002476323366,0.001575138081,-0.003209488297,0,,,,,,,,1,28.61432851,77.21057797,9.794183719,,
27.1,-3.060249973,-6.552380916,6.537657886,0.002094055101,-0.001538980566,0.001968357631,0,,,,,,,,1,28.61432877,77.21057892,9.799203628,2.56819272,-2.064611435
27.11,-3.137102148,-6.560570233,6.482798835,-0.00277293167,0.001661898499,0.00216449413,0,,,,,,,,1,28.61432903,77.21057988,9.804101101,,
27.12,-3.072831976,-6.599384376,6.464278441,0.00485742679,-0.003296639491,-0.0004209572031,0,,,,,,,,1,28.61432929,77.21058084,9.808879122,,
27.13,-3.046660112,-6.534951832,6.486598039,0.002747583715,-0.006187944315,-0.000554396118,0,,,,,,,,1,28.61432955,77.2105818,9.813540607,,
27.14,-3.013215183,-6.639280607,6.609527344,0.003167269089,-0.004378347494,0.0008250375244,0,,,,,,,,1,28.61432981,77.21058276,9.818088397,,
27.15,-3.05191333,-6.568894711,6.528185028,-0.004551820176,-0.007618915124,0.0001687745447,0,,,,,,,,1,28.61433007,77.21058372,9.822525266,,
27.16,-3.102112376,-6.571869074,6.485321939,0.003212916697,-0.002007861221,-0.003966668571,0,,,,,,,,1,28.61433033,77.21058469,9.826853918,,
27.17,-3.028847786,-6.543271793,6.544903657,0.005514465202,-0.001876072772,-0.004081029436,0,,,,,,,,1,28.61433059,77.21058565,9.831076993,,
27.18,-3.080647977,-6.539026339,6.53458409,0.002223840585,0.001262634508,-0.002643793882,0,,,,,,,,1,28.61433085,77.21058661,9.835197066,,
27.19,-2.987802621,-6.5173449,6.461570143,0.003128769151,0.0008531578716,0.004318306456,0,,,,,,,,1,28.61433111,77.21058757,9.83921665,,
27.2,-2.980586112,-6.523772775,6.507686841,0.000872726361,-0.007789522268,0.001750696527,0,,,,,,,,1,28.61433138,77.21058853,9.843138195,2.28181076,-1.876927733
27.21,-2.988009642,-6.567814938,6.545001077,0.004530267386,-0.003062660519,-0.001572627515,0,,,,,,,,1,28.61433164,77.2105895,9.846964093,,
27.22,-3.03878777,-6.552013808,6.532461298,-0.0002158369274,-0.0005992082713,-0.0009902199207,0,,,,,,,,1,28.6143319,77.21059046,9.850696676,,
27.23,-2.967715811,-6.573147325,6.539718983,-0.002354060994,0.0003589210748,1.942846803e-05,0,,,,,,,,1,28.61433216,77.21059143,9.85433822,,
27.24,-2.985508631,-6.546844122,6.603419598,-0.001316243087,0.0003025159643,-0.003270909425,0,,,,,,,,1,28.61433242,77.21059239,9.857890947,,
27.25,-2.975184455,-6.592576008,6.508669283,-0.001060390392,-0.006666257737,-0.001349589553,0,,,,,,,,1,28.61433269,77.21059336,9.861357021,,
27.26,-2.952439773,-6.584828498,6.58067673,-0.003645715052,-0.001774946343,-0.001146420908,0,,,,,,,,1,28.61433295,77.21059432,9.864738557,,
27.27,-2.947482574,-6.491574271,6.553005475,-0.000697569603,0.0008527019057,-0.002051742568,0,,,,,,,,1,28.61433321,77.21059529,9.868037617,,
27.28,-2.837995081,-6.469857226,6.520262581,-0.003081507923,-0.002626830932,-0.005173794968,0,,,,,,,,1,28.61433347,77.21059625,9.871256212,,
27.29,-2.871556334,-6.512974728,6.63831443,-0.001710196985,0.0003317140511,-0.001552188803,0,,,,,,,,1,28.61433373,77.21059722,9.874396304,,
27.3,-2.944786222,-6.480432874,6.548413865,0.0006885255945,-0.008034669322,-0.002136554306,0,,,,,,,,1,28.614334,77.21059818,9.877459809,2.281032562,-1.842703223
27.31,-2.915555449,-6.530686811,6.623263919,0.0008195368625,-0.00231044826,-0.00218601594,0,,,,,,,,1,28.61433426,77.21059915,9.880448594,,
27.32,-2.924601101,-6.581924596,6.584247852,0.006983906447,0.004614575347,0.001508439931,0,,,,,,,,1,28.61433452,77.21060012,9.883364482,,
27.33,-2.908198119,-6.651345909,6.594006867,-0.003165303767,-0.0009648971418,-0.00240482966,0,,,,,,,,1,28.61433478,77.21060108,9.886209251,,
27.34,-2.843125899,-6.503313126,6.558726398,0.002232389684,-0.002276939737,-0.004649397173,0,,,,,,,,1,28.61433505,77.21060205,9.888984635,,
27.35,-2.813751072,-6.585652068,6.60863745,0.0006730304116,-0.003950988768,-0.0005610786636,0,,,,,,,,1,28.61433531,77.21060302,9.891692327,,
27.36,-2.871991024,-6.497174214,6.553574733,-0.002803027957,0.001427209915,0.001971507915,0,,,,,,,,1,28.61433557,77.21060399,9.894333977,,
27.37,-2.864977079,-6.535563331,6.615810179,-0.00195116337,-0.009282241515,0.002406954254,0,,,,,,,,1,28.61433584,77.21060496,9.896911197,,
27.38,-2.917543555,-6.602210555,6.593288914,0.001085185026,-0.001512714688,0.003621884048,0,,,,,,,,1,28.6143361,77.21060593,9.899425558,,
27.39,-2.904015665,-6.529826112,6.502240897,0.001914051168,-0.00296673769,-0.001525712003,0,,,,,,,,1,28.61433636,77.21060689,9.901878593,,
27.4,-2.854271174,-6.695460341,6.574839347,-0.002439249958,0.0003250314892,0.001591881582,0,,,,,,,,1,28.61433662,77.21060786,9.904271798,2.169840336,-1.78917408
27.41,-2.837835252,-6.54338788,6.606454194,-0.009298613979,0.001986998185,0.0002152513898,0,,,,,,,,1,28.61433689,77.21060883,9.906606633,,
27.42,-2.895825318,-6.499342308,6.597716866,0.0002534023942,-0.006725858926,0.0003369015533,0,,,,,,,,1,28.61433715,77.2106098,9.90888452,,
27.43,-2.756675164,-6.629737298,6.596363865,-0.005838030864,-0.005332773522,-0.005439645933,0,,,,,,,,1,28.61433741,77.21061077,9.911106848,,
27.44,-2.839558116,-6.419856994,6.65457794,0.00160060261,-0.003556815283,-0.004043122862,0,,,,,,,,1,28.61433768,77.21061174,9.913274974,,
27.45,-2.870347242,-6.426363832,6.741751875,-0.001173239305,-0.007899114702,-6.197265859e-05,0,,,,,,,,1,28.61433794,77.21061271,9.915390219,,
27.46,-2.816327824,-6.407610995,6.602207114,0.004175391408,-0.001676663893,-0.0001095087899,0,,,,,,,,1,28.61433821,77.21061368,9.917453872,,
27.47,-2.855425397,-6.466459832,6.630142219,0.004135768812,0.0001719898178,-0.001099520657,0,,,,,,,,1,28.61433847,77.21061465,9.919467192,,
27.48,-2.862859464,-6.558791857,6.602647912,0.00325657443,-0.009210707625,0.002234042122,0,,,,,,,,1,28.61433873,77.21061562,9.921431407,,
27.49,-2.830494508,-6.516677095,6.686572566,0.0001193415905,5.644130078e-05,-0.001137364525,0,,,,,,,,1,28.614339,77.21061659,9.923347714,,
27.5,-2.831497036,-6.50925793,6.660335132,-0.001952122747,-0.002680625619,-0.00474323784,0,,,,,,,,1,28.61433926,77.21061757,9.925217282,2.078175783,-1.745965481
27.51,-2.782137766,-6.469159815,6.621402462,0.003263445224,-0.003383173047,-0.006573785201,0,,,,,,,,1,28.61433952,77.21061854,9.927041251,,
27.52,-2.728177207,-6.561806339,6.592100008,-0.004395449468,-0.001945889106,-0.008797720057,0,,,,,,,,1,28.61433979,77.21061951,9.928820732,,
27.53,-2.69730881,-6.501394047,6.665523348,2.192549957e-06,-0.001029850076,0.001355656621,0,,,,,,,,1,28.61434005,77.21062048,9.930556812,,
27.54,-2.821884964,-6.523715747,6.614757938,0.001351719875,-0.004059469471,0.0001431420089,0,,,,,,,,1,28.61434032,77.21062145,9.932250548,,
27.55,-2.779747676,-6.538597981,6.61412155,0.004152566867,-0.001726306899,0.003742952869,0,,,,,,,,1,28.61434058,77.21062242,9.933902974,,
27.56,-2.773815139,-6.518530722,6.580980807,-0.002821515624,0.0004933583563,-0.003508690699,0,,,,,,,,1,28.61434084,77.2106234,9.935515097,,
27.57,-2.822409834,-6.505663796,6.591592058,0.001095881985,-0.00337458283,0.005573380495,0,,,,,,,,1,28.61434111,77.21062437,9.937087899,,
27.58,-2.872228701,-6.550938957,6.630448583,-0.002761381234,-0.004278943229,0.006602819181,0,,,,,,,,1,28.61434137,77.21062534,9.938622341,,
27.59,-2.785734394,-6.562767313,6.615734819,-0.002155661258,-0.005147703762,-0.0004254338149,0,,,,,,,,1,28.61434164,77.21062631,9.940119357,,
27.6,-2.752847038,-6.510176456,6.644725983,0.001633284283,-0.002014568369,-0.003227770509,0,,,,,,,,1,28.6143419,77.21062729,9.94157986,1.749218822,-1.960620046
27.61,-2.718673983,-6.472910295,6.665211185,-0.0004285057509,-0.0004371305775,-0.0036355355,0,,,,,,,,1,28.61434216,77.21062826,9.943004742,,
27.62,-2.779609067,-6.455301576,6.690333604,0.002958105219,-0.004678938813,0.003268419081,0,,,,,,,,1,28.61434243,77.21062923,9.94439487,,
27.63,-2.779096271,-6.553023519,6.696071297,0.004140455726,0.001641745257,-0.003211819709,0,,,,,,,,1,28.61434269,77.21063021,9.945751093,,
27.64,-2.781194697,-6.605520779,6.602956327,-0.0002838784016,-0.003441945348,0.001251403084,0,,,,,,,,1,28.61434296,77.21063118,9.947074237,,
27.65,-2.763161266,-6.490332889,6.686571759,0.000925137082,-0.0001401846735,-0.0002567414179,0,,,,,,,,1,28.61434322,77.21063215,9.948365109,,
27.66,-2.752951202,-6.620349978,6.756421329,0.001468028799,0.003814779272,0.002530716134,0,,,,,,,,1,28.61434349,77.21063313,9.949624497,,
27.67,-2.806498672,-6.51735308,6.601929752,-0.003615724667,-0.003373069583,0.003267573586,0,,,,,,,,1,28.61434375,77.2106341,9.950853167,,
27.68,-2.766047142,-6.559554164,6.636962112,-0.003993910248,-0.004010302061,0.0001483130684,0,,,,,,,,1,28.61434401,77.21063507,9.952051871,,
27.69,-2.768751886,-6.548751169,6.647390839,-0.0006409686199,-0.000546936459,0.000687852082,0,,,,,,,,1,28.61434428,77.21063605,9.953221337,,
27.7,-2.741067173,-6.49689758,6.656573926,-0.002806922795,-0.003410051904,0.003565345684,0,,,,,,,,1,28.61434454,77.21063702,9.95436228,0.8769596815,-3.034329176
27.71,-2.828417443,-6.513642181,6.71586516,-0.001884410037,-0.002630726325,0.0007818180946,0,,,,,,,,1,28.61434481,77.210638,9.955475395,,
27.72,-2.785313267,-6.447107563,6.700591755,-0.0003416432382,-0.0008418355154,0.004813360579,0,,,,,,,,1,28.61434507,77.21063897,9.956561361,,
27.73,-2.702512481,-6.515976504,6.672646049,0.006404595341,-0.00525194769,0.002932224069,0,,,,,,,,1,28.61434534,77.21063995,9.95762084,,
27.74,-2.697172758,-6.494846958,6.718683889,-0.0002593645299,-0.003021874373,-0.001309178563,0,,,,,,,,1,28.6143456,77.21064092,9.958654478,,
27.75,-2.811903276,-6.52483211,6.717974045,-0.001768980355,-0.001791449965,-0.006558652783,0,,,,,,,,1,28.61434587,77.21064189,9.959662906,,
27.76,-2.725076588,-6.588610642,6.723491321,0.0003096747372,0.001430741587,0.003583852397,0,,,,,,,,1,28.61434613,77.21064287,9.960646737,,
27.77,-2.705725459,-6.561508726,6.688088885,-0.001893901858,-0.003230618635,-0.0001340489157,0,,,,,,,,1,28.6143464,77.21064384,9.961606573,,
27.78,-2.702863854,-6.52263954,6.68982766,-0.001224191592,-0.007403581684,-0.005497216513,0,,,,,,,,1,28.61434666,77.21064482,9.962542998,,
27.79,-2.768383747,-6.568508108,6.687377166,0.003282451224,-0.00405229587,-0.00136317044,0,,,,,,,,1,28.61434693,77.21064579,9.963456583,,
27.8,-2.633662716,-6.542882309,6.649251427,-0.002746696448,0.003917599835,0.0002539541601,0,,,,,,,,1,28.61434719,77.21064677,9.964347886,0.5924752355,-3.529736757
27.81,-2.762978258,-6.512752739,6.602876814,-0.0002152898809,0.00145432381,-0.002620933274,0,,,,,,,,1,28.61434745,77.21064774,9.96521745,,
27.82,-2.633228061,-6.542982996,6.674623888,0.001950013948,-0.002997547731,0.00445586232,0,,,,,,,,1,28.61434772,77.21064872,9.966065805,,
27.83,-2.743802276,-6.537217881,6.680478277,-5.829814433e-06,-0.003594697617,0.004855491669,0,,,,,,,,1,28.61434798,77.2106497,9.966893468,,
27.84,-2.762289215,-6.449153064,6.661171882,-0.006662968891,0.004910716902,0.0008463794702,0,,,,,,,,1,28.61434825,77.21065067,9.967700945,,
27.85,-2.673613403,-6.484446396,6.804027333,0.001248475321,-3.228191037e-05,0.003378973689,0,,,,,,,,1,28.61434851,77.21065165,9.968488726,,
27.86,-2.850781886,-6.506903291,6.644171353,0.003921862899,-0.001998592042,0.001453775804,0,,,,,,,,1,28.61434878,77.21065262,9.969257294,,
27.87,-2.76954119,-6.475825738,6.638440251,-0.001093754057,-0.001932619184,0.001873410316,0,,,,,,,,1,28.61434904,77.2106536,9.970007116,,
27.88,-2.719039805,-6.532853247,6.681193781,0.006025696112,0.002651596995,0.001629970945,0,,,,,,,,1,28.61434931,77.21065457,9.97073865,,
27.89,-2.861295216,-6.497759325,6.686173873,-0.00361905916,-0.003923414916,-0.001740892851,0,,,,,,,,1,28.61434957,77.21065555,9.971452341,,
27.9,-2.64192743,-6.52840672,6.621991053,0.002579334168,-0.004198014285,-0.004129592162,0,,,,,,,,1,28.61434984,77.21065652,9.972148626,0.4395263195,-3.561577559
27.91,-2.750904729,-6.484648861,6.693490738,-0.0003926495813,-0.000278452768,0.001851639703,0,,,,,,,,1,28.6143501,77.2106575,9.972827927,,
27.92,-2.725331786,-6.438006484,6.787389658,0.001822438647,-0.002983386113,0.002526242414,0,,,,,,,,1,28.61435037,77.21065848,9.973490661,,
27.93,-2.793269598,-6.434532947,6.761985328,0.001981195388,-0.003016168978,0.004752270294,0,,,,,,,,1,28.61435063,77.21065945,9.97413723,,
27.94,-2.730551262,-6.472572512,6.703310016,-0.003358993188,-0.002590156338,0.001378163217,0,,,,,,,,1,28.6143509,77.21066043,9.974768029,,
27.95,-2.712473606,-6.455190704,6.743336992,-0.002270113382,-0.006833894936,0.005351918373,0,,,,,,,,1,28.61435116,77.21066141,9.975383443,,
27.96,-2.806629274,-6.452447579,6.751523592,-0.003618639638,-0.004917330341,0.002764171969,0,,,,,,,,1,28.61435143,77.21066238,9.975983847,,
27.97,-2.746171536,-6.502976785,6.657201008,-0.00331240127,0.0003956114169,-0.001478378584,0,,,,,,,,1,28.61435169,77.21066336,9.976569607,,
27.98,-2.679335194,-6.430781182,6.702051135,-0.007594221641,-0.007146883545,-0.002382094437,0,,,,,,,,1,28.61435196,77.21066433,9.97714108,,
27.99,-2.745526554,-6.460288477,6.713173308,-0.002660249617,-0.006304167483,0.004315523936,0,,,,,,,,1,28.61435223,77.21066531,9.977698615,,
28,-2.697980894,-6.537103691,6.724509437,-0.0001409293961,-0.004979562138,0.002038189642,1,28.61435335,77.21063917,4.2,10.13876852,76.93855257,39.05462019,12,1,28.61435249,77.21066629,9.978242551,0.2449301779,-4.230815411
28.01,-2.709863958,-6.459801687,6.829767346,0.003997284833,-0.009710804642,-0.003793132644,0,,,,,,,,1,28.61435276,77.21066726,9.97877322,,
28.02,-2.737036214,-6.592374311,6.685900626,-0.001483982988,-0.007865956577,0.003377826311,0,,,,,,,,1,28.61435302,77.21066824,9.979290947,,
28.03,-2.714444517,-6.545391471,6.703711238,-0.006035023643,-0.002616906322,0.004059859482,0,,,,,,,,1,28.61435329,77.21066922,9.979796046,,
28.04,-2.761343243,-6.529760424,6.644942423,-0.001099492177,-0.002979976017,0.004298123675,0,,,,,,,,1,28.61435355,77.21067019,9.980288825,,
28.05,-2.749382306,-6.630432854,6.702827758,0.0023997524,0.001180117207,-0.005194076273,0,,,,,,,,1,28.61435382,77.21067117,9.980769585,,
28.06,-2.615550621,-6.48551681,6.740578841,-0.0003276021197,-0.003554586223,-0.002451303086,0,,,,,,,,1,28.61435408,77.21067215,9.98123862,,
28.07,-2.699005209,-6.495405242,6.783385741,-0.002645728505,0.0002065069736,4.805627033e-05,0,,,,,,,,1,28.61435435,77.21067312,9.981696214,,
28.08,-2.644105239,-6.550345006,6.518771681,0.004136443465,0.0005574673652,-0.0003609783607,0,,,,,,,,1,28.61435461,77.2106741,9.982142648,,
28.09,-2.759287266,-6.497378021,6.742775092,-0.004255020127,-0.005332522703,0.004391968908,0,,,,,,,,1,28.61435488,77.21067508,9.982578193,,
28.1,-2.80986413,-6.513078676,6.70795792,-0.0005150596655,-0.0001616449695,0.001191822718,0,,,,,,,,1,28.61435514,77.21067605,9.983003116,0.1096052006,-5.026091099
28.11,-2.670122688,-6.538536964,6.695485946,0.00218285401,-0.0009040727411,-0.0009202644056,0,,,,,,,,1,28.61435541,77.21067703,9.983417674,,
28.12,-2.648953698,-6.536304291,6.731966273,0.002255653566,-0.0007656145405,-0.001515389904,0,,,,,,,,1,28.61435567,77.21067801,9.983822121,,
28.13,-2.739544546,-6.421114004,6.670734974,-0.0006596564455,-0.007140588789,-0.003332385565,0,,,,,,,,1,28.61435594,77.21067899,9.984216703,,
28.14,-2.648143936,-6.455524318,6.700134887,-0.001196338662,-0.00507504411,0.0003116972524,0,,,,,,,,1,28.6143562,77.21067996,9.984601662,,
28.15,-2.69281666,-6.492836482,6.713828257,0.0002333184109,0.0001406117986,0.001179749418,0,,,,,,,,1,28.61435647,77.21068094,9.984977231,,
28.16,-2.797021711,-6.444661125,6.727300485,0.001177441026,-0.001884580796,-0.005001606542,0,,,,,,,,1,28.61435673,77.21068192,9.98534364,,
28.17,-2.712937774,-6.503188233,6.645793322,0.006653140846,-0.006548776207,0.001846390857,0,,,,,,,,1,28.614357,77.21068289,9.985701112,,
28.18,-2.853051091,-6.520569944,6.689885086,-0.003119686975,-0.003837545114,0.00311147642,0,,,,,,,,1,28.61435727,77.21068387,9.986049865,,
28.19,-2.601396967,-6.481385048,6.666968323,0.003131808759,-0.007039410149,0.0001170366184,0,,,,,,,,1,28.61435753,77.21068485,9.986390113,,
28.2,-2.693393218,-6.565959513,6.765700395,0.00203687367,0.004211515538,0.00245997969,0,,,,,,,,1,28.6143578,77.21068583,9.986722061,0.1022608206,-5.144165516
28.21,-2.685070847,-6.410738426,6.639467288,-0.002029326069,0.0005120141544,-0.003620828057,0,,,,,,,,1,28.61435806,77.2106868,9.987045913,,
28.22,-2.77485034,-6.528653814,6.698482403,0.001709790043,-0.005427105745,0.001697101147,0,,,,,,,,1,28.61435833,77.21068778,9.987361867,,
28.23,-2.71314892,-6.545838757,6.684648454,0.002668069748,-4.749674168e-05,0.0003065298191,0,,,,,,,,1,28.61435859,77.21068876,9.987670114,,
28.24,-2.758550489,-6.476935095,6.682365398,0.006722508286,-0.005217709119,-2.082961282e-05,0,,,,,,,,1,28.61435886,77.21068974,9.987970843,,
28.25,-2.635713753,-6.490292995,6.740337969,-0.002432363692,-0.003523065159,0.001636107677,0,,,,,,,,1,28.61435912,77.21069071,9.988264237,,
28.26,-2.669503134,-6.376907736,6.696735735,0.002279841683,-0.002025117025,0.004937585663,0,,,,,,,,1,28.61435939,77.21069169,9.988550475,,
28.27,-2.637027592,-6.474834554,6.720537666,-0.002876951282,0.001448178665,-0.003606882179,0,,,,,,,,1,28.61435965,77.21069267,9.988829732,,
28.28,-2.729884608,-6.48879488,6.700729625,0.00412621347,0.00127922613,0.001805770655,0,,,,,,,,1,28.61435992,77.21069365,9.989102177,,
28.29,-2.690311217,-6.538959699,6.734453294,-0.003414541532,-0.003507605405,0.001851039275,0,,,,,,,,1,28.61436019,77.21069462,9.989367978,,
28.3,-2.708439637,-6.587044468,6.726402759,-0.008783863851,-0.0001873819003,-0.004681103299,0,,,,,,,,1,28.61436045,77.2106956,9.989627295,0.02660148777,-5.977720261
28.31,-2.700561332,-6.526174918,6.665071028,0.0006203234085,0.001842199496,0.003153401466,0,,,,,,,,1,28.61436072,77.21069658,9.989880288,,
28.32,-2.68596892,-6.461528715,6.723393171,0.003179492124,-0.001710109205,0.00354258848,0,,,,,,,,1,28.61436098,77.21069756,9.99012711,,
28.33,-2.799084881,-6.466070624,6.761653799,0.00288387961,0.0009055967991,0.0005311249371,0,,,,,,,,1,28.61436125,77.21069854,9.990367913,,
28.34,-2.610099602,-6.466339009,6.79487153,-0.003022628964,0.0007025993605,0.0002420354635,0,,,,,,,,1,28.61436151,77.21069951,9.990602841,,
28.35,-2.6743633,-6.55538989,6.717161343,0.001974528893,-0.005734991697,0.004444313949,0,,,,,,,,1,28.61436178,77.21070049,9.99083204,,
28.36,-2.669454224,-6.520396061,6.647273074,0.001094534361,-0.004773147507,0.002698900161,0,,,,,,,,1,28.61436204,77.21070147,9.991055649,,
28.37,-2.648040608,-6.47259877,6.696252752,0.00233399329,0.003282301997,-0.0006588761224,0,,,,,,,,1,28.61436231,77.21070245,9.991273804,,
28.38,-2.718532575,-6.530803985,6.790198405,0.002154639998,-0.005546010229,0.003406152272,0,,,,,,,,1,28.61436258,77.21070342,9.991486638,,
28.39,-2.728716202,-6.551060814,6.794128532,-0.00202865232,0.0002324964103,0.001315012752,0,,,,,,,,1,28.61436284,77.2107044,9.991694281,,
28.4,-2.617079422,-6.490376923,6.681437584,0.0008981594029,-0.006816347115,0.001900947588,0,,,,,,,,1,28.61436311,77.21070538,9.99189686,0.01817231998,-6
28.41,-2.758977213,-6.499885865,6.733548461,0.002585138971,-0.0004595742069,0.003579184589,0,,,,,,,,1,28.61436337,77.21070636,9.992094497,,
28.42,-2.726195084,-6.541661891,6.657631645,0.001320743822,-0.002752446921,-0.004013164031,0,,,,,,,,1,28.61436364,77.21070734,9.992287314,,
28.43,-2.732213741,-6.512091935,6.7457663,-0.002918602198,-0.003785242969,-0.004554263472,0,,,,,,,,1,28.6143639,77.21070831,9.992475429,,
28.44,-2.614575381,-6.454083047,6.768872485,0.00321803729,-0.003013151911,0.001438390579,0,,,,,,,,1,28.61436417,77.21070929,9.992658955,,
28.45,-2.728969837,-6.458565958,6.670171695,0.0003068476552,-0.005454123,0.001734951448,0,,,,,,,,1,28.61436443,77.21071027,9.992838005,,
28.46,-2.662806982,-6.504231868,6.679197114,0.0007309858562,-0.00575810949,-0.001693777086,0,,,,,,,,1,28.6143647,77.21071125,9.993012687,,
28.47,-2.673955638,-6.598751009,6.730946862,-0.006586249968,0.00301695756,-0.001953332707,0,,,,,,,,1,28.61436497,77.21071223,9.99318311,,
28.48,-2.69958522,-6.434692025,6.756787156,0.001794706325,-0.001751306702,-0.0005747153599,0,,,,,,,,1,28.61436523,77.2107132,9.993349375,,
28.49,-2.67420849,-6.474874352,6.775612804,-0.00318254101,-0.0001060763409,0.0005318950102,0,,,,,,,,1,28.6143655,77.21071418,9.993511586,,
28.5,-2.705034285,-6.477517174,6.772582716,0.002676940853,-0.002453251963,-0.00436537696,0,,,,,,,,1,28.61436576,77.21071516,9.99366984,0.007175390143,-6
28.51,-2.714129774,-6.474967107,6.62524271,-0.0003175877637,-0.006980986225,-0.00274996769,0,,,,,,,,1,28.61436603,77.21071614,9.993824234,,
28.52,-2.585108118,-6.482533957,6.845142264,0.001703767915,-0.0006172818027,0.002314732083,0,,,,,,,,1,28.61436629,77.21071712,9.993974862,,
28.53,-2.648948081,-6.548152935,6.741002397,-0.0008567636704,-0.0003132889447,-0.0001081579668,0,,,,,,,,1,28.61436656,77.21071809,9.994121817,,
28.54,-2.669912479,-6.462761837,6.77175912,-0.001499230041,-4.002964298e-05,0.001780371696,0,,,,,,,,1,28.61436682,77.21071907,9.994265187,,
28.55,-2.623296419,-6.556033163,6.722128013,0.002949647746,-0.003254190945,0.001161876504,0,,,,,,,,1,28.61436709,77.21072005,9.994405061,,
28.56,-2.739350926,-6.552484862,6.804287824,-0.001989772672,-0.003150927984,-7.443963989e-05,0,,,,,,,,1,28.61436736,77.21072103,9.994541523,,
28.57,-2.666585001,-6.488176581,6.645514683,0.0009527998085,-0.001252670798,0.002876342669,0,,,,,,,,1,28.61436762,77.21072201,9.994674656,,
28.58,-2.684206088,-6.564314878,6.731921713,-0.001659194937,0.001568150821,0.002318187262,0,,,,,,,,1,28.61436789,77.21072298,9.994804543,,
28.59,-2.701142246,-6.481547443,6.774787652,0.0006221940966,-0.004204435716,0.001146567404,0,,,,,,,,1,28.61436815,77.21072396,9.994931261,,
28.6,-2.70945541,-6.544734056,6.778297361,0.00416452429,-0.001820079703,0.00043099235,0,,,,,,,,1,28.61436842,77.21072494,9.995054889,0.01093856152,-6
28.61,-2.78540914,-6.525559047,6.780799684,0.006036169553,-0.0008820870794,0.001169480358,0,,,,,,,,1,28.61436868,77.21072592,9.995175501,,
28.62,-2.707050234,-6.57726372,6.650730981,-0.003059374591,0.003555122222,0.00560625696,0,,,,,,,,1,28.61436895,77.2107269,9.995293172,,
28.63,-2.686206979,-6.585014208,6.727566744,-0.005813763451,-0.003201654411,-0.003612719457,0,,,,,,,,1,28.61436921,77.21072788,9.995407973,,
28.64,-2.726911467,-6.519124125,6.608681289,-0.006179846875,-0.003999353329,-0.001192210517,0,,,,,,,,1,28.61436948,77.21072885,9.995519973,,
28.65,-2.669361848,-6.421523295,6.666037258,0.001444532524,-0.007105658202,0.001320309099,0,,,,,,,,1,28.61436975,77.21072983,9.995629242,,
28.66,-2.671367472,-6.465142585,6.627115598,0.003398783814,-0.00343021093,0.002551068821,0,,,,,,,,1,28.61437001,77.21073081,9.995735846,,
28.67,-2.639422022,-6.43962696,6.745381498,0.00240122284,-0.005564840049,-0.003413710776,0,,,,,,,,1,28.61437028,77.21073179,9.99583985,,
28.68,-2.617167348,-6.456326548,6.678279823,-0.003323036596,-0.001090897239,0.001209622837,0,,,,,,,,1,28.61437054,77.21073277,9.995941317,,
28.69,-2.667494941,-6.525044524,6.762137252,-0.006159264163,-0.006098278274,0.000126659549,0,,,,,,,,1,28.61437081,77.21073374,9.996040309,,
28.7,-2.646928834,-6.458240367,6.676146289,0.0002044419979,-0.004292008281,-0.001514186711,0,,,,,,,,1,28.61437107,77.21073472,9.996136887,0.01203289721,-6
28.71,-2.666119081,-6.526936146,6.743365492,-0.002042398072,-0.004638578931,0.0002023226504,0,,,,,,,,1,28.61437134,77.2107357,9.996231109,,
28.72,-2.600252813,-6.491444475,6.743281482,-0.003141159722,-0.001285442794,0.001499373581,0,,,,,,,,1,28.61437161,77.21073668,9.996323034,,
28.73,-2.745339786,-6.47600234,6.767757034,0.003125212984,-0.004357330714,0.0009171745261,0,,,,,,,,1,28.61437187,77.21073766,9.996412716,,
28.74,-2.65042509,-6.496483696,6.765007462,0.002945814989,-0.0004096595454,0.001103955457,0,,,,,,,,1,28.61437214,77.21073864,9.99650021,,
28.75,-2.652540871,-6.428240393,6.664582194,-0.002505749697,-0.0001169713006,-0.001461401283,0,,,,,,,,1,28.6143724,77.21073961,9.996585571,,
28.76,-2.674315435,-6.46625186,6.723454271,-0.000695557522,0.0003066439631,0.003493956776,0,,,,,,,,1,28.61437267,77.21074059,9.99666885,,
28.77,-2.684887977,-6.5083639,6.703083282,0.00265640602,-0.003752970557,-0.003301274071,0,,,,,,,,1,28.61437293,77.21074157,9.996750097,,
28.78,-2.649075939,-6.464954946,6.887564817,0.002809683008,-0.0008483377383,-0.003648523576,0,,,,,,,,1,28.6143732,77.21074255,9.996829363,,
28.79,-2.680391377,-6.461713281,6.641321817,-0.003669557981,-0.001270412545,0.00444360434,0,,,,,,,,1,28.61437347,77.21074353,9.996906696,,
28.8,-2.619426141,-6.552721933,6.702775236,0.004820284404,-0.002665453915,0.004749237036,0,,,,,,,,1,28.61437373,77.21074451,9.996982142,0.02045384049,-6
28.81,-2.640419622,-6.525175025,6.705255342,0.001247876357,-0.002358954273,0.001837593491,0,,,,,,,,1,28.614374,77.21074549,9.997055749,,
28.82,-2.648662518,-6.500483692,6.739027703,0.0007696075113,-0.000899064098,0.001729816538,0,,,,,,,,1,28.61437426,77.21074646,9.99712756,,
28.83,-2.689768652,-6.507895315,6.754741309,0.00214699266,-0.001054921305,-0.002792789923,0,,,,,,,,1,28.61437453,77.21074744,9.997197619,,
28.84,-2.682013907,-6.43313165,6.680179298,-0.002110751304,-0.004458400961,0.003560147476,0,,,,,,,,1,28.61437479,77.21074842,9.99726597,,
28.85,-2.689059261,-6.382803899,6.742178013,0.0003970875462,-0.01144338587,-0.002485617886,0,,,,,,,,1,28.61437506,77.2107494,9.997332654,,
28.86,-2.650666984,-6.506877373,6.641375775,-0.005499515564,-0.0007431579785,-0.001041987397,0,,,,,,,,1,28.61437533,77.21075038,9.997397711,,
28.87,-2.716687821,-6.437379751,6.659480757,-0.0006112452808,-0.002500328133,-0.002327191582,0,,,,,,,,1,28.61437559,77.21075136,9.997461181,,
28.88,-2.681267095,-6.449428109,6.747424373,0.004272616163,-0.001648408005,0.001149985106,0,,,,,,,,1,28.61437586,77.21075233,9.997523104,,
28.89,-2.640019521,-6.577308161,6.697262725,-0.001309578696,-0.001379236742,-0.003588743119,0,,,,,,,,1,28.61437612,77.21075331,9.997583516,,
28.9,-2.58571588,-6.579131472,6.701141144,0.005759621605,-0.00243014701,1.42988417e-05,0,,,,,,,,1,28.61437639,77.21075429,9.997642454,0.02023610845,-6
28.91,-2.666675647,-6.578654968,6.65656477,-0.003033037091,-0.003492244722,-0.000884528621,0,,,,,,,,1,28.61437665,77.21075527,9.997699956,,
28.92,-2.72425459,-6.486867817,6.755647471,-0.002670835042,-0.0009333244707,0.0008011142729,0,,,,,,,,1,28.61437692,77.21075625,9.997756054,,
28.93,-2.801355377,-6.575208138,6.62916944,0.005296471266,0.003542607294,0.00263550669,0,,,,,,,,1,28.61437719,77.21075723,9.997810785,,
28.94,-2.777817484,-6.54131563,6.701210194,-0.00187040681,-0.00387779787,-0.003034099864,0,,,,,,,,1,28.61437745,77.2107582,9.99786418,,
28.95,-2.675439147,-6.533786045,6.742507233,-0.003056464253,-0.008633125007,0.006509019021,0,,,,,,,,1,28.61437772,77.21075918,9.997916273,,
28.96,-2.647566524,-6.514691845,6.771609985,-0.001075661015,-0.0009632079856,0.005057936481,0,,,,,,,,1,28.61437798,77.21076016,9.997967096,,
28.97,-2.586014142,-6.542878808,6.672454599,-0.001124536088,6.192198183e-05,0.0008392553404,0,,,,,,,,1,28.61437825,77.21076114,9.998016679,,
28.98,-2.703224445,-6.546056795,6.809104399,-0.004900971912,-0.005470940109,-0.0005906619502,0,,,,,,,,1,28.61437851,77.21076212,9.998065053,,
28.99,-2.761928247,-6.531178804,6.728998628,-0.0009090221864,-0.007785882122,-0.0003896948964,0,,,,,,,,1,28.61437878,77.2107631,9.998112246,,
29,-2.744924487,-6.48270207,6.694219612,0.002836338968,0.003181315186,-0.003770363974,1,28.61436946,77.21071565,4.2,9.933484642,64.84337162,38.17122665,16,1,28.61437905,77.21076408,9.998158289,0.01427533384,-6
29.01,-2.571431627,-6.55765184,6.734024759,0.002294690718,-0.004707740551,-0.0004682272427,0,,,,,,,,1,28.61437931,77.21076505,9.998203209,,
29.02,-2.723187543,-6.532612842,6.743131711,0.003014737741,-0.00172445773,-0.0001238798771,0,,,,,,,,1,28.61437958,77.21076603,9.998247033,,
29.03,-2.692991094,-6.508952655,6.619721532,0.0003566588874,-0.001296356573,0.007220832584,0,,,,,,,,1,28.61437984,77.21076701,9.998289788,,
29.04,-2.664146097,-6.447977077,6.682085734,0.0009573791381,0.002068546188,0.001099325615,0,,,,,,,,1,28.61438011,77.21076799,9.998331501,,
29.05,-2.680441018,-6.516829591,6.780283401,-0.005273165558,9.296498896e-05,0.0007977029701,0,,,,,,,,1,28.61438037,77.21076897,9.998372196,,
29.06,-2.601314997,-6.497302416,6.812589601,-0.0009229546621,0.005084185671,0.006342355266,0,,,,,,,,1,28.61438064,77.21076995,9.998411899,,
29.07,-2.671068088,-6.435884637,6.718557279,-0.003534660978,0.003211264947,-0.002677984699,0,,,,,,,,1,28.61438091,77.21077093,9.998450633,,
29.08,-2.700795319,-6.473406546,6.662696343,-0.001928346331,0.001945031313,0.001536029026,0,,,,,,,,1,28.61438117,77.2107719,9.998488422,,
29.09,-2.817767563,-6.464679001,6.681077578,-0.00330038601,-0.006895971808,0.0006828323447,0,,,,,,,,1,28.61438144,77.21077288,9.99852529,,
29.1,-2.662470883,-6.481350162,6.67816174,8.701289972e-05,0.001732732665,0.001349365473,0,,,,,,,,1,28.6143817,77.21077386,9.998561258,0.03013937548,-6
29.11,-2.720758745,-6.482832987,6.722013489,-0.003432755903,0.003318505264,-0.002073047205,0,,,,,,,,1,28.61438197,77.21077484,9.99859635,,
29.12,-2.657357137,-6.589425398,6.717280643,0.001079991742,-0.002249986822,0.001161243272,0,,,,,,,,1,28.61438223,77.21077582,9.998630585,,
29.13,-2.683565384,-6.507817333,6.602194772,-0.005532891251,0.001425947128,-0.002687908786,0,,,,,,,,1,28.6143825,77.2107768,9.998663985,,
29.14,-2.663544034,-6.550052345,6.747158535,-0.003490960282,-0.001572265177,0.004072934361,0,,,,,,,,1,28.61438277,77.21077778,9.998696571,,
29.15,-2.588644376,-6.514601452,6.716522456,-0.004648898886,7.487052391e-05,0.0006234171047,0,,,,,,,,1,28.61438303,77.21077875,9.998728362,,
29.16,-2.680750753,-6.545684974,6.753506343,0.004858426822,-0.004067957737,-0.001621441668,0,,,,,,,,1,28.6143833,77.21077973,9.998759378,,
29.17,-2.58766225,-6.547474698,6.737052882,0.002121199739,-0.002493945659,-0.004081086108,0,,,,,,,,1,28.61438356,77.21078071,9.998789637,,
29.18,-2.698533867,-6.540361414,6.659744866,-0.003273958723,-0.0002548536822,0.000169242552,0,,,,,,,,1,28.61438383,77.21078169,9.998819158,,
29.19,-2.743197448,-6.48610563,6.74251037,-0.0005150657627,-0.004860089754,-0.00256648657,0,,,,,,,,1,28.61438409,77.21078267,9.998847959,,
29.2,-2.630632942,-6.497102763,6.655505597,0.006768802371,-0.005675092101,-6.597796998e-05,0,,,,,,,,1,28.61438436,77.21078365,9.998876057,0.04164467752,-6
29.21,-2.66275936,-6.508848226,6.690603893,-0.004095088262,-0.007506265099,0.005356093689,0,,,,,,,,1,28.61438463,77.21078463,9.998903471,,
29.22,-2.711249626,-6.553228571,6.69637011,0.007669060273,0.0006676045521,-0.001659700086,0,,,,,,,,1,28.61438489,77.2107856,9.998930215,,
29.23,-2.691780703,-6.396873955,6.744128546,0.0002730675937,-0.00488525906,-0.003381342119,0,,,,,,,,1,28.61438516,77.21078658,9.998956308,,
29.24,-2.682403229,-6.572112494,6.668529964,-0.001549117882,-0.002531261623,0.005489335624,0,,,,,,,,1,28.61438542,77.21078756,9.998981763,,
29.25,-2.632706471,-6.558943948,6.715434637,0.0001198040269,0.003879652064,-0.00227596734,0,,,,,,,,1,28.61438569,77.21078854,9.999006599,,
29.26,-2.650327122,-6.581873773,6.759701359,-0.003267666289,-0.004299324784,-0.002366316606,0,,,,,,,,1,28.61438595,77.21078952,9.999030828,,
29.27,-2.728158443,-6.561192368,6.627412718,0.001538609683,-0.0003542686974,-8.731131002e-05,0,,,,,,,,1,28.61438622,77.2107905,9.999054466,,
29.28,-2.648215613,-6.566528636,6.710952028,0.0005963242737,-0.001147135831,-0.003876249003,0,,,,,,,,1,28.61438649,77.21079148,9.999077528,,
29.29,-2.762368829,-6.495616753,6.700091311,-0.002304114386,-0.0004202251348,0.001152126479,0,,,,,,,,1,28.61438675,77.21079245,9.999100027,,
29.3,-2.691908131,-6.413242089,6.724571584,-0.002378542959,-0.003041939805,-0.00211291509,0,,,,,,,,1,28.61438702,77.21079343,9.999121978,0.05759475753,-5.692899227
29.31,-2.723628761,-6.495201335,6.818170559,0.001013284124,-0.0005224538441,-0.0001886496312,0,,,,,,,,1,28.61438728,77.21079441,9.999143393,,
29.32,-2.723276532,-6.506545022,6.717624768,-0.001573536638,-0.0004535344765,0.002115584325,0,,,,,,,,1,28.61438755,77.21079539,9.999164286,,
29.33,-2.72038285,-6.543792645,6.765844368,-0.006605849742,0.0005222368331,0.001095495377,0,,,,,,,,1,28.61438781,77.21079637,9.999184669,,
29.34,-2.691992174,-6.533980563,6.799465679,0.001625145989,0.00205675748,-0.001089875752,0,,,,,,,,1,28.61438808,77.21079735,9.999204555,,
29.35,-2.629909627,-6.496663975,6.628820104,-0.0008766771875,-0.002713909634,-0.001791830844,0,,,,,,,,1,28.61438835,77.21079833,9.999223956,,
29.36,-2.666894798,-6.543976768,6.688582108,0.003785833097,-0.003169018681,0.00285389239,0,,,,,,,,1,28.61438861,77.2107993,9.999242884,,
29.37,-2.673882065,-6.492614038,6.7039587,-0.00370549267,-0.002802620603,0.0003396079441,0,,,,,,,,1,28.61438888,77.21080028,9.99926135,,
29.38,-2.645651177,-6.467658672,6.783901467,0.002459756923,0.001541554465,-0.0005833324031,0,,,,,,,,1,28.61438914,77.21080126,9.999279366,,
29.39,-2.682095424,-6.510144782,6.753234741,-0.0008657171938,-0.0003808292016,0.000880952751,0,,,,,,,,1,28.61438941,77.21080224,9.999296943,,
29.4,-2.679577943,-6.625408397,6.773632713,-0.0009452209508,-0.00466115713,-3.572934775e-05,0,,,,,,,,1,28.61438967,77.21080322,9.99931409,0.01403356716,-6
29.41,-2.583398855,-6.467002243,6.704019938,0.002002196428,-0.0003249033373,-0.002147983336,0,,,,,,,,1,28.61438994,77.2108042,9.99933082,,
29.42,-2.694484308,-6.499113565,6.716214628,-0.004324456016,0.0003258187932,0.001343938195,0,,,,,,,,1,28.61439021,77.21080518,9.999347141,,
29.43,-2.690469207,-6.538545753,6.602600939,-0.001851186587,0.002447415946,0.00136708927,0,,,,,,,,1,28.61439047,77.21080615,9.999363065,,
29.44,-2.681255205,-6.494890178,6.807711255,-0.0004324575714,-0.004447347369,-0.0024100546,0,,,,,,,,1,28.61439074,77.21080713,9.9993786,,
29.45,-2.699473393,-6.569311563,6.703077864,0.001272558203,-0.001954607448,0.0006947500821,0,,,,,,,,1,28.614391,77.21080811,9.999393756,,
29.46,-2.672800367,-6.497463036,6.672297176,-0.001080899466,-0.002906611962,0.003624801121,0,,,,,,,,1,28.61439127,77.21080909,9.999408542,,
29.47,-2.641935577,-6.531271328,6.740495295,-0.001841883498,0.002090889667,0.007180644384,0,,,,,,,,1,28.61439154,77.21081007,9.999422968,,
29.48,-2.667251126,-6.512701036,6.749887917,-0.00230919538,-0.004229183177,-0.0006886710207,0,,,,,,,,1,28.6143918,77.21081105,9.999437042,,
29.49,-2.684292255,-6.435992647,6.599336392,-0.0005231596175,0.002353260248,-0.006323053724,0,,,,,,,,1,28.61439207,77.21081203,9.999450773,,
29.5,-2.675145552,-6.507910255,6.759112858,0.0008530490793,-0.004178239621,-0.0006317418321,0,,,,,,,,1,28.61439233,77.210813,9.999464169,0.02491958439,-6
29.51,-2.645573883,-6.445971689,6.692094451,0.001217941648,-0.003367919159,-0.001390759513,0,,,,,,,,1,28.6143926,77.21081398,9.999477238,,
29.52,-2.683646335,-6.489098688,6.656726205,-0.002245985885,-0.004485302625,0.0007154207559,0,,,,,,,,1,28.61439286,77.21081496,9.999489988,,
29.53,-2.653622513,-6.489600768,6.76775265,0.0002009170678,0.001063508484,-0.0009117623901,0,,,,,,,,1,28.61439313,77.21081594,9.999502427,,
29.54,-2.7328667,-6.419597838,6.776509868,0.001917387404,0.0002502876335,-0.003060636411,0,,,,,,,,1,28.6143934,77.21081692,9.999514563,,
29.55,-2.637595877,-6.520217534,6.715011247,0.000741859771,-0.004371260047,-1.784002163e-05,0,,,,,,,,1,28.61439366,77.2108179,9.999526403,,
29.56,-2.735044857,-6.496512463,6.690873017,-0.001232514037,-0.001735754459,-0.000939647862,0,,,,,,,,1,28.61439393,77.21081888,9.999537954,,
29.57,-2.759273389,-6.449284404,6.614242177,-0.0002430512443,-0.003848773233,-0.00369201653,0,,,,,,,,1,28.61439419,77.21081986,9.999549224,,
29.58,-2.670083347,-6.49087886,6.794126398,0.001912400724,-0.0003144798765,-0.004647993263,0,,,,,,,,1,28.61439446,77.21082083,9.999560218,,
29.59,-2.576983917,-6.489725022,6.687390444,0.002209539968,-0.001098955403,-0.00109232988,0,,,,,,,,1,28.61439472,77.21082181,9.999570945,,
29.6,-2.720755063,-6.484666156,6.768427254,-0.002250226764,-0.002265424326,0.002691628784,0,,,,,,,,1,28.61439499,77.21082279,9.999581409,0.02398557402,-6
29.61,-2.632106137,-6.561465981,6.720809077,0.002940263059,-0.006759292278,-0.005572178981,0,,,,,,,,1,28.61439526,77.21082377,9.999591619,,
29.62,-2.755656184,-6.492648643,6.712998097,0.006762938273,-0.005261419273,-0.001865361003,0,,,,,,,,1,28.61439552,77.21082475,9.999601579,,
29.63,-2.684515819,-6.447356591,6.704530282,-0.00406235701,-0.008343985806,0.001234180434,0,,,,,,,,1,28.61439579,77.21082573,9.999611297,,
29.64,-2.580882179,-6.514885297,6.777072537,-0.001641283513,-0.007062146634,6.675651962e-05,0,,,,,,,,1,28.61439605,77.21082671,9.999620778,,
29.65,-2.613333275,-6.551838328,6.670147828,-0.004396997003,-0.0003591367668,-0.006352565667,0,,,,,,,,1,28.61439632,77.21082768,9.999630027,,
29.66,-2.705234581,-6.539585275,6.741669945,0.001775381634,-0.002386867836,-0.002117961167,0,,,,,,,,1,28.61439658,77.21082866,9.999639051,,
29.67,-2.673654761,-6.523089402,6.767578034,-0.004996971983,0.001532274595,0.0005264305696,0,,,,,,,,1,28.61439685,77.21082964,9.999647854,,
29.68,-2.72082773,-6.461608364,6.552964288,-0.00267517723,-0.007688563257,-0.001284467118,0,,,,,,,,1,28.61439712,77.21083062,9.999656443,,
29.69,-2.621035884,-6.547954538,6.727122597,-0.00178779599,-0.003888699145,0.0006166854494,0,,,,,,,,1,28.61439738,77.2108316,9.999664823,,
29.7,-2.617527029,-6.524865598,6.753927652,0.0009866347665,-0.005781450167,-4.835950891e-05,0,,,,,,,,1,28.61439765,77.21083258,9.999672998,0.02876832522,-6
29.71,-2.71035124,-6.561456396,6.740993168,-0.002872527691,-0.0003813741605,-0.002758125582,0,,,,,,,,1,28.61439791,77.21083356,9.999680973,,
29.72,-2.577640421,-6.42230908,6.73102594,0.0007201560591,-0.0007207587765,-0.003000288157,0,,,,,,,,1,28.61439818,77.21083453,9.999688754,,
29.73,-2.639426919,-6.501898557,6.769605562,0.001453268017,0.002303225804,0.001799411237,0,,,,,,,,1,28.61439844,77.21083551,9.999696346,,
29.74,-2.659531032,-6.505632305,6.74773881,0.0007287340288,0.0004929802302,-0.005876536207,0,,,,,,,,1,28.61439871,77.21083649,9.999703752,,
29.75,-2.678929711,-6.503241524,6.810406474,-0.002356176655,-0.008173807939,-0.00196671904,0,,,,,,,,1,28.61439898,77.21083747,9.999710978,,
29.76,-2.515365402,-6.457136488,6.725514276,-0.003793328607,3.071969514e-05,-0.004390658733,0,,,,,,,,1,28.61439924,77.21083845,9.999718027,,
29.77,-2.757551827,-6.318961209,6.701623484,-0.002380739879,-0.001189050443,-0.002823664401,0,,,,,,,,1,28.61439951,77.21083943,9.999724904,,
29.78,-2.618064806,-6.547533574,6.728931264,0.001634009462,-0.001586136897,-0.003540583802,0,,,,,,,,1,28.61439977,77.21084041,9.999731614,,
29.79,-2.669429701,-6.457217017,6.695832938,-0.0001821292697,-0.005676778659,-0.00222482544,0,,,,,,,,1,28.61440004,77.21084139,9.99973816,,
29.8,-2.653923995,-6.544141728,6.721918765,0.001748438677,-0.002052810626,-0.001640997551,0,,,,,,,,1,28.61440031,77.21084236,9.999744546,0.01314992085,-6
29.81,-2.673006019,-6.480948543,6.619518931,0.002368778152,-0.002810872065,-0.005409628559,0,,,,,,,,1,28.61440057,77.21084334,9.999750777,,
29.82,-2.712695931,-6.508664817,6.615821762,0.001697403227,-0.004654663877,0.00162663429,0,,,,,,,,1,28.61440084,77.21084432,9.999756855,,
29.83,-2.61591326,-6.542268962,6.746271815,0.00141425848,-0.000158802776,-0.001625574847,0,,,,,,,,1,28.6144011,77.2108453,9.999762786,,
29.84,-2.644526524,-6.516799346,6.769121674,-0.002407655447,-0.005279519696,-0.002465023601,0,,,,,,,,1,28.61440137,77.21084628,9.999768572,,
29.85,-2.653004286,-6.481149823,6.793472095,0.002004817059,-0.00557519288,-0.002067951834,0,,,,,,,,1,28.61440163,77.21084726,9.999774216,,
29.86,-2.607261506,-6.455450464,6.813044087,0.003869126431,-0.002284406138,0.00535034193,0,,,,,,,,1,28.6144019,77.21084824,9.999779723,,
29.87,-2.672787671,-6.460030758,6.750600961,-0.0007303100746,-0.00287980181,0.00600131876,0,,,,,,,,1,28.61440217,77.21084921,9.999785096,,
29.88,-2.659685355,-6.498456474,6.71467468,-0.003106152031,-0.003161898854,0.001737062543,0,,,,,,,,1,28.61440243,77.21085019,9.999790337,,
29.89,-2.660699796,-6.535836686,6.768035566,0.0004207852986,-0.0001703563669,0.0002087159671,0,,,,,,,,1,28.6144027,77.21085117,9.999795451,,
29.9,-2.729172301,-6.448688996,6.673000871,0.001569523357,-0.001601207642,-0.003556846128,0,,,,,,,,1,28.61440296,77.21085215,9.99980044,0.0286404416,-6
29.91,-2.731776597,-6.559323909,6.760781192,0.003340897547,0.003293617566,0.003345364654,0,,,,,,,,1,28.61440323,77.21085313,9.999805307,,
29.92,-2.723103386,-6.514866467,6.743935072,0.002738513275,0.002877230261,-0.005325353614,0,,,,,,,,1,28.61440349,77.21085411,9.999810056,,
29.93,-2.680743511,-6.502099918,6.655093471,0.002762984222,-0.00266521703,0.0009152702395,0,,,,,,,,1,28.61440376,77.21085509,9.999814689,,
29.94,-2.642055054,-6.51690175,6.743016225,-0.0008868202679,-0.008663063707,0.0003031044335,0,,,,,,,,1,28.61440403,77.21085607,9.999819208,,
29.95,-2.626917172,-6.583912744,6.81039123,0.00247167335,-0.005651481871,0.001818185385,0,,,,,,,,1,28.61440429,77.21085704,9.999823618,,
29.96,-2.679022225,-6.420096965,6.725468894,0.0006509578907,-0.003388997655,0.003896076678,0,,,,,,,,1,28.61440456,77.21085802,9.99982792,,
29.97,-2.670303108,-6.354614063,6.756349817,0.0001305578318,-0.001364742134,0.003406029219,0,,,,,,,,1,28.61440482,77.210859,9.999832117,,
29.98,-2.685403505,-6.520998597,6.724769582,-0.002286685127,-0.004205344409,0.0004441441178,0,,,,,,,,1,28.61440509,77.21085998,9.999836212,,
29.99,-2.583687608,-6.542493563,6.741911839,0.00289932467,-0.001415621076,0.001468079283,0,,,,,,,,1,28.61440535,77.21086096,9.999840207,,
