t,ax,ay,az,gx,gy,gz,gnss_new,gnss_lat,gnss_lon,gnss_acc,gnss_speed,gnss_bearing,cn0_mean,sats_used,gnss_valid,truth_lat,truth_lon,truth_speed,speednet_mu,speednet_logvar
0,3.58976224,-5.708074242,7.117436673,0.009972344522,-0.0009177970845,0.01268189223,1,28.61389212,77.20900861,4.2,14.02287367,74.13442561,37.69992787,11,1,28.6139,77.209,13.9,,
0.01,3.580786315,-5.741015438,7.044049165,0.01066918222,-0.0035201047,0.005837513949,0,,,,,,,,1,28.61390037,77.20900136,13.9,,
0.02,3.496893878,-5.729829223,7.221811393,0.008906085026,-0.004062296397,0.01239554459,0,,,,,,,,1,28.61390074,77.20900272,13.9,,
0.03,3.576438496,-5.902669722,7.086922303,0.01556379734,-0.001315026611,0.01170170758,0,,,,,,,,1,28.61390111,77.20900408,13.9,,
0.04,3.448566321,-5.797418754,7.014684727,0.006351900777,0.002323048613,0.01009736989,0,,,,,,,,1,28.61390148,77.20900544,13.9,,
0.05,3.551720811,-5.744067385,7.104946673,0.005751634263,-0.00591938259,0.00948149194,0,,,,,,,,1,28.61390185,77.2090068,13.9,,
0.06,3.556338754,-5.760185296,7.120643883,0.01043328431,0.001285949531,0.008657194591,0,,,,,,,,1,28.61390222,77.20900816,13.9,,
0.07,3.626693945,-5.747310696,7.064503494,0.01115373672,0.004724920938,0.01022766191,0,,,,,,,,1,28.61390259,77.20900952,13.9,,
0.08,3.599081254,-5.796769386,7.20789439,0.01157244387,-0.0004801573296,0.008361152351,0,,,,,,,,1,28.61390296,77.20901088,13.9,,
0.09,3.557010421,-5.695987286,7.091112184,0.009174986623,0.001429147969,0.01059610912,0,,,,,,,,1,28.61390332,77.20901224,13.9,,
0.1,3.625122887,-5.759633285,7.069164532,0.0107307071,0.0005234940454,0.009846821684,0,,,,,,,,1,28.61390369,77.2090136,13.9,,
0.11,3.531968037,-5.757087556,7.11450693,0.01039039959,0.0008647749619,0.004018047343,0,,,,,,,,1,28.61390406,77.20901496,13.9,,
0.12,3.572662103,-5.701063854,7.133003497,0.005846919327,-0.002784338152,0.008948904662,0,,,,,,,,1,28.61390443,77.20901632,13.9,,
0.13,3.555150649,-5.761093444,7.039076736,0.01099542433,0.0001693410808,0.01419325799,0,,,,,,,,1,28.6139048,77.20901768,13.9,,
0.14,3.529603938,-5.695038721,7.125547534,0.007903218849,0.0009506258206,0.008921595149,0,,,,,,,,1,28.61390517,77.20901905,13.9,,
0.15,3.588692058,-5.722781655,7.174852445,0.003380193901,-0.002242470272,0.007630509201,0,,,,,,,,1,28.61390554,77.20902041,13.9,,
0.16,3.472965004,-5.814447877,6.977552703,0.005940645611,-0.002064996334,0.009902781772,0,,,,,,,,1,28.61390591,77.20902177,13.9,,
0.17,3.469430683,-5.754030034,7.034348522,0.009118070474,-0.002748041121,0.01331485561,0,,,,,,,,1,28.61390628,77.20902313,13.9,,
0.18,3.644272997,-5.759564716,7.073618428,0.005259724912,0.0006873751458,0.008276616997,0,,,,,,,,1,28.61390665,77.20902449,13.9,,
0.19,3.582695183,-5.712186137,7.177862024,0.0106052292,0.003154789285,0.01120606367,0,,,,,,,,1,28.61390702,77.20902585,13.9,,
0.2,3.53213712,-5.754719219,7.139996205,0.01376142932,-0.005956100857,0.007061393528,0,,,,,,,,1,28.61390739,77.20902721,13.9,,
0.21,3.609818362,-5.707106738,7.126351796,0.00904980194,-0.004869273391,0.01109278393,0,,,,,,,,1,28.61390776,77.20902857,13.9,,
0.22,3.4953936,-5.815626843,7.158006828,0.003255535179,-0.004394337345,0.01261742913,0,,,,,,,,1,28.61390813,77.20902993,13.9,,
0.23,3.519142285,-5.736559136,7.042646518,0.01283183822,-0.0007619545929,0.0153569387,0,,,,,,,,1,28.6139085,77.20903129,13.9,,
0.24,3.612542846,-5.686044116,7.118767097,0.005794812705,-0.003619136638,0.01129730698,0,,,,,,,,1,28.61390887,77.20903265,13.9,,
0.25,3.590012582,-5.803585431,7.049360776,0.0124164988,-0.002467377365,0.01102801877,0,,,,,,,,1,28.61390924,77.20903401,13.9,,
0.26,3.45326509,-5.680493576,7.117423261,0.01319998402,-0.0002062715596,0.01450799164,0,,,,,,,,1,28.6139096,77.20903537,13.9,,
0.27,3.556357622,-5.718073738,7.107102356,0.008874291453,0.002234727211,0.0100603069,0,,,,,,,,1,28.61390997,77.20903673,13.9,,
0.28,3.493100594,-5.90486771,7.103254279,0.01574350542,0.002121666992,0.01331280629,0,,,,,,,,1,28.61391034,77.20903809,13.9,,
0.29,3.567612166,-5.756976025,7.036671139,0.005803590529,0.002066277213,0.01312674932,0,,,,,,,,1,28.61391071,77.20903945,13.9,,
0.3,3.505890331,-5.701044946,7.117090822,0.01123175744,0.003046379951,0.01447603268,0,,,,,,,,1,28.61391108,77.20904081,13.9,,
0.31,3.470020565,-5.744175951,7.205879773,0.003237326756,-0.004142949508,0.01304265788,0,,,,,,,,1,28.61391145,77.20904217,13.9,,
0.32,3.494996677,-5.825477988,7.108257939,0.01056623578,0.0008765637249,0.01111227267,0,,,,,,,,1,28.61391182,77.20904353,13.9,,
0.33,3.525474337,-5.683544076,7.06545139,0.007624207438,-0.003644551869,0.008586264734,0,,,,,,,,1,28.61391219,77.20904489,13.9,,
0.34,3.467826157,-5.739419228,7.049000457,0.008391994267,0.0007929954145,0.01096621132,0,,,,,,,,1,28.61391256,77.20904625,13.9,,
0.35,3.563697807,-5.833023787,7.069902373,0.01051366944,0.002196631917,0.01868264434,0,,,,,,,,1,28.61391293,77.20904761,13.9,,
0.36,3.493569933,-5.743291424,7.200445891,0.009231704473,-0.0006619579265,0.008885671889,0,,,,,,,,1,28.6139133,77.20904897,13.9,,
0.37,3.61079958,-5.828904648,7.200505758,0.00925522431,-0.001279265688,0.009012591303,0,,,,,,,,1,28.61391367,77.20905033,13.9,,
0.38,3.428765375,-5.680537024,7.057496159,0.00838493277,0.001012175099,0.01102306024,0,,,,,,,,1,28.61391404,77.20905169,13.9,,
0.39,3.528116934,-5.739735323,7.107650837,0.007657869426,0.003790286885,0.01557298035,0,,,,,,,,1,28.61391441,77.20905305,13.9,,
0.4,3.418173043,-5.651889716,7.148306342,0.006559883245,-0.001630592765,0.003389761551,0,,,,,,,,1,28.61391478,77.20905441,13.9,,
0.41,3.563342679,-5.84155712,7.091734677,0.00822189398,-0.003970734904,0.01191026145,0,,,,,,,,1,28.61391515,77.20905578,13.9,,
0.42,3.47316747,-5.723303845,7.081692575,0.01194721766,0.0001105412481,0.009813237024,0,,,,,,,,1,28.61391552,77.20905714,13.9,,
0.43,3.643514272,-5.773053147,7.117256344,0.01021141047,-0.004474321898,0.009945090666,0,,,,,,,,1,28.61391588,77.2090585,13.9,,
0.44,3.55996254,-5.788028644,7.112707301,0.007241355225,-0.001249897969,0.01207677514,0,,,,,,,,1,28.61391625,77.20905986,13.9,,
0.45,3.49024398,-5.774279634,7.020103063,0.006080944908,0.001328259313,0.003059948278,0,,,,,,,,1,28.61391662,77.20906122,13.9,,
0.46,3.520417301,-5.790610184,7.148272713,0.01256012112,-0.0008125689097,0.008842899232,0,,,,,,,,1,28.61391699,77.20906258,13.9,,
0.47,3.501445687,-5.800326388,7.109473863,0.005955991714,-0.0008360169759,0.01450120557,0,,,,,,,,1,28.61391736,77.20906394,13.9,,
0.48,3.441643543,-5.760192512,6.999059756,0.008043275825,-0.001912691491,0.01300001208,0,,,,,,,,1,28.61391773,77.2090653,13.9,,
0.49,3.503135627,-5.738366181,7.06962274,0.005577467731,-0.001903484601,0.01295960373,0,,,,,,,,1,28.6139181,77.20906666,13.9,,
0.5,3.505632021,-5.717088605,7.071996939,0.01032205024,0.00148360588,0.01599723569,0,,,,,,,,1,28.61391847,77.20906802,13.9,,
0.51,3.580409586,-5.710765661,7.125341013,-0.00176561238,0.0009774179426,0.0098689009,0,,,,,,,,1,28.61391884,77.20906938,13.9,,
0.52,3.46940775,-5.709424704,7.040587901,0.01598772248,-0.004818669116,0.01099736043,0,,,,,,,,1,28.61391921,77.20907074,13.9,,
0.53,3.470658639,-5.782870231,7.038137544,0.005876355287,-0.001733761242,0.01357248124,0,,,,,,,,1,28.61391958,77.2090721,13.9,,
0.54,3.584327271,-5.821815365,7.09832851,0.007206893833,-0.006296606894,0.01317265924,0,,,,,,,,1,28.61391995,77.20907346,13.9,,
0.55,3.567791777,-5.708044661,7.155384691,0.01032364161,-0.001028142218,0.008431328954,0,,,,,,,,1,28.61392032,77.20907482,13.9,,
0.56,3.536531404,-5.690909808,7.186848249,0.007744010504,-0.001996597312,0.01348534411,0,,,,,,,,1,28.61392069,77.20907618,13.9,,
0.57,3.566449687,-5.68933966,7.130647787,0.006594414804,-0.004045812055,0.008240301704,0,,,,,,,,1,28.61392106,77.20907754,13.9,,
0.58,3.538631502,-5.729312569,7.05746869,0.004490881582,-0.0004334056298,0.006837552169,0,,,,,,,,1,28.61392143,77.2090789,13.9,,
0.59,3.557494537,-5.833408499,7.149822855,0.008101035983,-0.0007860655356,0.008555847901,0,,,,,,,,1,28.6139218,77.20908026,13.9,,
0.6,3.541976023,-5.69413024,7.057771961,0.006636747962,-0.0007638636766,0.01332439551,0,,,,,,,,1,28.61392216,77.20908162,13.9,,
0.61,3.514208394,-5.787100213,7.045175922,0.01084060688,-0.006521666824,0.01409353252,0,,,,,,,,1,28.61392253,77.20908298,13.9,,
0.62,3.51197922,-5.752193298,7.021109168,0.00739514145,0.0005047632455,0.007241774807,0,,,,,,,,1,28.6139229,77.20908434,13.9,,
0.63,3.540254007,-5.815544878,7.079961581,0.01143222056,-0.003391907746,0.00748803785,0,,,,,,,,1,28.61392327,77.2090857,13.9,,
0.64,3.514818499,-5.724333609,7.074981355,0.01286795832,-0.003075325444,0.01234412529,0,,,,,,,,1,28.61392364,77.20908706,13.9,,
0.65,3.598617217,-5.86061105,7.130527194,0.008761111154,-0.0008232799573,0.007385444534,0,,,,,,,,1,28.61392401,77.20908842,13.9,,
0.66,3.567988252,-5.725095937,7.158912384,0.005351792392,0.0006675884409,0.01054682217,0,,,,,,,,1,28.61392438,77.20908978,13.9,,
0.67,3.40098425,-5.724859507,7.121729238,0.01356559557,-0.002002752458,0.007906305104,0,,,,,,,,1,28.61392475,77.20909114,13.9,,
0.68,3.537444652,-5.764565373,6.988135069,0.01343137607,-8.652228215e-05,0.0144649436,0,,,,,,,,1,28.61392512,77.20909251,13.9,,
0.69,3.558982401,-5.66623258,7.106210278,0.009264670597,0.003323694487,0.008073965432,0,,,,,,,,1,28.61392549,77.20909387,13.9,,
0.7,3.503184268,-5.835450772,7.166810347,0.006933079481,-0.0003038115087,0.01056015785,0,,,,,,,,1,28.61392586,77.20909523,13.9,,
0.71,3.514727388,-5.787143826,7.044799267,0.006571988916,-0.004358785176,0.01404410092,0,,,,,,,,1,28.61392623,77.20909659,13.9,,
0.72,3.48133225,-5.753528419,7.068276827,0.008598546568,-0.002017946779,0.00976617747,0,,,,,,,,1,28.6139266,77.20909795,13.9,,
0.73,3.555733595,-5.801489904,6.996595871,0.002054636729,0.0001054898342,0.009088071364,0,,,,,,,,1,28.61392697,77.20909931,13.9,,
0.74,3.527676442,-5.694608592,7.127206167,0.01037109233,-0.004126288164,0.01110907049,0,,,,,,,,1,28.61392734,77.20910067,13.9,,
0.75,3.509785045,-5.776748123,7.1018757,0.01000352827,-0.001119318723,0.006373301349,0,,,,,,,,1,28.61392771,77.20910203,13.9,,
0.76,3.439357305,-5.853716196,7.137547107,0.006403221103,-3.624824371e-05,0.006569160664,0,,,,,,,,1,28.61392808,77.20910339,13.9,,
0.77,3.463763113,-5.746895551,7.107747075,0.01029124987,-0.007429835102,0.01177019449,0,,,,,,,,1,28.61392845,77.20910475,13.9,,
0.78,3.600150214,-5.713436169,7.070014669,0.008224202376,-0.001255850124,0.01005963791,0,,,,,,,,1,28.61392881,77.20910611,13.9,,
0.79,3.388704517,-5.793820127,7.087904417,0.01454270913,0.0008808275942,0.0178400229,0,,,,,,,,1,28.61392918,77.20910747,13.9,,
0.8,3.50669793,-5.701038982,7.029984784,0.0071050172,-0.003904880865,0.006881770761,0,,,,,,,,1,28.61392955,77.20910883,13.9,,
0.81,3.52893481,-5.680658295,7.061153423,0.01196986058,-0.003325279532,0.008670741224,0,,,,,,,,1,28.61392992,77.20911019,13.9,,
0.82,3.527289966,-5.766856179,7.118113934,0.01061128384,-0.003529647732,0.009266857402,0,,,,,,,,1,28.61393029,77.20911155,13.9,,
0.83,3.603927345,-5.812047306,7.123157903,0.008685295648,0.0001028760723,0.008862458379,0,,,,,,,,1,28.61393066,77.20911291,13.9,,
0.84,3.570373495,-5.761540535,7.107570083,0.009701224373,-0.002938348007,0.00706623135,0,,,,,,,,1,28.61393103,77.20911427,13.9,,
0.85,3.589781003,-5.600210044,7.135525038,0.007524637723,-0.004321926837,0.01030889143,0,,,,,,,,1,28.6139314,77.20911563,13.9,,
0.86,3.537716761,-5.765856969,7.232488245,0.007376326082,-0.00355219069,0.0122735784,0,,,,,,,,1,28.61393177,77.20911699,13.9,,
0.87,3.590373742,-5.811633581,7.226107207,0.01207697774,-0.002035198085,0.01359347431,0,,,,,,,,1,28.61393214,77.20911835,13.9,,
0.88,3.503621737,-5.706665985,7.049109046,0.01511528878,0.0003791164505,0.01143180416,0,,,,,,,,1,28.61393251,77.20911971,13.9,,
0.89,3.537043474,-5.823164083,7.157327292,0.01036798645,-0.002311066849,0.01067482378,0,,,,,,,,1,28.61393288,77.20912107,13.9,,
0.9,3.541841137,-5.768152704,7.16197483,0.007909664434,-0.002127310014,0.006170495058,0,,,,,,,,1,28.61393325,77.20912243,13.9,,
0.91,3.509618969,-5.727858305,7.136957682,0.01086112949,7.388093036e-05,0.010076576,0,,,,,,,,1,28.61393362,77.20912379,13.9,,
0.92,3.517359209,-5.698037959,7.080381485,0.01237400992,-0.00110310278,0.008482026287,0,,,,,,,,1,28.61393399,77.20912515,13.9,,
0.93,3.5150597,-5.797973291,7.091028843,0.003642652871,-0.002707737987,0.01045122512,0,,,,,,,,1,28.61393436,77.20912651,13.9,,
0.94,3.571865019,-5.758234717,7.11587265,0.003881563504,-0.001595131338,0.005189854877,0,,,,,,,,1,28.61393473,77.20912787,13.9,,
0.95,3.546968516,-5.723876925,7.083075497,0.00645560475,-0.002235318226,0.008994252748,0,,,,,,,,1,28.61393509,77.20912924,13.9,,
0.96,3.579214261,-5.69750687,7.046279172,0.006939685336,0.0008038575407,0.00578237715,0,,,,,,,,1,28.61393546,77.2091306,13.9,,
0.97,3.596585899,-5.769583584,7.025132879,0.01217417175,-0.004620818676,0.01280474499,0,,,,,,,,1,28.61393583,77.20913196,13.9,,
0.98,3.535211702,-5.736058242,7.132747926,0.005052838475,-0.002266401675,0.0125936229,0,,,,,,,,1,28.6139362,77.20913332,13.9,,
0.99,3.566260176,-5.743003204,7.180848358,0.003808303731,0.0001692509435,0.006835291969,0,,,,,,,,1,28.61393657,77.20913468,13.9,,
1,3.473819222,-5.74222739,6.99883628,0.007872734359,-0.003591123377,0.01397326731,1,28.61394507,77.20910177,4.2,13.82274452,72.54124766,39.51287565,11,1,28.61393694,77.20913604,13.9,,
1.01,3.607420056,-5.658817192,7.035424475,0.01122933262,-0.003004369581,0.007555722773,0,,,,,,,,1,28.61393731,77.2091374,13.9,,
1.02,3.460578343,-5.716756299,7.040421977,0.01148637984,0.001856184425,0.01480046818,0,,,,,,,,1,28.61393768,77.20913876,13.9,,
1.03,3.535528001,-5.660906295,7.130997858,0.01269001759,-0.00232066788,0.01141701163,0,,,,,,,,1,28.61393805,77.20914012,13.9,,
1.04,3.628922909,-5.77102903,7.098358132,0.0123874996,-0.003039399804,0.005417063074,0,,,,,,,,1,28.61393842,77.20914148,13.9,,
1.05,3.60020177,-5.848882421,7.144432845,0.01068045113,-0.004905749404,0.007716919432,0,,,,,,,,1,28.61393879,77.20914284,13.9,,
1.06,3.525982393,-5.703018713,7.049565408,0.01097207686,-0.004060274596,0.01455600794,0,,,,,,,,1,28.61393916,77.2091442,13.9,,
1.07,3.54535297,-5.880132921,7.150350615,0.006617912893,0.00255107584,0.01304263528,0,,,,,,,,1,28.61393953,77.20914556,13.9,,
1.08,3.582787161,-5.7799948,7.132204726,0.006341740164,-0.00599920409,0.01222787207,0,,,,,,,,1,28.6139399,77.20914692,13.9,,
1.09,3.517090069,-5.751475904,7.147615045,0.008882244515,-0.002024847969,0.01316157701,0,,,,,,,,1,28.61394027,77.20914828,13.9,,
1.1,3.479760343,-5.78325613,7.17730425,0.01305570915,-0.001695160349,0.009044118761,0,,,,,,,,1,28.61394064,77.20914964,13.9,,
1.11,3.518472858,-5.787245795,7.096209506,0.01259663317,-0.007447125564,0.01137887269,0,,,,,,,,1,28.61394101,77.209151,13.9,,
1.12,3.452723839,-5.783145519,7.015008054,0.01360305595,0.002343517751,0.009652532154,0,,,,,,,,1,28.61394137,77.20915236,13.9,,
1.13,3.518395396,-5.707084742,7.247274351,0.01010909479,-0.0008704578534,0.007748685012,0,,,,,,,,1,28.61394174,77.20915372,13.9,,
1.14,3.605709916,-5.826129373,7.117365355,0.006779051006,-0.002303788667,0.01546975805,0,,,,,,,,1,28.61394211,77.20915508,13.9,,
1.15,3.516428201,-5.719028953,7.111358672,0.007381611118,-0.004505376141,0.009449075669,0,,,,,,,,1,28.61394248,77.20915644,13.9,,
1.16,3.512447201,-5.738267529,7.086992429,0.005606329042,0.003139345901,0.01434976699,0,,,,,,,,1,28.61394285,77.2091578,13.9,,
1.17,3.560009894,-5.739397362,7.111516635,0.00362458365,0.0001593187695,0.01037833156,0,,,,,,,,1,28.61394322,77.20915916,13.9,,
1.18,3.422494347,-5.71822642,7.06910519,0.003437462931,-0.006066363982,0.01161338224,0,,,,,,,,1,28.61394359,77.20916052,13.9,,
1.19,3.476376526,-5.650639435,7.171427103,0.01029642764,-0.002421503177,0.01671160326,0,,,,,,,,1,28.61394396,77.20916188,13.9,,
1.2,3.505776968,-5.746341232,7.113033761,0.009747370255,-0.0005978344995,0.005168366927,0,,,,,,,,1,28.61394433,77.20916324,13.9,,
1.21,3.474296086,-5.784739306,7.089982676,0.006079783421,-0.004025013686,0.009874852847,0,,,,,,,,1,28.6139447,77.2091646,13.9,,
1.22,3.597424352,-5.790988321,7.083815462,0.006705921155,-0.001029496548,0.006604442543,0,,,,,,,,1,28.61394507,77.20916597,13.9,,
1.23,3.600447314,-5.829256231,7.206168551,0.007942700646,-0.0003952163158,0.01705500299,0,,,,,,,,1,28.61394544,77.20916733,13.9,,
1.24,3.631392887,-5.825068872,7.16399398,0.006476247534,0.0009394677722,0.008923392559,0,,,,,,,,1,28.61394581,77.20916869,13.9,,
1.25,3.473040709,-5.764303313,7.148152021,0.01100583603,-0.001293953863,0.01081434038,0,,,,,,,,1,28.61394618,77.20917005,13.9,,
1.26,3.487130735,-5.754737689,7.09812166,0.009106234275,-0.002010575498,0.01064741403,0,,,,,,,,1,28.61394655,77.20917141,13.9,,
1.27,3.46640214,-5.798240594,7.081168484,0.0104705911,0.001591914363,0.009548949117,0,,,,,,,,1,28.61394692,77.20917277,13.9,,
1.28,3.503170642,-5.702133277,7.227507055,0.004380193863,0.0005229577568,0.009920746083,0,,,,,,,,1,28.61394729,77.20917413,13.9,,
1.29,3.538324432,-5.766230622,7.016594739,0.007809686579,-0.003906765314,0.008647255231,0,,,,,,,,1,28.61394765,77.20917549,13.9,,
1.3,3.541718217,-5.776879345,7.020542882,0.01397583955,-0.00450954383,0.00752825919,0,,,,,,,,1,28.61394802,77.20917685,13.9,,
1.31,3.423790288,-5.706720785,7.069033732,0.009142832387,0.000432687877,0.009880876125,0,,,,,,,,1,28.61394839,77.20917821,13.9,,
1.32,3.674327159,-5.716334833,7.134266293,0.008483146517,0.002340978051,0.006752922487,0,,,,,,,,1,28.61394876,77.20917957,13.9,,
1.33,3.425494968,-5.836866382,7.115500353,0.008233398473,0.002939274696,0.008169309627,0,,,,,,,,1,28.61394913,77.20918093,13.9,,
1.34,3.524140493,-5.654151869,7.006096851,0.0058268088,0.001859011712,0.01169273407,0,,,,,,,,1,28.6139495,77.20918229,13.9,,
1.35,3.517017422,-5.757645924,7.088260776,0.009216616896,-0.002615984183,0.01104955378,0,,,,,,,,1,28.61394987,77.20918365,13.9,,
1.36,3.587728135,-5.674366488,7.164593253,0.00911582965,0.002009084575,0.01108109163,0,,,,,,,,1,28.61395024,77.20918501,13.9,,
1.37,3.483525601,-5.889163855,7.139589802,0.01381396834,-0.001682660739,0.00594412921,0,,,,,,,,1,28.61395061,77.20918637,13.9,,
1.38,3.477114636,-5.717301606,7.082495755,0.0097576041,0.0004958039619,0.005125136941,0,,,,,,,,1,28.61395098,77.20918773,13.9,,
1.39,3.534332943,-5.693957146,7.16158949,0.006836517898,-0.005613945431,0.00847063371,0,,,,,,,,1,28.61395135,77.20918909,13.9,,
1.4,3.488664649,-5.837196015,7.159053487,0.004794308427,-3.157523755e-05,0.01206614029,0,,,,,,,,1,28.61395172,77.20919045,13.9,,
1.41,3.480896421,-5.746956876,7.023114275,0.009152960728,0.002069631548,0.01113598747,0,,,,,,,,1,28.61395209,77.20919181,13.9,,
1.42,3.52432352,-5.786115042,7.128562128,0.0102395303,0.002068520943,0.009340740155,0,,,,,,,,1,28.61395246,77.20919317,13.9,,
1.43,3.601440336,-5.739798871,7.09518377,0.008488066044,0.0003859889541,0.01587720006,0,,,,,,,,1,28.61395283,77.20919453,13.9,,
1.44,3.537944091,-5.818884369,7.064786728,0.006583371992,-0.00533900778,0.007938613165,0,,,,,,,,1,28.6139532,77.20919589,13.9,,
1.45,3.608375849,-5.786266819,7.035578638,0.01231900429,0.002117757794,0.01026679347,0,,,,,,,,1,28.61395357,77.20919725,13.9,,
1.46,3.51738914,-5.782337284,7.077929951,0.009849195895,-0.0008699123275,0.01324779599,0,,,,,,,,1,28.61395393,77.20919861,13.9,,
1.47,3.558057254,-5.785543089,7.095438278,0.009366566713,-0.003363350501,0.006126845965,0,,,,,,,,1,28.6139543,77.20919997,13.9,,
1.48,3.487855934,-5.704857802,7.113512878,0.01070480765,-0.003701980344,0.008066308531,0,,,,,,,,1,28.61395467,77.20920133,13.9,,
1.49,3.642259567,-5.73743564,7.037491815,0.008233755762,-0.003730893554,0.01520605631,0,,,,,,,,1,28.61395504,77.2092027,13.9,,
1.5,3.454524438,-5.785179207,7.109272238,0.004246114425,-0.003443361998,0.01157885406,0,,,,,,,,1,28.61395541,77.20920406,13.9,,
1.51,3.52982631,-5.774263163,7.119358589,0.004826568601,-0.0009405692581,0.01078152572,0,,,,,,,,1,28.61395578,77.20920542,13.9,,
1.52,3.555819678,-5.708693665,7.192782685,0.003356280065,-0.000120105944,0.01105060083,0,,,,,,,,1,28.61395615,77.20920678,13.9,,
1.53,3.462863154,-5.792702923,7.121761943,0.008899379886,-0.00585368018,0.01219072816,0,,,,,,,,1,28.61395652,77.20920814,13.9,,
1.54,3.507070382,-5.831184021,7.158271495,0.008848484622,0.003593805135,0.008781571749,0,,,,,,,,1,28.61395689,77.2092095,13.9,,
1.55,3.48812107,-5.833255401,7.124456316,0.01065103479,-0.00564498419,0.002038745758,0,,,,,,,,1,28.61395726,77.20921086,13.9,,
1.56,3.615989642,-5.759535512,6.967307693,0.008070271749,0.004279758557,0.009315710269,0,,,,,,,,1,28.61395763,77.20921222,13.9,,
1.57,3.549685719,-5.68717863,7.225820859,0.009663811509,0.001830230423,0.0099949455,0,,,,,,,,1,28.613958,77.20921358,13.9,,
1.58,3.646976182,-5.678655124,7.082119709,0.01158275009,0.0005693144867,0.006238335886,0,,,,,,,,1,28.61395837,77.20921494,13.9,,
1.59,3.53622888,-5.734651475,7.09580308,0.008862956563,-0.003418233977,0.01467980767,0,,,,,,,,1,28.61395874,77.2092163,13.9,,
1.6,3.544025456,-5.725365264,7.091377301,0.009926536371,-0.002635127292,0.006196656523,0,,,,,,,,1,28.61395911,77.20921766,13.9,,
1.61,3.505364589,-5.751268039,7.107889735,0.009733967512,-0.003089357808,0.006924778526,0,,,,,,,,1,28.61395948,77.20921902,13.9,,
1.62,3.490209558,-5.801275551,7.104360158,0.0145695577,0.004400676784,0.01171213484,0,,,,,,,,1,28.61395985,77.20922038,13.9,,
1.63,3.473304673,-5.689322325,7.126208222,0.008646532592,-0.001505211301,0.008659567594,0,,,,,,,,1,28.61396021,77.20922174,13.9,,
1.64,3.621228243,-5.791655644,7.091632901,0.01048102061,0.008822386805,0.0057102619,0,,,,,,,,1,28.61396058,77.2092231,13.9,,
1.65,3.455790818,-5.791507942,7.121413345,0.009390091495,-0.001926665515,0.01211662129,0,,,,,,,,1,28.61396095,77.20922446,13.9,,
1.66,3.563201491,-5.833974511,7.046751755,0.007317477131,-0.00249642186,0.01200248709,0,,,,,,,,1,28.61396132,77.20922582,13.9,,
1.67,3.526718283,-5.77495721,7.125215207,0.007974546134,-0.003975471654,0.01259406014,0,,,,,,,,1,28.61396169,77.20922718,13.9,,
1.68,3.494763249,-5.763099451,7.023604802,0.01090321068,-0.002201452111,0.008662639288,0,,,,,,,,1,28.61396206,77.20922854,13.9,,
1.69,3.607156619,-5.738070237,7.127148522,0.007328627546,-0.0002519296654,0.009167683831,0,,,,,,,,1,28.61396243,77.2092299,13.9,,
1.7,3.569546989,-5.739356804,7.142960428,0.008563699229,-0.001174191397,0.01132763782,0,,,,,,,,1,28.6139628,77.20923126,13.9,,
1.71,3.598781597,-5.723096446,7.163705093,0.004026589957,-0.000272939381,0.008771032444,0,,,,,,,,1,28.61396317,77.20923262,13.9,,
1.72,3.620655353,-5.768511993,7.182088885,0.01171752003,0.0007012630904,0.006942041454,0,,,,,,,,1,28.61396354,77.20923398,13.9,,
1.73,3.461072436,-5.742104148,7.125570645,0.005887168666,-0.001480775425,0.0127243215,0,,,,,,,,1,28.61396391,77.20923534,13.9,,
1.74,3.591437563,-5.74589373,7.106760363,0.007988448505,-0.0008201445434,0.01217585598,0,,,,,,,,1,28.61396428,77.2092367,13.9,,
1.75,3.520552413,-5.729458392,7.147811751,0.007178303036,0.0004306911827,0.01413244662,0,,,,,,,,1,28.61396465,77.20923806,13.9,,
1.76,3.518332948,-5.664832882,7.098251628,0.01023079793,-0.005161151619,0.008501861701,0,,,,,,,,1,28.61396502,77.20923943,13.9,,
1.77,3.584158959,-5.742369613,7.069202612,0.01027326175,-0.0007991242293,0.009144093141,0,,,,,,,,1,28.61396539,77.20924079,13.9,,
1.78,3.477463099,-5.769176202,7.038414313,0.009391195109,0.003015537569,0.01671835341,0,,,,,,,,1,28.61396576,77.20924215,13.9,,
1.79,3.529559922,-5.745284344,7.118991203,0.01130120564,0.0007602676945,0.007761314969,0,,,,,,,,1,28.61396613,77.20924351,13.9,,
1.8,3.512896342,-5.818796973,7.101041064,0.01159273789,-0.00245049756,0.01701403805,0,,,,,,,,1,28.61396649,77.20924487,13.9,,
1.81,3.556799696,-5.719287198,7.120520141,0.007567514629,-0.0004908270129,0.009753423183,0,,,,,,,,1,28.61396686,77.20924623,13.9,,
1.82,3.471908167,-5.783062846,7.116214771,0.01076121314,0.001754715089,0.009940983307,0,,,,,,,,1,28.61396723,77.20924759,13.9,,
1.83,3.537689738,-5.779254208,7.079378426,0.01081875198,-0.000773463365,0.01058896979,0,,,,,,,,1,28.6139676,77.20924895,13.9,,
1.84,3.516478782,-5.703274491,7.045226707,0.00901533716,-0.006162613953,0.007375209509,0,,,,,,,,1,28.61396797,77.20925031,13.9,,
1.85,3.639379765,-5.745694549,7.163148022,0.01323093447,0.002460497499,0.01037822844,0,,,,,,,,1,28.61396834,77.20925167,13.9,,
1.86,3.557215484,-5.660570695,7.112417585,0.007618217725,-0.0009162944443,0.0106895493,0,,,,,,,,1,28.61396871,77.20925303,13.9,,
1.87,3.376360779,-5.787452834,7.190308121,0.01020541631,-0.007157331039,0.009831626317,0,,,,,,,,1,28.61396908,77.20925439,13.9,,
1.88,3.485543625,-5.810088702,6.987347774,0.01086615598,0.00106664455,0.009592274314,0,,,,,,,,1,28.61396945,77.20925575,13.9,,
1.89,3.56450841,-5.64499456,7.068183776,0.005093542725,-0.002473079733,0.009580523751,0,,,,,,,,1,28.61396982,77.20925711,13.9,,
1.9,3.464229063,-5.704166517,7.110978385,0.01173940247,-0.004970050544,0.01005866825,0,,,,,,,,1,28.61397019,77.20925847,13.9,,
1.91,3.486410376,-5.812568896,7.134527419,0.007711418152,0.001727211066,0.01432461043,0,,,,,,,,1,28.61397056,77.20925983,13.9,,
1.92,3.519210675,-5.807809203,7.040596962,0.009744217791,-0.001262456979,0.0126731435,0,,,,,,,,1,28.61397093,77.20926119,13.9,,
1.93,3.502417606,-5.869941605,7.154314183,0.01055058682,-0.005482699207,0.007980534812,0,,,,,,,,1,28.6139713,77.20926255,13.9,,
1.94,3.529897057,-5.722615714,7.110935536,0.008766340308,0.001422548132,0.01229300335,0,,,,,,,,1,28.61397167,77.20926391,13.9,,
1.95,3.517372881,-5.705499615,7.025565362,0.01260302997,-0.004031247601,0.008798861757,0,,,,,,,,1,28.61397204,77.20926527,13.9,,
1.96,3.441176956,-5.780438738,7.060362487,0.01016138131,0.0009810282185,0.008544566059,0,,,,,,,,1,28.61397241,77.20926663,13.9,,
1.97,3.667794971,-5.775509488,7.098608157,0.01070411955,0.0007748531846,0.0109857677,0,,,,,,,,1,28.61397278,77.20926799,13.9,,
1.98,3.529122282,-5.698552232,7.093909529,0.004936005277,-0.00267737201,0.007690912504,0,,,,,,,,1,28.61397314,77.20926935,13.9,,
1.99,3.574524076,-5.748190822,7.133895691,0.00758176794,0.0004727906629,0.01580891115,0,,,,,,,,1,28.61397351,77.20927071,13.9,,
2,3.542738841,-5.769168587,7.11546169,0.005111443188,-0.003167064228,0.008022243977,1,28.61398331,77.20923161,4.2,13.8307117,72.04504235,36.65013823,14,1,28.61397388,77.20927207,13.9,,
2.01,3.590576479,-5.731023406,7.061028225,0.007660473898,-0.001980233208,0.01539115689,0,,,,,,,,1,28.61397425,77.20927343,13.9,,
2.02,3.574373998,-5.796134387,7.072979412,0.007507225311,-0.0006093609972,0.01215409751,0,,,,,,,,1,28.61397462,77.20927479,13.9,,
2.03,3.539600877,-5.732556645,7.135336062,0.01173210305,-0.004822571099,0.006856247502,0,,,,,,,,1,28.61397499,77.20927616,13.9,,
2.04,3.566028079,-5.798583904,7.142573043,0.01313095396,0.001785115434,0.01272568645,0,,,,,,,,1,28.61397536,77.20927752,13.9,,
2.05,3.529028551,-5.812112064,7.142225184,0.008071883755,-0.003956665421,0.01273766939,0,,,,,,,,1,28.61397573,77.20927888,13.9,,
2.06,3.550072923,-5.725546339,7.080728101,0.00770391566,0.003202092889,0.0113783506,0,,,,,,,,1,28.6139761,77.20928024,13.9,,
2.07,3.598762847,-5.711774698,7.231496479,0.006447447798,-0.001514685847,0.006129946086,0,,,,,,,,1,28.61397647,77.2092816,13.9,,
2.08,3.638544203,-5.754897128,7.103959901,0.007357089232,-0.003109337355,0.01305446341,0,,,,,,,,1,28.61397684,77.20928296,13.9,,
2.09,3.577101962,-5.771850366,7.072832946,0.01058139595,-0.002770623486,0.01332248549,0,,,,,,,,1,28.61397721,77.20928432,13.9,,
2.1,3.52296469,-5.792514506,7.101016851,0.009885534292,0.002177742524,0.01372151221,0,,,,,,,,1,28.61397758,77.20928568,13.9,,
2.11,3.682897718,-5.66310625,7.093653107,0.008604809489,-0.002353482046,0.009502612181,0,,,,,,,,1,28.61397795,77.20928704,13.9,,
2.12,3.606615963,-5.723897899,7.132416156,0.007674367693,8.899007627e-06,0.01328228282,0,,,,,,,,1,28.61397832,77.2092884,13.9,,
2.13,3.523173777,-5.712108495,7.131513989,0.007183331384,0.003502372782,0.006206360717,0,,,,,,,,1,28.61397869,77.20928976,13.9,,
2.14,3.510389938,-5.698849323,7.072508403,0.00812885377,-0.002986155396,0.01650662276,0,,,,,,,,1,28.61397906,77.20929112,13.9,,
2.15,3.45958441,-5.802803679,7.141585116,0.01095519274,-0.001698140392,0.01029494498,0,,,,,,,,1,28.61397942,77.20929248,13.9,,
2.16,3.490452118,-5.786376058,7.088503318,0.01247671305,-0.0005168448138,0.01479313094,0,,,,,,,,1,28.61397979,77.20929384,13.9,,
2.17,3.396899891,-5.727653302,7.104340097,0.006183506987,-7.169829192e-05,0.008926036451,0,,,,,,,,1,28.61398016,77.2092952,13.9,,
2.18,3.562643673,-5.728690108,7.052862721,0.01084795945,0.002777445244,0.01052297607,0,,,,,,,,1,28.61398053,77.20929656,13.9,,
2.19,3.530710355,-5.761980628,7.102931555,0.01073444003,0.002126847882,0.01134533366,0,,,,,,,,1,28.6139809,77.20929792,13.9,,
2.2,3.446026444,-5.71054917,7.071889154,0.007994317679,0.001574001577,0.007390144485,0,,,,,,,,1,28.61398127,77.20929928,13.9,,
2.21,3.57591865,-5.898943672,7.031604404,0.01356555669,0.0003849907644,0.00870715858,0,,,,,,,,1,28.61398164,77.20930064,13.9,,
2.22,3.517640676,-5.741385899,7.129742741,0.005904513029,-0.001813399302,0.01296095093,0,,,,,,,,1,28.61398201,77.209302,13.9,,
2.23,3.58410795,-5.796949204,7.113243126,0.01115940424,-1.040171405e-05,0.01149867412,0,,,,,,,,1,28.61398238,77.20930336,13.9,,
2.24,3.514872421,-5.817627489,7.012513845,0.006569660365,0.001496394108,0.01164590703,0,,,,,,,,1,28.61398275,77.20930472,13.9,,
2.25,3.477745813,-5.75280984,7.091194839,0.01227391097,-0.001354269182,0.01048228985,0,,,,,,,,1,28.61398312,77.20930608,13.9,,
2.26,3.60543851,-5.771147063,7.110611967,0.005033428999,-0.003028339004,0.005212797936,0,,,,,,,,1,28.61398349,77.20930744,13.9,,
2.27,3.46760099,-5.780909831,7.182807499,0.002673490098,0.0001055804654,0.01097682786,0,,,,,,,,1,28.61398386,77.2093088,13.9,,
2.28,3.556377178,-5.739753745,7.118591993,0.008604537432,-0.00169024899,0.01636966414,0,,,,,,,,1,28.61398423,77.20931016,13.9,,
2.29,3.42984026,-5.700089653,7.140291877,0.0118167789,0.002655279634,0.01372595077,0,,,,,,,,1,28.6139846,77.20931152,13.9,,
2.3,3.532245735,-5.737913743,7.115951485,0.008831412818,0.001948913744,0.01433351186,0,,,,,,,,1,28.61398497,77.20931289,13.9,,
2.31,3.522776557,-5.703234943,7.063412482,0.009543960221,-0.006893492397,0.009152233864,0,,,,,,,,1,28.61398534,77.20931425,13.9,,
2.32,3.5253109,-5.741887286,7.116761277,0.00693354532,-0.0003590229188,0.009948923115,0,,,,,,,,1,28.6139857,77.20931561,13.9,,
2.33,3.538347692,-5.801455472,7.079015517,0.008683607328,0.0004656606107,0.007816525512,0,,,,,,,,1,28.61398607,77.20931697,13.9,,
2.34,3.56444243,-5.762924805,7.128217935,0.01163985479,-0.002676776744,0.01293343762,0,,,,,,,,1,28.61398644,77.20931833,13.9,,
2.35,3.497327968,-5.756086022,7.109221717,0.009941593319,-0.00233335819,0.008491611659,0,,,,,,,,1,28.61398681,77.20931969,13.9,,
2.36,3.53155485,-5.699141031,7.082255661,0.009134357564,-0.002035551819,0.01026957853,0,,,,,,,,1,28.61398718,77.20932105,13.9,,
2.37,3.546829712,-5.762807635,7.10262012,0.0118637217,0.007307154756,0.002936408272,0,,,,,,,,1,28.61398755,77.20932241,13.9,,
2.38,3.494658105,-5.734762932,7.036387282,0.01036995625,0.005819033636,0.008323849485,0,,,,,,,,1,28.61398792,77.20932377,13.9,,
2.39,3.522271009,-5.725687286,7.095385752,0.00494258653,0.004827937067,0.007565457092,0,,,,,,,,1,28.61398829,77.20932513,13.9,,
2.4,3.560401456,-5.761079593,7.076048405,0.01238392445,-0.001422049458,0.01463181006,0,,,,,,,,1,28.61398866,77.20932649,13.9,,
2.41,3.548581287,-5.754417914,7.06975414,0.009225111377,-0.001357193312,0.007196280835,0,,,,,,,,1,28.61398903,77.20932785,13.9,,
2.42,3.471022393,-5.801114237,7.085987542,0.001805473996,-0.006255171429,0.01120441906,0,,,,,,,,1,28.6139894,77.20932921,13.9,,
2.43,3.566488655,-5.838346745,7.101595785,0.01155599553,-0.002225744955,0.009164858365,0,,,,,,,,1,28.61398977,77.20933057,13.9,,
2.44,3.605996088,-5.814375996,7.06810331,0.008332825164,0.0002412490952,0.008912259694,0,,,,,,,,1,28.61399014,77.20933193,13.9,,
2.45,3.510414354,-5.780887358,7.099210643,0.008783859767,0.001722932659,0.0143740171,0,,,,,,,,1,28.61399051,77.20933329,13.9,,
2.46,3.495863141,-5.728904107,7.006515333,0.01099639987,-0.00519858657,0.00845159817,0,,,,,,,,1,28.61399088,77.20933465,13.9,,
2.47,3.581481597,-5.738039473,7.184330758,0.01559506087,0.0001351558945,0.01446720954,0,,,,,,,,1,28.61399125,77.20933601,13.9,,
2.48,3.484453168,-5.761202014,7.170691636,0.003969085983,-0.003550802271,0.00913974666,0,,,,,,,,1,28.61399162,77.20933737,13.9,,
2.49,3.673332548,-5.65027986,7.077896611,0.01013186855,6.395611091e-05,0.004474564247,0,,,,,,,,1,28.61399198,77.20933873,13.9,,
2.5,3.545951804,-5.785095553,7.020241355,0.006242186252,-0.00198745136,0.01147103044,0,,,,,,,,1,28.61399235,77.20934009,13.9,,
2.51,3.487650778,-5.736721759,7.0370114,0.005315306909,-0.002222505829,0.01025901129,0,,,,,,,,1,28.61399272,77.20934145,13.9,,
2.52,3.517254503,-5.756989685,7.075763518,0.008614829378,-0.001555042629,0.01466522112,0,,,,,,,,1,28.61399309,77.20934281,13.9,,
2.53,3.566808747,-5.883811958,7.099660479,0.008093706481,0.0007760039239,0.005639892175,0,,,,,,,,1,28.61399346,77.20934417,13.9,,
2.54,3.558025811,-5.715717556,7.092435233,0.007978674566,-0.003206801149,0.006202447994,0,,,,,,,,1,28.61399383,77.20934553,13.9,,
2.55,3.520058373,-5.756935911,7.062649665,0.00837216004,-0.005242013994,0.00613232184,0,,,,,,,,1,28.6139942,77.20934689,13.9,,
2.56,3.532635389,-5.738149574,7.070720627,0.006397060336,-0.001764486022,0.01031423284,0,,,,,,,,1,28.61399457,77.20934825,13.9,,
2.57,3.61171435,-5.753799174,7.149718569,0.01027333694,-0.001351792379,0.009922379056,0,,,,,,,,1,28.61399494,77.20934962,13.9,,
2.58,3.442717207,-5.76367858,7.187389294,0.01045225141,0.001129885141,0.006788233168,0,,,,,,,,1,28.61399531,77.20935098,13.9,,
2.59,3.524595544,-5.755358861,7.175006422,0.007996616451,-0.003412112399,0.01098213918,0,,,,,,,,1,28.61399568,77.20935234,13.9,,
2.6,3.523023698,-5.771718915,7.112963632,0.01269207401,-0.007675684617,0.0115343625,0,,,,,,,,1,28.61399605,77.2093537,13.9,,
2.61,3.495309335,-5.770401267,7.074610051,0.007681398406,-0.004571780652,0.005606293992,0,,,,,,,,1,28.61399642,77.20935506,13.9,,
2.62,3.482976102,-5.699056121,7.089613273,0.007681682708,0.002943952746,0.00766062033,0,,,,,,,,1,28.61399679,77.20935642,13.9,,
2.63,3.556098827,-5.730006938,7.155179771,0.01066111183,0.004060084019,0.01297669971,0,,,,,,,,1,28.61399716,77.20935778,13.9,,
2.64,3.588774033,-5.765357201,7.08332403,0.009153746424,-0.0009468294175,0.01075346274,0,,,,,,,,1,28.61399753,77.20935914,13.9,,
2.65,3.555945117,-5.800829286,7.144297628,0.01566402905,0.002633323848,0.007902432284,0,,,,,,,,1,28.6139979,77.2093605,13.9,,
2.66,3.572075519,-5.824854556,7.249621573,0.01011529568,-0.003731952429,0.01288047688,0,,,,,,,,1,28.61399826,77.20936186,13.9,,
2.67,3.54201683,-5.689310906,7.022171503,0.009996391607,-0.002666311443,0.01096322349,0,,,,,,,,1,28.61399863,77.20936322,13.9,,
2.68,3.555377508,-5.71961099,7.188279627,0.01336252876,-0.002445404757,0.01466064816,0,,,,,,,,1,28.613999,77.20936458,13.9,,
2.69,3.50971783,-5.671968207,7.066301031,0.009186895701,0.001878395185,0.01421460741,0,,,,,,,,1,28.61399937,77.20936594,13.9,,
2.7,3.525228383,-5.679373942,7.078104169,0.0117651455,-0.003372008684,0.01830117287,0,,,,,,,,1,28.61399974,77.2093673,13.9,,
2.71,3.456390534,-5.780532251,7.094074662,0.005587278816,-0.002856803474,0.009646417882,0,,,,,,,,1,28.61400011,77.20936866,13.9,,
2.72,3.57576147,-5.692156468,7.116091062,0.007889802264,0.001378813658,0.01221260534,0,,,,,,,,1,28.61400048,77.20937002,13.9,,
2.73,3.637026678,-5.824459301,7.072419722,0.01350150238,0.001207779315,0.01385265788,0,,,,,,,,1,28.61400085,77.20937138,13.9,,
2.74,3.562291905,-5.760605877,7.036284904,0.01016431092,-0.004665168895,0.006708211161,0,,,,,,,,1,28.61400122,77.20937274,13.9,,
2.75,3.553633123,-5.726166308,7.089209494,0.006293295472,-0.001873793864,0.008223111073,0,,,,,,,,1,28.61400159,77.2093741,13.9,,
2.76,3.521948414,-5.769293823,7.026162625,0.005351449743,-0.006949604703,0.008546139582,0,,,,,,,,1,28.61400196,77.20937546,13.9,,
2.77,3.5639485,-5.779417012,7.1304549,0.00687922131,0.005246530221,0.01333141094,0,,,,,,,,1,28.61400233,77.20937682,13.9,,
2.78,3.585695615,-5.779111063,7.101009709,0.01689601901,-0.001863053402,0.007176996126,0,,,,,,,,1,28.6140027,77.20937818,13.9,,
2.79,3.605486672,-5.738250711,7.08324717,0.01187963961,-0.00190862564,0.01122414129,0,,,,,,,,1,28.61400307,77.20937954,13.9,,
2.8,3.464392852,-5.839626732,7.138770052,0.01147028039,-0.004077619912,0.0126784961,0,,,,,,,,1,28.61400344,77.2093809,13.9,,
2.81,3.4728548,-5.751130026,7.163233114,0.0116349084,-0.0001932230407,0.01229983171,0,,,,,,,,1,28.61400381,77.20938226,13.9,,
2.82,3.585198244,-5.793780388,7.180248736,0.01853227915,-0.004360304949,0.009928601096,0,,,,,,,,1,28.61400418,77.20938362,13.9,,
2.83,3.410950129,-5.75406116,7.112771716,0.009441471533,-0.003760222516,0.01058561677,0,,,,,,,,1,28.61400454,77.20938498,13.9,,
2.84,3.545847302,-5.729262311,7.11493004,0.004439238918,-0.0001373854769,0.006903194373,0,,,,,,,,1,28.61400491,77.20938635,13.9,,
2.85,3.53152047,-5.764554895,7.07078479,0.01008910867,-0.001976027678,0.009385171705,0,,,,,,,,1,28.61400528,77.20938771,13.9,,
2.86,3.506959513,-5.687203176,7.160375912,0.0137319181,0.000158628698,0.01217242107,0,,,,,,,,1,28.61400565,77.20938907,13.9,,
2.87,3.489917864,-5.759942932,6.991577293,0.005325887187,-0.001000389203,0.01326496831,0,,,,,,,,1,28.61400602,77.20939043,13.9,,
2.88,3.508870153,-5.766506032,7.074066834,0.01031936158,0.0004498390979,0.01361954951,0,,,,,,,,1,28.61400639,77.20939179,13.9,,
2.89,3.572340169,-5.737590913,7.081866792,0.007295460573,0.0003574216803,0.007749193319,0,,,,,,,,1,28.61400676,77.20939315,13.9,,
2.9,3.487780525,-5.765681736,7.210205727,0.01419761146,-0.003437496927,0.01441254897,0,,,,,,,,1,28.61400713,77.20939451,13.9,,
2.91,3.453881451,-5.769778469,7.154476547,0.01050320186,0.002912773008,0.01332285433,0,,,,,,,,1,28.6140075,77.20939587,13.9,,
2.92,3.523682813,-5.790193887,7.066413191,0.01417065754,-0.001097167714,0.01152979697,0,,,,,,,,1,28.61400787,77.20939723,13.9,,
2.93,3.567580687,-5.684491838,6.962652444,0.01127927739,0.0008860060568,0.01220335084,0,,,,,,,,1,28.61400824,77.20939859,13.9,,
2.94,3.553597191,-5.768792375,7.167518415,0.008838439553,-0.005481525135,0.01322499895,0,,,,,,,,1,28.61400861,77.20939995,13.9,,
2.95,3.571923245,-5.705366124,7.125664605,0.005669169837,0.004726887937,0.01237678403,0,,,,,,,,1,28.61400898,77.20940131,13.9,,
2.96,3.531317929,-5.804896087,7.086177265,0.009481370749,-0.005047737617,0.008840460563,0,,,,,,,,1,28.61400935,77.20940267,13.9,,
2.97,3.548680811,-5.663246516,7.111232609,0.01007162291,0.003623891681,0.01447261369,0,,,,,,,,1,28.61400972,77.20940403,13.9,,
2.98,3.478566284,-5.738393625,7.146275087,0.01035700023,-0.005184887782,0.0113929831,0,,,,,,,,1,28.61401009,77.20940539,13.9,,
2.99,3.610197441,-5.692294064,7.087643948,0.006582667184,0.0001912297511,0.003730211781,0,,,,,,,,1,28.61401046,77.20940675,13.9,,
3,3.523759766,-5.866185323,7.076908569,0.012056438,0.004511734931,0.006284476921,1,28.61405122,77.20934344,4.2,13.78748717,65.60743882,35.78299568,9,1,28.61401082,77.20940811,13.9,,
3.01,3.441071279,-5.761611137,7.163934845,0.007940294505,-0.004237092647,0.007223290502,0,,,,,,,,1,28.61401119,77.20940947,13.9,,
3.02,3.553811079,-5.834528488,7.13986673,0.01011031368,-0.003374203596,0.009043491945,0,,,,,,,,1,28.61401156,77.20941083,13.9,,
3.03,3.560652196,-5.832321177,7.058555748,0.01356076627,-0.0008005292746,0.01025354646,0,,,,,,,,1,28.61401193,77.20941219,13.9,,
3.04,3.574617539,-5.745710266,7.122017469,0.01238876309,7.93937142e-05,0.004998046068,0,,,,,,,,1,28.6140123,77.20941355,13.9,,
3.05,3.448677153,-5.751960718,7.141121672,0.01424828769,-0.003408795434,0.01435219394,0,,,,,,,,1,28.61401267,77.20941491,13.9,,
3.06,3.498003354,-5.761839805,7.081365278,0.01015663824,-0.003045340365,0.008627301721,0,,,,,,,,1,28.61401304,77.20941627,13.9,,
3.07,3.527434164,-5.744147907,7.032051301,0.01645955865,-0.001261232815,0.006477509414,0,,,,,,,,1,28.61401341,77.20941763,13.9,,
3.08,3.544360146,-5.772487886,7.200615455,0.008135434272,0.00179187349,0.008559586139,0,,,,,,,,1,28.61401378,77.20941899,13.9,,
3.09,3.526777252,-5.748113773,7.067872758,0.01033034589,-0.000790684706,0.005207087514,0,,,,,,,,1,28.61401415,77.20942035,13.9,,
3.1,3.525034627,-5.808120204,7.079583556,0.005055050497,0.001687711482,0.009881765525,0,,,,,,,,1,28.61401452,77.20942171,13.9,,
3.11,3.502072052,-5.846920421,7.033008101,0.00675664253,0.002028347555,0.008538750512,0,,,,,,,,1,28.61401489,77.20942307,13.9,,
3.12,3.51249521,-5.729447166,7.055067262,0.01310333637,0.001676675851,0.01591216074,0,,,,,,,,1,28.61401526,77.20942444,13.9,,
3.13,3.498818429,-5.792975784,7.032071061,0.01572589575,0.004268323027,0.01147422705,0,,,,,,,,1,28.61401563,77.2094258,13.9,,
3.14,3.520461907,-5.688382268,7.081055099,0.006129127479,0.003744140802,0.009493658699,0,,,,,,,,1,28.614016,77.20942716,13.9,,
3.15,3.491937944,-5.740657694,7.157248955,0.008574493574,-0.004562549923,0.01395815214,0,,,,,,,,1,28.61401637,77.20942852,13.9,,
3.16,3.592116072,-5.740973813,7.158425201,0.009305776663,-0.0005606363984,0.009297928246,0,,,,,,,,1,28.61401674,77.20942988,13.9,,
3.17,3.470478834,-5.796479008,7.078954472,0.01155684818,-0.0001513737291,0.01365984345,0,,,,,,,,1,28.61401711,77.20943124,13.9,,
3.18,3.580400228,-5.85879303,7.10281061,0.01341790355,-0.007195535456,0.005134152422,0,,,,,,,,1,28.61401747,77.2094326,13.9,,
3.19,3.510965268,-5.682445807,7.061822502,0.01308701425,7.153239913e-05,0.008098329932,0,,,,,,,,1,28.61401784,77.20943396,13.9,,
3.2,3.572368202,-5.743013636,7.130329507,0.004313613673,-0.0008184133934,0.005069618996,0,,,,,,,,1,28.61401821,77.20943532,13.9,,
3.21,3.588433672,-5.722247927,7.108345844,0.009179425182,0.00160999091,0.01116221973,0,,,,,,,,1,28.61401858,77.20943668,13.9,,
3.22,3.529951037,-5.796334344,7.056521299,0.0132301093,-0.001945887962,0.01054090882,0,,,,,,,,1,28.61401895,77.20943804,13.9,,
3.23,3.561632704,-5.820609603,7.080347859,0.01354488964,-0.0004798198969,0.0093828691,0,,,,,,,,1,28.61401932,77.2094394,13.9,,
3.24,3.424579658,-5.745773346,7.130362954,0.004957219674,-0.0004180568432,0.005847642112,0,,,,,,,,1,28.61401969,77.20944076,13.9,,
3.25,3.525205476,-5.798857429,7.090814048,0.008332229501,-0.000964503335,0.01720423642,0,,,,,,,,1,28.61402006,77.20944212,13.9,,
3.26,3.553521204,-5.835092649,7.129694735,0.008810227387,-0.002507800926,0.01281181505,0,,,,,,,,1,28.61402043,77.20944348,13.9,,
3.27,3.484756077,-5.696176554,7.109072929,0.009142320453,-0.0008447412464,0.007848263303,0,,,,,,,,1,28.6140208,77.20944484,13.9,,
3.28,3.53206301,-5.763368363,7.048887983,0.008775918533,0.0002461660364,0.01073889884,0,,,,,,,,1,28.61402117,77.2094462,13.9,,
3.29,3.54401248,-5.802438036,7.123142606,0.007759182034,-0.003417989255,0.01165355981,0,,,,,,,,1,28.61402154,77.20944756,13.9,,
3.3,3.515572357,-5.796105435,7.060058916,0.00661415654,-0.002256063163,0.0104226605,0,,,,,,,,1,28.61402191,77.20944892,13.9,,
3.31,3.559896618,-5.660898544,7.014564093,0.007933869652,-0.0007317627206,0.01095388877,0,,,,,,,,1,28.61402228,77.20945028,13.9,,
3.32,3.585909844,-5.731225576,6.995027863,0.01100023967,0.00132846382,0.00859773699,0,,,,,,,,1,28.61402265,77.20945164,13.9,,
3.33,3.51886718,-5.823844996,7.052954209,0.009269671932,0.0001175449475,0.01021526866,0,,,,,,,,1,28.61402302,77.209453,13.9,,
3.34,3.517278574,-5.706003033,7.039689565,0.009595838699,0.005170850018,0.01166258579,0,,,,,,,,1,28.61402339,77.20945436,13.9,,
3.35,3.625160631,-5.74992409,7.130269352,0.01036755168,-0.003160141824,0.01659709816,0,,,,,,,,1,28.61402375,77.20945572,13.9,,
3.36,3.551834238,-5.823961637,7.060322025,0.008930647004,-0.003068602405,0.007094994091,0,,,,,,,,1,28.61402412,77.20945708,13.9,,
3.37,3.53205297,-5.71985626,7.009566682,0.01103335643,-0.001021071242,0.008676606777,0,,,,,,,,1,28.61402449,77.20945844,13.9,,
3.38,3.508902057,-5.697863008,7.081990891,0.01275482873,-0.001340440914,0.01065544937,0,,,,,,,,1,28.61402486,77.2094598,13.9,,
3.39,3.628999952,-5.873972356,7.015762911,0.007539673705,-0.001692902243,0.0113542492,0,,,,,,,,1,28.61402523,77.20946117,13.9,,
3.4,3.450420959,-5.663556416,7.07957449,0.01364004061,0.003880316857,0.01500237779,0,,,,,,,,1,28.6140256,77.20946253,13.9,,
3.41,3.605045376,-5.712412468,7.056261353,0.01054629259,-0.003654685007,0.0102202354,0,,,,,,,,1,28.61402597,77.20946389,13.9,,
3.42,3.463193126,-5.747177848,7.22087293,0.01258838456,-0.001297389684,0.00808464917,0,,,,,,,,1,28.61402634,77.20946525,13.9,,
3.43,3.513102661,-5.670988816,7.026267795,0.01110903945,-0.0007182771864,0.01159690264,0,,,,,,,,1,28.61402671,77.20946661,13.9,,
3.44,3.599388979,-5.800969772,7.06037287,0.01036725456,0.003785322408,0.007121629499,0,,,,,,,,1,28.61402708,77.20946797,13.9,,
3.45,3.537998461,-5.723425873,7.069219598,0.006412454906,0.002627916236,0.01289555454,0,,,,,,,,1,28.61402745,77.20946933,13.9,,
3.46,3.574972187,-5.742132314,7.027747264,0.003010590548,0.002393045019,0.009319623168,0,,,,,,,,1,28.61402782,77.20947069,13.9,,
3.47,3.533201915,-5.743395922,7.108888075,0.009863489749,0.0006094713068,0.01312484172,0,,,,,,,,1,28.61402819,77.20947205,13.9,,
3.48,3.484300229,-5.671645545,7.118806424,0.01483386606,-0.0008082188324,0.01006300386,0,,,,,,,,1,28.61402856,77.20947341,13.9,,
3.49,3.571129391,-5.731012812,7.086603566,0.006957820763,-0.002842823798,0.008845453119,0,,,,,,,,1,28.61402893,77.20947477,13.9,,
3.5,3.47016786,-5.692821978,7.077076825,0.01107083928,0.0007455355786,0.01389499596,0,,,,,,,,1,28.6140293,77.20947613,13.9,,
3.51,3.564378294,-5.712889375,7.103020173,0.004384447145,0.001403811923,0.01138737682,0,,,,,,,,1,28.61402967,77.20947749,13.9,,
3.52,3.518790843,-5.760885325,7.047285596,0.00981549175,0.002903857986,0.01583130201,0,,,,,,,,1,28.61403003,77.20947885,13.9,,
3.53,3.590953374,-5.761985403,7.136019314,0.002793463981,0.002448011662,0.005731008608,0,,,,,,,,1,28.6140304,77.20948021,13.9,,
3.54,3.641681532,-5.783974833,7.166725947,0.0174457391,-0.0005546476708,0.007873796101,0,,,,,,,,1,28.61403077,77.20948157,13.9,,
3.55,3.533084323,-5.712891716,7.028975871,0.008088993878,-0.002409025715,0.01047821554,0,,,,,,,,1,28.61403114,77.20948293,13.9,,
3.56,3.584661927,-5.85048771,7.061933787,0.009336205669,0.0009594828309,0.01113503418,0,,,,,,,,1,28.61403151,77.20948429,13.9,,
3.57,3.535431657,-5.665675919,7.147510608,0.01128556998,-0.003884892238,0.01128921756,0,,,,,,,,1,28.61403188,77.20948565,13.9,,
3.58,3.455373366,-5.677818593,7.182217045,0.01108090766,-0.00113156828,0.01174759096,0,,,,,,,,1,28.61403225,77.20948701,13.9,,
3.59,3.456675656,-5.874270834,7.088846865,0.01162855945,0.005455455075,0.01399610024,0,,,,,,,,1,28.61403262,77.20948837,13.9,,
3.6,3.515162947,-5.756099732,7.085321265,0.01243328091,-0.003490489087,0.004801410626,0,,,,,,,,1,28.61403299,77.20948973,13.9,,
3.61,3.512564674,-5.816442849,7.076437324,0.00860977175,0.0006262955591,0.01109422387,0,,,,,,,,1,28.61403336,77.20949109,13.9,,
3.62,3.526688057,-5.844752048,7.147456188,0.002298674875,-0.001768366343,0.00692959749,0,,,,,,,,1,28.61403373,77.20949245,13.9,,
3.63,3.623639102,-5.692281823,7.068320923,0.01222126908,-0.001572794081,0.008926866653,0,,,,,,,,1,28.6140341,77.20949381,13.9,,
3.64,3.536193179,-5.779947083,7.074490474,0.00315261808,-0.008274660202,0.008432334222,0,,,,,,,,1,28.61403447,77.20949517,13.9,,
3.65,3.581484086,-5.852373959,7.097015941,0.01052926554,-0.0002852481781,0.01140245139,0,,,,,,,,1,28.61403484,77.20949653,13.9,,
3.66,3.661825952,-5.749579611,7.181777851,0.01030770915,-0.005689825329,0.009662288437,0,,,,,,,,1,28.61403521,77.2094979,13.9,,
3.67,3.596467175,-5.765070364,7.083395131,0.01062261681,-0.003245326345,0.01027324754,0,,,,,,,,1,28.61403558,77.20949926,13.9,,
3.68,3.61297529,-5.69222567,7.144455654,0.002565182544,-0.0006659369457,0.01235272652,0,,,,,,,,1,28.61403595,77.20950062,13.9,,
3.69,3.484497857,-5.758140341,7.096019718,0.00332398135,-0.003201692743,0.009861872878,0,,,,,,,,1,28.61403631,77.20950198,13.9,,
3.7,3.522654179,-5.744591058,7.082631458,0.006212901211,5.220653799e-05,0.007534271501,0,,,,,,,,1,28.61403668,77.20950334,13.9,,
3.71,3.574832015,-5.865183559,7.021970069,-0.0003537481969,-0.0003637292126,0.0120857801,0,,,,,,,,1,28.61403705,77.2095047,13.9,,
3.72,3.560600452,-5.762691975,7.051235773,0.007655660544,-0.002051504832,0.00727771814,0,,,,,,,,1,28.61403742,77.20950606,13.9,,
3.73,3.510933587,-5.821497492,7.148335956,0.01262414328,-0.003809105068,0.01128894195,0,,,,,,,,1,28.61403779,77.20950742,13.9,,
3.74,3.546093106,-5.726019279,7.19439291,0.008693764426,-0.002955960511,0.01582684901,0,,,,,,,,1,28.61403816,77.20950878,13.9,,
3.75,3.50214012,-5.712573099,7.090771369,0.006295173873,-0.002953701515,0.01176959515,0,,,,,,,,1,28.61403853,77.20951014,13.9,,
3.76,3.555281734,-5.715632075,7.099325666,0.008106314724,0.001346422337,0.008134053139,0,,,,,,,,1,28.6140389,77.2095115,13.9,,
3.77,3.638765736,-5.738751712,7.02239163,0.003451116118,-0.002307911705,0.00948492975,0,,,,,,,,1,28.61403927,77.20951286,13.9,,
3.78,3.532524419,-5.814176851,7.054576632,0.005070260145,-0.001567983311,0.009999296508,0,,,,,,,,1,28.61403964,77.20951422,13.9,,
3.79,3.444827015,-5.727544896,6.986633177,0.009646927675,0.001308715928,0.007803448946,0,,,,,,,,1,28.61404001,77.20951558,13.9,,
3.8,3.504148551,-5.70917773,7.08112893,0.00797406685,-0.0025797709,0.01010537705,0,,,,,,,,1,28.61404038,77.20951694,13.9,,
3.81,3.468860483,-5.748597811,7.061243016,0.007856065754,-0.004897147678,0.01514838283,0,,,,,,,,1,28.61404075,77.2095183,13.9,,
3.82,3.479817033,-5.723995713,7.133940048,0.008897793704,-0.00416409426,0.01172376302,0,,,,,,,,1,28.61404112,77.20951966,13.9,,
3.83,3.597583793,-5.709680468,7.098161189,0.01296787303,-0.002579086154,0.01296259087,0,,,,,,,,1,28.61404149,77.20952102,13.9,,
3.84,3.575642602,-5.76607535,7.096505103,0.005696784753,0.002863684486,0.00697396815,0,,,,,,,,1,28.61404186,77.20952238,13.9,,
3.85,3.593354973,-5.783146459,7.022367939,0.01141319979,0.001751997679,0.01277731121,0,,,,,,,,1,28.61404223,77.20952374,13.9,,
3.86,3.516893707,-5.659740962,7.109860909,0.0112599372,-0.0006461268876,0.0133571812,0,,,,,,,,1,28.61404259,77.2095251,13.9,,
3.87,3.539005196,-5.722325445,7.025051016,0.009141267296,0.003098562358,0.0096314819,0,,,,,,,,1,28.61404296,77.20952646,13.9,,
3.88,3.48603642,-5.729047089,7.071348754,0.01339871433,0.003470600403,0.01055932428,0,,,,,,,,1,28.61404333,77.20952782,13.9,,
3.89,3.46215174,-5.823677792,7.115052774,0.01190202065,-0.001492481867,0.01433124333,0,,,,,,,,1,28.6140437,77.20952918,13.9,,
3.9,3.485392075,-5.763307339,7.038539365,0.008781836938,0.00531209664,0.0105662557,0,,,,,,,,1,28.61404407,77.20953054,13.9,,
3.91,3.506179389,-5.841949839,7.075962981,0.003224048754,0.002378777088,0.007664699266,0,,,,,,,,1,28.61404444,77.2095319,13.9,,
3.92,3.577844314,-5.766190334,7.099488159,0.007672141486,-0.007955478483,0.01066682015,0,,,,,,,,1,28.61404481,77.20953326,13.9,,
3.93,3.474805026,-5.735036226,7.05901456,0.008417653346,0.0006662273244,0.01541602284,0,,,,,,,,1,28.61404518,77.20953463,13.9,,
3.94,3.514908273,-5.788723502,7.139914353,0.01302022142,-0.003566031715,0.007277003313,0,,,,,,,,1,28.61404555,77.20953599,13.9,,
3.95,3.602466132,-5.78425203,7.148319437,0.008551327223,0.004475629001,0.01019453808,0,,,,,,,,1,28.61404592,77.20953735,13.9,,
3.96,3.54004255,-5.682408823,7.065139619,0.01392304492,0.006453056253,0.01276274506,0,,,,,,,,1,28.61404629,77.20953871,13.9,,
3.97,3.486068479,-5.725009641,7.003430987,0.01251139276,-0.001918872824,0.009417256079,0,,,,,,,,1,28.61404666,77.20954007,13.9,,
3.98,3.583034255,-5.702211003,7.104607721,0.004516943947,-0.00253103242,0.0113398388,0,,,,,,,,1,28.61404703,77.20954143,13.9,,
3.99,3.510593141,-5.821515597,7.080699919,0.006622434866,-0.002095762133,0.009707341988,0,,,,,,,,1,28.6140474,77.20954279,13.9,,
4,3.569681192,-5.717517687,7.147996871,0.007992144255,-0.005214425528,0.01404256265,1,28.614085,77.20956281,4.2,13.89271294,70.84014331,39.59264424,14,1,28.61404777,77.20954415,13.9,,
4.01,3.504992363,-5.684129623,7.082479091,0.009848652106,-0.006197162144,0.009796107284,0,,,,,,,,1,28.61404814,77.20954551,13.9,,
4.02,3.575390744,-5.760275917,7.110296936,0.008908318081,0.00388710519,0.008305632817,0,,,,,,,,1,28.61404851,77.20954687,13.9,,
4.03,3.552390782,-5.738516778,7.105316461,0.008669192655,-0.00484978404,0.01860346967,0,,,,,,,,1,28.61404887,77.20954823,13.9,,
4.04,3.527874239,-5.755121954,7.082174866,0.0003178702709,0.002200367963,0.007578166032,0,,,,,,,,1,28.61404924,77.20954959,13.9,,
4.05,3.512813705,-5.657343341,7.026766065,0.00902329286,-0.007549178771,0.01095735873,0,,,,,,,,1,28.61404961,77.20955095,13.9,,
4.06,3.553955448,-5.794290038,7.088942551,0.009505958278,0.001881812078,0.007132624318,0,,,,,,,,1,28.61404998,77.20955231,13.9,,
4.07,3.581465726,-5.790860956,7.108788423,0.008479857365,0.001313970098,0.01009351721,0,,,,,,,,1,28.61405035,77.20955367,13.9,,
4.08,3.532456057,-5.674914944,7.141878185,0.006713688577,-0.0003545469564,0.009112941862,0,,,,,,,,1,28.61405072,77.20955503,13.9,,
4.09,3.582672385,-5.776816868,7.147305837,0.006065391148,0.0008232092321,0.004488317358,0,,,,,,,,1,28.61405109,77.20955639,13.9,,
4.1,3.654632508,-5.793399401,7.097387495,0.00388737181,0.0009461119731,0.009441486536,0,,,,,,,,1,28.61405146,77.20955775,13.9,,
4.11,3.556696745,-5.713110219,7.131370244,0.01164104299,0.0009242499124,0.01424478852,0,,,,,,,,1,28.61405183,77.20955911,13.9,,
4.12,3.539639957,-5.805468093,7.078914957,0.007867924226,-0.005968654387,0.01192799719,0,,,,,,,,1,28.6140522,77.20956047,13.9,,
4.13,3.534058588,-5.802646049,7.15382891,0.01098432375,-0.002810455849,0.008171374256,0,,,,,,,,1,28.61405257,77.20956183,13.9,,
4.14,3.508512506,-5.691119129,7.026127317,0.007719985206,-0.0009623676796,0.00926371967,0,,,,,,,,1,28.61405294,77.20956319,13.9,,
4.15,3.542317172,-5.810594618,7.037220671,0.01421202573,0.001486516389,0.01426038626,0,,,,,,,,1,28.61405331,77.20956455,13.9,,
4.16,3.548175746,-5.69266116,7.065635316,0.009896458905,-0.001627766024,0.01470518295,0,,,,,,,,1,28.61405368,77.20956591,13.9,,
4.17,3.576448727,-5.764971057,7.097558211,0.008206512964,-0.0007611848838,0.01171675905,0,,,,,,,,1,28.61405405,77.20956727,13.9,,
4.18,3.52476944,-5.738471396,7.13459388,0.005356619479,-0.0009351455117,0.004230214158,0,,,,,,,,1,28.61405442,77.20956863,13.9,,
4.19,3.52344098,-5.744556939,7.110991896,0.009654828495,-0.00481947643,0.003967616322,0,,,,,,,,1,28.61405479,77.20956999,13.9,,
4.2,3.576941805,-5.726321019,7.074971562,0.007063729088,-0.002710952398,0.009372570042,0,,,,,,,,1,28.61405515,77.20957136,13.9,,
4.21,3.57428776,-5.739411013,7.110100521,0.008390734861,-0.001626512786,0.00869415062,0,,,,,,,,1,28.61405552,77.20957272,13.9,,
4.22,3.482230636,-5.7761604,7.093642705,0.004308095354,-0.001862405967,0.01351106336,0,,,,,,,,1,28.61405589,77.20957408,13.9,,
4.23,3.525490067,-5.809340493,7.167814601,0.00640782114,-0.001857059724,0.01219466519,0,,,,,,,,1,28.61405626,77.20957544,13.9,,
4.24,3.489909877,-5.712010484,7.093703123,0.01595522512,-0.002662855795,0.01066624264,0,,,,,,,,1,28.61405663,77.2095768,13.9,,
4.25,3.456010418,-5.674771146,7.147983145,0.003648238579,0.003690896711,0.01191632576,0,,,,,,,,1,28.614057,77.20957816,13.9,,
4.26,3.514741083,-5.689658223,7.121075592,0.005489039832,-0.001760076235,0.01104183872,0,,,,,,,,1,28.61405737,77.20957952,13.9,,
4.27,3.504200197,-5.739080416,7.153220142,0.01192458128,-0.002377167744,0.01278966766,0,,,,,,,,1,28.61405774,77.20958088,13.9,,
4.28,3.533978046,-5.712994318,7.092879705,0.009112626652,-0.003429498642,0.01399427175,0,,,,,,,,1,28.61405811,77.20958224,13.9,,
4.29,3.508911721,-5.81843769,7.119723624,0.004398945716,-0.001509588586,0.006519968985,0,,,,,,,,1,28.61405848,77.2095836,13.9,,
4.3,3.618180862,-5.766663714,7.041825593,0.007839321921,-0.001496673609,0.0067202142,0,,,,,,,,1,28.61405885,77.20958496,13.9,,
4.31,3.520226512,-5.74280721,7.16616713,0.008260858778,-0.006394590854,0.01532815061,0,,,,,,,,1,28.61405922,77.20958632,13.9,,
4.32,3.528844285,-5.732556371,7.099462336,0.006765168052,0.003737863974,0.00904394229,0,,,,,,,,1,28.61405959,77.20958768,13.9,,
4.33,3.493912266,-5.769752787,7.07839547,0.01578004095,0.001878558737,0.01267711536,0,,,,,,,,1,28.61405996,77.20958904,13.9,,
4.34,3.495006472,-5.76876587,7.095728117,0.009263810255,-0.003872423256,0.01591891092,0,,,,,,,,1,28.61406033,77.2095904,13.9,,
4.35,3.457583996,-5.654899469,7.17199397,0.01277818246,-0.004929270892,0.01238087543,0,,,,,,,,1,28.6140607,77.20959176,13.9,,
4.36,3.543061906,-5.796473048,7.05369167,0.007911329699,0.003924449878,0.006169195253,0,,,,,,,,1,28.61406107,77.20959312,13.9,,
4.37,3.502929862,-5.798629719,7.124511094,0.004522475688,-0.004775224636,0.01249632207,0,,,,,,,,1,28.61406144,77.20959448,13.9,,
4.38,3.392805742,-5.80151538,7.022393415,0.009979448442,-0.000514112106,0.01392823468,0,,,,,,,,1,28.6140618,77.20959584,13.9,,
4.39,3.523982254,-5.806953487,7.120738511,0.01254551369,-0.0005239970653,0.01227709791,0,,,,,,,,1,28.61406217,77.2095972,13.9,,
4.4,3.449847437,-5.702506832,7.10534159,0.005682648125,0.001989892927,0.01140000353,0,,,,,,,,1,28.61406254,77.20959856,13.9,,
4.41,3.636616208,-5.738166113,7.133318456,0.010371466,-0.001592395962,0.01468352239,0,,,,,,,,1,28.61406291,77.20959992,13.9,,
4.42,3.55270573,-5.896963947,7.124046778,0.0106348031,-0.007364853327,0.008783244374,0,,,,,,,,1,28.61406328,77.20960128,13.9,,
4.43,3.476917026,-5.826854947,7.185155719,0.007058891908,0.003833001924,0.007390714611,0,,,,,,,,1,28.61406365,77.20960264,13.9,,
4.44,3.575007291,-5.762145691,7.159648316,0.00758974101,0.0006842306488,0.009207104069,0,,,,,,,,1,28.61406402,77.209604,13.9,,
4.45,3.477971626,-5.70509696,7.110056402,0.009930113848,0.0007248894389,0.0146551906,0,,,,,,,,1,28.61406439,77.20960536,13.9,,
4.46,3.506002262,-5.690174121,7.112577938,0.01278359234,-0.003094315677,0.004604331129,0,,,,,,,,1,28.61406476,77.20960672,13.9,,
4.47,3.462133738,-5.850300141,7.000778764,0.006537344453,-0.004874826172,0.007925679124,0,,,,,,,,1,28.61406513,77.20960809,13.9,,
4.48,3.471086748,-5.685118434,7.066795162,0.01011516688,-0.002897491381,0.01188099692,0,,,,,,,,1,28.6140655,77.20960945,13.9,,
4.49,3.543872262,-5.784607017,7.096541863,0.008203934219,-0.002288734709,0.004314610016,0,,,,,,,,1,28.61406587,77.20961081,13.9,,
4.5,3.544867955,-5.684050951,7.206885187,0.00983982313,-0.005518036335,0.009239912878,0,,,,,,,,1,28.61406624,77.20961217,13.9,,
4.51,3.484426129,-5.800492263,7.097498157,0.007357463703,0.00112086371,0.01036549124,0,,,,,,,,1,28.61406661,77.20961353,13.9,,
4.52,3.608629207,-5.801350975,7.133326616,0.002312423892,0.002183955381,0.01298652021,0,,,,,,,,1,28.61406698,77.20961489,13.9,,
4.53,3.527510152,-5.761728483,7.068323286,0.01521732607,-0.0007034774868,0.009662411868,0,,,,,,,,1,28.61406735,77.20961625,13.9,,
4.54,3.6033442,-5.793784914,7.051031451,0.007589250098,0.0008340202351,0.01238530443,0,,,,,,,,1,28.61406772,77.20961761,13.9,,
4.55,3.416243687,-5.734154153,6.992589616,0.006719560448,-0.0004452394258,0.005341632373,0,,,,,,,,1,28.61406808,77.20961897,13.9,,
4.56,3.406792797,-5.761642401,7.126288448,0.007525409728,-0.004322194851,0.01192937983,0,,,,,,,,1,28.61406845,77.20962033,13.9,,
4.57,3.646807975,-5.796534947,7.025723848,0.009957298161,0.0003055869269,0.01378189973,0,,,,,,,,1,28.61406882,77.20962169,13.9,,
4.58,3.568118195,-5.79715045,7.040249921,0.009081867053,0.001960621457,0.01230931936,0,,,,,,,,1,28.61406919,77.20962305,13.9,,
4.59,3.479825207,-5.862744315,7.18054692,0.01128859982,-0.004558189461,0.01167096775,0,,,,,,,,1,28.61406956,77.20962441,13.9,,
4.6,3.556577435,-5.806899043,7.136034886,0.007551273233,-0.00181347438,0.01169456194,0,,,,,,,,1,28.61406993,77.20962577,13.9,,
4.61,3.545406721,-5.74005818,7.116681517,0.006731327343,-0.002589430782,0.01117500793,0,,,,,,,,1,28.6140703,77.20962713,13.9,,
4.62,3.515142311,-5.788627498,7.144925641,0.005047107611,-0.002971999635,0.01762334174,0,,,,,,,,1,28.61407067,77.20962849,13.9,,
4.63,3.665533759,-5.726167015,7.103192689,0.008793751327,-0.00155009943,0.006865626775,0,,,,,,,,1,28.61407104,77.20962985,13.9,,
4.64,3.60401003,-5.711929207,7.109261987,0.005765675607,0.001193698546,0.01176295987,0,,,,,,,,1,28.61407141,77.20963121,13.9,,
4.65,3.652489679,-5.760716878,7.075910848,0.006008357253,-0.002201922687,0.008243903913,0,,,,,,,,1,28.61407178,77.20963257,13.9,,
4.66,3.479217486,-5.709214843,7.083118923,0.0085715515,0.002647176718,0.01019946207,0,,,,,,,,1,28.61407215,77.20963393,13.9,,
4.67,3.557204927,-5.683310935,6.981080668,0.01987828762,0.00523302119,0.007744907148,0,,,,,,,,1,28.61407252,77.20963529,13.9,,
4.68,3.455171851,-5.767145115,7.033933196,0.006605804095,-0.003172362212,0.0134381774,0,,,,,,,,1,28.61407289,77.20963665,13.9,,
4.69,3.470009038,-5.763410718,7.059701194,0.007279378597,-0.0002726123815,0.009710596173,0,,,,,,,,1,28.61407326,77.20963801,13.9,,
4.7,3.607640035,-5.676180702,7.107974918,0.008061306685,-0.007642307955,0.006001712144,0,,,,,,,,1,28.61407363,77.20963937,13.9,,
4.71,3.524269885,-5.793075093,7.105829083,0.003327397564,-0.001363048791,0.01247177966,0,,,,,,,,1,28.614074,77.20964073,13.9,,
4.72,3.482154518,-5.765053112,7.136924685,0.009762790931,-0.002793663808,0.01172841027,0,,,,,,,,1,28.61407436,77.20964209,13.9,,
4.73,3.507100637,-5.748303974,7.075614791,0.009798363714,-0.001417383953,0.007778035148,0,,,,,,,,1,28.61407473,77.20964345,13.9,,
4.74,3.520240985,-5.714846479,7.128114264,0.007441670908,-0.001317607433,0.005764280259,0,,,,,,,,1,28.6140751,77.20964482,13.9,,
4.75,3.551180551,-5.79246564,7.132430782,0.006046462595,-0.003354630325,0.006591787392,0,,,,,,,,1,28.61407547,77.20964618,13.9,,
4.76,3.412551667,-5.74040119,7.090649245,0.00770053997,-0.001335599841,0.01238580949,0,,,,,,,,1,28.61407584,77.20964754,13.9,,
4.77,3.54107711,-5.71176633,7.121273969,0.005081889001,-0.004664280111,0.005454124225,0,,,,,,,,1,28.61407621,77.2096489,13.9,,
4.78,3.525031444,-5.793126295,7.094947689,0.01101383289,-0.001529385264,0.008885213567,0,,,,,,,,1,28.61407658,77.20965026,13.9,,
4.79,3.547586729,-5.686052915,7.085576258,0.01154265463,-0.0006363534152,0.01293071002,0,,,,,,,,1,28.61407695,77.20965162,13.9,,
4.8,3.447577227,-5.827654425,7.149447372,0.007613587433,0.000469615601,0.009683491077,0,,,,,,,,1,28.61407732,77.20965298,13.9,,
4.81,3.481258453,-5.773722914,7.130085199,0.00749309281,-0.002125803876,0.008722493501,0,,,,,,,,1,28.61407769,77.20965434,13.9,,
4.82,3.481207265,-5.692941703,7.150309738,0.005607749643,-0.001527212482,0.01072970192,0,,,,,,,,1,28.61407806,77.2096557,13.9,,
4.83,3.60588588,-5.723617616,7.165752484,0.004307710612,-0.004058918453,0.01043084586,0,,,,,,,,1,28.61407843,77.20965706,13.9,,
4.84,3.551870393,-5.787942892,7.107267846,0.01016938029,0.003215678945,0.01239682712,0,,,,,,,,1,28.6140788,77.20965842,13.9,,
4.85,3.610257848,-5.719564083,7.036393748,0.0142644059,0.0009215685993,0.009523708744,0,,,,,,,,1,28.61407917,77.20965978,13.9,,
4.86,3.548134979,-5.725959217,7.03755781,0.009531232223,0.0007535150692,0.009061422527,0,,,,,,,,1,28.61407954,77.20966114,13.9,,
4.87,3.432039265,-5.734121003,7.161975884,0.00565471019,-0.001997186338,0.005920142733,0,,,,,,,,1,28.61407991,77.2096625,13.9,,
4.88,3.538248893,-5.838583277,7.067005338,0.01139094408,0.003086442081,0.006574480485,0,,,,,,,,1,28.61408028,77.20966386,13.9,,
4.89,3.481105145,-5.724615895,7.062598717,0.009649685946,-0.003172443703,0.01438556839,0,,,,,,,,1,28.61408064,77.20966522,13.9,,
4.9,3.583978227,-5.778663118,7.155112616,0.01044652253,0.001005016142,0.006831471235,0,,,,,,,,1,28.61408101,77.20966658,13.9,,
4.91,3.57495876,-5.780570642,7.237393327,0.009936637259,-0.005053065821,0.006647119857,0,,,,,,,,1,28.61408138,77.20966794,13.9,,
4.92,3.532619009,-5.814059814,7.134486593,0.008088860321,0.001114027637,0.004558812578,0,,,,,,,,1,28.61408175,77.2096693,13.9,,
4.93,3.423258339,-5.707735234,7.120801183,0.00855066494,-0.003924162608,0.01012626936,0,,,,,,,,1,28.61408212,77.20967066,13.9,,
4.94,3.584622747,-5.728386508,7.038657593,0.005271319944,-0.004556958808,0.01050983939,0,,,,,,,,1,28.61408249,77.20967202,13.9,,
4.95,3.470403987,-5.715527489,7.10837567,0.007578935371,-0.005378552048,0.01050504935,0,,,,,,,,1,28.61408286,77.20967338,13.9,,
4.96,3.553461307,-5.737872512,7.034319882,0.003254293033,-0.001218001564,0.007729230082,0,,,,,,,,1,28.61408323,77.20967474,13.9,,
4.97,3.479441415,-5.66261998,7.134709691,0.008712798358,-0.002264258431,0.005309609379,0,,,,,,,,1,28.6140836,77.2096761,13.9,,
4.98,3.468285241,-5.72950256,7.067747963,0.006131047143,0.002327669542,0.01474342743,0,,,,,,,,1,28.61408397,77.20967746,13.9,,
4.99,3.419153033,-5.781184933,7.141913813,0.00594925921,-0.008865372618,0.006839305482,0,,,,,,,,1,28.61408434,77.20967882,13.9,,
5,3.567714225,-5.82952641,7.07440665,0.01073242584,0.0009014156302,0.008276452669,1,28.61407294,77.20964533,4.2,13.85762209,68.36099146,35.61775896,14,1,28.61408471,77.20968018,13.9,,
5.01,3.538701529,-5.755103247,7.062549238,0.00614115112,-0.001234731591,0.007100173219,0,,,,,,,,1,28.61408508,77.20968155,13.9,,
5.02,3.484972436,-5.798871889,7.107244027,0.005323678554,-0.001145495236,0.01279037905,0,,,,,,,,1,28.61408545,77.20968291,13.9,,
5.03,3.576293114,-5.759336475,7.074994491,0.008046857509,0.0009045702395,0.01200173868,0,,,,,,,,1,28.61408582,77.20968427,13.9,,
5.04,3.5176748,-5.671814893,7.097401189,0.007108627346,-0.005884156258,0.009396457191,0,,,,,,,,1,28.61408619,77.20968563,13.9,,
5.05,3.548038332,-5.803095379,7.109532494,0.009345693348,-0.002671911557,0.01433893857,0,,,,,,,,1,28.61408656,77.20968699,13.9,,
5.06,3.447744686,-5.860670872,7.100004025,0.008955193785,0.004561404545,0.01161119832,0,,,,,,,,1,28.61408692,77.20968835,13.9,,
5.07,3.546896387,-5.757529122,7.169065823,0.004849804285,0.0008424299446,0.01091004417,0,,,,,,,,1,28.61408729,77.20968971,13.9,,
5.08,3.587785295,-5.760868566,7.052676995,0.006751033455,-0.003591692764,0.01019723989,0,,,,,,,,1,28.61408766,77.20969107,13.9,,
5.09,3.489093896,-5.740311242,7.063415405,0.01118887452,-0.007037897987,0.01170745628,0,,,,,,,,1,28.61408803,77.20969243,13.9,,
5.1,3.433663237,-5.706326439,7.204363834,0.01185369131,0.006325646927,0.01261671825,0,,,,,,,,1,28.6140884,77.20969379,13.9,,
5.11,3.529244857,-5.686316068,7.227542244,0.008081641867,0.002869545182,0.01319802822,0,,,,,,,,1,28.61408877,77.20969515,13.9,,
5.12,3.535283735,-5.746455,7.192234154,0.0057552939,-0.005410275409,0.01037613586,0,,,,,,,,1,28.61408914,77.20969651,13.9,,
5.13,3.537076043,-5.702071542,7.027526447,0.00854705793,-0.004721322051,0.01235689065,0,,,,,,,,1,28.61408951,77.20969787,13.9,,
5.14,3.534953478,-5.78329954,7.105178991,0.005994599384,-0.005078528598,0.007169104779,0,,,,,,,,1,28.61408988,77.20969923,13.9,,
5.15,3.511378589,-5.833012858,7.092073776,0.01012185852,-0.003508907235,0.00907319408,0,,,,,,,,1,28.61409025,77.20970059,13.9,,
5.16,3.411514132,-5.688187748,7.160482994,0.00325447194,-0.00184258346,0.01214813436,0,,,,,,,,1,28.61409062,77.20970195,13.9,,
5.17,3.536215936,-5.834796225,7.050598503,0.01216416371,0.003711497071,0.009298477789,0,,,,,,,,1,28.61409099,77.20970331,13.9,,
5.18,3.638208499,-5.709886645,7.089851435,0.007194762537,-0.004381706393,0.01128074881,0,,,,,,,,1,28.61409136,77.20970467,13.9,,
5.19,3.532800986,-5.711551211,7.104851844,0.01423928328,0.002881331161,0.01266982581,0,,,,,,,,1,28.61409173,77.20970603,13.9,,
5.2,3.59314949,-5.79335205,7.123757068,0.005743352415,-0.004321592008,0.01336382567,0,,,,,,,,1,28.6140921,77.20970739,13.9,,
5.21,3.543460693,-5.826086197,7.109991347,0.009099481557,0.002196685692,0.01259202739,0,,,,,,,,1,28.61409247,77.20970875,13.9,,
5.22,3.509953662,-5.777211103,7.047593076,0.009667958339,0.001675113963,0.010653064,0,,,,,,,,1,28.61409284,77.20971011,13.9,,
5.23,3.577806135,-5.731740566,7.116890304,0.01283619471,-0.007186245271,0.008532793423,0,,,,,,,,1,28.6140932,77.20971147,13.9,,
5.24,3.532296995,-5.676615791,7.098917201,0.009404492718,-0.005087085341,0.01028190722,0,,,,,,,,1,28.61409357,77.20971283,13.9,,
5.25,3.509078232,-5.735158246,7.146525635,0.009951718061,0.00109237191,0.008902155968,0,,,,,,,,1,28.61409394,77.20971419,13.9,,
5.26,3.571302133,-5.724394178,7.118457269,0.01490702683,-0.004735199239,0.01066843853,0,,,,,,,,1,28.61409431,77.20971555,13.9,,
5.27,3.575582026,-5.753997656,7.038487979,0.003991200286,-0.0009050875759,0.008272407975,0,,,,,,,,1,28.61409468,77.20971691,13.9,,
5.28,3.437800025,-5.804326141,7.115575406,0.014427775,0.00198225828,0.009358080307,0,,,,,,,,1,28.61409505,77.20971828,13.9,,
5.29,3.564903536,-5.729165569,7.087984817,0.004124344311,0.00109322237,0.01155570003,0,,,,,,,,1,28.61409542,77.20971964,13.9,,
5.3,3.538188326,-5.686619027,7.098038784,0.01261103165,-0.003795487868,0.008534980921,0,,,,,,,,1,28.61409579,77.209721,13.9,,
5.31,3.539289545,-5.827056715,7.067334307,0.006166282869,-0.0006816892031,0.01586686443,0,,,,,,,,1,28.61409616,77.20972236,13.9,,
5.32,3.5089633,-5.868264633,7.135367551,0.007133899509,-0.005660921828,0.01158993446,0,,,,,,,,1,28.61409653,77.20972372,13.9,,
5.33,3.582880324,-5.686653417,7.10674928,0.006635201715,0.002064156606,0.01521147787,0,,,,,,,,1,28.6140969,77.20972508,13.9,,
5.34,3.583095902,-5.845715778,7.093015919,0.008681212532,-0.001000996448,0.01070380418,0,,,,,,,,1,28.61409727,77.20972644,13.9,,
5.35,3.510808291,-5.854396892,7.09433102,0.001461392885,-0.004053065488,0.01324260568,0,,,,,,,,1,28.61409764,77.2097278,13.9,,
5.36,3.579870147,-5.798758824,7.107279273,0.005760032805,0.0002382557769,0.01034199949,0,,,,,,,,1,28.61409801,77.20972916,13.9,,
5.37,3.483976734,-5.724973742,7.134322491,0.004435054222,-0.004032682232,0.008541404388,0,,,,,,,,1,28.61409838,77.20973052,13.9,,
5.38,3.455329917,-5.811090739,7.122814164,0.006152179015,0.001279321828,0.007411234637,0,,,,,,,,1,28.61409875,77.20973188,13.9,,
5.39,3.548085543,-5.759225773,7.031120918,0.005631758542,0.0006912383797,0.01310309212,0,,,,,,,,1,28.61409912,77.20973324,13.9,,
5.4,3.573735271,-5.782394212,7.033497681,0.006948557205,0.0007891078378,0.01343437646,0,,,,,,,,1,28.61409948,77.2097346,13.9,,
5.41,3.590374129,-5.73573183,7.073896505,0.005613971639,-0.002165484398,0.007080568041,0,,,,,,,,1,28.61409985,77.20973596,13.9,,
5.42,3.506387134,-5.750335997,7.09509219,0.005646377102,-0.003228243896,0.009941923682,0,,,,,,,,1,28.61410022,77.20973732,13.9,,
5.43,3.533359098,-5.785057698,7.06472922,0.00768332108,0.003673484916,0.01001728277,0,,,,,,,,1,28.61410059,77.20973868,13.9,,
5.44,3.574239453,-5.763468261,7.112070418,0.006490559918,-0.001743851694,0.009358828839,0,,,,,,,,1,28.61410096,77.20974004,13.9,,
5.45,3.533581338,-5.689449163,7.099238432,0.007251628717,0.001102885673,0.002970657087,0,,,,,,,,1,28.61410133,77.2097414,13.9,,
5.46,3.599572427,-5.676956854,7.040733062,0.009959754493,-0.006196666914,0.01169945222,0,,,,,,,,1,28.6141017,77.20974276,13.9,,
5.47,3.498094607,-5.795267033,7.106236174,0.009153710309,0.001975358849,0.008321767084,0,,,,,,,,1,28.61410207,77.20974412,13.9,,
5.48,3.539389536,-5.765402637,7.177558896,0.008428757886,-0.001394773383,0.01083844181,0,,,,,,,,1,28.61410244,77.20974548,13.9,,
5.49,3.511441218,-5.830953923,7.07526915,0.003920123533,-0.003141914643,0.01320937976,0,,,,,,,,1,28.61410281,77.20974684,13.9,,
5.5,3.593873262,-5.769419639,7.1249838,0.004051300861,-0.001408646297,0.0111231697,0,,,,,,,,1,28.61410318,77.2097482,13.9,,
5.51,3.517172801,-5.833342739,7.096156192,0.01283058476,-0.003048064078,0.01020980888,0,,,,,,,,1,28.61410355,77.20974956,13.9,,
5.52,3.513906524,-5.602427742,7.083084674,0.01069179413,0.003660577544,0.01135650712,0,,,,,,,,1,28.61410392,77.20975092,13.9,,
5.53,3.455273117,-5.710548201,7.126954122,0.009381161414,0.002771297226,0.01423671898,0,,,,,,,,1,28.61410429,77.20975228,13.9,,
5.54,3.496908149,-5.748036526,7.126260982,0.008798893817,-0.003500041608,0.009700001723,0,,,,,,,,1,28.61410466,77.20975364,13.9,,
5.55,3.529227969,-5.76591398,7.009892407,0.0138162101,0.003892323577,0.01399164714,0,,,,,,,,1,28.61410503,77.20975501,13.9,,
5.56,3.545677702,-5.819406096,7.13915207,0.008376031349,-0.002722600375,0.005122383115,0,,,,,,,,1,28.6141054,77.20975637,13.9,,
5.57,3.509543051,-5.655944234,7.123553391,0.006140681011,-0.002654582586,0.01477327775,0,,,,,,,,1,28.61410577,77.20975773,13.9,,
5.58,3.575400934,-5.80987558,7.081071702,0.008579929654,-0.002850576741,0.006109892749,0,,,,,,,,1,28.61410613,77.20975909,13.9,,
5.59,3.463401283,-5.836610835,7.031737725,0.009227914748,0.003161016882,0.005166736985,0,,,,,,,,1,28.6141065,77.20976045,13.9,,
5.6,3.488531576,-5.82167665,7.121393577,0.01025372264,-0.002900877619,0.01327042113,0,,,,,,,,1,28.61410687,77.20976181,13.9,,
5.61,3.554066912,-5.710732573,7.120302424,0.005489573083,-0.002186746435,0.00697237292,0,,,,,,,,1,28.61410724,77.20976317,13.9,,
5.62,3.539319079,-5.780003726,7.089437116,0.01024467237,0.001030186367,0.009473523101,0,,,,,,,,1,28.61410761,77.20976453,13.9,,
5.63,3.516719085,-5.754926408,7.121377186,0.009649873382,-0.001658953057,0.009909346635,0,,,,,,,,1,28.61410798,77.20976589,13.9,,
5.64,3.523225175,-5.722212636,7.109761556,0.006485608015,-0.003043486357,0.009505561229,0,,,,,,,,1,28.61410835,77.20976725,13.9,,
5.65,3.552307358,-5.762180329,7.166667141,0.01084788441,0.006613419694,0.007029782296,0,,,,,,,,1,28.61410872,77.20976861,13.9,,
5.66,3.506174801,-5.689342174,7.116909272,0.009210817971,-0.007312071895,0.01612837517,0,,,,,,,,1,28.61410909,77.20976997,13.9,,
5.67,3.578805667,-5.773780797,7.03765868,0.01246152061,-0.001385252722,0.01060764363,0,,,,,,,,1,28.61410946,77.20977133,13.9,,
5.68,3.544769716,-5.792460441,7.02865644,0.005288940748,-2.86228141e-05,0.009721125688,0,,,,,,,,1,28.61410983,77.20977269,13.9,,
5.69,3.541116449,-5.745301483,7.105240437,0.006878417105,-0.003403496773,0.01352469417,0,,,,,,,,1,28.6141102,77.20977405,13.9,,
5.7,3.487545052,-5.705530317,7.114040255,0.008495184853,-0.000506224981,0.01010057224,0,,,,,,,,1,28.61411057,77.20977541,13.9,,
5.71,3.460661937,-5.745169152,7.034061203,0.002693960978,-0.007972546199,0.008215266688,0,,,,,,,,1,28.61411094,77.20977677,13.9,,
5.72,3.54512319,-5.707973329,7.21756622,0.006761434868,-0.004846618964,0.00565642209,0,,,,,,,,1,28.61411131,77.20977813,13.9,,
5.73,3.517894435,-5.783533959,7.175612269,0.009374282331,0.0001970798168,0.009846575665,0,,,,,,,,1,28.61411168,77.20977949,13.9,,
5.74,3.551655444,-5.75217546,7.049924665,0.007493151253,-0.004174989087,0.01435288069,0,,,,,,,,1,28.61411205,77.20978085,13.9,,
5.75,3.49008896,-5.770170472,7.154096576,0.007655863019,-0.00155540956,0.01436516913,0,,,,,,,,1,28.61411241,77.20978221,13.9,,
5.76,3.602057145,-5.711183719,7.107701958,0.009929044541,-0.0007130115456,0.00823357265,0,,,,,,,,1,28.61411278,77.20978357,13.9,,
5.77,3.641207169,-5.728898121,7.078038923,0.01040356648,0.004411585274,0.0119847618,0,,,,,,,,1,28.61411315,77.20978493,13.9,,
5.78,3.530531963,-5.742086985,7.145265392,0.0110375406,-0.00633132071,0.0124291289,0,,,,,,,,1,28.61411352,77.20978629,13.9,,
5.79,3.473036736,-5.72987731,7.0353094,0.01426948839,0.001686858823,0.01353702872,0,,,,,,,,1,28.61411389,77.20978765,13.9,,
5.8,3.496951887,-5.816171543,7.099589716,0.008934065452,-0.007863597173,0.008370847818,0,,,,,,,,1,28.61411426,77.20978901,13.9,,
5.81,3.552209046,-5.734736768,7.142435235,0.01025533005,-0.001070964287,0.009598916454,0,,,,,,,,1,28.61411463,77.20979037,13.9,,
5.82,3.586442413,-5.668518223,7.05472229,0.008306139879,-0.003621509339,0.008513068142,0,,,,,,,,1,28.614115,77.20979174,13.9,,
5.83,3.546865584,-5.823727721,7.205825182,0.003485823107,-0.002492407016,0.007365786115,0,,,,,,,,1,28.61411537,77.2097931,13.9,,
5.84,3.489805417,-5.731703091,7.040353756,0.006869115575,-0.007183228203,0.01086207669,0,,,,,,,,1,28.61411574,77.20979446,13.9,,
5.85,3.503487511,-5.69143819,7.07996004,0.007511697118,5.92008143e-05,0.007814300752,0,,,,,,,,1,28.61411611,77.20979582,13.9,,
5.86,3.567049544,-5.76606569,7.07702478,0.00340210099,-0.002556377296,0.01212753582,0,,,,,,,,1,28.61411648,77.20979718,13.9,,
5.87,3.548517016,-5.700715199,7.189559915,0.009406787336,0.0004544567351,0.01041189882,0,,,,,,,,1,28.61411685,77.20979854,13.9,,
5.88,3.467996844,-5.693926176,7.178887764,0.009509839116,-0.003499658868,0.01279065159,0,,,,,,,,1,28.61411722,77.2097999,13.9,,
5.89,3.532555532,-5.721673623,7.072564216,0.008777777927,4.422429554e-05,0.01141419289,0,,,,,,,,1,28.61411759,77.20980126,13.9,,
5.9,3.495719233,-5.70700952,7.099231118,0.006331246946,0.0002768309381,0.009439929973,0,,,,,,,,1,28.61411796,77.20980262,13.9,,
5.91,3.57586711,-5.710829109,7.122052484,0.005611994112,-0.0008523031636,0.00939664243,0,,,,,,,,1,28.61411833,77.20980398,13.9,,
5.92,3.507507307,-5.603676034,7.04908578,0.0124472558,0.002488151818,0.004537069436,0,,,,,,,,1,28.61411869,77.20980534,13.9,,
5.93,3.58536488,-5.716285136,7.076142202,0.01262500624,0.007236259683,0.01379225388,0,,,,,,,,1,28.61411906,77.2098067,13.9,,
5.94,3.582037629,-5.753436976,7.090486792,0.005514445853,0.003633294979,0.008756139529,0,,,,,,,,1,28.61411943,77.20980806,13.9,,
5.95,3.421042155,-5.779202082,7.088948387,0.01525249814,-0.002642880758,0.008099627928,0,,,,,,,,1,28.6141198,77.20980942,13.9,,
5.96,3.609206331,-5.790584323,7.133896796,0.009571292995,0.0002428320529,0.01202705331,0,,,,,,,,1,28.61412017,77.20981078,13.9,,
5.97,3.439407751,-5.739835858,7.026666944,0.0107420017,-0.00221737695,0.01007956768,0,,,,,,,,1,28.61412054,77.20981214,13.9,,
5.98,3.583686454,-5.723393571,7.184026099,0.004482328312,-0.005085406682,0.01295936613,0,,,,,,,,1,28.61412091,77.2098135,13.9,,
5.99,3.555906984,-5.718705954,7.15654515,0.005390047818,0.003234076115,0.009407126679,0,,,,,,,,1,28.61412128,77.20981486,13.9,,
6,3.585777223,-5.55951734,7.157641766,0.01341768292,-0.001638519989,0.01537078739,1,28.61414157,77.20976338,4.2,13.76978058,75.71653512,38.08999689,14,1,28.61412165,77.20981622,13.89939024,,
6.01,3.661388299,-5.672735235,7.229174265,0.01656393665,-0.009052462473,0.01497405943,0,,,,,,,,1,28.61412202,77.20981758,13.8981856,,
6.02,3.84962039,-5.536917508,7.173648174,0.0111088232,-0.01002568023,0.02827440018,0,,,,,,,,1,28.61412239,77.20981894,13.89640059,,
6.03,3.761842423,-5.433908319,7.16512771,0.01794232004,-0.008944644642,0.02788427928,0,,,,,,,,1,28.61412276,77.2098203,13.89404936,,
6.04,3.957211671,-5.380094335,7.214689968,0.02204914925,-0.01548468697,0.03154919479,0,,,,,,,,1,28.61412313,77.20982166,13.89114571,,
6.05,3.963093834,-5.374047974,7.204836543,0.02175552013,-0.02066241755,0.0346482395,0,,,,,,,,1,28.6141235,77.20982302,13.88770313,,
6.06,3.922083031,-5.352988476,7.231201142,0.02233985457,-0.02196522061,0.03356251951,0,,,,,,,,1,28.61412387,77.20982438,13.88373476,,
6.07,4.174904799,-5.343770745,7.142326524,0.02387185394,-0.02123048895,0.03783632189,0,,,,,,,,1,28.61412424,77.20982574,13.87925343,,
6.08,4.240846562,-5.298716382,7.155249859,0.02738008558,-0.02079625918,0.04136489608,0,,,,,,,,1,28.61412461,77.2098271,13.87427164,,
6.09,4.236791679,-5.165704887,7.184118752,0.03079039227,-0.02525173802,0.04668211588,0,,,,,,,,1,28.61412498,77.20982845,13.8688016,,
6.1,4.29746796,-5.169137208,7.130031701,0.0236457772,-0.03341609056,0.04798103598,0,,,,,,,,1,28.61412535,77.20982981,13.86285522,,
6.11,4.303526134,-5.063247032,7.17208622,0.02830312219,-0.02872502688,0.05140511648,0,,,,,,,,1,28.61412572,77.20983117,13.85644411,,
6.12,4.363387602,-5.126953329,7.169369638,0.02641327578,-0.04159935336,0.05273446976,0,,,,,,,,1,28.61412609,77.20983252,13.84957962,,
6.13,4.569340034,-5.076956549,7.210704618,0.03105043874,-0.03529842758,0.06227468265,0,,,,,,,,1,28.61412647,77.20983387,13.8422728,,
6.14,4.606530456,-5.006151348,7.191413022,0.03481708432,-0.04099637683,0.05908270783,0,,,,,,,,1,28.61412684,77.20983523,13.83453444,,
6.15,4.57264808,-5.074728522,7.144053271,0.03585091948,-0.04598847394,0.05970338139,0,,,,,,,,1,28.61412721,77.20983658,13.82637507,,
6.16,4.593229775,-4.943022581,7.149599624,0.03915259368,-0.04913878163,0.06265486986,0,,,,,,,,1,28.61412759,77.20983793,13.81780494,,
6.17,4.670219248,-4.874410729,7.256379694,0.04013267005,-0.05207610961,0.07027253725,0,,,,,,,,1,28.61412796,77.20983928,13.80883409,,
6.18,4.695784336,-4.854351748,7.190858555,0.03495195569,-0.05224751619,0.07346851252,0,,,,,,,,1,28.61412834,77.20984063,13.79947228,,
6.19,4.753960985,-4.842936761,7.129608609,0.0358637383,-0.05025500278,0.07186883929,0,,,,,,,,1,28.61412871,77.20984197,13.78972906,,
6.2,4.84005512,-4.818919374,7.09490004,0.03991298082,-0.05077973278,0.0756355855,0,,,,,,,,1,28.61412909,77.20984332,13.77961371,,
6.21,4.912986125,-4.795220865,7.219396216,0.04323756251,-0.0570026124,0.07296848051,0,,,,,,,,1,28.61412947,77.20984467,13.76913533,,
6.22,4.937550592,-4.72868848,7.164793273,0.03855429703,-0.0574003407,0.07479975159,0,,,,,,,,1,28.61412985,77.20984601,13.75830276,,
6.23,4.971174381,-4.701488993,7.192264287,0.0412825121,-0.0616465328,0.07935950353,0,,,,,,,,1,28.61413023,77.20984735,13.74712465,,
6.24,5.043779581,-4.700816736,7.240674364,0.04478020788,-0.06273851817,0.08345130255,0,,,,,,,,1,28.61413061,77.20984869,13.73560941,,
6.25,5.082812748,-4.684635104,7.215174447,0.03791414769,-0.06916636016,0.08907751519,0,,,,,,,,1,28.61413099,77.20985003,13.72376528,,
6.26,5.079556263,-4.708052885,7.209600603,0.0515973226,-0.06887608929,0.08662576629,0,,,,,,,,1,28.61413137,77.20985137,13.71160027,,
6.27,5.139876405,-4.633127938,7.255865829,0.04936350835,-0.06986064901,0.09413670498,0,,,,,,,,1,28.61413175,77.2098527,13.69912222,,
6.28,5.227874717,-4.569817365,7.210306789,0.05185671792,-0.07122803126,0.09785069416,0,,,,,,,,1,28.61413213,77.20985403,13.68633875,,
6.29,5.213994837,-4.551345211,7.177161928,0.04740640704,-0.07054089746,0.09904036025,0,,,,,,,,1,28.61413252,77.20985537,13.67325731,,
6.3,5.263005124,-4.542268894,7.316301382,0.04718239591,-0.07464052674,0.09500658491,0,,,,,,,,1,28.6141329,77.2098567,13.65988519,,
6.31,5.319961815,-4.502327979,7.228562543,0.05261936352,-0.07377045568,0.1027015864,0,,,,,,,,1,28.61413329,77.20985803,13.64622945,,
6.32,5.314078337,-4.48098263,7.127352646,0.05660595887,-0.07934014699,0.09932516192,0,,,,,,,,1,28.61413368,77.20985935,13.63229702,,
6.33,5.346488976,-4.414754847,7.186147725,0.05451537957,-0.07601457804,0.1049049733,0,,,,,,,,1,28.61413407,77.20986068,13.61809466,,
6.34,5.400286239,-4.398822305,7.252120384,0.05041820037,-0.07723396231,0.10231966,0,,,,,,,,1,28.61413445,77.209862,13.60362893,,
6.35,5.510868639,-4.424334898,7.207764682,0.05800898294,-0.07650584773,0.1043930562,0,,,,,,,,1,28.61413484,77.20986332,13.58890628,,
6.36,5.547627709,-4.305355222,7.192981169,0.05762757176,-0.08230121139,0.1051107458,0,,,,,,,,1,28.61413524,77.20986464,13.57393295,,
6.37,5.54656702,-4.370844497,7.253742821,0.06152591415,-0.08521037734,0.1136031578,0,,,,,,,,1,28.61413563,77.20986596,13.55871508,,
6.38,5.465025384,-4.362669917,7.259359551,0.06244555123,-0.08809369751,0.1150245436,0,,,,,,,,1,28.61413602,77.20986727,13.54325861,,
6.39,5.510945486,-4.379665898,7.162531548,0.05738372791,-0.08506999682,0.1133468452,0,,,,,,,,1,28.61413642,77.20986858,13.52756938,,
6.4,5.616561508,-4.331772998,7.169474623,0.06324206553,-0.09028974172,0.1127141091,0,,,,,,,,1,28.61413681,77.20986989,13.51165305,,
6.41,5.695445025,-4.339447498,7.239270349,0.06597791719,-0.09167262996,0.1167754751,0,,,,,,,,1,28.61413721,77.2098712,13.49551517,,
6.42,5.680965668,-4.303172283,7.20304475,0.06359104166,-0.09158226263,0.1187583462,0,,,,,,,,1,28.61413761,77.20987251,13.47916114,,
6.43,5.652873886,-4.218234658,7.158607142,0.06607077152,-0.0913391521,0.1201934941,0,,,,,,,,1,28.61413801,77.20987381,13.46259624,,
6.44,5.792986472,-4.153488245,7.150421573,0.07364206696,-0.09506280312,0.1238952952,0,,,,,,,,1,28.61413841,77.20987511,13.4458256,,
6.45,5.773156751,-4.186072646,7.193200744,0.06609953164,-0.09287073786,0.125199381,0,,,,,,,,1,28.61413881,77.20987641,13.42885424,,
6.46,5.815788815,-4.241103978,7.105168222,0.06912975446,-0.09183103334,0.121258144,0,,,,,,,,1,28.61413922,77.20987771,13.41168706,,
6.47,5.740023381,-4.077302541,7.170354519,0.06580025531,-0.09281594589,0.1205491067,0,,,,,,,,1,28.61413962,77.209879,13.39432884,,
6.48,5.768779511,-4.13010533,7.157922824,0.0595252675,-0.1010472815,0.1258081425,0,,,,,,,,1,28.61414003,77.20988029,13.37678424,,
6.49,5.781782263,-4.055969676,7.133743645,0.06696312801,-0.1009116771,0.1278457017,0,,,,,,,,1,28.61414043,77.20988158,13.35905779,,
6.5,5.969845401,-4.082254486,7.217387463,0.07131360449,-0.09979142529,0.1328288603,0,,,,,,,,1,28.61414084,77.20988287,13.34115394,,
6.51,5.885605663,-4.197952198,7.191088385,0.07030360871,-0.09717403792,0.1336860752,0,,,,,,,,1,28.61414125,77.20988415,13.32307702,,
6.52,5.896465544,-4.157588265,7.269867979,0.07076906474,-0.1036374124,0.1394109789,0,,,,,,,,1,28.61414166,77.20988544,13.30483124,,
6.53,5.908328522,-4.061816007,7.183938016,0.06715347414,-0.1034558173,0.1339122824,0,,,,,,,,1,28.61414208,77.20988672,13.28642072,,
6.54,5.98823008,-4.103322313,7.201886507,0.07264989381,-0.1041219717,0.1326288992,0,,,,,,,,1,28.61414249,77.20988799,13.26784948,,
6.55,5.95470074,-4.049611224,7.223438321,0.07429229164,-0.1042674946,0.1357089363,0,,,,,,,,1,28.61414291,77.20988927,13.24912145,,
6.56,5.945826372,-4.003956283,7.238960212,0.07690609204,-0.1040015677,0.1410679986,0,,,,,,,,1,28.61414332,77.20989054,13.23024044,,
6.57,5.955780495,-3.97682567,7.15698869,0.07759307522,-0.1089528059,0.1387150002,0,,,,,,,,1,28.61414374,77.20989181,13.21121018,,
6.58,5.974782892,-4.040787196,7.193435969,0.07801548041,-0.1099389833,0.1420562656,0,,,,,,,,1,28.61414416,77.20989307,13.19203432,,
6.59,6.077622366,-4.038172365,7.244145766,0.073731478,-0.1070278953,0.1375336641,0,,,,,,,,1,28.61414458,77.20989434,13.17271641,,
6.6,6.097880843,-4.010488716,7.23187046,0.07735202938,-0.1134701112,0.1408625825,0,,,,,,,,1,28.614145,77.2098956,13.15325991,,
6.61,6.056879101,-3.939808469,7.327056258,0.0751090322,-0.1074628086,0.1435012987,0,,,,,,,,1,28.61414543,77.20989686,13.13366821,,
6.62,6.136719322,-3.9884877,7.310067862,0.07941266409,-0.1099662015,0.1519623764,0,,,,,,,,1,28.61414585,77.20989811,13.11394459,,
6.63,6.20332153,-4.01089623,7.202717165,0.07755728077,-0.1138673165,0.1450590609,0,,,,,,,,1,28.61414628,77.20989936,13.09409229,,
6.64,6.137646485,-3.953003595,7.230715073,0.0780168307,-0.1132749251,0.1476244655,0,,,,,,,,1,28.6141467,77.20990061,13.07411443,,
6.65,6.143606039,-3.925182543,7.154922948,0.07573901568,-0.1164268411,0.1500133294,0,,,,,,,,1,28.61414713,77.20990186,13.05401407,,
6.66,6.141510386,-3.973209166,7.236874895,0.08329358143,-0.113451913,0.1479703792,0,,,,,,,,1,28.61414756,77.20990311,13.03379422,,
6.67,6.143238889,-3.939100562,7.222909249,0.08482868478,-0.1128523863,0.1511624214,0,,,,,,,,1,28.614148,77.20990435,13.01345777,,
6.68,6.25641189,-3.885928071,7.247955241,0.08208620086,-0.1128681385,0.1480126687,0,,,,,,,,1,28.61414843,77.20990559,12.99300759,,
6.69,6.268451985,-3.969505401,7.201927877,0.08616231005,-0.1159109998,0.1547727733,0,,,,,,,,1,28.61414886,77.20990682,12.97244642,,
6.7,6.312523277,-3.878068331,7.329070025,0.08171149849,-0.1183752462,0.1571871725,0,,,,,,,,1,28.6141493,77.20990805,12.951777,,
6.71,6.292382799,-3.946839067,7.028710427,0.07966812026,-0.1115340838,0.1538248326,0,,,,,,,,1,28.61414974,77.20990928,12.93100195,,
6.72,6.235985193,-3.739893535,7.231167959,0.08209960126,-0.1207715017,0.1586386635,0,,,,,,,,1,28.61415018,77.20991051,12.91012385,,
6.73,6.301954605,-3.898277659,7.183349033,0.08586332156,-0.1196496884,0.1567450467,0,,,,,,,,1,28.61415062,77.20991173,12.88914522,,
6.74,6.351332438,-3.752687623,7.225388253,0.085492374,-0.1222405829,0.1566134959,0,,,,,,,,1,28.61415106,77.20991295,12.86806851,,
6.75,6.357050478,-3.841328537,7.113765066,0.08186932149,-0.1150175864,0.1636357678,0,,,,,,,,1,28.6141515,77.20991417,12.84689611,,
6.76,6.189416136,-3.846976853,7.281947816,0.08112204447,-0.1211532689,0.154732908,0,,,,,,,,1,28.61415195,77.20991539,12.82563035,,
6.77,6.279013094,-3.909351912,7.225753854,0.08136772833,-0.1190502087,0.1567070628,0,,,,,,,,1,28.61415239,77.2099166,12.80427351,,
6.78,6.307642459,-3.842419842,7.213541712,0.08132121366,-0.1211323268,0.1577993711,0,,,,,,,,1,28.61415284,77.20991781,12.78282782,,
6.79,6.320315513,-3.796650861,7.221437415,0.08227047591,-0.1231318117,0.1653652517,0,,,,,,,,1,28.61415329,77.20991901,12.76129543,,
6.8,6.350093818,-3.793089759,7.266567654,0.08529759554,-0.1248575729,0.1616763964,0,,,,,,,,1,28.61415374,77.20992022,12.73967847,,
6.81,6.364232809,-3.801392396,7.271411913,0.08353115692,-0.1244188462,0.1617019125,0,,,,,,,,1,28.61415419,77.20992141,12.71797899,,
6.82,6.312902313,-3.800326159,7.22234178,0.08415715765,-0.1276971988,0.1661984249,0,,,,,,,,1,28.61415464,77.20992261,12.69619902,,
6.83,6.354823669,-3.765005489,7.220269766,0.0851761347,-0.1305126052,0.1696026232,0,,,,,,,,1,28.6141551,77.2099238,12.67434051,,
6.84,6.436783062,-3.762365375,7.168862468,0.08953522432,-0.1334770127,0.1620152248,0,,,,,,,,1,28.61415555,77.20992499,12.65240537,,
6.85,6.342312072,-3.667371128,7.262557812,0.08760444112,-0.1252869343,0.1620024795,0,,,,,,,,1,28.61415601,77.20992618,12.63039548,,
6.86,6.343008453,-3.720397764,7.184194897,0.08353774771,-0.1299945463,0.169083104,0,,,,,,,,1,28.61415647,77.20992736,12.60831267,,
6.87,6.325583365,-3.822210387,7.242344572,0.09506646783,-0.1301125159,0.1696218265,0,,,,,,,,1,28.61415693,77.20992854,12.5861587,,
6.88,6.45691233,-3.701684391,7.215793918,0.08794889958,-0.125931517,0.1648487503,0,,,,,,,,1,28.61415739,77.20992972,12.56393532,,
6.89,6.382508067,-3.757604197,7.224258598,0.08766387771,-0.1315282377,0.1690498586,0,,,,,,,,1,28.61415786,77.2099309,12.54164421,,
6.9,6.379338815,-3.732988899,7.182039374,0.08781675315,-0.1302898846,0.1642568376,0,,,,,,,,1,28.61415832,77.20993207,12.51928704,,
6.91,6.502802131,-3.689251042,7.192848556,0.0899672927,-0.1355000988,0.1743631321,0,,,,,,,,1,28.61415879,77.20993323,12.4968654,,
6.92,6.368940533,-3.740184082,7.192443528,0.08681175511,-0.1268898145,0.169351191,0,,,,,,,,1,28.61415925,77.2099344,12.47438088,,
6.93,6.466465355,-3.694437877,7.150690099,0.09398485265,-0.1359853575,0.1668848513,0,,,,,,,,1,28.61415972,77.20993556,12.451835,,
6.94,6.422711972,-3.67107378,7.170318991,0.09488879226,-0.1303351231,0.1706310621,0,,,,,,,,1,28.61416019,77.20993672,12.42922927,,
6.95,6.415305916,-3.745370947,7.171602785,0.09042709096,-0.1360407114,0.1734272105,0,,,,,,,,1,28.61416067,77.20993787,12.40656514,,
6.96,6.37143287,-3.658119308,7.261508973,0.08453394087,-0.1318788062,0.1764247282,0,,,,,,,,1,28.61416114,77.20993902,12.38384404,,
6.97,6.436466078,-3.635270646,7.232479924,0.08734985971,-0.1320528044,0.1681043465,0,,,,,,,,1,28.61416161,77.20994017,12.36106736,,
6.98,6.518773014,-3.713121664,7.23542411,0.09389322071,-0.136027084,0.1696087649,0,,,,,,,,1,28.61416209,77.20994131,12.33823645,,
6.99,6.432116286,-3.75294924,7.278225238,0.08648739821,-0.1365476756,0.1696534163,0,,,,,,,,1,28.61416257,77.20994246,12.31535263,,
7,6.587305407,-3.733982897,7.185226961,0.08628983977,-0.132438153,0.1732626703,0,,,,,,,,0,28.61416304,77.20994359,12.2924172,,
7.01,6.466395778,-3.633300036,7.253437621,0.09436823661,-0.1325107717,0.1741808577,0,,,,,,,,0,28.61416352,77.20994473,12.26943142,,
7.02,6.347003224,-3.712496488,7.19810188,0.09584498631,-0.1350447562,0.1770503367,0,,,,,,,,0,28.61416401,77.20994586,12.2463965,,
7.03,6.467179475,-3.686694967,7.211221156,0.09292872012,-0.1391397748,0.1826379464,0,,,,,,,,0,28.61416449,77.20994699,12.22331366,,
7.04,6.496775796,-3.663132485,7.292609198,0.09533714386,-0.1361893778,0.1776111392,0,,,,,,,,0,28.61416497,77.20994811,12.20018406,,
7.05,6.428411109,-3.67243476,7.253647063,0.09300211723,-0.138487005,0.1770294233,0,,,,,,,,0,28.61416546,77.20994923,12.17700884,,
7.06,6.516869158,-3.717252479,7.3134818,0.09270436376,-0.1337190242,0.1761586739,0,,,,,,,,0,28.61416594,77.20995035,12.15378911,,
7.07,6.449425195,-3.623913906,7.297304946,0.09334828364,-0.1295879675,0.1803122175,0,,,,,,,,0,28.61416643,77.20995146,12.13052596,,
7.08,6.574143885,-3.736794519,7.19901513,0.09001960903,-0.1373612133,0.1737166864,0,,,,,,,,0,28.61416692,77.20995257,12.10722045,,
7.09,6.45139544,-3.626981139,7.316186418,0.08892960575,-0.1436657659,0.1760451403,0,,,,,,,,0,28.61416741,77.20995368,12.08387361,,
7.1,6.489735224,-3.619016656,7.255446566,0.09471536456,-0.1456198878,0.1875855742,0,,,,,,,,0,28.6141679,77.20995479,12.06048645,,
7.11,6.474495442,-3.686257912,7.220971807,0.08938876893,-0.1413766395,0.1804610651,0,,,,,,,,0,28.6141684,77.20995589,12.03705995,,
7.12,6.458749534,-3.644947907,7.257196564,0.09094714607,-0.1418495183,0.1786843829,0,,,,,,,,0,28.61416889,77.20995698,12.01359507,,
7.13,6.507724708,-3.682274661,7.198305751,0.09611846534,-0.1394883738,0.1797769546,0,,,,,,,,0,28.61416939,77.20995808,11.99009276,,
7.14,6.489383224,-3.66889456,7.273763984,0.09340914974,-0.1390791251,0.1794962951,0,,,,,,,,0,28.61416988,77.20995917,11.96655391,,
7.15,6.507254967,-3.535959136,7.236099823,0.09250557686,-0.1448429302,0.1754952155,0,,,,,,,,0,28.61417038,77.20996025,11.94297942,,
7.16,6.618159203,-3.657284699,7.270458269,0.09743882026,-0.1391840548,0.1841354534,0,,,,,,,,0,28.61417088,77.20996134,11.91937017,,
7.17,6.588052037,-3.647930568,7.200473756,0.09328440373,-0.1415104434,0.1799525914,0,,,,,,,,0,28.61417138,77.20996242,11.89572699,,
7.18,6.485681838,-3.607515409,7.287994747,0.09377078589,-0.1370330458,0.1843584688,0,,,,,,,,0,28.61417188,77.20996349,11.87205072,,
7.19,6.565455129,-3.556188676,7.23054983,0.09355824277,-0.1432321622,0.1852615978,0,,,,,,,,0,28.61417239,77.20996457,11.84834217,,
7.2,6.536555093,-3.650236539,7.241105107,0.09645121254,-0.1383364892,0.1784547173,0,,,,,,,,0,28.61417289,77.20996564,11.82460212,,
7.21,6.529489708,-3.451508883,7.306102828,0.09199421605,-0.1422419373,0.1849782326,0,,,,,,,,0,28.6141734,77.2099667,11.80083133,,
7.22,6.486302616,-3.567445249,7.237457455,0.09692434312,-0.1491925431,0.182904003,0,,,,,,,,0,28.6141739,77.20996776,11.77703057,,
7.23,6.527819717,-3.700829764,7.268684199,0.09408521016,-0.1394957069,0.1820443787,0,,,,,,,,0,28.61417441,77.20996882,11.75320056,,
7.24,6.523678446,-3.68638241,7.252670525,0.1006246777,-0.1400681138,0.1783985114,0,,,,,,,,0,28.61417492,77.20996988,11.72934201,,
7.25,6.508422609,-3.647002919,7.329950037,0.09544233689,-0.1360826496,0.1895132259,0,,,,,,,,0,28.61417543,77.20997093,11.70545562,,
7.26,6.525487614,-3.632230388,7.279467998,0.09484086511,-0.1438416026,0.1768412926,0,,,,,,,,0,28.61417594,77.20997198,11.68154206,,
7.27,6.531692447,-3.600207195,7.244129574,0.09744218388,-0.1444440182,0.1808859387,0,,,,,,,,0,28.61417645,77.20997302,11.65760201,,
7.28,6.562289501,-3.536772076,7.421544791,0.09964770906,-0.1410881058,0.1836509555,0,,,,,,,,0,28.61417697,77.20997406,11.63363611,,
7.29,6.486854476,-3.475096563,7.27534675,0.09590939872,-0.1481200167,0.1851437608,0,,,,,,,,0,28.61417748,77.2099751,11.60964499,,
7.3,6.476589331,-3.629284245,7.293735909,0.1044845146,-0.1413193343,0.1886861959,0,,,,,,,,0,28.614178,77.20997613,11.58562925,,
7.31,6.50872817,-3.597067125,7.285279398,0.1001958545,-0.1456763838,0.1813723355,0,,,,,,,,0,28.61417852,77.20997716,11.56158952,,
7.32,6.546099423,-3.598710211,7.257871828,0.09726246589,-0.145956155,0.1886632682,0,,,,,,,,0,28.61417903,77.20997819,11.53752636,,
7.33,6.501489823,-3.660430822,7.35706071,0.09247422457,-0.1505230749,0.1854472057,0,,,,,,,,0,28.61417955,77.20997921,11.51344035,,
7.34,6.532495119,-3.669271329,7.238979695,0.09794021531,-0.1431491499,0.1870503306,0,,,,,,,,0,28.61418007,77.20998023,11.48933205,,
7.35,6.502853273,-3.621034141,7.204799345,0.09892360312,-0.1477449235,0.1874648255,0,,,,,,,,0,28.6141806,77.20998125,11.465202,,
7.36,6.49144392,-3.642269599,7.23906073,0.1032235035,-0.1516215202,0.1830803979,0,,,,,,,,0,28.61418112,77.20998226,11.44105073,,
7.37,6.426665977,-3.544079216,7.33181676,0.09596824348,-0.1433764747,0.1865752511,0,,,,,,,,0,28.61418164,77.20998327,11.41687876,,
7.38,6.562198436,-3.544188343,7.340989616,0.1039683395,-0.1457638053,0.1940646559,0,,,,,,,,0,28.61418217,77.20998428,11.3926866,,
7.39,6.528905991,-3.51604802,7.409086677,0.1017261054,-0.1451968399,0.1917279911,0,,,,,,,,0,28.61418269,77.20998528,11.36847473,,
7.4,6.472518856,-3.594818383,7.34486116,0.09830201045,-0.1463522347,0.1887540089,0,,,,,,,,0,28.61418322,77.20998628,11.34424364,,
7.41,6.543631634,-3.515524234,7.36652739,0.09804649117,-0.1460006823,0.1895360646,0,,,,,,,,0,28.61418375,77.20998727,11.31999379,,
7.42,6.513294416,-3.596509313,7.346665461,0.1014348722,-0.1476270144,0.1887617792,0,,,,,,,,0,28.61418428,77.20998826,11.29572565,,
7.43,6.57968734,-3.6674395,7.259479389,0.09814882443,-0.1467630922,0.1928130458,0,,,,,,,,0,28.61418481,77.20998925,11.27143966,,
7.44,6.53469773,-3.734271926,7.333907482,0.1050745683,-0.1474434779,0.1940408283,0,,,,,,,,0,28.61418534,77.20999023,11.24713625,,
7.45,6.429471661,-3.550170837,7.371851625,0.099020132,-0.1475892785,0.1973694845,0,,,,,,,,0,28.61418587,77.20999121,11.22281586,,
7.46,6.48687064,-3.571067165,7.280247763,0.1016507232,-0.141162475,0.1859991132,0,,,,,,,,0,28.6141864,77.20999219,11.19847888,,
7.47,6.555956817,-3.467008315,7.403818519,0.0941447629,-0.1511109744,0.1879762208,0,,,,,,,,0,28.61418693,77.20999316,11.17412574,,
7.48,6.449201916,-3.688119656,7.408253039,0.09819293724,-0.1493315817,0.1865805894,0,,,,,,,,0,28.61418747,77.20999413,11.14975682,,
7.49,6.429438799,-3.528529527,7.216527888,0.09829682074,-0.143841002,0.1932388402,0,,,,,,,,0,28.61418801,77.2099951,11.12537251,,
7.5,6.40021624,-3.571928744,7.301954648,0.1054140463,-0.1491479774,0.1849731373,0,,,,,,,,0,28.61418854,77.20999606,11.10097318,,
7.51,6.511635607,-3.608975708,7.321811515,0.09921574504,-0.150213889,0.1901799727,0,,,,,,,,0,28.61418908,77.20999702,11.0765592,,
7.52,6.579824855,-3.608035422,7.339303398,0.1034354659,-0.1475061634,0.1849068446,0,,,,,,,,0,28.61418962,77.20999797,11.05213093,,
7.53,6.480498418,-3.555439207,7.308725333,0.09764428174,-0.1516027118,0.1902686943,0,,,,,,,,0,28.61419016,77.20999892,11.02768871,,
7.54,6.530723822,-3.551460982,7.361544616,0.1034493308,-0.1475786159,0.1915662155,0,,,,,,,,0,28.6141907,77.20999987,11.00323289,,
7.55,6.520071791,-3.599734788,7.393277408,0.1038788374,-0.1508083351,0.1925758548,0,,,,,,,,0,28.61419124,77.21000081,10.97876379,,
7.56,6.441124161,-3.66102234,7.391950806,0.1011357949,-0.1485312909,0.190626629,0,,,,,,,,0,28.61419178,77.21000175,10.95428175,,
7.57,6.483126199,-3.641521965,7.330203112,0.1011492996,-0.1489064146,0.1864411654,0,,,,,,,,0,28.61419232,77.21000269,10.92978707,,
7.58,6.443178206,-3.541572389,7.370496024,0.1054847394,-0.1476028106,0.1905290211,0,,,,,,,,0,28.61419287,77.21000362,10.90528007,,
7.59,6.511330876,-3.504772419,7.452296123,0.1049432084,-0.1453421667,0.189084594,0,,,,,,,,0,28.61419341,77.21000455,10.88076104,,
7.6,6.452227013,-3.533186616,7.368878637,0.1064346893,-0.147078364,0.1914642426,0,,,,,,,,0,28.61419396,77.21000548,10.85623029,,
7.61,6.431436053,-3.562779935,7.375537428,0.1012790328,-0.1478048891,0.1931777862,0,,,,,,,,0,28.6141945,77.2100064,10.83168808,,
7.62,6.493134386,-3.580459019,7.395592037,0.09988207654,-0.1473524236,0.1947555974,0,,,,,,,,0,28.61419505,77.21000732,10.80713472,,
7.63,6.41888122,-3.570070034,7.330946067,0.1048259359,-0.1535346828,0.1895520459,0,,,,,,,,0,28.6141956,77.21000823,10.78257045,,
7.64,6.346124153,-3.572587564,7.400899444,0.1008673587,-0.1451350785,0.1895081375,0,,,,,,,,0,28.61419614,77.21000914,10.75799556,,
7.65,6.477328999,-3.637469041,7.417925953,0.1029366449,-0.1493995153,0.1911283319,0,,,,,,,,0,28.61419669,77.21001005,10.73341031,,
7.66,6.356425563,-3.550454156,7.31172704,0.101719692,-0.1472828163,0.1900779257,0,,,,,,,,0,28.61419724,77.21001096,10.70881493,,
7.67,6.332581743,-3.621632637,7.403885288,0.1031229009,-0.1500364043,0.1950942466,0,,,,,,,,0,28.61419779,77.21001186,10.68420969,,
7.68,6.321106798,-3.651932384,7.364369163,0.09848895689,-0.1539033502,0.1956447205,0,,,,,,,,0,28.61419835,77.21001275,10.65959482,,
7.69,6.283792803,-3.568109187,7.400329585,0.1042176646,-0.1475359967,0.1917660298,0,,,,,,,,0,28.6141989,77.21001364,10.63497056,,
7.7,6.425295372,-3.55497369,7.346531926,0.1016577988,-0.1535443195,0.1925756765,0,,,,,,,,0,28.61419945,77.21001453,10.61033713,,
7.71,6.451239139,-3.635076563,7.334911347,0.0997031634,-0.1510943543,0.1905773309,0,,,,,,,,0,28.6142,77.21001542,10.58569476,,
7.72,6.426446911,-3.570578205,7.444864402,0.09749126737,-0.1462475751,0.1929772004,0,,,,,,,,0,28.61420056,77.2100163,10.56104367,,
7.73,6.371257871,-3.549821377,7.38076674,0.1028234172,-0.1512538734,0.1942392379,0,,,,,,,,0,28.61420111,77.21001718,10.53638407,,
7.74,6.394681295,-3.664034025,7.396346372,0.1004028227,-0.1482088261,0.1955637952,0,,,,,,,,0,28.61420167,77.21001805,10.51171616,,
7.75,6.278221813,-3.630369875,7.390573242,0.1037862078,-0.1553962919,0.1924084379,0,,,,,,,,0,28.61420222,77.21001892,10.48704016,,
7.76,6.356349671,-3.571177796,7.398117407,0.09884216047,-0.1501628466,0.1915301982,0,,,,,,,,0,28.61420278,77.21001979,10.46235625,,
7.77,6.328040342,-3.573172361,7.423303908,0.1048820137,-0.1511525079,0.191624902,0,,,,,,,,0,28.61420334,77.21002066,10.43766464,,
7.78,6.343739114,-3.64208974,7.432795317,0.1063421242,-0.1581944001,0.1934264482,0,,,,,,,,0,28.6142039,77.21002152,10.4129655,,
7.79,6.366131981,-3.584102586,7.395607739,0.1013252899,-0.1520949686,0.2002561604,0,,,,,,,,0,28.61420445,77.21002237,10.38825902,,
7.8,6.45151618,-3.461967939,7.370594507,0.101466792,-0.1543380087,0.1943916258,0,,,,,,,,0,28.61420501,77.21002322,10.36354539,,
7.81,6.47846004,-3.639635091,7.416275573,0.1034235035,-0.1530275024,0.1946426534,0,,,,,,,,0,28.61420557,77.21002407,10.33882477,,
7.82,6.350929923,-3.571921197,7.352804328,0.1008053003,-0.1494880521,0.1935834783,0,,,,,,,,0,28.61420613,77.21002492,10.31409734,,
7.83,6.395368459,-3.612545405,7.400566708,0.1035302571,-0.148519504,0.1901422658,0,,,,,,,,0,28.61420669,77.21002576,10.28936325,,
7.84,6.379945485,-3.55190926,7.453934885,0.1047539969,-0.1525497027,0.196959789,0,,,,,,,,0,28.61420725,77.2100266,10.26462269,,
7.85,6.393711323,-3.556616156,7.436665733,0.09998010214,-0.1508416319,0.19335465,0,,,,,,,,0,28.61420782,77.21002743,10.23987579,,
7.86,6.370570065,-3.510118317,7.390919679,0.1070043307,-0.1531951012,0.1952252961,0,,,,,,,,0,28.61420838,77.21002826,10.21512272,,
7.87,6.319623359,-3.566967148,7.371426146,0.09855385869,-0.1575783177,0.1994326785,0,,,,,,,,0,28.61420894,77.21002909,10.19036363,,
7.88,6.344173957,-3.610891787,7.355079288,0.1005412101,-0.1508182881,0.1967582757,0,,,,,,,,0,28.6142095,77.21002991,10.16559867,,
7.89,6.35423021,-3.560400181,7.357590922,0.1050839074,-0.1503343227,0.1895636313,0,,,,,,,,0,28.61421007,77.21003073,10.14082797,,
7.9,6.287238186,-3.614368953,7.501138213,0.103721948,-0.1527738629,0.2003564369,0,,,,,,,,0,28.61421063,77.21003155,10.11605168,,
7.91,6.320855339,-3.569359864,7.39819113,0.1041130431,-0.1498670449,0.1975643794,0,,,,,,,,0,28.6142112,77.21003236,10.09126993,,
7.92,6.312991195,-3.515973871,7.446839801,0.1041618663,-0.1552702918,0.1925412664,0,,,,,,,,0,28.61421176,77.21003317,10.06648286,,
7.93,6.319877283,-3.549168892,7.482983972,0.1094013243,-0.1517392234,0.1921734451,0,,,,,,,,0,28.61421233,77.21003398,10.04169059,,
7.94,6.357424794,-3.489500247,7.367797758,0.09400522213,-0.1517386124,0.1926340569,0,,,,,,,,0,28.61421289,77.21003478,10.01689326,,
7.95,6.327883782,-3.572749802,7.478009121,0.1062411063,-0.1490866433,0.1948148976,0,,,,,,,,0,28.61421346,77.21003558,9.992090985,,
7.96,6.280529395,-3.531599839,7.493809522,0.1095890432,-0.1544323625,0.1971190632,0,,,,,,,,0,28.61421403,77.21003637,9.967283888,,
7.97,6.255923011,-3.554449502,7.402815541,0.1033852959,-0.1585751245,0.1948601824,0,,,,,,,,0,28.61421459,77.21003716,9.942472086,,
7.98,6.310523731,-3.646096896,7.391740076,0.1041541752,-0.1518976336,0.1951122929,0,,,,,,,,0,28.61421516,77.21003795,9.917655694,,
7.99,6.360705447,-3.527069702,7.451191944,0.1029512106,-0.1559336888,0.1970468312,0,,,,,,,,0,28.61421573,77.21003873,9.892834823,,
8,6.249136822,-3.603983926,7.413290249,0.1001303427,-0.1513339929,0.1959895558,0,,,,,,,,0,28.6142163,77.21003951,9.868009583,,
8.01,6.25332602,-3.586878174,7.448879139,0.1072427394,-0.1555197699,0.19467855,0,,,,,,,,0,28.61421687,77.21004029,9.843180081,,
8.02,6.27223996,-3.551607817,7.418881715,0.1038443483,-0.1493820272,0.1964240981,0,,,,,,,,0,28.61421743,77.21004106,9.818346421,,
8.03,6.340178723,-3.591223717,7.433213124,0.1006091054,-0.1545248899,0.1961492323,0,,,,,,,,0,28.614218,77.21004183,9.793508703,,
8.04,6.268021202,-3.495082882,7.44473429,0.1069510161,-0.153435712,0.1997286275,0,,,,,,,,0,28.61421857,77.2100426,9.768667028,,
8.05,6.254147472,-3.60246401,7.574935833,0.1014887745,-0.1497231023,0.1974858017,0,,,,,,,,0,28.61421914,77.21004336,9.74382149,,
8.06,6.255187742,-3.62731711,7.4961656,0.09947199166,-0.1554730002,0.1992619211,0,,,,,,,,0,28.61421971,77.21004412,9.718972186,,
8.07,6.264113464,-3.55021882,7.466361098,0.1036344873,-0.1536397077,0.1974219973,0,,,,,,,,0,28.61422028,77.21004487,9.694119206,,
8.08,6.239558555,-3.578142361,7.442526551,0.1043078455,-0.1535647012,0.186958,0,,,,,,,,0,28.61422085,77.21004562,9.66926264,,
8.09,6.155435712,-3.543814577,7.445984568,0.1057018264,-0.1490796064,0.1947409909,0,,,,,,,,0,28.61422142,77.21004637,9.644402575,,
8.1,6.281603211,-3.519942562,7.463296883,0.1027466361,-0.1467896041,0.1938336289,0,,,,,,,,0,28.61422199,77.21004711,9.619539098,,
8.11,6.186347211,-3.698453051,7.491906814,0.1015435097,-0.1558711065,0.2000581673,0,,,,,,,,0,28.61422257,77.21004785,9.59467229,,
8.12,6.226034448,-3.565586681,7.436821422,0.1012712644,-0.1492639519,0.1994092114,0,,,,,,,,0,28.61422314,77.21004859,9.569802235,,
8.13,6.16505755,-3.500786526,7.421854401,0.1012899243,-0.1493898111,0.1951987263,0,,,,,,,,0,28.61422371,77.21004932,9.544929009,,
8.14,6.253637919,-3.558597331,7.430291886,0.1054886368,-0.1553671069,0.1960987484,0,,,,,,,,0,28.61422428,77.21005005,9.520052692,,
8.15,6.308832351,-3.616753332,7.468554703,0.105442493,-0.1487191939,0.1994166639,0,,,,,,,,0,28.61422485,77.21005078,9.495173358,,
8.16,6.175173026,-3.563212484,7.441469738,0.1022032068,-0.1455455722,0.1973916311,0,,,,,,,,0,28.61422542,77.2100515,9.470291081,,
8.17,6.225841957,-3.577553024,7.432012135,0.1016688724,-0.154639439,0.1978330918,0,,,,,,,,0,28.614226,77.21005222,9.445405933,,
8.18,6.223087967,-3.602062853,7.585378391,0.1032622124,-0.1563351959,0.1967707803,0,,,,,,,,0,28.61422657,77.21005294,9.420517983,,
8.19,6.130076375,-3.544657234,7.520474787,0.105294704,-0.1542582382,0.2007224636,0,,,,,,,,0,28.61422714,77.21005365,9.395627301,,
8.2,6.24208845,-3.488138155,7.432464057,0.1025027093,-0.1504432445,0.1977571024,0,,,,,,,,0,28.61422771,77.21005436,9.370733952,,
8.21,6.114812929,-3.618921794,7.486261865,0.1000665922,-0.155573215,0.1967614188,0,,,,,,,,0,28.61422828,77.21005506,9.345838002,,
8.22,6.305973626,-3.599299263,7.549751274,0.1029824964,-0.1495917104,0.1888841139,0,,,,,,,,0,28.61422886,77.21005576,9.320939514,,
8.23,6.15996236,-3.608717692,7.52604951,0.1012300863,-0.1517327023,0.1974649284,0,,,,,,,,0,28.61422943,77.21005646,9.29603855,,
8.24,6.075860175,-3.621402765,7.497914535,0.1039338724,-0.1525391664,0.1983100428,0,,,,,,,,0,28.61423,77.21005715,9.271135171,,
8.25,6.150644854,-3.512672402,7.491771434,0.1080128035,-0.1522168173,0.2003393835,0,,,,,,,,0,28.61423057,77.21005784,9.246229435,,
8.26,6.150835506,-3.531251101,7.562501427,0.1065756534,-0.1528153472,0.1994917986,0,,,,,,,,0,28.61423115,77.21005853,9.2213214,,
8.27,6.161638885,-3.603157506,7.563804822,0.1026805772,-0.1547006689,0.1992576759,0,,,,,,,,0,28.61423172,77.21005921,9.196411122,,
8.28,6.183573494,-3.611218663,7.511143175,0.1006582065,-0.1550084443,0.1961749207,0,,,,,,,,0,28.61423229,77.21005989,9.171498656,,
8.29,6.176276063,-3.544887339,7.533653429,0.1059769361,-0.1550007269,0.1935699482,0,,,,,,,,0,28.61423287,77.21006057,9.146584054,,
8.3,6.056876927,-3.527937357,7.533388686,0.1011595753,-0.1524609242,0.1977322605,0,,,,,,,,0,28.61423344,77.21006124,9.12166737,,
8.31,6.102692081,-3.609795371,7.481564085,0.09931639552,-0.1582341767,0.199063596,0,,,,,,,,0,28.61423401,77.21006191,9.096748654,,
8.32,6.134409574,-3.583888659,7.559276887,0.09872692113,-0.1538357317,0.2050413513,0,,,,,,,,0,28.61423458,77.21006258,9.071827955,,
8.33,6.01404308,-3.520704393,7.528500895,0.09733260852,-0.1548797847,0.1895853741,0,,,,,,,,0,28.61423516,77.21006324,9.046905322,,
8.34,6.091298725,-3.519657759,7.601602027,0.1018229015,-0.1527933468,0.2002685051,0,,,,,,,,0,28.61423573,77.2100639,9.021980802,,
8.35,6.040183268,-3.686881377,7.46113847,0.1017833738,-0.1618800194,0.1961568646,0,,,,,,,,0,28.6142363,77.21006455,8.997054441,,
8.36,6.056095646,-3.665093241,7.462391021,0.1043864417,-0.1540151049,0.1988829923,0,,,,,,,,0,28.61423687,77.2100652,8.97273604,,
8.37,6.056157262,-3.748612914,7.44270451,0.111339019,-0.1533607355,0.1932792927,0,,,,,,,,0,28.61423744,77.21006585,8.94901077,,
8.38,6.054503191,-3.766669202,7.395684431,0.1005198763,-0.1524783741,0.1983833696,0,,,,,,,,0,28.61423802,77.2100665,8.925864166,,
8.39,5.985332187,-3.699957549,7.454662291,0.101897614,-0.1509353974,0.2020314142,0,,,,,,,,0,28.61423859,77.21006714,8.903282113,,
8.4,5.975899868,-3.78479393,7.290471724,0.1005656733,-0.1568042707,0.2006548385,0,,,,,,,,0,28.61423916,77.21006778,8.881250842,,
8.41,6.025691951,-3.929242823,7.316243187,0.1024988029,-0.1504256246,0.1980188688,0,,,,,,,,0,28.61423973,77.21006841,8.859756919,,
8.42,6.042901256,-3.951600784,7.322646634,0.1049102436,-0.151062328,0.2011423357,0,,,,,,,,0,28.61424031,77.21006904,8.838787238,,
8.43,5.890184796,-3.948511811,7.315197889,0.105693857,-0.1555799193,0.1979629025,0,,,,,,,,0,28.61424088,77.21006967,8.818329013,,
8.44,6.080509067,-3.988784647,7.206464262,0.1029628029,-0.1560737975,0.1995696918,0,,,,,,,,0,28.61424145,77.2100703,8.798369769,,
8.45,5.93636276,-4.089867904,7.159394042,0.1001056501,-0.1548685884,0.1982497127,0,,,,,,,,0,28.61424202,77.21007092,8.778897336,,
8.46,5.966485709,-4.174707704,7.146943122,0.1036152076,-0.1515073267,0.2019051182,0,,,,,,,,0,28.6142426,77.21007154,8.75989984,,
8.47,5.944180385,-4.17095678,7.169927828,0.1048719063,-0.1513434425,0.1975227277,0,,,,,,,,0,28.61424317,77.21007215,8.741365697,,
8.48,5.891095765,-4.159488087,7.178659892,0.09886900658,-0.1545883034,0.1932556276,0,,,,,,,,0,28.61424374,77.21007277,8.723283607,,
8.49,5.905300365,-4.290454758,7.117066415,0.1036635049,-0.1538663544,0.1965700184,0,,,,,,,,0,28.61424431,77.21007338,8.705642543,,
8.5,5.849017146,-4.273550316,7.112930526,0.1049921753,-0.1533391079,0.2041014264,0,,,,,,,,0,28.61424489,77.21007398,8.68843175,,
8.51,5.865928388,-4.259720315,7.072642579,0.1066881406,-0.1552725764,0.1998956969,0,,,,,,,,0,28.61424546,77.21007459,8.671640731,,
8.52,5.820856746,-4.246619685,7.079694321,0.1013570293,-0.1615652686,0.1963375329,0,,,,,,,,0,28.61424604,77.21007519,8.65525925,,
8.53,5.868361285,-4.427787183,6.965017451,0.1073998063,-0.1547758098,0.1928977836,0,,,,,,,,0,28.61424661,77.21007579,8.639277317,,
8.54,5.832911453,-4.396036092,7.072624798,0.1080839632,-0.1547983675,0.1940207377,0,,,,,,,,0,28.61424718,77.21007638,8.623685187,,
8.55,5.882416992,-4.380072937,7.007378047,0.1054723476,-0.1535241627,0.2012444694,0,,,,,,,,0,28.61424776,77.21007698,8.608473354,,
8.56,5.788603118,-4.414092542,6.969966874,0.1091071952,-0.152589267,0.1995448776,0,,,,,,,,0,28.61424833,77.21007757,8.59363254,,
8.57,5.792791852,-4.414882422,7.020995078,0.1014994611,-0.1529141326,0.1973567068,0,,,,,,,,0,28.61424891,77.21007815,8.579153698,,
8.58,5.839238114,-4.476266611,6.971211998,0.1042063395,-0.1527220239,0.1946724602,0,,,,,,,,0,28.61424949,77.21007874,8.565027998,,
8.59,5.766657596,-4.445138188,6.85008202,0.1022566564,-0.1518597491,0.1969567041,0,,,,,,,,0,28.61425006,77.21007932,8.551246827,,
8.6,5.758352596,-4.544617596,6.925340229,0.1003913308,-0.1521989871,0.1992334626,0,,,,,,,,0,28.61425064,77.2100799,8.537801782,,
8.61,5.667786675,-4.554683526,6.814679617,0.1043388958,-0.1479168118,0.1996910778,0,,,,,,,,0,28.61425122,77.21008048,8.524684666,,
8.62,5.727069983,-4.613407167,6.880087824,0.101383706,-0.1541136682,0.1979677116,0,,,,,,,,0,28.61425179,77.21008105,8.511887479,,
8.63,5.712481569,-4.675204353,6.858272457,0.1064212465,-0.1511363497,0.19941975,0,,,,,,,,0,28.61425237,77.21008162,8.499402418,,
8.64,5.782937897,-4.626399322,6.85492272,0.1058660986,-0.1541672346,0.1987865853,0,,,,,,,,0,28.61425295,77.21008219,8.487221872,,
8.65,5.762300639,-4.649384206,6.787253254,0.1025459613,-0.156208154,0.1972826605,0,,,,,,,,0,28.61425353,77.21008276,8.475338411,,
8.66,5.759369166,-4.629281839,6.922417331,0.1043118051,-0.1559332451,0.2014872932,0,,,,,,,,0,28.61425411,77.21008332,8.463744792,,
8.67,5.618702931,-4.560737131,6.864321482,0.1016251987,-0.154321629,0.1933133262,0,,,,,,,,0,28.61425469,77.21008389,8.452433943,,
8.68,5.697140811,-4.728247276,6.7982741,0.1074657049,-0.155247162,0.1953210647,0,,,,,,,,0,28.61425527,77.21008444,8.441398969,,
8.69,5.664288839,-4.669238684,6.781594007,0.1024557183,-0.1536201852,0.1963366446,0,,,,,,,,0,28.61425585,77.210085,8.43063314,,
8.7,5.640672827,-4.79223249,6.827066197,0.1026930583,-0.1535656172,0.2013921199,0,,,,,,,,0,28.61425643,77.21008556,8.420129893,,
8.71,5.687399692,-4.702903245,6.741116853,0.1034983491,-0.1524016231,0.2072243959,0,,,,,,,,0,28.61425701,77.21008611,8.409882822,,
8.72,5.676379336,-4.890572283,6.663162343,0.1079311891,-0.1570486742,0.2010579216,0,,,,,,,,0,28.6142576,77.21008666,8.39988568,,
8.73,5.627978019,-4.861255737,6.702137752,0.1010541674,-0.1544973776,0.1988325196,0,,,,,,,,0,28.61425818,77.2100872,8.390132371,,
8.74,5.64495615,-4.803885455,6.6401958,0.1029697799,-0.1562666244,0.2030943383,0,,,,,,,,0,28.61425876,77.21008775,8.380616947,,
8.75,5.648806763,-4.869188888,6.71712406,0.1059234233,-0.1491470155,0.1982379225,0,,,,,,,,0,28.61425935,77.21008829,8.371333607,,
8.76,5.655521343,-4.851882179,6.648337348,0.101596821,-0.1542418655,0.2020922383,0,,,,,,,,0,28.61425993,77.21008883,8.36227669,,
8.77,5.729816592,-4.87097527,6.688855305,0.1045314583,-0.153039628,0.2026634791,0,,,,,,,,0,28.61426052,77.21008937,8.353440673,,
8.78,5.650964568,-4.924096705,6.65028249,0.1026677813,-0.1532299676,0.194401999,0,,,,,,,,0,28.6142611,77.2100899,8.344820169,,
8.79,5.709342171,-4.89311768,6.717657394,0.1011783995,-0.1531146603,0.1939137892,0,,,,,,,,0,28.61426169,77.21009044,8.336409921,,
8.8,5.599569623,-4.94098023,6.759258461,0.1117158811,-0.1572606479,0.1959316168,0,,,,,,,,0,28.61426228,77.21009097,8.328204801,,
8.81,5.564323347,-4.932271368,6.66136191,0.1050577526,-0.1557659381,0.1995161387,0,,,,,,,,0,28.61426286,77.2100915,8.320199806,,
8.82,5.667928142,-4.955992762,6.658747129,0.1031990578,-0.1578411206,0.200933561,0,,,,,,,,0,28.61426345,77.21009202,8.312390054,,
8.83,5.729251965,-5.003073662,6.631078251,0.1067225265,-0.1533426823,0.1961299421,0,,,,,,,,0,28.61426404,77.21009255,8.304770785,,
8.84,5.664772287,-5.117428487,6.617397288,0.1045385413,-0.1561622092,0.2004611444,0,,,,,,,,0,28.61426463,77.21009307,8.297337351,,
8.85,5.648281286,-5.043630441,6.585916318,0.1062004339,-0.1543377037,0.1999176293,0,,,,,,,,0,28.61426522,77.21009359,8.29008522,,
8.86,5.690712992,-5.071378149,6.608319566,0.1088658469,-0.1523538026,0.1984467864,0,,,,,,,,0,28.61426581,77.21009411,8.283009971,,
8.87,5.622536053,-5.03029403,6.670590591,0.1060757766,-0.1525599854,0.1978650278,0,,,,,,,,0,28.61426641,77.21009462,8.276107289,,
8.88,5.664426281,-5.087720606,6.565825442,0.1045537287,-0.157126875,0.1973560633,0,,,,,,,,0,28.614267,77.21009513,8.269372965,,
8.89,5.647265048,-5.110439655,6.555633518,0.1084621571,-0.1533992206,0.198210179,0,,,,,,,,0,28.61426759,77.21009565,8.262802893,,
8.9,5.580933776,-5.106163456,6.501875295,0.1078438629,-0.1541682239,0.1961144042,0,,,,,,,,0,28.61426819,77.21009615,8.256393066,,
8.91,5.5574123,-5.119712643,6.480241357,0.09896869321,-0.1568174132,0.1968287498,0,,,,,,,,0,28.61426878,77.21009666,8.250139576,,
8.92,5.568298179,-5.134990529,6.574633464,0.1016633415,-0.1507503648,0.1962968306,0,,,,,,,,0,28.61426938,77.21009716,8.244038611,,
8.93,5.624145386,-5.074081116,6.67134119,0.1090499633,-0.1524932257,0.1966015406,0,,,,,,,,0,28.61426997,77.21009767,8.23808645,,
8.94,5.563011326,-5.175962976,6.555824062,0.1030079343,-0.1565451817,0.2001336616,0,,,,,,,,0,28.61427057,77.21009817,8.232279463,,
8.95,5.561537573,-5.18295401,6.530008353,0.1079134068,-0.1486450423,0.1967333009,0,,,,,,,,0,28.61427117,77.21009867,8.226614111,,
8.96,5.556922993,-5.213250766,6.45919815,0.1050589045,-0.1547238367,0.2008921711,0,,,,,,,,0,28.61427176,77.21009916,8.221086937,,
8.97,5.509399098,-5.215357571,6.555452545,0.1022717866,-0.1536096019,0.2011371063,0,,,,,,,,0,28.61427236,77.21009965,8.215694573,,
8.98,5.593924972,-5.154224616,6.470847176,0.1083968349,-0.153598978,0.2003653019,0,,,,,,,,0,28.61427296,77.21010015,8.21043373,,
8.99,5.510130898,-5.091681458,6.5296455,0.1046514059,-0.1601454359,0.2010936212,0,,,,,,,,0,28.61427356,77.21010064,8.2053012,,
9,5.542588565,-5.247167577,6.536885711,0.1034024959,-0.1530298159,0.2005954713,0,,,,,,,,0,28.61427416,77.21010112,8.200293853,,
9.01,5.544450794,-5.223671374,6.451032778,0.103428724,-0.1496647144,0.2029875503,0,,,,,,,,0,28.61427477,77.21010161,8.195408637,,
9.02,5.53677828,-5.243541469,6.520892106,0.1069221156,-0.1543478211,0.1965638922,0,,,,,,,,0,28.61427537,77.21010209,8.190642573,,
9.03,5.634611976,-5.165810763,6.308820002,0.1094239658,-0.1599347664,0.1952845971,0,,,,,,,,0,28.61427597,77.21010257,8.185992754,,
9.04,5.577146645,-5.19931735,6.424792465,0.1025039206,-0.1528125594,0.2005088931,0,,,,,,,,0,28.61427658,77.21010305,8.181456346,,
9.05,5.536446246,-5.283797087,6.399204598,0.101079726,-0.1545475669,0.197453943,0,,,,,,,,0,28.61427718,77.21010353,8.177030581,,
9.06,5.48108228,-5.319314229,6.398000731,0.09998077765,-0.1540317205,0.1997954645,0,,,,,,,,0,28.61427779,77.210104,8.172712762,,
9.07,5.622941235,-5.30033158,6.43739974,0.09745535806,-0.1587310292,0.2034342679,0,,,,,,,,0,28.61427839,77.21010448,8.168500256,,
9.08,5.531591283,-5.265449666,6.484978968,0.1041012911,-0.1528514509,0.190279777,0,,,,,,,,0,28.614279,77.21010495,8.164390493,,
9.09,5.493838872,-5.337470925,6.470908569,0.1017815731,-0.1548671224,0.2007371181,0,,,,,,,,0,28.61427961,77.21010542,8.160380969,,
9.1,5.613495512,-5.245954423,6.533678088,0.1053660631,-0.1576986265,0.2023008187,0,,,,,,,,0,28.61428022,77.21010588,8.156469238,,
9.11,5.525276967,-5.307216365,6.496093883,0.105425855,-0.1588783547,0.1981140582,0,,,,,,,,0,28.61428083,77.21010635,8.152652915,,
9.12,5.503337328,-5.305848298,6.379935387,0.1068971925,-0.1564010173,0.1990795564,0,,,,,,,,0,28.61428144,77.21010681,8.148929673,,
9.13,5.539822103,-5.256253385,6.348280992,0.1069891809,-0.153470745,0.1993958769,0,,,,,,,,0,28.61428205,77.21010727,8.145297242,,
9.14,5.476625137,-5.233052291,6.442106075,0.1068388275,-0.1517338946,0.2057085162,0,,,,,,,,0,28.61428266,77.21010773,8.141753407,,
9.15,5.487761349,-5.288821731,6.33472385,0.1019977053,-0.153425885,0.1916703551,0,,,,,,,,0,28.61428327,77.21010819,8.138296007,,
9.16,5.485631752,-5.342702805,6.393183646,0.1003003477,-0.1529420879,0.1971124224,0,,,,,,,,0,28.61428389,77.21010864,8.134922934,,
9.17,5.541880397,-5.36452174,6.362064087,0.1006292805,-0.1552702331,0.199340577,0,,,,,,,,0,28.6142845,77.21010909,8.13163213,,
9.18,5.54123059,-5.325777265,6.43514729,0.1055259809,-0.1575872479,0.1950593258,0,,,,,,,,0,28.61428512,77.21010955,8.128421591,,
9.19,5.52947551,-5.30532831,6.421645613,0.10863299,-0.1567114445,0.2015007737,0,,,,,,,,0,28.61428573,77.21010999,8.125289357,,
9.2,5.546888097,-5.400314652,6.380714078,0.09939548232,-0.1558176078,0.1946793985,0,,,,,,,,0,28.61428635,77.21011044,8.122233519,,
9.21,5.539685308,-5.392567372,6.368812145,0.1033547696,-0.1545832818,0.1943898109,0,,,,,,,,0,28.61428697,77.21011088,8.119252213,,
9.22,5.521864416,-5.375712369,6.353116325,0.1028987885,-0.1559558381,0.2001511217,0,,,,,,,,0,28.61428759,77.21011133,8.116343623,,
9.23,5.583555232,-5.415969665,6.433231949,0.1023815316,-0.1517312659,0.1970963412,0,,,,,,,,0,28.6142882,77.21011177,8.113505973,,
9.24,5.526547761,-5.417257276,6.354672024,0.1053983256,-0.1505941809,0.1980498183,0,,,,,,,,0,28.61428882,77.21011221,8.110737535,,
9.25,5.553780812,-5.34516595,6.381243107,0.1055527675,-0.1550050621,0.1983238897,0,,,,,,,,0,28.61428944,77.21011264,8.10803662,,
9.26,5.414651092,-5.407807344,6.344304162,0.1060660209,-0.1510622728,0.1988252074,0,,,,,,,,0,28.61429007,77.21011308,8.10540158,,
9.27,5.411208587,-5.508865323,6.435578504,0.1011255136,-0.1551265348,0.200403512,0,,,,,,,,0,28.61429069,77.21011351,8.10283081,,
9.28,5.437222998,-5.422997704,6.329727532,0.1018693899,-0.1588335745,0.1981828795,0,,,,,,,,0,28.61429131,77.21011394,8.100322741,,
9.29,5.574234168,-5.339548412,6.444404497,0.1042829662,-0.1511986476,0.1991665759,0,,,,,,,,0,28.61429193,77.21011437,8.097875845,,
9.3,5.451995996,-5.352817665,6.306606072,0.1087890725,-0.1580001137,0.1940645544,0,,,,,,,,0,28.61429256,77.2101148,8.095488629,,
9.31,5.478010643,-5.395569788,6.283066606,0.09976193715,-0.1495258075,0.1990428293,0,,,,,,,,0,28.61429318,77.21011522,8.093159638,,
9.32,5.476852297,-5.392832902,6.342808719,0.1029502647,-0.1537844849,0.1960754802,0,,,,,,,,0,28.61429381,77.21011564,8.090887452,,
9.33,5.473970986,-5.423863681,6.372102728,0.1091004499,-0.1534190418,0.1986251304,0,,,,,,,,0,28.61429444,77.21011606,8.088670685,,
9.34,5.439628881,-5.447650492,6.290411369,0.1023022253,-0.1535672986,0.1943392543,0,,,,,,,,0,28.61429507,77.21011648,8.086507985,,
9.35,5.416738705,-5.430531046,6.421606353,0.102140902,-0.1541925161,0.2031556004,0,,,,,,,,0,28.61429569,77.2101169,8.084398035,,
9.36,5.509228502,-5.472608612,6.263403268,0.1071611533,-0.1504730284,0.2013380578,0,,,,,,,,0,28.61429632,77.21011731,8.082339546,,
9.37,5.465961267,-5.393425241,6.284223188,0.1047671244,-0.1581122174,0.1996142793,0,,,,,,,,0,28.61429695,77.21011773,8.080331264,,
9.38,5.447477192,-5.442335388,6.296464006,0.1057561548,-0.1535669141,0.1962043496,0,,,,,,,,0,28.61429758,77.21011814,8.078371965,,
9.39,5.455456198,-5.41259852,6.341329044,0.1030170537,-0.1573939556,0.1993192927,0,,,,,,,,0,28.61429822,77.21011855,8.076460454,,
9.4,5.482276668,-5.469435584,6.357928037,0.1090044058,-0.1520313653,0.1992890245,0,,,,,,,,0,28.61429885,77.21011895,8.074595565,,
9.41,5.495009042,-5.496429503,6.268486318,0.1067618066,-0.1560236473,0.1991845204,0,,,,,,,,0,28.61429948,77.21011936,8.072776161,,
9.42,5.484623576,-5.429540003,6.327388284,0.1029646769,-0.1590478721,0.204169847,0,,,,,,,,0,28.61430012,77.21011976,8.071001132,,
9.43,5.409964681,-5.52437706,6.29565898,0.1106617269,-0.1627640594,0.2019121646,0,,,,,,,,0,28.61430075,77.21012016,8.069269397,,
9.44,5.416495417,-5.403323035,6.357134135,0.1073853244,-0.1543391864,0.1975432564,0,,,,,,,,0,28.61430139,77.21012056,8.0675799,,
9.45,5.417347032,-5.471071567,6.390539915,0.1018163096,-0.1541013149,0.1995796032,0,,,,,,,,0,28.61430202,77.21012096,8.06593161,,
9.46,5.377650833,-5.530154148,6.30241188,0.1027509195,-0.1559977875,0.2022901202,0,,,,,,,,0,28.61430266,77.21012135,8.064323522,,
9.47,5.438147582,-5.472856806,6.258771013,0.1055453283,-0.1555549522,0.1980218051,0,,,,,,,,0,28.6143033,77.21012175,8.062754655,,
9.48,5.502208394,-5.478369548,6.300629266,0.1115223057,-0.1665728734,0.1970671228,0,,,,,,,,0,28.61430394,77.21012214,8.061224054,,
9.49,5.442890319,-5.521830812,6.301605142,0.1064108905,-0.1566660278,0.1962012808,0,,,,,,,,0,28.61430458,77.21012253,8.059730784,,
9.5,5.482755189,-5.544791329,6.340916613,0.09943304972,-0.1536920492,0.2012516429,0,,,,,,,,0,28.61430522,77.21012291,8.058273936,,
9.51,5.458254044,-5.508130409,6.292230297,0.1012435215,-0.1533505742,0.1943800336,0,,,,,,,,0,28.61430586,77.2101233,8.05685262,,
9.52,5.446721403,-5.56407414,6.30458573,0.1085763015,-0.150395931,0.201199571,0,,,,,,,,0,28.6143065,77.21012368,8.055465971,,
9.53,5.362155402,-5.601629525,6.348039474,0.1041076217,-0.152316101,0.202938765,0,,,,,,,,0,28.61430714,77.21012406,8.054113143,,
9.54,5.46213644,-5.550062838,6.300244905,0.1009886238,-0.1600831763,0.1959475105,0,,,,,,,,0,28.61430778,77.21012444,8.05279331,,
9.55,5.403382324,-5.572237954,6.360950589,0.10356346,-0.1556178458,0.2005599424,0,,,,,,,,0,28.61430843,77.21012482,8.051505668,,
9.56,5.620016921,-5.460975114,6.275485939,0.1084207402,-0.1543346724,0.2004742857,0,,,,,,,,0,28.61430907,77.21012519,8.050249432,,
9.57,5.547372843,-5.579551932,6.362694915,0.1001859605,-0.1508191055,0.1965276772,0,,,,,,,,0,28.61430972,77.21012557,8.049023836,,
9.58,5.488274725,-5.491359172,6.234308347,0.1066211238,-0.1548469726,0.1997010883,0,,,,,,,,0,28.61431037,77.21012594,8.047828133,,
9.59,5.49546716,-5.507386079,6.336002895,0.1056872836,-0.1538183687,0.1955430651,0,,,,,,,,0,28.61431101,77.21012631,8.046661593,,
9.6,5.387226835,-5.495674566,6.34394148,0.1057056448,-0.1544125775,0.2004385735,0,,,,,,,,0,28.61431166,77.21012667,8.045523506,,
9.61,5.449994673,-5.539526468,6.304358074,0.1051971225,-0.1543454154,0.2023159561,0,,,,,,,,0,28.61431231,77.21012704,8.044413176,,
9.62,5.474714157,-5.491777057,6.280926349,0.1050029757,-0.156749093,0.1970819694,0,,,,,,,,0,28.61431296,77.2101274,8.043329928,,
9.63,5.52027769,-5.531790512,6.319783087,0.1077625832,-0.1474463325,0.2073867778,0,,,,,,,,0,28.61431361,77.21012776,8.0422731,,
9.64,5.420397749,-5.501905972,6.273982405,0.107673207,-0.1577522161,0.202748431,0,,,,,,,,0,28.61431426,77.21012812,8.041242049,,
9.65,5.346555613,-5.526669293,6.338482125,0.1020990248,-0.153928152,0.2021529781,0,,,,,,,,0,28.61431491,77.21012848,8.040236146,,
9.66,5.376766337,-5.618657423,6.296323857,0.1044574674,-0.1552088884,0.2014230215,0,,,,,,,,0,28.61431556,77.21012884,8.039254776,,
9.67,5.386551752,-5.574116236,6.244139368,0.1084487129,-0.1533767238,0.1993158712,0,,,,,,,,0,28.61431622,77.21012919,8.038297343,,
9.68,5.39541679,-5.601725147,6.261956429,0.1057337952,-0.1592346326,0.203062641,0,,,,,,,,0,28.61431687,77.21012954,8.037363261,,
9.69,5.406891124,-5.556598191,6.231639058,0.1008409739,-0.1567073618,0.1967301087,0,,,,,,,,0,28.61431753,77.21012989,8.036451962,,
9.7,5.49048923,-5.557822454,6.232582817,0.1027384889,-0.1615359487,0.1979845521,0,,,,,,,,0,28.61431818,77.21013024,8.03556289,,
9.71,5.419180824,-5.531656918,6.330853855,0.1000004728,-0.1577321961,0.198085571,0,,,,,,,,0,28.61431884,77.21013058,8.034695502,,
9.72,5.401477432,-5.545940723,6.282525405,0.1079686089,-0.1517702965,0.1961858551,0,,,,,,,,0,28.61431949,77.21013093,8.03384927,,
9.73,5.481918478,-5.593606482,6.215696933,0.106053494,-0.1544725602,0.2021596877,0,,,,,,,,0,28.61432015,77.21013127,8.033023679,,
9.74,5.421641697,-5.543892542,6.25014875,0.1077674313,-0.1556659318,0.1970467884,0,,,,,,,,0,28.61432081,77.21013161,8.032218223,,
9.75,5.399288299,-5.521407736,6.166946984,0.1017788437,-0.150278149,0.1980920605,0,,,,,,,,0,28.61432147,77.21013194,8.031432413,,
9.76,5.346417066,-5.638319488,6.284165461,0.1097868486,-0.1528334222,0.200261241,0,,,,,,,,0,28.61432213,77.21013228,8.030665768,,
9.77,5.422859439,-5.547307874,6.169058064,0.1067630473,-0.1534317826,0.2006767217,0,,,,,,,,0,28.61432279,77.21013261,8.029917823,,
9.78,5.335126124,-5.490533584,6.310518872,0.1028946106,-0.1601429965,0.2031894095,0,,,,,,,,0,28.61432345,77.21013294,8.02918812,,
9.79,5.348625991,-5.551178484,6.314689568,0.104193031,-0.1572751413,0.204832468,0,,,,,,,,0,28.61432411,77.21013327,8.028476215,,
9.8,5.494792501,-5.583506525,6.209034111,0.1025259151,-0.1541432399,0.2004392359,0,,,,,,,,0,28.61432477,77.2101336,8.027781673,,
9.81,5.318935266,-5.603185034,6.24960451,0.1075439102,-0.1601433177,0.2011228904,0,,,,,,,,0,28.61432544,77.21013393,8.027104071,,
9.82,5.470188419,-5.638890011,6.262198298,0.10525412,-0.1560737447,0.2016516281,0,,,,,,,,0,28.6143261,77.21013425,8.026442996,,
9.83,5.453911759,-5.547560325,6.264756939,0.1040293084,-0.1525055441,0.1935129113,0,,,,,,,,0,28.61432676,77.21013457,8.025798045,,
9.84,5.547921577,-5.577643886,6.214629415,0.1062488952,-0.162058129,0.2002142469,0,,,,,,,,0,28.61432743,77.21013489,8.025168824,,
9.85,5.527400477,-5.452469479,6.231191555,0.09954013756,-0.1527239011,0.1927335312,0,,,,,,,,0,28.61432809,77.21013521,8.024554951,,
9.86,5.370657017,-5.492175626,6.263915429,0.09871952428,-0.1611140674,0.1993969773,0,,,,,,,,0,28.61432876,77.21013552,8.023956049,,
9.87,5.383061918,-5.636464458,6.405121672,0.1058756182,-0.1547689699,0.2023499857,0,,,,,,,,0,28.61432943,77.21013584,8.023371755,,
9.88,5.441509718,-5.641449152,6.304856184,0.1042614085,-0.150643027,0.2011228851,0,,,,,,,,0,28.6143301,77.21013615,8.022801713,,
9.89,5.449611541,-5.509937689,6.281415617,0.1050644688,-0.1568905497,0.2010353765,0,,,,,,,,0,28.61433076,77.21013646,8.022245573,,
9.9,5.482708144,-5.630095326,6.345283589,0.109449468,-0.1554154214,0.1998118558,0,,,,,,,,0,28.61433143,77.21013677,8.021702998,,
9.91,5.419563683,-5.568543894,6.243520108,0.1012975292,-0.156868608,0.1940457501,0,,,,,,,,0,28.6143321,77.21013707,8.021173657,,
9.92,5.450361264,-5.54180842,6.338520574,0.105946418,-0.1567592213,0.1974446583,0,,,,,,,,0,28.61433277,77.21013737,8.020657226,,
9.93,5.403799481,-5.527964434,6.35061231,0.1084276282,-0.1635185921,0.2013388673,0,,,,,,,,0,28.61433344,77.21013768,8.020153391,,
9.94,5.403426216,-5.539704639,6.232086232,0.1023403151,-0.1551810927,0.1954439802,0,,,,,,,,0,28.61433412,77.21013797,8.019661845,,
9.95,5.363357993,-5.53165429,6.238504308,0.1069364327,-0.1523208751,0.199316029,0,,,,,,,,0,28.61433479,77.21013827,8.019182288,,
9.96,5.454765167,-5.557566293,6.296167901,0.09994249848,-0.1461052708,0.1994575524,0,,,,,,,,0,28.61433546,77.21013857,8.018714427,,
9.97,5.40088223,-5.668105165,6.191568516,0.1034858515,-0.1529198048,0.1977079347,0,,,,,,,,0,28.61433614,77.21013886,8.018257978,,
9.98,5.412311437,-5.619817255,6.286413835,0.1096028612,-0.1533845438,0.2045748554,0,,,,,,,,0,28.61433681,77.21013915,8.017812661,,
9.99,5.463273637,-5.605132395,6.338044142,0.1070001322,-0.1568972026,0.1961213668,0,,,,,,,,0,28.61433748,77.21013944,8.017378206,,
10,5.426459347,-5.548675127,6.244696935,0.1038254015,-0.1561462463,0.1930014578,0,,,,,,,,0,28.61433816,77.21013973,8.016954348,,
10.01,5.393322086,-5.56289216,6.341964183,0.1003414429,-0.1469775095,0.1972960374,0,,,,,,,,0,28.61433884,77.21014001,8.016540827,,
10.02,5.343732333,-5.572513859,6.364985271,0.1097199935,-0.1529920522,0.1972611588,0,,,,,,,,0,28.61433951,77.2101403,8.016137392,,
10.03,5.33003351,-5.648376538,6.171730079,0.1033448198,-0.159066305,0.2017228207,0,,,,,,,,0,28.61434019,77.21014058,8.015743797,,
10.04,5.415063595,-5.604954321,6.236497852,0.1086409848,-0.1547590832,0.1990578662,0,,,,,,,,0,28.61434087,77.21014086,8.015359802,,
10.05,5.441614362,-5.53683714,6.195866917,0.1002520165,-0.150539042,0.2048032016,0,,,,,,,,0,28.61434155,77.21014113,8.014985173,,
10.06,5.443355769,-5.538713852,6.317685506,0.1063614371,-0.156448162,0.201384425,0,,,,,,,,0,28.61434223,77.21014141,8.014619681,,
10.07,5.44601851,-5.578634549,6.227645458,0.1081343085,-0.1496424079,0.1941229738,0,,,,,,,,0,28.61434291,77.21014168,8.014263103,,
10.08,5.445790258,-5.521464978,6.319288526,0.1092558563,-0.1508477873,0.1962360506,0,,,,,,,,0,28.61434359,77.21014195,8.013915223,,
10.09,5.492258624,-5.540717474,6.241904394,0.1156334001,-0.1548600514,0.203221301,0,,,,,,,,0,28.61434427,77.21014222,8.013575827,,
10.1,5.412880669,-5.620140093,6.158747342,0.1052813137,-0.1531414705,0.1984666007,0,,,,,,,,0,28.61434495,77.21014249,8.013244709,,
10.11,5.378548106,-5.667605659,6.250529145,0.1073112302,-0.1569651567,0.1993486739,0,,,,,,,,0,28.61434563,77.21014275,8.012921668,,
10.12,5.388314336,-5.556516504,6.271298205,0.1023399391,-0.1494249415,0.2029962327,0,,,,,,,,0,28.61434631,77.21014301,8.012606505,,
10.13,5.402230834,-5.554294509,6.240565043,0.1014285624,-0.1578552003,0.2030034459,0,,,,,,,,0,28.614347,77.21014327,8.012299029,,
10.14,5.366197496,-5.623556245,6.242763298,0.1064724368,-0.1558363465,0.1968840996,0,,,,,,,,0,28.61434768,77.21014353,8.011999053,,
10.15,5.384484479,-5.595255903,6.169244504,0.1087781375,-0.1528651022,0.2013782326,0,,,,,,,,0,28.61434837,77.21014379,8.011706393,,
10.16,5.546202606,-5.601278168,6.245053495,0.1016494906,-0.1547018519,0.2042251786,0,,,,,,,,0,28.61434905,77.21014404,8.011420871,,
10.17,5.450540164,-5.660990282,6.316056658,0.09802126368,-0.1588823396,0.1973013039,0,,,,,,,,0,28.61434974,77.2101443,8.011142313,,
10.18,5.499996412,-5.610457397,6.229754061,0.1103393348,-0.1519969521,0.2034608004,0,,,,,,,,0,28.61435042,77.21014455,8.01087055,,
10.19,5.476263661,-5.604074958,6.222168541,0.1022734826,-0.151488654,0.1974977256,0,,,,,,,,0,28.61435111,77.21014479,8.010605414,,
10.2,5.412539261,-5.5457543,6.131955512,0.1012048783,-0.1554457517,0.2023016986,0,,,,,,,,0,28.6143518,77.21014504,8.010346746,,
10.21,5.372017217,-5.501586308,6.282447172,0.1042233961,-0.1586985362,0.1984617883,0,,,,,,,,0,28.61435248,77.21014528,8.010094386,,
10.22,5.367089123,-5.590712683,6.241608623,0.105061104,-0.151392858,0.2016011249,0,,,,,,,,0,28.61435317,77.21014553,8.009848181,,
10.23,5.487995009,-5.558962025,6.231154612,0.1043229553,-0.1559114674,0.1959354049,0,,,,,,,,0,28.61435386,77.21014577,8.009607982,,
10.24,5.500264185,-5.623639231,6.284165368,0.101667913,-0.1520452585,0.2030289628,0,,,,,,,,0,28.61435455,77.210146,8.009373641,,
10.25,5.421270275,-5.561549577,6.308702188,0.1073973834,-0.1554506097,0.2026713138,0,,,,,,,,0,28.61435524,77.21014624,8.009145016,,
10.26,5.424636846,-5.518251127,6.290559352,0.1054051054,-0.1565984267,0.2020430653,0,,,,,,,,0,28.61435593,77.21014647,8.008921966,,
10.27,5.386342879,-5.549249729,6.296490488,0.1096819337,-0.1575895038,0.1977106138,0,,,,,,,,0,28.61435662,77.21014671,8.008704357,,
10.28,5.407334712,-5.586503968,6.300193607,0.1025577756,-0.1565184508,0.1981776907,0,,,,,,,,0,28.61435731,77.21014694,8.008492056,,
10.29,5.473842233,-5.63304603,6.0932046,0.1059521089,-0.155309143,0.1981695665,0,,,,,,,,0,28.614358,77.21014716,8.008284933,,
10.3,5.47920537,-5.616747766,6.180131028,0.1065343704,-0.1538869612,0.2038058068,0,,,,,,,,0,28.6143587,77.21014739,8.008082861,,
10.31,5.39252099,-5.64141542,6.240255759,0.1018037215,-0.1598024495,0.1994082231,0,,,,,,,,0,28.61435939,77.21014761,8.007885718,,
10.32,5.406112586,-5.569291973,6.256367767,0.1083962124,-0.1604280313,0.1994277078,0,,,,,,,,0,28.61436008,77.21014783,8.007693384,,
10.33,5.397157878,-5.585896867,6.200817097,0.1050871179,-0.1530825536,0.1946738467,0,,,,,,,,0,28.61436078,77.21014805,8.00750574,,
10.34,5.486325196,-5.634414569,6.232038547,0.1084055871,-0.1586344102,0.1963922628,0,,,,,,,,0,28.61436147,77.21014827,8.007322673,,
10.35,5.370029124,-5.598614299,6.212873458,0.1045768739,-0.1530696159,0.2018831932,0,,,,,,,,0,28.61436217,77.21014849,8.007144072,,
10.36,5.461616675,-5.604765061,6.205190469,0.1016172359,-0.1566182562,0.1958506384,0,,,,,,,,0,28.61436286,77.2101487,8.006969826,,
10.37,5.315939796,-5.608495806,6.267783282,0.1072096712,-0.1528463179,0.2009615792,0,,,,,,,,0,28.61436356,77.21014891,8.00679983,,
10.38,5.420919821,-5.641107187,6.151712388,0.1075765498,-0.1586449918,0.1986683554,0,,,,,,,,0,28.61436425,77.21014912,8.006633981,,
10.39,5.432847337,-5.640134901,6.250340459,0.1043461614,-0.1575200343,0.1960574991,0,,,,,,,,0,28.61436495,77.21014933,8.006472176,,
10.4,5.451613104,-5.61153313,6.345919948,0.1001078534,-0.1530892967,0.199779886,0,,,,,,,,0,28.61436565,77.21014953,8.006314318,,
10.41,5.419087868,-5.585392257,6.27723581,0.1071593492,-0.1562740802,0.2021676607,0,,,,,,,,0,28.61436635,77.21014973,8.00616031,,
10.42,5.470843099,-5.637892497,6.27287089,0.1050552127,-0.1472814381,0.2026349312,0,,,,,,,,0,28.61436704,77.21014993,8.006010059,,
10.43,5.407964964,-5.669050629,6.254123992,0.1050377425,-0.1502796561,0.1946651474,0,,,,,,,,0,28.61436774,77.21015013,8.005863472,,
10.44,5.455168703,-5.656688789,6.262962317,0.1013262366,-0.1507000726,0.1997828366,0,,,,,,,,0,28.61436844,77.21015033,8.005720461,,
10.45,5.465209075,-5.629649606,6.173577487,0.1013620565,-0.1552219868,0.2013340756,0,,,,,,,,0,28.61436914,77.21015052,8.005580937,,
10.46,5.429529392,-5.578226258,6.209935733,0.1030041345,-0.1493116634,0.2011788968,0,,,,,,,,0,28.61436984,77.21015072,8.005444817,,
10.47,5.338390436,-5.626794905,6.175431408,0.1078376699,-0.153992775,0.1948006984,0,,,,,,,,0,28.61437054,77.21015091,8.005312016,,
10.48,5.390193818,-5.556665874,6.266961799,0.1081865504,-0.1549856581,0.2012770485,0,,,,,,,,0,28.61437124,77.21015109,8.005182455,,
10.49,5.469604573,-5.618765042,6.200472086,0.1043360763,-0.1545293389,0.1951410321,0,,,,,,,,0,28.61437194,77.21015128,8.005056054,,
10.5,5.378417942,-5.546412861,6.244227559,0.105012718,-0.1561666787,0.1988030746,0,,,,,,,,0,28.61437265,77.21015146,8.004932735,,
10.51,5.397397222,-5.580304935,6.191683677,0.1020021422,-0.1580615842,0.2002889805,0,,,,,,,,0,28.61437335,77.21015165,8.004812425,,
10.52,5.470567837,-5.721916735,6.257072499,0.102287667,-0.1561516192,0.1979890709,0,,,,,,,,0,28.61437405,77.21015183,8.004695048,,
10.53,5.379763656,-5.577516514,6.256888137,0.1060098439,-0.15810347,0.1974486881,0,,,,,,,,0,28.61437475,77.210152,8.004580535,,
10.54,5.483465954,-5.655832736,6.188088894,0.09999576844,-0.1576603953,0.1996338376,0,,,,,,,,0,28.61437546,77.21015218,8.004468815,,
10.55,5.439692932,-5.644768906,6.270543331,0.1042335255,-0.1591240728,0.1985342053,0,,,,,,,,0,28.61437616,77.21015235,8.004359819,,
10.56,5.392460953,-5.597620926,6.259612967,0.1104710655,-0.1531199802,0.1989757282,0,,,,,,,,0,28.61437686,77.21015252,8.004253482,,
10.57,5.387333707,-5.634722267,6.163510931,0.1030511481,-0.1562014093,0.1970868795,0,,,,,,,,0,28.61437757,77.21015269,8.004149739,,
10.58,5.352623966,-5.654559484,6.280377636,0.105085297,-0.1511235638,0.1978185555,0,,,,,,,,0,28.61437827,77.21015286,8.004048526,,
10.59,5.514394705,-5.674148375,6.301980306,0.1049506207,-0.1502238806,0.2004382336,0,,,,,,,,0,28.61437898,77.21015303,8.003949781,,
10.6,5.416451968,-5.652110286,6.248993954,0.1063713631,-0.1493901113,0.2005687923,0,,,,,,,,0,28.61437968,77.21015319,8.003853445,,
10.61,5.437031065,-5.58532156,6.295999064,0.1021725756,-0.1552668792,0.2038371784,0,,,,,,,,0,28.61438039,77.21015335,8.003759458,,
10.62,5.334406897,-5.615083585,6.323732022,0.1057448146,-0.1505025674,0.2014825414,0,,,,,,,,0,28.61438109,77.21015351,8.003667764,,
10.63,5.414129997,-5.549100454,6.154511308,0.1071031951,-0.1554221599,0.1984256158,0,,,,,,,,0,28.6143818,77.21015366,8.003578307,,
10.64,5.418962897,-5.638984436,6.161934952,0.1044416612,-0.1573734504,0.1974053513,0,,,,,,,,0,28.61438251,77.21015382,8.003491031,,
10.65,5.385298869,-5.599712956,6.267954578,0.1032987226,-0.1530541454,0.1988369883,0,,,,,,,,0,28.61438322,77.21015397,8.003405884,,
10.66,5.407932876,-5.647834666,6.142344674,0.10508392,-0.1495567323,0.1996307573,0,,,,,,,,0,28.61438392,77.21015412,8.003322814,,
10.67,5.427259608,-5.543035736,6.296081627,0.1068794343,-0.1548300813,0.2050171235,0,,,,,,,,0,28.61438463,77.21015427,8.003241769,,
10.68,5.47051274,-5.650532497,6.333052641,0.1046286668,-0.157430852,0.2022356814,0,,,,,,,,0,28.61438534,77.21015442,8.003162702,,
10.69,5.412630488,-5.697192576,6.20800841,0.1074596521,-0.1548384557,0.2007369433,0,,,,,,,,0,28.61438605,77.21015456,8.003085563,,
10.7,5.399789165,-5.627134514,6.2367323,0.1069459717,-0.1543942928,0.2039890727,0,,,,,,,,0,28.61438676,77.2101547,8.003010305,,
10.71,5.462422144,-5.565538352,6.20370958,0.1011204087,-0.1508141441,0.1965838305,0,,,,,,,,0,28.61438747,77.21015484,8.002936883,,
10.72,5.345929574,-5.635359626,6.174211788,0.1068544899,-0.1512981222,0.2007192112,0,,,,,,,,0,28.61438818,77.21015498,8.002865252,,
10.73,5.493948266,-5.608374896,6.225073479,0.1090565092,-0.1564813921,0.1980203535,0,,,,,,,,0,28.61438888,77.21015511,8.002795367,,
10.74,5.433460755,-5.624496465,6.365103133,0.104518305,-0.1539947045,0.1998823168,0,,,,,,,,0,28.6143896,77.21015525,8.002727188,,
10.75,5.386258239,-5.694102476,6.227154514,0.1032390217,-0.1549305565,0.2029061638,0,,,,,,,,0,28.61439031,77.21015538,8.002660671,,
10.76,5.43171067,-5.661490195,6.21092371,0.105031103,-0.160539313,0.196839924,0,,,,,,,,0,28.61439102,77.21015551,8.002595777,,
10.77,5.306385489,-5.572773717,6.335579111,0.104047465,-0.1516433906,0.2010953603,0,,,,,,,,0,28.61439173,77.21015563,8.002532465,,
10.78,5.399816997,-5.646796295,6.276292211,0.1033439153,-0.1577117899,0.2046819853,0,,,,,,,,0,28.61439244,77.21015576,8.002470698,,
10.79,5.403905745,-5.515622673,6.237113786,0.101379311,-0.1512977974,0.1972296904,0,,,,,,,,0,28.61439315,77.21015588,8.002410437,,
10.8,5.383263269,-5.559817035,6.222777541,0.1073594168,-0.1583930927,0.203968269,0,,,,,,,,0,28.61439386,77.210156,8.002351645,,
10.81,5.455402711,-5.550264517,6.120930334,0.1019547187,-0.1490420791,0.2013318204,0,,,,,,,,0,28.61439457,77.21015612,8.002294288,,
10.82,5.514788774,-5.605227366,6.18345481,0.09980202171,-0.1522358537,0.1972725274,0,,,,,,,,0,28.61439529,77.21015624,8.00223833,,
10.83,5.3808433,-5.571783156,6.287755658,0.1020658237,-0.160659173,0.2037485097,0,,,,,,,,0,28.614396,77.21015635,8.002183737,,
10.84,5.420442888,-5.630538714,6.189915546,0.1057199856,-0.1571640184,0.2029720771,0,,,,,,,,0,28.61439671,77.21015646,8.002130475,,
10.85,5.503334935,-5.581392802,6.208142473,0.1063206107,-0.1632304558,0.1942160866,0,,,,,,,,0,28.61439743,77.21015657,8.002078512,,
10.86,5.549245393,-5.561478907,6.311558824,0.108535009,-0.156151303,0.198163496,0,,,,,,,,0,28.61439814,77.21015668,8.002027817,,
10.87,5.442443265,-5.603139722,6.114796975,0.1006416496,-0.1607157694,0.1967153171,0,,,,,,,,0,28.61439885,77.21015679,8.001978358,,
10.88,5.435719902,-5.618353268,6.315017221,0.1034899119,-0.1540182568,0.2026573391,0,,,,,,,,0,28.61439957,77.21015689,8.001930105,,
10.89,5.399153234,-5.506849335,6.30485578,0.1047671542,-0.1559880066,0.1954666188,0,,,,,,,,0,28.61440028,77.21015699,8.001883029,,
10.9,5.395177672,-5.737494168,6.226316676,0.1019342118,-0.1532908516,0.1999387886,0,,,,,,,,0,28.61440099,77.21015709,8.001837102,,
10.91,5.344901796,-5.546319508,6.268481591,0.1037205408,-0.1523615765,0.1959454975,0,,,,,,,,0,28.61440171,77.21015719,8.001792294,,
10.92,5.364181147,-5.554706471,6.237585307,0.1087695535,-0.1474660773,0.1976748736,0,,,,,,,,0,28.61440242,77.21015728,8.00174858,,
10.93,5.476285569,-5.6323746,6.310337902,0.1020748298,-0.1620629478,0.198071506,0,,,,,,,,0,28.61440314,77.21015738,8.001705932,,
10.94,5.450369879,-5.575735372,6.240035537,0.108148532,-0.1537879618,0.2021268174,0,,,,,,,,0,28.61440385,77.21015747,8.001664323,,
10.95,5.479635055,-5.560695153,6.174101244,0.1055846485,-0.150835322,0.2020015554,0,,,,,,,,0,28.61440457,77.21015756,8.00162373,,
10.96,5.50889954,-5.543773022,6.209972609,0.10553513,-0.1537946428,0.2003192299,0,,,,,,,,0,28.61440528,77.21015764,8.001584127,,
10.97,5.460373781,-5.63888298,6.279902913,0.1037650197,-0.1572153215,0.2024264964,0,,,,,,,,0,28.614406,77.21015773,8.00154549,,
10.98,5.422974257,-5.570308858,6.215051481,0.1116631104,-0.154785539,0.2000063204,0,,,,,,,,0,28.61440672,77.21015781,8.001507795,,
10.99,5.469591689,-5.512723094,6.223622452,0.1075850319,-0.1561064775,0.2010774475,0,,,,,,,,0,28.61440743,77.21015789,8.001471019,,
11,5.391515123,-5.681184088,6.215193812,0.1078526488,-0.157725322,0.2033447361,0,,,,,,,,0,28.61440815,77.21015797,8.001435141,,
11.01,5.464112466,-5.644608053,6.17156858,0.1027332946,-0.153036905,0.1973596971,0,,,,,,,,0,28.61440887,77.21015804,8.001400137,,
11.02,5.300196291,-5.590883041,6.207136,0.1064678684,-0.1570535692,0.1996606289,0,,,,,,,,0,28.61440958,77.21015812,8.001365988,,
11.03,5.375705559,-5.558800699,6.255502995,0.1054217348,-0.1548348903,0.1975559631,0,,,,,,,,0,28.6144103,77.21015819,8.001332671,,
11.04,5.366404079,-5.632108136,6.248849665,0.10269384,-0.1513776554,0.1948469055,0,,,,,,,,0,28.61441102,77.21015826,8.001300167,,
11.05,5.394507694,-5.604588063,6.295230812,0.1058457203,-0.1568572089,0.2000396806,0,,,,,,,,0,28.61441173,77.21015833,8.001268455,,
11.06,5.4690237,-5.669986135,6.180427618,0.1086836582,-0.1558220857,0.1982447577,0,,,,,,,,0,28.61441245,77.21015839,8.001237518,,
11.07,5.35468264,-5.63845986,6.26802972,0.09717902076,-0.1544345712,0.1984117276,0,,,,,,,,0,28.61441317,77.21015845,8.001207334,,
11.08,5.397326214,-5.659969421,6.174478825,0.1049957707,-0.1581195287,0.1963241997,0,,,,,,,,0,28.61441389,77.21015852,8.001177887,,
11.09,5.51109905,-5.534922326,6.208203189,0.1095771021,-0.1506967883,0.1988257628,0,,,,,,,,0,28.6144146,77.21015857,8.001149158,,
11.1,5.402190109,-5.635843318,6.189468161,0.1061709324,-0.1604098657,0.1979130007,0,,,,,,,,0,28.61441532,77.21015863,8.00112113,,
11.11,5.415895968,-5.660791715,6.22088991,0.100900535,-0.158727771,0.1996200975,0,,,,,,,,0,28.61441604,77.21015869,8.001093785,,
11.12,5.447838625,-5.638499272,6.245470013,0.1031917039,-0.1559407895,0.1996897458,0,,,,,,,,0,28.61441676,77.21015874,8.001067107,,
11.13,5.445477533,-5.62951243,6.243624289,0.1010557772,-0.1585151042,0.1977450352,0,,,,,,,,0,28.61441748,77.21015879,8.00104108,,
11.14,5.470628017,-5.59363132,6.224498972,0.1067287929,-0.1567776446,0.1992124333,0,,,,,,,,0,28.61441819,77.21015884,8.001015688,,
11.15,5.437994649,-5.619663469,6.181344436,0.1054701032,-0.1557068801,0.1943518067,0,,,,,,,,0,28.61441891,77.21015888,8.000990915,,
11.16,5.438085154,-5.642914065,6.203096361,0.1088178364,-0.1510242176,0.2009538573,0,,,,,,,,0,28.61441963,77.21015893,8.000966747,,
11.17,5.408400487,-5.573016335,6.254579993,0.1026793108,-0.1573326374,0.1976706314,0,,,,,,,,0,28.61442035,77.21015897,8.000943168,,
11.18,5.431794242,-5.662635026,6.213745396,0.1069771549,-0.1546478324,0.1998246424,0,,,,,,,,0,28.61442107,77.21015901,8.000920163,,
11.19,5.435219581,-5.667464035,6.193729418,0.1044838755,-0.1548767531,0.2019264158,0,,,,,,,,0,28.61442179,77.21015904,8.00089772,,
11.2,5.375015905,-5.607273715,6.230558724,0.1044532641,-0.1577571685,0.206063114,0,,,,,,,,0,28.61442251,77.21015908,8.000875825,,
11.21,5.399316271,-5.55699271,6.204875086,0.1011800386,-0.1531356168,0.2014415831,0,,,,,,,,0,28.61442322,77.21015911,8.000854463,,
11.22,5.32787003,-5.679540254,6.234384464,0.1020004398,-0.154493155,0.1973506879,0,,,,,,,,0,28.61442394,77.21015914,8.000833623,,
11.23,5.467876825,-5.659488405,6.145775458,0.1041402951,-0.1519851039,0.2052027686,0,,,,,,,,0,28.61442466,77.21015917,8.00081329,,
11.24,5.471612374,-5.662644096,6.157739895,0.101618232,-0.1539282377,0.2000868937,0,,,,,,,,0,28.61442538,77.2101592,8.000793454,,
11.25,5.405354639,-5.543883081,6.201779949,0.1051249627,-0.1564135032,0.2010652862,0,,,,,,,,0,28.6144261,77.21015922,8.000774101,,
11.26,5.367076192,-5.636040636,6.240212465,0.1062212275,-0.1550775088,0.1991807966,0,,,,,,,,0,28.61442682,77.21015925,8.000755221,,
11.27,5.45561289,-5.582199567,6.326584354,0.1024608916,-0.1590735797,0.1971940258,0,,,,,,,,0,28.61442754,77.21015927,8.000736801,,
11.28,5.436037458,-5.644527587,6.229568449,0.1043335062,-0.1546390032,0.2022141088,0,,,,,,,,0,28.61442826,77.21015928,8.00071883,,
11.29,5.432754672,-5.609516819,6.228341188,0.1057576403,-0.1546004256,0.1918929113,0,,,,,,,,0,28.61442898,77.2101593,8.000701298,,
11.3,5.346660115,-5.692174725,6.244895387,0.1075369634,-0.1511029748,0.1989765445,0,,,,,,,,0,28.6144297,77.21015931,8.000684193,,
11.31,5.4363457,-5.692155928,6.323696582,0.1020592853,-0.1527233234,0.1969209922,0,,,,,,,,0,28.61443042,77.21015932,8.000667505,,
11.32,5.502370791,-5.595941983,6.217563654,0.1084493917,-0.1587280982,0.1961474575,0,,,,,,,,0,28.61443114,77.21015933,8.000651225,,
11.33,5.543075631,-5.560500738,6.147263826,0.102197104,-0.1591486324,0.1986257085,0,,,,,,,,0,28.61443186,77.21015934,8.000635341,,
11.34,5.499264067,-5.581159889,6.257154153,0.1087257051,-0.1507767412,0.2043317836,0,,,,,,,,0,28.61443258,77.21015935,8.000619845,,
11.35,5.476739564,-5.67209284,6.297537035,0.1121894758,-0.1558130721,0.1979725395,0,,,,,,,,0,28.61443329,77.21015935,8.000604727,,
11.36,5.419164253,-5.64217262,6.285344785,0.1026944036,-0.1563001319,0.1975800204,0,,,,,,,,0,28.61443401,77.21015935,8.000589977,,
11.37,5.408276685,-5.589318365,6.277719373,0.1018720823,-0.1537785107,0.1935141956,0,,,,,,,,0,28.61443473,77.21015935,8.000575588,,
11.38,5.408811269,-5.566067165,6.23937434,0.1075467372,-0.1566455552,0.1971545929,0,,,,,,,,0,28.61443545,77.21015935,8.000561549,,
11.39,5.436833244,-5.638506224,6.292789241,0.1048946195,-0.1545196328,0.2037959158,0,,,,,,,,0,28.61443617,77.21015934,8.000547853,,
11.4,5.434319486,-5.595627326,6.295174478,0.1016811288,-0.1577803203,0.1966641008,0,,,,,,,,0,28.61443689,77.21015933,8.00053449,,
11.41,5.446442886,-5.631342012,6.224512778,0.1008874062,-0.1532988301,0.2024231013,0,,,,,,,,0,28.61443761,77.21015932,8.000521454,,
11.42,5.440043246,-5.557531795,6.274903041,0.1050432791,-0.155006756,0.1985087548,0,,,,,,,,0,28.61443833,77.21015931,8.000508736,,
11.43,5.44102518,-5.563846882,6.221460817,0.1064532744,-0.1520729707,0.202649959,0,,,,,,,,0,28.61443905,77.2101593,8.000496327,,
11.44,5.376074893,-5.580260638,6.136242458,0.1056033939,-0.1582648454,0.2021887127,0,,,,,,,,0,28.61443977,77.21015928,8.000484222,,
11.45,5.427382938,-5.708903034,6.241788584,0.09968706148,-0.1543897483,0.1994661514,0,,,,,,,,0,28.61444049,77.21015926,8.000472412,,
11.46,5.368300207,-5.716190507,6.215025535,0.1091222379,-0.1581324837,0.1986825096,0,,,,,,,,0,28.61444121,77.21015924,8.000460889,,
11.47,5.484579185,-5.650081091,6.238378024,0.1075979226,-0.1537948725,0.1998759558,0,,,,,,,,0,28.61444193,77.21015922,8.000449648,,
11.48,5.369329821,-5.641309459,6.155839942,0.1038941174,-0.1575810104,0.1977697281,0,,,,,,,,0,28.61444265,77.21015919,8.000438681,,
11.49,5.388612475,-5.645698567,6.211459756,0.1065914267,-0.1555877057,0.2019182768,0,,,,,,,,0,28.61444337,77.21015917,8.000427982,,
11.5,5.432347799,-5.632551431,6.265102702,0.1064619892,-0.1511023493,0.1993806225,0,,,,,,,,0,28.61444409,77.21015914,8.000417543,,
11.51,5.437970622,-5.69921882,6.314281974,0.09881728011,-0.1551231848,0.1970599616,0,,,,,,,,0,28.6144448,77.21015911,8.000407359,,
11.52,5.431050415,-5.58882787,6.237535295,0.1024639611,-0.1498885185,0.1983806358,0,,,,,,,,0,28.61444552,77.21015907,8.000397423,,
11.53,5.466339537,-5.637389618,6.242135188,0.1062460682,-0.1503567603,0.2055259138,0,,,,,,,,0,28.61444624,77.21015904,8.00038773,,
11.54,5.371332233,-5.586306138,6.238384602,0.1067948771,-0.1540302969,0.1989257861,0,,,,,,,,0,28.61444696,77.210159,8.000378273,,
11.55,5.429600495,-5.558043443,6.268434212,0.1069495082,-0.1564456252,0.190800992,0,,,,,,,,0,28.61444768,77.21015896,8.000369047,,
11.56,5.463086811,-5.593718159,6.15007306,0.1010840832,-0.1571638084,0.1957617417,0,,,,,,,,0,28.6144484,77.21015892,8.000360046,,
11.57,5.368394397,-5.640994737,6.291999834,0.1103725846,-0.156922866,0.1945603435,0,,,,,,,,0,28.61444912,77.21015887,8.000351264,,
11.58,5.485984827,-5.681404557,6.140243705,0.09945905036,-0.1523867294,0.2015919413,0,,,,,,,,0,28.61444983,77.21015883,8.000342697,,
11.59,5.437899223,-5.550882218,6.265835538,0.1101030304,-0.157100396,0.200367339,0,,,,,,,,0,28.61445055,77.21015878,8.000334339,,
11.6,5.381676342,-5.590859414,6.217003909,0.1047577989,-0.1596336251,0.2034701656,0,,,,,,,,0,28.61445127,77.21015873,8.000326184,,
11.61,5.410488176,-5.643737852,6.217954168,0.1052460949,-0.1567884554,0.2002109689,0,,,,,,,,0,28.61445199,77.21015868,8.000318228,,
11.62,5.402758116,-5.62384548,6.237583332,0.1039784281,-0.1550139163,0.198017559,0,,,,,,,,0,28.61445271,77.21015862,8.000310467,,
11.63,5.473014519,-5.660189743,6.201471837,0.100722348,-0.1567218324,0.1983864327,0,,,,,,,,0,28.61445342,77.21015856,8.000302894,,
11.64,5.383203601,-5.573835455,6.21639017,0.1074688905,-0.1541369385,0.2007126996,0,,,,,,,,0,28.61445414,77.2101585,8.000295507,,
11.65,5.396258234,-5.701612403,6.293138027,0.1070707699,-0.1545940483,0.2014986151,0,,,,,,,,0,28.61445486,77.21015844,8.000288299,,
11.66,5.399047307,-5.566779123,6.223740163,0.1064983398,-0.1549720315,0.1999992011,0,,,,,,,,0,28.61445558,77.21015838,8.000281267,,
11.67,5.451674952,-5.72122988,6.203154344,0.105614652,-0.1585772394,0.2011051448,0,,,,,,,,0,28.61445629,77.21015831,8.000274407,,
11.68,5.389318011,-5.545257855,6.238631823,0.1053899497,-0.161100965,0.2014220884,0,,,,,,,,0,28.61445701,77.21015825,8.000267714,,
11.69,5.445667708,-5.636235806,6.223903085,0.09842637697,-0.1528987338,0.1954584619,0,,,,,,,,0,28.61445773,77.21015818,8.000261185,,
11.7,5.475107541,-5.549524315,6.215485413,0.1006319919,-0.1574748487,0.1994819501,0,,,,,,,,0,28.61445844,77.2101581,8.000254814,,
11.71,5.433424927,-5.559317947,6.133185507,0.1007095229,-0.1523420838,0.1996997045,0,,,,,,,,0,28.61445916,77.21015803,8.000248599,,
11.72,5.457072908,-5.65732259,6.188924572,0.1028587498,-0.1523527366,0.1953454528,0,,,,,,,,0,28.61445988,77.21015795,8.000242536,,
11.73,5.37501112,-5.564691553,6.194546525,0.109079264,-0.1586399343,0.1936175848,0,,,,,,,,0,28.61446059,77.21015788,8.000236621,,
11.74,5.394706508,-5.632517212,6.203911557,0.1018478726,-0.1590334951,0.2035833472,0,,,,,,,,0,28.61446131,77.2101578,8.000230849,,
11.75,5.554503409,-5.698995991,6.244432555,0.1025133498,-0.1532138308,0.2013492791,0,,,,,,,,0,28.61446203,77.21015771,8.000225219,,
11.76,5.397549782,-5.602481358,6.202447239,0.1065763948,-0.1621876534,0.1969762217,0,,,,,,,,0,28.61446274,77.21015763,8.000219726,,
11.77,5.455909088,-5.56232895,6.236243838,0.1080967545,-0.158112975,0.1990832743,0,,,,,,,,0,28.61446346,77.21015754,8.000214366,,
11.78,5.395250331,-5.67524426,6.262440287,0.09997613087,-0.1576851927,0.1924049184,0,,,,,,,,0,28.61446417,77.21015745,8.000209138,,
11.79,5.410415377,-5.554249948,6.194108667,0.09935719515,-0.1524270437,0.197521455,0,,,,,,,,0,28.61446489,77.21015736,8.000204037,,
11.8,5.4016858,-5.547268978,6.262530107,0.1075125486,-0.1544123043,0.1981862645,0,,,,,,,,0,28.6144656,77.21015727,8.000199061,,
11.81,5.44165665,-5.579871634,6.27279809,0.102893424,-0.1601137164,0.2015067553,0,,,,,,,,0,28.61446632,77.21015717,8.000194205,,
11.82,5.345660268,-5.621418363,6.309209274,0.09785730351,-0.1591352826,0.2013917059,0,,,,,,,,0,28.61446703,77.21015707,8.000189469,,
11.83,5.411030999,-5.661569266,6.257146685,0.1075654496,-0.1562037384,0.2005167581,0,,,,,,,,0,28.61446774,77.21015697,8.000184848,,
11.84,5.358829294,-5.629141661,6.144720693,0.1029616816,-0.1509622213,0.2069090626,0,,,,,,,,0,28.61446846,77.21015687,8.000180339,,
11.85,5.364419027,-5.616844425,6.278528786,0.1019410638,-0.1526295603,0.1983217486,0,,,,,,,,0,28.61446917,77.21015677,8.000175941,,
11.86,5.407888018,-5.566809428,6.133985603,0.1028298709,-0.15614274,0.2034841796,0,,,,,,,,0,28.61446989,77.21015666,8.000171649,,
11.87,5.411730637,-5.579273065,6.226229463,0.1005456266,-0.161839121,0.2036285977,0,,,,,,,,0,28.6144706,77.21015655,8.000167463,,
11.88,5.429519005,-5.679054073,6.22277777,0.1034941177,-0.1519096971,0.1988552646,0,,,,,,,,0,28.61447131,77.21015644,8.000163378,,
11.89,5.36306525,-5.514097168,6.185326478,0.1048254409,-0.1574015021,0.2000613484,0,,,,,,,,0,28.61447202,77.21015633,8.000159393,,
11.9,5.467848914,-5.627187925,6.227363433,0.1062549836,-0.1526597817,0.2023226736,0,,,,,,,,0,28.61447274,77.21015622,8.000155506,,
11.91,5.441360338,-5.544098259,6.175432387,0.1012660292,-0.1563573879,0.1972654168,0,,,,,,,,0,28.61447345,77.2101561,8.000151713,,
11.92,5.371256657,-5.630840726,6.23722286,0.1034631965,-0.156084956,0.2020124977,0,,,,,,,,0,28.61447416,77.21015598,8.000148013,,
11.93,5.396508889,-5.579283281,6.265561036,0.1017628028,-0.1539330032,0.2025153862,0,,,,,,,,0,28.61447487,77.21015586,8.000144403,,
11.94,5.424521544,-5.561510367,6.221809751,0.1008932508,-0.1639696648,0.2012116934,0,,,,,,,,0,28.61447558,77.21015574,8.000140881,,
11.95,5.404999668,-5.572733674,6.236884035,0.1060189894,-0.1545709878,0.1983234288,0,,,,,,,,0,28.61447629,77.21015561,8.000137444,,
11.96,5.402461252,-5.672815781,6.215513337,0.1026541465,-0.1575318356,0.1985579271,0,,,,,,,,0,28.61447701,77.21015548,8.000134092,,
11.97,5.377524554,-5.672126287,6.189791335,0.1026600783,-0.156831802,0.1991253247,0,,,,,,,,0,28.61447772,77.21015536,8.000130822,,
11.98,5.45252332,-5.56348112,6.19734261,0.105660488,-0.1555858911,0.197610707,0,,,,,,,,0,28.61447843,77.21015522,8.000127631,,
11.99,5.490525956,-5.590243444,6.224273805,0.1091822926,-0.1554551272,0.2035136476,0,,,,,,,,0,28.61447914,77.21015509,8.000124518,,
12,5.371613665,-5.691009767,6.293907781,0.1076688571,-0.1492543557,0.1942055748,0,,,,,,,,0,28.61447985,77.21015495,8.000487335,,
12.01,5.357613407,-5.786539319,6.242864044,0.09773540547,-0.1497710168,0.1916164663,0,,,,,,,,0,28.61448055,77.21015482,8.001207156,,
12.02,5.264087731,-5.695358147,6.29046938,0.1011441071,-0.1476131207,0.1888121917,0,,,,,,,,0,28.61448126,77.21015468,8.002275274,,
12.03,5.181630423,-5.756252233,6.163191373,0.09418385196,-0.1409077113,0.1836100304,0,,,,,,,,0,28.61448197,77.21015453,8.003683194,,
12.04,5.244995562,-5.827621555,6.200046693,0.09595924988,-0.1359850409,0.1798513356,0,,,,,,,,0,28.61448268,77.21015439,8.005422628,,
12.05,5.194176781,-5.830354333,6.279999834,0.08843554125,-0.1416165826,0.176835255,0,,,,,,,,0,28.61448339,77.21015424,8.007485491,,
12.06,5.130223409,-5.836166309,6.147425085,0.09697711319,-0.1381129071,0.1759110583,0,,,,,,,,0,28.6144841,77.2101541,8.009863894,,
12.07,5.024225566,-5.866198248,6.268499694,0.09266454653,-0.1328255942,0.171788153,0,,,,,,,,0,28.61448481,77.21015395,8.01255014,,
12.08,5.092895632,-5.862973301,6.223443655,0.08693070756,-0.1300315404,0.1673678452,0,,,,,,,,0,28.61448551,77.21015379,8.015536722,,
12.09,4.969061075,-5.937857769,6.162472851,0.09067615761,-0.1272357929,0.1666290133,0,,,,,,,,0,28.61448622,77.21015364,8.018816314,,
12.1,4.945089557,-6.054445364,6.193451676,0.08286144443,-0.1255010393,0.1613321903,0,,,,,,,,0,28.61448693,77.21015348,8.02238177,,
12.11,5.049080455,-5.977349985,6.170959964,0.08711184355,-0.12449925,0.1590467202,0,,,,,,,,0,28.61448764,77.21015333,8.026226117,,
12.12,4.838280558,-5.962009383,6.092393547,0.08266367488,-0.1200856041,0.1600775407,0,,,,,,,,0,28.61448835,77.21015317,8.030342553,,
12.13,4.774906954,-6.096942344,6.199667174,0.08057450783,-0.1168632677,0.153792441,0,,,,,,,,0,28.61448905,77.21015301,8.034724442,,
12.14,4.844664145,-6.052643119,6.140602214,0.08078928703,-0.1158952104,0.15634573,0,,,,,,,,0,28.61448976,77.21015284,8.039365309,,
12.15,4.732582653,-6.118578926,6.317906182,0.07249043089,-0.1106792105,0.1530260965,0,,,,,,,,0,28.61449047,77.21015268,8.044258838,,
12.16,4.795420701,-6.078720892,6.20923902,0.07856681248,-0.1140036643,0.1458316479,0,,,,,,,,0,28.61449118,77.21015251,8.049398867,,
12.17,4.691002052,-6.036442246,6.160382798,0.08137467699,-0.106041735,0.1412597557,0,,,,,,,,0,28.61449189,77.21015235,8.054779382,,
12.18,4.677644456,-6.119278708,6.106456464,0.07496031703,-0.1070696471,0.1388626327,0,,,,,,,,0,28.6144926,77.21015218,8.060394519,,
12.19,4.702717134,-6.173707965,6.196877954,0.07337969042,-0.1075337978,0.138332127,0,,,,,,,,0,28.61449331,77.21015201,8.066238555,,
12.2,4.61122977,-6.23003044,6.162443361,0.07624304608,-0.09806946946,0.1356101906,0,,,,,,,,0,28.61449402,77.21015183,8.072305908,,
12.21,4.69657525,-6.215152103,6.1846186,0.06839924672,-0.1049820167,0.1295547496,0,,,,,,,,0,28.61449473,77.21015166,8.078591129,,
12.22,4.594658873,-6.096141937,6.213041141,0.06852999913,-0.09752721543,0.1320800398,0,,,,,,,,0,28.61449544,77.21015149,8.085088907,,
12.23,4.605234948,-6.208019257,6.278479976,0.06624016945,-0.09951474457,0.1318033933,0,,,,,,,,0,28.61449615,77.21015131,8.091794055,,
12.24,4.55080281,-6.228674399,6.086499769,0.06790294463,-0.08979752421,0.1272277767,0,,,,,,,,0,28.61449686,77.21015113,8.098701517,,
12.25,4.534061837,-6.247882034,6.293217873,0.06485692137,-0.09083385422,0.1270280971,0,,,,,,,,0,28.61449757,77.21015095,8.105806359,,
12.26,4.46109024,-6.304061722,6.168233949,0.06544297208,-0.09216408816,0.1171455072,0,,,,,,,,0,28.61449828,77.21015077,8.113103764,,
12.27,4.441686647,-6.18663107,6.144945269,0.06430137948,-0.08941048901,0.1177595138,0,,,,,,,,0,28.61449899,77.21015059,8.120589038,,
12.28,4.479588233,-6.308221259,6.089419129,0.05742352721,-0.09227133895,0.1177071514,0,,,,,,,,0,28.6144997,77.2101504,8.128257598,,
12.29,4.480391431,-6.344065575,6.125375142,0.05711864002,-0.08594380206,0.1126801609,0,,,,,,,,0,28.61450042,77.21015022,8.136104974,,
12.3,4.453314627,-6.331293724,6.130411209,0.06203884891,-0.07995667267,0.1102775311,0,,,,,,,,0,28.61450113,77.21015003,8.144126804,,
12.31,4.445047991,-6.3665857,6.177938045,0.05879586533,-0.08158777092,0.1100770695,0,,,,,,,,0,28.61450184,77.21014984,8.152318833,,
12.32,4.380898888,-6.39504203,6.153453586,0.06335793024,-0.07911063961,0.1119347439,0,,,,,,,,0,28.61450256,77.21014965,8.16067691,,
12.33,4.27518455,-6.371981517,6.272441276,0.05522501179,-0.08089705139,0.1027630165,0,,,,,,,,0,28.61450327,77.21014946,8.169196986,,
12.34,4.301329701,-6.386441584,6.161298328,0.05711309486,-0.07548975646,0.1063949327,0,,,,,,,,0,28.61450399,77.21014927,8.177875108,,
12.35,4.333453346,-6.441353326,6.145674071,0.05408544864,-0.07312023167,0.09874781158,0,,,,,,,,0,28.6145047,77.21014907,8.186707423,,
12.36,4.31607607,-6.42128343,6.271423693,0.05398423773,-0.07173484335,0.1026999651,0,,,,,,,,0,28.61450542,77.21014888,8.195690168,,
12.37,4.29394684,-6.427809537,6.178160532,0.05247746146,-0.06905727737,0.09978584117,0,,,,,,,,0,28.61450613,77.21014868,8.204819676,,
12.38,4.277933936,-6.499171755,6.228153648,0.05391849272,-0.06803645526,0.09939651274,0,,,,,,,,0,28.61450685,77.21014849,8.214092367,,
12.39,4.216286364,-6.483013504,6.16264001,0.05368317062,-0.07102003022,0.09524821207,0,,,,,,,,0,28.61450757,77.21014829,8.223504749,,
12.4,4.249328896,-6.504057424,6.183360719,0.05247071945,-0.06947359329,0.09436163545,0,,,,,,,,0,28.61450829,77.21014809,8.233053413,,
12.41,4.163856639,-6.447841208,6.236576135,0.04680196075,-0.07051570011,0.09054185164,0,,,,,,,,0,28.61450901,77.21014789,8.242735037,,
12.42,4.161829112,-6.55583297,6.111734139,0.05043083481,-0.06697681564,0.090558078,0,,,,,,,,0,28.61450973,77.21014768,8.252546378,,
12.43,4.120854647,-6.46293235,6.247120653,0.04698049743,-0.06290906635,0.09137054505,0,,,,,,,,0,28.61451045,77.21014748,8.262484271,,
12.44,4.155579881,-6.537683618,6.066360377,0.04321964102,-0.06001915502,0.08805882464,0,,,,,,,,0,28.61451117,77.21014728,8.27254563,,
12.45,4.09727857,-6.505875369,6.165871464,0.05175479305,-0.06441179548,0.08374787231,0,,,,,,,,0,28.61451189,77.21014707,8.282727444,,
12.46,4.217303357,-6.643593477,6.164530078,0.04581821195,-0.06303318173,0.08165654922,0,,,,,,,,0,28.61451261,77.21014686,8.293026775,,
12.47,4.148878135,-6.521596005,6.183808835,0.0441884085,-0.06133784411,0.08151289324,0,,,,,,,,0,28.61451334,77.21014665,8.303440756,,
12.48,4.099859804,-6.590748065,6.192470163,0.04082251445,-0.06135115977,0.08303669769,0,,,,,,,,0,28.61451406,77.21014645,8.313966591,,
12.49,4.064851236,-6.555738354,6.289757305,0.04956139266,-0.06027864725,0.08537892139,0,,,,,,,,0,28.61451478,77.21014624,8.324601552,,
12.5,4.07626176,-6.565454927,6.097019156,0.03855319993,-0.06403015945,0.08197218615,0,,,,,,,,0,28.61451551,77.21014602,8.335342978,,
12.51,4.051924912,-6.533674054,6.204858502,0.04321885425,-0.05757947923,0.08007465655,0,,,,,,,,0,28.61451624,77.21014581,8.346188271,,
12.52,4.02198402,-6.558615791,6.207204595,0.04100754122,-0.05622349114,0.07440019645,0,,,,,,,,0,28.61451696,77.2101456,8.357134899,,
12.53,3.990804861,-6.605257594,6.138572646,0.04125026386,-0.05745269364,0.07542484428,0,,,,,,,,0,28.61451769,77.21014538,8.368180389,,
12.54,4.024910275,-6.599223857,6.140045292,0.04097768324,-0.0542291032,0.0707639524,0,,,,,,,,0,28.61451842,77.21014517,8.379322331,,
12.55,3.967353703,-6.605401482,6.102671465,0.04283487678,-0.05021376442,0.07670374157,0,,,,,,,,0,28.61451915,77.21014495,8.390558371,,
12.56,3.91792538,-6.593664431,6.186708385,0.03705019086,-0.04364420251,0.06741812104,0,,,,,,,,0,28.61451988,77.21014473,8.401886216,,
12.57,3.898060855,-6.635938702,6.225579277,0.03963372494,-0.0484449805,0.0705202576,0,,,,,,,,0,28.61452061,77.21014452,8.413303625,,
12.58,3.865866724,-6.655607078,6.144902832,0.03508110593,-0.04847177967,0.06270930547,0,,,,,,,,0,28.61452134,77.2101443,8.424808415,,
12.59,3.898568472,-6.66015343,6.159617917,0.03461565705,-0.04657935798,0.06959120019,0,,,,,,,,0,28.61452207,77.21014408,8.436398454,,
12.6,3.892087188,-6.582378906,6.209142137,0.0422503878,-0.04166082336,0.06998971961,0,,,,,,,,0,28.61452281,77.21014385,8.448071662,,
12.61,3.949053928,-6.615862416,6.165605385,0.03464105062,-0.04896312704,0.06704052523,0,,,,,,,,0,28.61452354,77.21014363,8.459826012,,
12.62,3.918211407,-6.69876284,6.134526671,0.03796981394,-0.05043560979,0.0676945519,0,,,,,,,,0,28.61452427,77.21014341,8.471659524,,
12.63,3.8194313,-6.691305678,6.156228119,0.0375696988,-0.04601856215,0.06427200432,0,,,,,,,,0,28.61452501,77.21014318,8.483570267,,
12.64,3.905798186,-6.681103309,6.144314871,0.03456992804,-0.0482864969,0.06005695668,0,,,,,,,,0,28.61452575,77.21014296,8.495556358,,
12.65,3.853083718,-6.738438917,6.194410402,0.041679129,-0.04299017586,0.05729992478,0,,,,,,,,0,28.61452649,77.21014273,8.507615959,,
12.66,3.875701386,-6.655480174,6.223467079,0.03503379206,-0.03801028921,0.06346293701,0,,,,,,,,0,28.61452722,77.2101425,8.519747277,,
12.67,3.819137938,-6.698315734,6.125308924,0.03104766094,-0.0408225186,0.06280817986,0,,,,,,,,0,28.61452796,77.21014228,8.531948563,,
12.68,3.769046969,-6.727778924,6.140497765,0.02935672968,-0.03750916889,0.06036957243,0,,,,,,,,0,28.6145287,77.21014205,8.54421811,,
12.69,3.800834518,-6.719778142,6.187279941,0.03131791628,-0.03853230264,0.06294389571,0,,,,,,,,0,28.61452945,77.21014182,8.556554254,,
12.7,3.680610546,-6.693545741,6.188534011,0.03206371789,-0.03901388676,0.05845116038,0,,,,,,,,0,28.61453019,77.21014159,8.56895537,,
12.71,3.876640114,-6.795631642,6.128437263,0.03716910041,-0.03412591047,0.05670569932,0,,,,,,,,0,28.61453093,77.21014135,8.581419873,,
12.72,3.731217926,-6.671966684,6.158299277,0.02874229186,-0.03850955082,0.05673850572,0,,,,,,,,0,28.61453168,77.21014112,8.593946217,,
12.73,3.794763977,-6.747308178,6.269354969,0.02680541198,-0.03771134344,0.05737314107,0,,,,,,,,0,28.61453242,77.21014089,8.606532895,,
12.74,3.844655092,-6.692230146,6.194052729,0.02870763416,-0.03944578883,0.05022765269,0,,,,,,,,0,28.61453317,77.21014065,8.619178434,,
12.75,3.704702184,-6.747279643,6.167830569,0.02926661251,-0.03650300815,0.0528939325,0,,,,,,,,0,28.61453391,77.21014042,8.631881399,,
12.76,3.724655777,-6.730008713,6.233653975,0.03019636938,-0.03711768372,0.05047350034,0,,,,,,,,0,28.61453466,77.21014018,8.64464039,,
12.77,3.736686945,-6.714141305,6.161425206,0.02801571293,-0.03436437529,0.04800577353,0,,,,,,,,0,28.61453541,77.21013994,8.657454039,,
12.78,3.673425909,-6.807230229,6.051418236,0.02870762521,-0.0280826708,0.05218366153,0,,,,,,,,0,28.61453616,77.21013971,8.670321013,,
12.79,3.835141081,-6.785173721,6.118693399,0.03011887743,-0.03310492476,0.04865968461,0,,,,,,,,0,28.61453691,77.21013947,8.683240013,,
12.8,3.749746962,-6.771846213,6.151228286,0.02215044791,-0.03652999355,0.04552772426,0,,,,,,,,0,28.61453766,77.21013923,8.696209769,,
12.81,3.712713636,-6.691546511,6.146988497,0.02723748967,-0.02761774645,0.04783217818,0,,,,,,,,0,28.61453842,77.21013899,8.709229043,,
12.82,3.686385206,-6.78781471,6.161421191,0.02764914082,-0.02845720531,0.04873256742,0,,,,,,,,0,28.61453917,77.21013875,8.722296627,,
12.83,3.692748871,-6.791030352,6.284767279,0.02870825905,-0.0308205351,0.04523017923,0,,,,,,,,0,28.61453993,77.2101385,8.735411343,,
12.84,3.707106889,-6.759824759,6.206885105,0.03217683543,-0.03188737226,0.04034048032,0,,,,,,,,0,28.61454068,77.21013826,8.748572042,,
12.85,3.655202518,-6.722493909,6.18665885,0.02583986135,-0.02526651405,0.0445791112,0,,,,,,,,0,28.61454144,77.21013802,8.761777602,,
12.86,3.652311365,-6.798518435,6.223766747,0.02122974598,-0.02440214516,0.04724376498,0,,,,,,,,0,28.6145422,77.21013777,8.775026929,,
12.87,3.631010588,-6.829984423,6.185485064,0.02333010453,-0.02726526171,0.04468833436,0,,,,,,,,0,28.61454296,77.21013753,8.788318955,,
12.88,3.614778358,-6.778248147,6.164160065,0.01903939427,-0.02559848405,0.04755178684,0,,,,,,,,0,28.61454372,77.21013728,8.801652639,,
12.89,3.686550465,-6.760835664,6.241328756,0.02875731423,-0.02198713834,0.04444578577,0,,,,,,,,0,28.61454448,77.21013704,8.815026965,,
12.9,3.628214958,-6.832619667,6.176497944,0.02722391483,-0.02397075028,0.04255040183,0,,,,,,,,0,28.61454524,77.21013679,8.828440941,,
12.91,3.577889487,-6.881105482,6.171096458,0.0256672591,-0.0250170631,0.04089296461,0,,,,,,,,0,28.614546,77.21013654,8.841893601,,
12.92,3.540314329,-6.832691342,6.103498921,0.02433098183,-0.02135907888,0.03737793397,0,,,,,,,,0,28.61454677,77.21013629,8.855384001,,
12.93,3.602614416,-6.826234303,6.206117937,0.02438230218,-0.02595732517,0.03974838999,0,,,,,,,,0,28.61454753,77.21013604,8.868911221,,
12.94,3.547293821,-6.899598162,6.232431129,0.0247281539,-0.02540966488,0.03909928887,0,,,,,,,,0,28.6145483,77.21013579,8.882474362,,
12.95,3.636710652,-6.904156447,6.178356942,0.02403651993,-0.03406497281,0.03999232979,0,,,,,,,,0,28.61454907,77.21013554,8.896072548,,
12.96,3.691663102,-6.789123693,6.186338046,0.02352380349,-0.02529023786,0.03789508789,0,,,,,,,,0,28.61454984,77.21013529,8.909704925,,
12.97,3.619444067,-6.872749439,6.19132384,0.02231280659,-0.02305397287,0.03965784536,0,,,,,,,,0,28.61455061,77.21013504,8.923370659,,
12.98,3.592899732,-6.883056384,6.227167964,0.02102759708,-0.01972290362,0.03893125881,0,,,,,,,,0,28.61455138,77.21013478,8.937068935,,
12.99,3.527611145,-6.903153606,6.174774584,0.02402744562,-0.02312106437,0.03713178523,0,,,,,,,,0,28.61455215,77.21013453,8.950798961,,
13,3.542917927,-6.884447777,6.198802809,0.02676071589,-0.01930579153,0.03785356469,0,,,,,,,,0,28.61455292,77.21013427,8.964559962,,
13.01,3.566220138,-6.812573592,6.157243943,0.02273417692,-0.02401771433,0.03680310474,0,,,,,,,,0,28.6145537,77.21013402,8.978351183,,
13.02,3.606127963,-6.886212176,6.166590907,0.01860218499,-0.0233796439,0.03283914371,0,,,,,,,,0,28.61455447,77.21013376,8.992171885,,
13.03,3.545612506,-6.90210876,6.223289285,0.0227124755,-0.01907160684,0.03157677005,0,,,,,,,,0,28.61455525,77.21013351,9.006021352,,
13.04,3.497867597,-6.841893923,6.216870655,0.01886607458,-0.01820817537,0.03609331908,0,,,,,,,,0,28.61455603,77.21013325,9.01989888,,
13.05,3.600087072,-6.77255653,6.185145389,0.02154680641,-0.02069989644,0.03493851265,0,,,,,,,,0,28.61455681,77.21013299,9.033803785,,
13.06,3.53567213,-6.888866426,6.253831534,0.02397297187,-0.0212772301,0.032031045,0,,,,,,,,0,28.61455759,77.21013273,9.0477354,,
13.07,3.560803157,-6.913791977,6.252952153,0.02228283375,-0.02307273078,0.03329675469,0,,,,,,,,0,28.61455837,77.21013247,9.061693073,,
13.08,3.588811907,-6.968757853,6.212293375,0.02172785854,-0.02363118806,0.03491604177,0,,,,,,,,0,28.61455915,77.21013221,9.075676169,,
13.09,3.528164544,-6.876553994,6.184369922,0.01961756283,-0.01720541931,0.02833764143,0,,,,,,,,0,28.61455993,77.21013195,9.089684067,,
13.1,3.471495797,-6.926054661,6.233250715,0.01924719891,-0.02172704713,0.03033505615,0,,,,,,,,0,28.61456072,77.21013169,9.103716163,,
13.11,3.498247135,-6.907661967,6.193195228,0.01930251215,-0.01960452049,0.03138862366,0,,,,,,,,0,28.6145615,77.21013143,9.117771867,,
13.12,3.471037981,-6.889583199,6.225083415,0.01666367251,-0.02538331374,0.02552165168,0,,,,,,,,0,28.61456229,77.21013116,9.131850601,,
13.13,3.345440699,-6.880539771,6.254932734,0.02039158032,-0.016532872,0.02913689669,0,,,,,,,,0,28.61456308,77.2101309,9.145951806,,
13.14,3.486994473,-6.897828069,6.19403986,0.01881983792,-0.01366390199,0.02719345276,0,,,,,,,,0,28.61456387,77.21013063,9.160074933,,
13.15,3.521994822,-6.887969285,6.206629663,0.02412671742,-0.02478441704,0.03034071421,0,,,,,,,,0,28.61456466,77.21013037,9.174219447,,
13.16,3.487904929,-6.827035407,6.14975861,0.01922713814,-0.01735898655,0.0295467208,0,,,,,,,,0,28.61456545,77.2101301,9.188384826,,
13.17,3.497757988,-6.907978843,6.139725726,0.01577844984,-0.01367058512,0.0282792368,0,,,,,,,,0,28.61456624,77.21012984,9.202570562,,
13.18,3.454490282,-6.849560214,6.164306777,0.02028897168,-0.01314982389,0.02719968884,0,,,,,,,,0,28.61456704,77.21012957,9.216776158,,
13.19,3.421760665,-6.964198975,6.335442188,0.01257195813,-0.0138676009,0.02634867101,0,,,,,,,,0,28.61456783,77.2101293,9.23100113,,
13.2,3.387779442,-6.879774209,6.207720256,0.01544490193,-0.01822544921,0.0238370875,0,,,,,,,,0,28.61456863,77.21012903,9.245245005,,
13.21,3.55589723,-6.847271846,6.24020844,0.01573946025,-0.01001647063,0.02952810777,0,,,,,,,,0,28.61456942,77.21012877,9.259507322,,
13.22,3.476028653,-6.91214877,6.265854253,0.01573579865,-0.01063590917,0.02661189535,0,,,,,,,,0,28.61457022,77.2101285,9.273787631,,
13.23,3.445158607,-6.847960064,6.13003904,0.01658776945,-0.01541840961,0.02631807799,0,,,,,,,,0,28.61457102,77.21012823,9.288085494,,
13.24,3.506166069,-6.87343204,6.238447177,0.01897098588,-0.01470022995,0.0247893727,0,,,,,,,,0,28.61457182,77.21012796,9.302400482,,
13.25,3.43435379,-6.999039592,6.251023274,0.01680505232,-0.01678887054,0.03101979037,0,,,,,,,,0,28.61457262,77.21012768,9.316732177,,
13.26,3.447488538,-6.878754789,6.150299521,0.0217628835,-0.01654836184,0.02873083363,0,,,,,,,,0,28.61457343,77.21012741,9.331080173,,
13.27,3.400295701,-6.900191392,6.330492823,0.01307474679,-0.01222786712,0.02220390377,0,,,,,,,,0,28.61457423,77.21012714,9.345444071,,
13.28,3.39156471,-6.881906113,6.181406037,0.01554564862,-0.01169189079,0.0255033675,0,,,,,,,,0,28.61457504,77.21012687,9.359823484,,
13.29,3.477337045,-6.907612957,6.258685447,0.01381373762,-0.01195979229,0.0242613244,0,,,,,,,,0,28.61457584,77.21012659,9.374218033,,
13.3,3.363723542,-6.854590802,6.254572448,0.01660897741,-0.01242678428,0.02739072654,0,,,,,,,,0,28.61457665,77.21012632,9.388627349,,
13.31,3.394614906,-6.855812212,6.156819389,0.02019462442,-0.01491038818,0.02848560942,0,,,,,,,,0,28.61457746,77.21012604,9.403051073,,
13.32,3.423022496,-6.917564717,6.164932057,0.01577750735,-0.01369918715,0.02647025549,0,,,,,,,,0,28.61457827,77.21012577,9.417488851,,
13.33,3.421093604,-6.909167676,6.277621188,0.009304460528,-0.01034674545,0.02285571555,0,,,,,,,,0,28.61457908,77.21012549,9.431940343,,
13.34,3.453931561,-6.924430529,6.181844446,0.0159425891,-0.01040173355,0.02024724364,0,,,,,,,,0,28.6145799,77.21012521,9.446405212,,
13.35,3.407405538,-6.905633241,6.149372871,0.02107879408,-0.008010343918,0.02241584755,0,,,,,,,,0,28.61458071,77.21012494,9.460883134,,
13.36,3.366152689,-6.88817204,6.293334086,0.01482296618,-0.01385895036,0.02499049436,0,,,,,,,,0,28.61458152,77.21012466,9.475373789,,
13.37,3.411596528,-6.948549211,6.245772183,0.01370405518,-0.01432468388,0.0215673148,0,,,,,,,,0,28.61458234,77.21012438,9.489876868,,
13.38,3.407253597,-6.988793623,6.160932532,0.01187938249,-0.009036006523,0.02202597633,0,,,,,,,,0,28.61458316,77.2101241,9.504392066,,
13.39,3.446076881,-6.928743163,6.216079449,0.008810419286,-0.01493519197,0.02342059918,0,,,,,,,,0,28.61458398,77.21012382,9.518919089,,
13.4,3.423400745,-6.930327201,6.266772688,0.01184940611,-0.01415985946,0.02350112649,0,,,,,,,,0,28.6145848,77.21012354,9.533457648,,
13.41,3.399847591,-6.87794501,6.257473413,0.01726840184,-0.009004764408,0.02705168886,0,,,,,,,,0,28.61458562,77.21012326,9.548007461,,
13.42,3.48890272,-6.929564552,6.147928,0.01815821031,-0.004941088917,0.01965740764,0,,,,,,,,0,28.61458644,77.21012298,9.562568255,,
13.43,3.412323749,-6.893139279,6.210691415,0.01369183116,-0.009642145443,0.02154530121,0,,,,,,,,0,28.61458726,77.2101227,9.577139761,,
13.44,3.448181676,-6.901355718,6.194472205,0.0155733742,-0.009135221277,0.02294990114,0,,,,,,,,0,28.61458809,77.21012241,9.591721718,,
13.45,3.372638742,-7.021126323,6.163240624,0.01812734721,-0.005549053482,0.01864679387,0,,,,,,,,0,28.61458891,77.21012213,9.606313871,,
13.46,3.399778332,-7.03608427,6.27809068,0.01605190798,-0.01327849043,0.01950618196,0,,,,,,,,0,28.61458974,77.21012185,9.620915972,,
13.47,3.368337003,-6.960154312,6.254568556,0.01263735119,-0.00505251978,0.02345715911,0,,,,,,,,0,28.61459057,77.21012156,9.635527777,,
13.48,3.441973655,-6.922534295,6.246001319,0.013912686,-0.009867904194,0.01570377407,0,,,,,,,,0,28.6145914,77.21012128,9.650149051,,
13.49,3.391274381,-6.805253742,6.25996965,0.01440979216,-0.009475205536,0.01838488659,0,,,,,,,,0,28.61459223,77.21012099,9.664779562,,
13.5,3.422621483,-6.91975543,6.212849073,0.009811395145,-0.01007898895,0.01963720435,0,,,,,,,,0,28.61459306,77.2101207,9.679419085,,
13.51,3.317348468,-6.873429918,6.19415695,0.0144458835,-0.01197754045,0.02339954135,0,,,,,,,,0,28.6145939,77.21012042,9.6940674,,
13.52,3.427893448,-6.984090891,6.154747405,0.01610735577,-0.007355308909,0.01804163841,0,,,,,,,,0,28.61459473,77.21012013,9.708724292,,
13.53,3.384126743,-6.920661646,6.203599869,0.01551271897,-0.009710156956,0.01924177851,0,,,,,,,,0,28.61459557,77.21011984,9.723389554,,
13.54,3.353959651,-6.946733681,6.200687929,0.01632188342,-0.01130326997,0.01817057765,0,,,,,,,,0,28.6145964,77.21011955,9.738062979,,
13.55,3.350922511,-7.01401961,6.173839319,0.01719289652,-0.008659557377,0.02339490278,0,,,,,,,,0,28.61459724,77.21011927,9.75274437,,
13.56,3.322068421,-6.904276903,6.293192324,0.01767616578,-0.007865814259,0.02113617169,0,,,,,,,,0,28.61459808,77.21011898,9.767433532,,
13.57,3.293257956,-6.87675359,6.283460571,0.01399931599,-0.004356144733,0.01385594636,0,,,,,,,,0,28.61459892,77.21011869,9.782130275,,
13.58,3.374612365,-6.900538272,6.306491562,0.008741507209,-0.009872147882,0.01740439215,0,,,,,,,,0,28.61459976,77.2101184,9.796834414,,
13.59,3.364411967,-6.960286609,6.202021666,0.01416211237,-0.01023674843,0.01831319693,0,,,,,,,,0,28.61460061,77.2101181,9.81154577,,
13.6,3.362948247,-6.942225141,6.231011529,0.01775304653,-0.009484100186,0.01702614328,0,,,,,,,,0,28.61460145,77.21011781,9.826264166,,
13.61,3.349005973,-6.912890171,6.216997629,0.01244264983,-0.005365189069,0.02014776078,0,,,,,,,,0,28.6146023,77.21011752,9.84098943,,
13.62,3.383941461,-6.963252446,6.253824012,0.01250910704,-0.001425688986,0.01384304133,0,,,,,,,,0,28.61460314,77.21011723,9.855721395,,
13.63,3.324724597,-6.940328302,6.199859316,0.01133867357,-0.005837040539,0.01200816068,0,,,,,,,,0,28.61460399,77.21011693,9.870459898,,
13.64,3.307206827,-6.933060707,6.172502635,0.01104471349,-0.008957779779,0.01796120959,0,,,,,,,,0,28.61460484,77.21011664,9.885204778,,
13.65,3.369784701,-6.982188998,6.245429301,0.01333522335,-0.005098287055,0.01575347481,0,,,,,,,,0,28.61460569,77.21011635,9.899955881,,
13.66,3.320288346,-7.027355194,6.253626832,0.008608383536,-0.007923823425,0.01363002774,0,,,,,,,,0,28.61460654,77.21011605,9.914713055,,
13.67,3.423986784,-6.86479631,6.250368361,0.007839144449,-0.008189927704,0.01906554873,0,,,,,,,,0,28.6146074,77.21011576,9.929476151,,
13.68,3.334341145,-6.984521698,6.278957489,0.009977349446,-0.002758156324,0.0199842896,0,,,,,,,,0,28.61460825,77.21011546,9.944245026,,
13.69,3.349989003,-6.992825899,6.210967858,0.01102237762,-0.00731901237,0.02027826639,0,,,,,,,,0,28.61460911,77.21011516,9.959019537,,
13.7,3.321296435,-6.984757106,6.119600235,0.0113678698,-0.004628765485,0.01262314493,0,,,,,,,,0,28.61460996,77.21011487,9.973799548,,
13.71,3.349886128,-6.914704451,6.252522769,0.01430049803,-0.005835647047,0.01822558528,0,,,,,,,,0,28.61461082,77.21011457,9.988584925,,
13.72,3.387432858,-6.964900807,6.170106783,0.01592414704,-0.001943422584,0.01729130123,0,,,,,,,,0,28.61461168,77.21011427,10.00337554,,
13.73,3.314606794,-6.870907267,6.200159589,0.008908045422,-0.004916574607,0.01968318145,0,,,,,,,,0,28.61461254,77.21011397,10.01817126,,
13.74,3.338825206,-6.892167674,6.297652437,0.009517713891,-0.004183962484,0.01674492906,0,,,,,,,,0,28.6146134,77.21011367,10.03297196,,
13.75,3.290109261,-7.019515205,6.180003919,0.01409697837,-0.009428225992,0.01732967318,0,,,,,,,,0,28.61461427,77.21011337,10.04777752,,
13.76,3.325252575,-6.970888095,6.206470698,0.01261437713,-0.007648970905,0.01747379714,0,,,,,,,,0,28.61461513,77.21011307,10.06258782,,
13.77,3.345668828,-6.887777338,6.20610109,0.009758430712,-0.003240826001,0.01475956164,0,,,,,,,,0,28.614616,77.21011277,10.07740275,,
13.78,3.380270652,-6.985814901,6.249312501,0.01060200525,-0.007983321347,0.01439035464,0,,,,,,,,0,28.61461686,77.21011247,10.0922222,,
13.79,3.281807503,-7.033560353,6.280855336,0.01159682285,-0.007583522186,0.01842055774,0,,,,,,,,0,28.61461773,77.21011217,10.10704605,,
13.8,3.389134936,-6.948345299,6.226589599,0.00978245381,-0.004018445093,0.01636108315,0,,,,,,,,0,28.6146186,77.21011187,10.12187419,,
13.81,3.310583442,-6.901125504,6.143307383,0.008156029727,-0.005406956689,0.01844780175,0,,,,,,,,0,28.61461947,77.21011157,10.13670653,,
13.82,3.297504506,-6.867588903,6.230532847,0.01319047555,-0.009275737389,0.01565674409,0,,,,,,,,0,28.61462034,77.21011126,10.15154296,,
13.83,3.306138133,-7.009731701,6.345574857,0.005611582843,-0.006451241466,0.01922338826,0,,,,,,,,0,28.61462122,77.21011096,10.16638337,,
13.84,3.373829714,-6.892144944,6.268843539,0.009927178871,-0.01274750116,0.01187449966,0,,,,,,,,0,28.61462209,77.21011065,10.18122768,,
13.85,3.24664233,-6.923965066,6.328308466,0.005982372161,-0.003495604592,0.01472624542,0,,,,,,,,0,28.61462297,77.21011035,10.19607579,,
13.86,3.350638536,-6.973973386,6.274687946,0.006417422437,-0.003582828207,0.01484975011,0,,,,,,,,0,28.61462384,77.21011004,10.2109276,,
13.87,3.287940887,-6.963715862,6.222474478,0.01412105033,-0.002753120159,0.018578823,0,,,,,,,,0,28.61462472,77.21010974,10.22578302,,
13.88,3.241840569,-6.986239034,6.384557546,0.016154172,-0.006264734612,0.01860703136,0,,,,,,,,0,28.6146256,77.21010943,10.24064197,,
13.89,3.261316932,-6.962930459,6.19088309,0.008149409616,-0.01248965177,0.01808035661,0,,,,,,,,0,28.61462648,77.21010912,10.25550436,,
13.9,3.345724659,-7.038301473,6.274564298,0.008756028292,-0.006725814798,0.01448286446,0,,,,,,,,0,28.61462736,77.21010882,10.27037011,,
13.91,3.330493812,-6.909370572,6.29237537,0.01306697675,-0.004566769724,0.01273167337,0,,,,,,,,0,28.61462825,77.21010851,10.28523913,,
13.92,3.236021449,-6.93777599,6.244520066,0.008532691241,-0.005302144901,0.01207496782,0,,,,,,,,0,28.61462913,77.2101082,10.30011135,,
13.93,3.340920923,-7.021266331,6.260500624,0.008438830222,-0.003322661891,0.01626637502,0,,,,,,,,0,28.61463002,77.21010789,10.31498668,,
13.94,3.367365714,-7.03280023,6.363390913,0.01136917594,-0.006149069517,0.01738528926,0,,,,,,,,0,28.6146309,77.21010758,10.32986505,,
13.95,3.351018605,-6.900764798,6.239944784,0.009701405972,-0.003622302739,0.01488405274,0,,,,,,,,0,28.61463179,77.21010727,10.34474639,,
13.96,3.316724414,-6.957312956,6.330842448,0.008552053153,-0.004488529813,0.01698643715,0,,,,,,,,0,28.61463268,77.21010696,10.35963063,,
13.97,3.271940174,-6.951399066,6.340332249,0.01009340971,-0.00494116184,0.01862640367,0,,,,,,,,0,28.61463357,77.21010665,10.37451769,,
13.98,3.389074766,-7.025226405,6.196835133,0.008415959306,-0.005545443155,0.007953949874,0,,,,,,,,0,28.61463447,77.21010634,10.3894075,,
13.99,3.307799395,-7.000397165,6.24869737,0.01037158379,-0.004629272243,0.01366461391,0,,,,,,,,0,28.61463536,77.21010603,10.4043,,
14,3.306013286,-7.055071022,6.200517846,0.003110962071,-0.009057766031,0.01421737052,0,,,,,,,,0,28.61463625,77.21010572,10.41919512,,
14.01,3.298200021,-6.95747774,6.169560379,0.007337681573,-0.01249622465,0.01624025882,0,,,,,,,,0,28.61463715,77.2101054,10.4340928,,
14.02,3.271995713,-7.059192565,6.228706526,0.01129290655,-0.005098967842,0.005572629495,0,,,,,,,,0,28.61463805,77.21010509,10.44899298,,
14.03,3.384820663,-6.943479278,6.181634127,0.01730538918,0.0007261303461,0.01386773827,0,,,,,,,,0,28.61463894,77.21010478,10.46389559,,
14.04,3.308520854,-6.99107541,6.22024539,0.006629176332,-0.005803910479,0.01000789356,0,,,,,,,,0,28.61463984,77.21010446,10.47880057,,
14.05,3.21827328,-6.977958954,6.215285687,0.008304283073,-0.003321135028,0.01338242342,0,,,,,,,,0,28.61464075,77.21010415,10.49370788,,
14.06,3.262771993,-6.956367761,6.246138399,0.006228531697,-0.003450405703,0.01559535451,0,,,,,,,,0,28.61464165,77.21010383,10.50861744,,
14.07,3.352317372,-6.967518494,6.189081687,0.01226198071,-0.00424964878,0.01092835297,0,,,,,,,,0,28.61464255,77.21010352,10.52352921,,
14.08,3.349021411,-6.886230885,6.26100899,0.01520491672,-0.002481098804,0.0136931682,0,,,,,,,,0,28.61464346,77.2101032,10.53844313,,
14.09,3.305887122,-6.908247032,6.347196701,0.01110290746,-0.0003309189467,0.01394967492,0,,,,,,,,0,28.61464436,77.21010288,10.55335915,,
14.1,3.347039803,-7.035816959,6.232532197,0.0118250151,-0.005140339314,0.01149999884,0,,,,,,,,0,28.61464527,77.21010256,10.56827722,,
14.11,3.238884085,-6.959156379,6.154757956,0.007249539274,-0.002908714061,0.01166173372,0,,,,,,,,0,28.61464618,77.21010225,10.58319729,,
14.12,3.362846522,-6.944210296,6.18788522,0.01025758218,-0.00397200494,0.01593066795,0,,,,,,,,0,28.61464709,77.21010193,10.59811931,,
14.13,3.33130965,-6.954087355,6.233053199,0.004961166301,-0.005782200279,0.01503707516,0,,,,,,,,0,28.614648,77.21010161,10.61304323,,
14.14,3.248231433,-6.958651681,6.265599694,0.01249985077,-0.006182382994,0.0128785399,0,,,,,,,,0,28.61464891,77.21010129,10.627969,,
14.15,3.256007483,-6.959981919,6.214398136,0.01403578137,-0.007108486381,0.008875659009,0,,,,,,,,0,28.61464982,77.21010097,10.64289659,,
14.16,3.322784007,-6.986405016,6.308011177,0.008089098272,-0.0080899314,0.01298101515,0,,,,,,,,0,28.61465074,77.21010065,10.65782594,,
14.17,3.264333478,-6.923556853,6.320411018,0.002428077802,-0.001020278074,0.01036408042,0,,,,,,,,0,28.61465166,77.21010033,10.67275701,,
14.18,3.278866311,-7.008766213,6.197923777,0.01455007141,-0.004816547204,0.01569950659,0,,,,,,,,0,28.61465257,77.21010001,10.68768977,,
14.19,3.248770503,-7.019100548,6.268950213,0.0004910854034,-0.004259563083,0.01281329778,0,,,,,,,,0,28.61465349,77.21009969,10.70262416,,
14.2,3.202146462,-7.034635501,6.415629777,0.0181636779,-0.01068892224,0.01454236223,0,,,,,,,,0,28.61465441,77.21009936,10.71756016,,
14.21,3.283565514,-6.973026166,6.327270256,0.01016844536,0.003804926585,0.01343297038,0,,,,,,,,0,28.61465533,77.21009904,10.73249772,,
14.22,3.348537702,-7.019253165,6.313375663,0.007496895671,-0.003979567202,0.01924910482,0,,,,,,,,0,28.61465626,77.21009872,10.7474368,,
14.23,3.286391957,-6.991789064,6.236822824,0.009319161445,-0.005495235188,0.00875696163,0,,,,,,,,0,28.61465718,77.2100984,10.76237736,,
14.24,3.218118685,-7.004740176,6.305497035,0.01060294551,-0.004369768301,0.009875179456,0,,,,,,,,0,28.6146581,77.21009807,10.77731938,,
14.25,3.299944691,-6.989511883,6.213517905,0.01030069752,-0.002398973915,0.01400355594,0,,,,,,,,0,28.61465903,77.21009775,10.79226281,,
14.26,3.306906553,-6.910996688,6.283238347,0.008264262489,-0.002433919744,0.01932322892,0,,,,,,,,0,28.61465996,77.21009742,10.80720762,,
14.27,3.325528211,-7.019276652,6.255887958,0.007597975551,-0.005899817405,0.01485758683,0,,,,,,,,0,28.61466089,77.2100971,10.82215377,,
14.28,3.168168009,-6.958753307,6.233478923,0.008944459602,-0.008566132115,0.007521407237,0,,,,,,,,0,28.61466182,77.21009677,10.83710124,,
14.29,3.333021895,-6.938462948,6.208352914,0.01124785644,-0.0100179702,0.009397716963,0,,,,,,,,0,28.61466275,77.21009644,10.85204999,,
14.3,3.280304863,-6.953640067,6.277720898,0.01573695636,-7.620373057e-05,0.008659117048,0,,,,,,,,0,28.61466368,77.21009612,10.86699999,,
14.31,3.334045879,-6.870868204,6.25462462,0.009344833256,-0.00318344976,0.0121048928,0,,,,,,,,0,28.61466462,77.21009579,10.88195121,,
14.32,3.303297653,-6.942108349,6.215735938,0.01371267657,-0.004129330271,0.009971239156,0,,,,,,,,0,28.61466555,77.21009546,10.89690362,,
14.33,3.237373379,-7.055618393,6.160864184,0.008177734439,-0.000798695431,0.00643726777,0,,,,,,,,0,28.61466649,77.21009513,10.91185719,,
14.34,3.271166916,-6.946274497,6.260371864,0.01015981931,-0.003864891537,0.0184343234,0,,,,,,,,0,28.61466743,77.2100948,10.92681189,,
14.35,3.307432783,-7.026962617,6.283785598,0.006494572388,-0.005185065784,0.0131797776,0,,,,,,,,0,28.61466836,77.21009447,10.9417677,,
14.36,3.341935579,-6.88235758,6.281287413,0.01372510478,-0.005814730457,0.01118207148,0,,,,,,,,0,28.61466931,77.21009414,10.95672459,,
14.37,3.350313124,-7.071613486,6.323034213,0.009779583373,-0.006309194288,0.01533128378,0,,,,,,,,0,28.61467025,77.21009381,10.97168252,,
14.38,3.220549166,-6.95507913,6.306211301,0.01456028244,-0.003086266698,0.01277555538,0,,,,,,,,0,28.61467119,77.21009348,10.98664149,,
14.39,3.235064705,-6.988786831,6.224255184,0.01086847782,0.0007455877977,0.01549212145,0,,,,,,,,0,28.61467213,77.21009315,11.00160145,,
14.4,3.223692122,-7.025209612,6.343652621,0.008282221619,-0.001616654138,0.00911777535,0,,,,,,,,0,28.61467308,77.21009282,11.01656239,,
14.41,3.198694387,-6.969518965,6.204882068,0.009149049721,-0.002272824147,0.01141052312,0,,,,,,,,0,28.61467403,77.21009249,11.03152428,,
14.42,3.330253173,-6.974901205,6.289557898,0.01223722004,-0.00327529406,0.01282696898,0,,,,,,,,0,28.61467497,77.21009215,11.04648711,,
14.43,3.225859572,-7.036594523,6.272725781,0.009922052438,-0.007860538218,0.01366519326,0,,,,,,,,0,28.61467592,77.21009182,11.06145084,,
14.44,3.32949821,-7.023415011,6.237153842,0.0114981718,-0.00853979746,0.01582599062,0,,,,,,,,0,28.61467687,77.21009149,11.07641545,,
14.45,3.281905051,-6.944339773,6.238299379,0.01033300152,0.0001001243136,0.009514736363,0,,,,,,,,0,28.61467783,77.21009115,11.09138093,,
14.46,3.279145821,-6.979551789,6.387846768,0.00918865862,0.005318974707,0.009534647098,0,,,,,,,,0,28.61467878,77.21009082,11.10634725,,
14.47,3.246853718,-6.939337726,6.21042926,0.01299617408,-0.005856879783,0.007969766059,0,,,,,,,,0,28.61467973,77.21009048,11.12131439,,
14.48,3.290316495,-7.061273593,6.213091971,0.01128727777,-0.007127446437,0.01187980104,0,,,,,,,,0,28.61468069,77.21009015,11.13628233,,
14.49,3.313245545,-6.933079871,6.282909581,0.002481045338,-0.003954962145,0.01312349616,0,,,,,,,,0,28.61468165,77.21008981,11.15125105,,
14.5,3.214854703,-6.925052926,6.20218823,0.008014462981,-0.01121466513,0.01060647649,0,,,,,,,,0,28.61468261,77.21008947,11.16622054,,
14.51,3.269055475,-6.968958434,6.332595725,0.01254640485,0.002775879306,0.01215777023,0,,,,,,,,0,28.61468357,77.21008914,11.18119077,,
14.52,3.268362556,-7.047642705,6.221907873,0.01546742746,-0.001217476827,0.01386011366,0,,,,,,,,0,28.61468453,77.2100888,11.19616173,,
14.53,3.321768354,-6.943663034,6.293610795,0.01411174301,-0.008565482709,0.0137055583,0,,,,,,,,0,28.61468549,77.21008846,11.21113339,,
14.54,3.326063612,-6.953282844,6.249008573,0.006878462804,0.00338092374,0.009996522452,0,,,,,,,,0,28.61468645,77.21008812,11.22610575,,
14.55,3.189589878,-6.96406011,6.290772298,0.007361728038,-0.0021067348,0.01582968106,0,,,,,,,,0,28.61468742,77.21008778,11.24107878,,
14.56,3.301887364,-6.941972455,6.248979317,0.009420463763,-0.0009523139354,0.01291522226,0,,,,,,,,0,28.61468838,77.21008745,11.25605247,,
14.57,3.251739069,-6.961192291,6.205092342,0.005883518217,-0.004448527069,0.006593827004,0,,,,,,,,0,28.61468935,77.21008711,11.2710268,,
14.58,3.278779588,-6.932274934,6.34508477,0.009875213067,-0.002105049316,0.01436971374,0,,,,,,,,0,28.61469032,77.21008677,11.28600175,,
14.59,3.218242213,-7.021529813,6.182076204,0.01155592859,0.0008448170606,0.01531091646,0,,,,,,,,0,28.61469129,77.21008642,11.30097732,,
14.6,3.325996454,-6.957097064,6.302734169,0.01138656294,-0.001349536609,0.01229932285,0,,,,,,,,0,28.61469226,77.21008608,11.31595348,,
14.61,3.261593679,-6.966823285,6.259740176,0.01005794162,-0.002409164989,0.005575678161,0,,,,,,,,0,28.61469323,77.21008574,11.33093023,,
14.62,3.24745655,-6.876226614,6.232332347,0.006795730756,-0.001633478295,0.005519613171,0,,,,,,,,0,28.61469421,77.2100854,11.34590754,,
14.63,3.335696621,-6.981988571,6.305900426,0.007929840804,-0.00399294753,0.01077579657,0,,,,,,,,0,28.61469518,77.21008506,11.3608854,,
14.64,3.332742083,-6.913243742,6.275983163,0.003125926172,-0.004362014259,0.009747910159,0,,,,,,,,0,28.61469616,77.21008471,11.37586381,,
14.65,3.262744067,-6.944641059,6.257949086,0.007001632266,-0.002682896931,0.01175495655,0,,,,,,,,0,28.61469713,77.21008437,11.39084274,,
14.66,3.224318847,-7.090681268,6.300726571,0.006400760835,-0.001146413331,0.01296664098,0,,,,,,,,0,28.61469811,77.21008403,11.40582218,,
14.67,3.21584238,-6.923797351,6.16213045,0.01472576326,0.000995975136,0.01215611557,0,,,,,,,,0,28.61469909,77.21008368,11.42080213,,
14.68,3.208186586,-7.039888224,6.19364733,0.01180959803,0.0008529426712,0.01368093663,0,,,,,,,,0,28.61470007,77.21008334,11.43578257,,
14.69,3.199872518,-6.889115019,6.286809745,0.01016488757,-0.004165078058,0.01141039609,0,,,,,,,,0,28.61470106,77.21008299,11.45076348,,
14.7,3.348330019,-6.933961582,6.308217191,0.00703118915,-0.002110722221,0.01419510297,0,,,,,,,,0,28.61470204,77.21008264,11.46574486,,
14.71,3.288856766,-6.879034781,6.291303681,0.006166020907,0.000140718433,0.01135804831,0,,,,,,,,0,28.61470303,77.2100823,11.48072669,,
14.72,3.328605415,-6.966208543,6.284420589,0.004398730704,-0.005546402649,0.01092408218,0,,,,,,,,0,28.61470401,77.21008195,11.49570897,,
14.73,3.179590917,-6.932704021,6.254378458,0.0134133294,-0.004776208411,0.01023523772,0,,,,,,,,0,28.614705,77.2100816,11.51069168,,
14.74,3.29135761,-6.918812003,6.297546857,0.01140419998,-0.002922572289,0.009130370417,0,,,,,,,,0,28.61470599,77.21008126,11.52567481,,
14.75,3.218194534,-6.949192965,6.249000226,0.007627027812,-0.005647185566,0.005005418543,0,,,,,,,,0,28.61470698,77.21008091,11.54065835,,
14.76,3.218312877,-6.935144241,6.328245093,0.003530569157,-0.001579802422,0.01338560512,0,,,,,,,,0,28.61470797,77.21008056,11.55564229,,
14.77,3.272779181,-6.972365152,6.230025168,0.01012665267,-0.0009753394896,0.008233903134,0,,,,,,,,0,28.61470897,77.21008021,11.57062662,,
14.78,3.286644958,-6.966684779,6.253705022,0.008123803249,-0.001046952028,0.01081795666,0,,,,,,,,0,28.61470996,77.21007986,11.58561134,,
14.79,3.221396941,-6.918791321,6.239275012,0.01008944742,-0.000329042858,0.01223149733,0,,,,,,,,0,28.61471096,77.21007951,11.60059643,,
14.8,3.25583962,-6.965310604,6.312943647,0.006719301977,-0.0048995866,0.01272595597,0,,,,,,,,0,28.61471195,77.21007916,11.61558188,,
14.81,3.234840919,-6.972650007,6.229676992,0.008395439796,-0.005745623499,0.01111069875,0,,,,,,,,0,28.61471295,77.21007881,11.63056769,,
14.82,3.275753893,-6.945298143,6.222408436,0.002279863446,-0.001354562804,0.008360780782,0,,,,,,,,0,28.61471395,77.21007846,11.64555384,,
14.83,3.20975605,-6.934714845,6.188170243,0.01588807332,-0.0004957839146,0.008921314656,0,,,,,,,,0,28.61471495,77.21007811,11.66054034,,
14.84,3.31103772,-6.980041619,6.335835837,0.006882572039,-0.002829758499,0.00739064641,0,,,,,,,,0,28.61471595,77.21007775,11.67552716,,
14.85,3.208918333,-6.927106084,6.23762333,0.0110790924,-0.007509589596,0.007122782446,0,,,,,,,,0,28.61471696,77.2100774,11.6905143,,
14.86,3.161539109,-6.929835598,6.368920346,0.01441605994,-0.002080981449,0.01060402687,0,,,,,,,,0,28.61471796,77.21007705,11.70550176,,
14.87,3.301956243,-7.047498304,6.258696384,0.008912138433,-0.002232354496,0.01215178867,0,,,,,,,,0,28.61471897,77.21007669,11.72048952,,
14.88,3.34608582,-6.939543815,6.232015325,0.006911636735,0.00091927935,0.01155445858,0,,,,,,,,0,28.61471997,77.21007634,11.73547758,,
14.89,3.197223438,-6.941879941,6.212571621,0.01010607828,-0.0009869534522,0.01067789922,0,,,,,,,,0,28.61472098,77.21007598,11.75046593,,
14.9,3.328359782,-6.981260395,6.228911738,0.008091900509,-0.001136706127,0.01337841606,0,,,,,,,,0,28.61472199,77.21007563,11.76545457,,
14.91,3.260610403,-6.943330441,6.32351323,0.01202712657,-0.0008443489162,0.01212473733,0,,,,,,,,0,28.614723,77.21007527,11.78044348,,
14.92,3.248293359,-6.973931496,6.377720091,0.007570038129,-0.001353573893,0.0140326402,0,,,,,,,,0,28.61472401,77.21007492,11.79543266,,
14.93,3.274127146,-7.029028184,6.235125838,0.01450127709,-0.003763559027,0.008758488359,0,,,,,,,,0,28.61472503,77.21007456,11.81042211,,
14.94,3.239825655,-7.061065114,6.174443824,0.01128816735,-3.431765558e-05,0.01240862505,0,,,,,,,,0,28.61472604,77.2100742,11.82541181,,
14.95,3.279081103,-7.009377867,6.189255638,0.005756772732,0.000991432315,0.01023340752,0,,,,,,,,0,28.61472706,77.21007384,11.84040177,,
14.96,3.233051081,-7.049851547,6.239913453,0.01060002456,0.004065306239,0.01309282441,0,,,,,,,,0,28.61472808,77.21007349,11.85539197,,
14.97,3.063924841,-7.022954005,6.220044939,0.004258415663,0.002769980518,0.01349424641,0,,,,,,,,0,28.61472909,77.21007313,11.87038241,,
14.98,3.206529907,-6.92706974,6.168995372,0.008501313344,-0.003415538058,0.01219038548,0,,,,,,,,0,28.61473011,77.21007277,11.88537308,,
14.99,3.225799372,-6.994051149,6.289493865,0.009354311069,-0.005087104907,0.01326447942,0,,,,,,,,0,28.61473114,77.21007241,11.90036398,,
15,3.245315499,-6.999546917,6.271713554,0.006838051899,0.00207973677,0.007186647056,0,,,,,,,,0,28.61473216,77.21007205,11.91535511,,
15.01,3.187388829,-7.007608937,6.250926966,0.006506235907,-0.001161066589,0.0106802215,0,,,,,,,,0,28.61473318,77.21007169,11.93034644,,
15.02,3.204216299,-6.951945246,6.256630141,0.0128613914,-0.004595891439,0.01599970802,0,,,,,,,,0,28.61473421,77.21007133,11.94533799,,
15.03,3.262282787,-6.941946093,6.231658689,0.008395338247,-0.00340543915,0.01200192232,0,,,,,,,,0,28.61473523,77.21007097,11.96032975,,
15.04,3.223584575,-6.88440578,6.265819948,0.01317296667,-0.003253133236,0.01176645326,0,,,,,,,,0,28.61473626,77.21007061,11.97532171,,
15.05,3.282429691,-7.020679546,6.258621255,0.00591436479,-0.00521519089,0.00570550416,0,,,,,,,,0,28.61473729,77.21007024,11.99031386,,
15.06,3.206366703,-6.982278997,6.243154571,0.01067042153,-0.004334622535,0.01295335674,0,,,,,,,,0,28.61473832,77.21006988,12.00530621,,
15.07,3.194837673,-7.00011731,6.239474539,0.01180854556,-0.006592482249,0.01761013862,0,,,,,,,,0,28.61473935,77.21006952,12.02029874,,
15.08,3.22689612,-6.94390776,6.230261904,0.007363738888,0.00383408412,0.01066052157,0,,,,,,,,0,28.61474039,77.21006915,12.03529145,,
15.09,3.254631326,-6.994153213,6.215268945,0.008758850361,-0.002355084639,0.01142136249,0,,,,,,,,0,28.61474142,77.21006879,12.05028434,,
15.1,3.229106094,-6.93711941,6.270160633,0.007982125785,-0.003001724415,0.006030245797,0,,,,,,,,0,28.61474245,77.21006843,12.06527741,,
15.11,3.166620045,-6.935482302,6.214606774,0.00218501527,0.001041998321,0.01392063217,0,,,,,,,,0,28.61474349,77.21006806,12.08027064,,
15.12,3.280435206,-6.955803684,6.35381626,0.007820483327,-0.00388276525,0.01548770297,0,,,,,,,,0,28.61474453,77.2100677,12.09526404,,
15.13,3.267209313,-6.975860629,6.254164283,0.004042652418,0.0002212226872,0.003846046585,0,,,,,,,,0,28.61474557,77.21006733,12.1102576,,
15.14,3.291567256,-6.925839172,6.334919514,0.01092384497,-0.003864382625,0.009888960063,0,,,,,,,,0,28.61474661,77.21006696,12.12525132,,
15.15,3.141265501,-6.986357773,6.329213683,0.007136638482,0.004665097584,0.008944431924,0,,,,,,,,0,28.61474765,77.2100666,12.14024519,,
15.16,3.258703508,-7.079554131,6.264467253,0.009758064145,-0.00117114508,0.01083258472,0,,,,,,,,0,28.61474869,77.21006623,12.15523921,,
15.17,3.332729218,-6.901618899,6.317405524,0.007998537373,0.001572551111,0.0108303843,0,,,,,,,,0,28.61474974,77.21006586,12.17023337,,
15.18,3.312299031,-6.981544256,6.244553232,0.01192731166,0.004649544663,0.004869574194,0,,,,,,,,0,28.61475078,77.21006549,12.18522768,,
15.19,3.290054598,-6.891764748,6.272464121,0.01497722144,-0.002938707138,0.01615940222,0,,,,,,,,0,28.61475183,77.21006513,12.20022213,,
15.2,3.276400485,-7.015156378,6.266462024,0.01025241287,-0.0001195746078,0.01040105299,0,,,,,,,,0,28.61475288,77.21006476,12.21521671,,
15.21,3.168937917,-6.943946498,6.271794792,0.01019372351,-0.001750321353,0.0134198735,0,,,,,,,,0,28.61475393,77.21006439,12.23021143,,
15.22,3.234666472,-6.961395144,6.26149392,0.006632256906,-0.0008334986855,0.01188031112,0,,,,,,,,0,28.61475498,77.21006402,12.24520627,,
15.23,3.190338613,-7.008474768,6.272896673,0.008811173849,0.00156157167,0.006962523664,0,,,,,,,,0,28.61475603,77.21006365,12.26020124,,
15.24,3.318758749,-6.911021968,6.241391161,0.01156215135,0.002317252442,0.01318322907,0,,,,,,,,0,28.61475709,77.21006328,12.27519633,,
15.25,3.249438733,-6.95180702,6.3536029,0.008400972532,0.0005094075768,0.01126697694,0,,,,,,,,0,28.61475814,77.2100629,12.29019154,,
15.26,3.19308523,-6.931448917,6.206842398,0.007197978067,-0.003484918292,0.008113174301,0,,,,,,,,0,28.6147592,77.21006253,12.30518687,,
15.27,3.218890364,-6.913330715,6.288006912,0.007180096577,-0.006754251823,0.009514469571,0,,,,,,,,0,28.61476025,77.21006216,12.32018231,,
15.28,3.204624591,-6.967314622,6.316613262,0.009209234725,-0.005078110636,0.003497568694,0,,,,,,,,0,28.61476131,77.21006179,12.33517786,,
15.29,3.259390693,-6.98091651,6.226253531,0.008696778079,0.002295112786,0.008171293756,0,,,,,,,,0,28.61476237,77.21006141,12.35017353,,
15.3,3.2452849,-6.92356319,6.274101355,0.007215932587,-0.001663465195,0.01257832835,0,,,,,,,,0,28.61476343,77.21006104,12.36516929,,
15.31,3.366110098,-6.964055102,6.27492214,0.01259208427,0.002227908589,0.009869965221,0,,,,,,,,0,28.6147645,77.21006067,12.38016517,,
15.32,3.187400637,-6.957841124,6.133940725,0.007160709274,-0.003094727086,0.007349901124,0,,,,,,,,0,28.61476556,77.21006029,12.39516114,,
15.33,3.303896146,-7.020766598,6.254044055,0.009417279285,-0.00591775051,0.01272571737,0,,,,,,,,0,28.61476662,77.21005992,12.41015721,,
15.34,3.320457897,-6.917033656,6.312481885,0.009396315968,-0.003690488531,0.01056665089,0,,,,,,,,0,28.61476769,77.21005954,12.42515337,,
15.35,3.263947657,-6.943494561,6.218740103,0.009891445438,0.001529444674,0.006588291554,0,,,,,,,,0,28.61476876,77.21005917,12.44014963,,
15.36,3.29077456,-6.930426705,6.223027123,0.01255932396,-0.001383841028,0.01147884941,0,,,,,,,,0,28.61476983,77.21005879,12.45514598,,
15.37,3.273057872,-6.906369953,6.254362484,0.01300340264,-0.001952949964,0.01371045,0,,,,,,,,0,28.6147709,77.21005841,12.47014242,,
15.38,3.276827798,-6.964704061,6.379649971,0.008018992649,0.002509104346,0.01283146936,0,,,,,,,,0,28.61477197,77.21005803,12.48513895,,
15.39,3.301042878,-6.99028798,6.276399187,0.01187952878,-0.004761599091,0.01408388531,0,,,,,,,,0,28.61477304,77.21005766,12.50013556,,
15.4,3.268928307,-7.029329856,6.267068306,0.006931670818,0.003013366155,0.009183660017,0,,,,,,,,0,28.61477411,77.21005728,12.51513225,,
15.41,3.24685766,-6.99927121,6.259848072,0.004404799584,0.0005465804919,0.01027589241,0,,,,,,,,0,28.61477519,77.2100569,12.53012903,,
15.42,3.235252688,-6.93787676,6.310810724,0.007056635142,-0.001455451263,0.01205576211,0,,,,,,,,0,28.61477627,77.21005652,12.54512588,,
15.43,3.330455758,-6.934981524,6.247226786,0.004676360292,-0.0003423054404,0.0144329646,0,,,,,,,,0,28.61477734,77.21005614,12.56012281,,
15.44,3.218217861,-6.912268133,6.220604627,0.007895264844,-0.003190067114,0.006580825218,0,,,,,,,,0,28.61477842,77.21005576,12.57511981,,
15.45,3.229774897,-6.989051921,6.216333252,0.008290616785,-0.0004290590509,0.01439820116,0,,,,,,,,0,28.6147795,77.21005538,12.59011689,,
15.46,3.165288571,-6.924721366,6.262305403,0.005599158377,0.003253890135,0.01394287665,0,,,,,,,,0,28.61478059,77.210055,12.60511404,,
15.47,3.319480283,-6.969357573,6.32164302,0.006850503839,0.001073650532,0.01344303563,0,,,,,,,,0,28.61478167,77.21005462,12.62011126,,
15.48,3.225896179,-6.981414018,6.190309366,0.006548330443,-0.0005961124023,0.01385645343,0,,,,,,,,0,28.61478275,77.21005424,12.63510855,,
15.49,3.246883756,-7.045765374,6.228680923,0.003745686944,3.91642751e-06,0.01017523882,0,,,,,,,,0,28.61478384,77.21005385,12.6501059,,
15.5,3.290219415,-6.989786685,6.291512155,0.007568790933,-0.002625805119,0.01167010934,0,,,,,,,,0,28.61478493,77.21005347,12.66510332,,
15.51,3.235729573,-6.98345519,6.157386189,0.006421102637,0.005998216709,0.008136851279,0,,,,,,,,0,28.61478601,77.21005309,12.6801008,,
15.52,3.292608033,-7.014069982,6.325242982,0.006942426387,0.00104051962,0.009546227149,0,,,,,,,,0,28.6147871,77.2100527,12.69509834,,
15.53,3.208535586,-6.999994832,6.227009647,0.007126044853,-0.004272636525,0.007961113714,0,,,,,,,,0,28.61478819,77.21005232,12.71009594,,
15.54,3.210895783,-7.033232934,6.197872205,0.009312563514,-0.002587867851,0.01147212687,0,,,,,,,,0,28.61478929,77.21005194,12.7250936,,
15.55,3.335501449,-6.930885299,6.266284245,0.01036573828,0.0009743421489,0.008331869339,0,,,,,,,,0,28.61479038,77.21005155,12.74009132,,
15.56,3.223284997,-7.026116528,6.207027801,0.009679048159,0.004287350208,0.008494343694,0,,,,,,,,0,28.61479147,77.21005116,12.75508909,,
15.57,3.241591691,-7.04860118,6.222398915,0.007068762988,0.0002614574972,0.006567557521,0,,,,,,,,0,28.61479257,77.21005078,12.77008692,,
15.58,3.255738051,-6.991503783,6.26750519,0.009263548104,-0.0007171701867,0.01568457031,0,,,,,,,,0,28.61479367,77.21005039,12.7850848,,
15.59,3.223990116,-7.072613887,6.194776693,0.01068932743,0.0001952024603,0.009101683098,0,,,,,,,,0,28.61479477,77.21005001,12.80008273,,
15.6,3.226499769,-6.970406329,6.198407505,0.009044831181,4.114084552e-05,0.01099558173,0,,,,,,,,0,28.61479587,77.21004962,12.81508071,,
15.61,3.239630094,-6.85016635,6.233368641,0.006415472459,-0.002528735719,0.01259064406,0,,,,,,,,0,28.61479697,77.21004923,12.83007874,,
15.62,3.241144101,-6.962565648,6.224447846,0.003663040695,0.001140158046,0.009556244539,0,,,,,,,,0,28.61479807,77.21004884,12.84507682,,
15.63,3.229989815,-7.002795239,6.245456161,0.005848362799,-0.005425240705,0.01075586696,0,,,,,,,,0,28.61479917,77.21004845,12.86007495,,
15.64,3.333870969,-6.947323253,6.262531053,0.00836823195,-0.002795985729,0.007731537075,0,,,,,,,,0,28.61480028,77.21004806,12.87507312,,
15.65,3.266207808,-6.946521791,6.345043739,0.006160123584,-0.002564966539,0.01143942392,0,,,,,,,,0,28.61480138,77.21004767,12.89007134,,
15.66,3.233969418,-7.016639461,6.22838963,0.007016111261,-0.001757537598,0.007655823363,0,,,,,,,,0,28.61480249,77.21004728,12.9050696,,
15.67,3.232480437,-6.971976661,6.304901234,0.007200019936,-0.000127917456,0.01566644108,0,,,,,,,,0,28.6148036,77.21004689,12.9200679,,
15.68,3.223790669,-6.980023797,6.339721256,0.01313158952,0.00239817514,0.008733206686,0,,,,,,,,0,28.61480471,77.2100465,12.93506624,,
15.69,3.203544272,-7.056361861,6.261958328,0.009525865986,-0.0002327370452,0.01326069397,0,,,,,,,,0,28.61480582,77.21004611,12.95006463,,
15.7,3.256638824,-6.931280236,6.22357542,0.0129219444,0.001274794593,0.009668186766,0,,,,,,,,0,28.61480693,77.21004572,12.96506305,,
15.71,3.35282566,-6.987665812,6.278690001,0.01012461858,-0.0008793957366,0.01272406998,0,,,,,,,,0,28.61480805,77.21004533,12.98006151,,
15.72,3.297521172,-6.964043313,6.228568127,0.01026314213,0.0001948759058,0.01477418876,0,,,,,,,,0,28.61480916,77.21004493,12.99506001,,
15.73,3.242256834,-6.956925051,6.248345343,0.008383126826,0.003886230649,0.01121916397,0,,,,,,,,0,28.61481028,77.21004454,13.01005855,,
15.74,3.277479444,-6.961426762,6.300104867,0.0137149601,-0.003046063765,0.01365137704,0,,,,,,,,0,28.6148114,77.21004415,13.02505712,,
15.75,3.215345054,-6.933781527,6.257342661,0.01090762315,0.0006818118688,0.01021792912,0,,,,,,,,0,28.61481252,77.21004375,13.04005573,,
15.76,3.243571799,-7.02608465,6.247621123,0.007202324621,0.001370716917,0.009492951905,0,,,,,,,,0,28.61481364,77.21004336,13.05505437,,
15.77,3.297076073,-6.974785901,6.214827618,0.009771786537,-0.00601565943,0.009011060024,0,,,,,,,,0,28.61481476,77.21004296,13.07005304,,
15.78,3.269650071,-6.97621929,6.208460365,0.005580579796,-0.003068877952,0.01648907633,0,,,,,,,,0,28.61481588,77.21004257,13.08505175,,
15.79,3.228049985,-7.027740897,6.236886604,0.01091999418,-0.001902348938,0.01533805917,0,,,,,,,,0,28.61481701,77.21004217,13.10005049,,
15.8,3.245749311,-7.040606557,6.314240789,0.008856908336,-0.002577518888,0.009251649233,0,,,,,,,,0,28.61481813,77.21004177,13.11504925,,
15.81,3.271886739,-6.884335167,6.232832873,0.003908269117,-0.005602920623,0.002946142397,0,,,,,,,,0,28.61481926,77.21004138,13.13004805,,
15.82,3.334444917,-6.952916322,6.291891653,0.01005350334,-0.001171362178,0.008101936713,0,,,,,,,,0,28.61482039,77.21004098,13.14504688,,
15.83,3.230699124,-7.057898202,6.27474099,0.005387707769,0.0006910709105,0.01287820327,0,,,,,,,,0,28.61482152,77.21004058,13.16004574,,
15.84,3.292544627,-7.0279417,6.279656638,0.01150905744,-0.00248986057,0.005905270254,0,,,,,,,,0,28.61482265,77.21004018,13.17504462,,
15.85,3.259486227,-7.083348134,6.293506559,0.009589104756,-0.001604382103,0.009388606713,0,,,,,,,,0,28.61482378,77.21003978,13.19004353,,
15.86,3.321028122,-7.109737144,6.295250026,0.008015653254,-0.0007541593968,0.01328066636,0,,,,,,,,0,28.61482491,77.21003939,13.20504247,,
15.87,3.224704429,-7.041326427,6.171411478,0.004617044304,-0.004534635257,0.01042919618,0,,,,,,,,0,28.61482605,77.21003899,13.22004144,,
15.88,3.191751047,-6.977333919,6.265896145,0.01055887405,-0.008472632876,0.005832317633,0,,,,,,,,0,28.61482718,77.21003859,13.23504043,,
15.89,3.282167809,-6.948927427,6.219308824,0.00823684854,8.945026504e-05,0.01126431641,0,,,,,,,,0,28.61482832,77.21003819,13.25003944,,
15.9,3.234842859,-6.907776325,6.238004234,0.0106548358,-0.006931587032,0.006708459843,0,,,,,,,,0,28.61482946,77.21003778,13.26503848,,
15.91,3.259585435,-6.988001989,6.367261708,0.009118760709,-0.004478764866,0.01556036347,0,,,,,,,,0,28.6148306,77.21003738,13.28003754,,
15.92,3.226600702,-6.961363378,6.200781806,0.008252543128,-0.00164824221,0.0048846623,0,,,,,,,,0,28.61483174,77.21003698,13.29503662,,
15.93,3.284774878,-6.969609746,6.352680774,0.01410500818,-0.006479333111,0.01012069375,0,,,,,,,,0,28.61483288,77.21003658,13.30979183,,
15.94,3.24820063,-6.907027798,6.376841297,0.01535657499,-0.00617804465,0.01633663101,0,,,,,,,,0,28.61483402,77.21003618,13.32418715,,
15.95,3.311381458,-6.945599359,6.345425305,0.002961850231,0.003553646477,0.007261229493,0,,,,,,,,0,28.61483517,77.21003577,13.33823137,,
15.96,3.227523606,-6.883240153,6.437436263,0.007956994599,-0.001070208414,0.005206917496,0,,,,,,,,0,28.61483631,77.21003537,13.35193304,,
15.97,3.309550702,-6.845132707,6.40004472,0.01091168395,-0.0008296778178,0.006812451651,0,,,,,,,,0,28.61483746,77.21003496,13.36530053,,
15.98,3.203269991,-6.778407657,6.274122347,0.01348955049,-0.002952140667,0.01157864669,0,,,,,,,,0,28.61483861,77.21003456,13.37834198,,
15.99,3.370751692,-6.768342834,6.359140594,0.008901366801,-0.00231541514,0.01041575884,0,,,,,,,,0,28.61483976,77.21003415,13.39106534,,
16,3.260836694,-6.714075187,6.42753348,0.004449855894,-0.0016377606,0.01395944861,0,,,,,,,,0,28.61484091,77.21003375,13.40347838,,
16.01,3.301012855,-6.757497645,6.346705279,0.007125813482,-0.0004786525493,0.007002942679,0,,,,,,,,0,28.61484206,77.21003334,13.41558867,,
16.02,3.344037145,-6.679909628,6.456428677,0.01254894649,-0.00241388997,0.0151515592,0,,,,,,,,0,28.61484321,77.21003294,13.42740358,,
16.03,3.279955765,-6.653777411,6.395493984,0.009927923585,-0.0008204783619,0.009393528817,0,,,,,,,,0,28.61484437,77.21003253,13.43893032,,
16.04,3.327517467,-6.545965131,6.450493917,0.009605270132,0.004970889348,0.00970258905,0,,,,,,,,0,28.61484552,77.21003212,13.45017592,,
16.05,3.268241511,-6.608212729,6.583788493,0.008972527984,-0.00558259066,0.01170808093,0,,,,,,,,0,28.61484668,77.21003172,13.46114724,,
16.06,3.322542964,-6.660337704,6.444284048,0.01192060226,2.25230767e-05,0.01558811081,0,,,,,,,,0,28.61484783,77.21003131,13.47185097,,
16.07,3.236063329,-6.580881055,6.609466918,0.01288125333,-0.003658592055,0.00905922139,0,,,,,,,,0,28.61484899,77.2100309,13.48229363,,
16.08,3.32985855,-6.665837049,6.590702533,0.01224855603,-0.002908122815,0.006892652584,0,,,,,,,,0,28.61485015,77.21003049,13.49248159,,
16.09,3.350994182,-6.459590216,6.610698078,0.01079271343,0.002086126034,0.01147416584,0,,,,,,,,0,28.61485131,77.21003009,13.50242106,,
16.1,3.300241022,-6.491416391,6.618508732,0.01100963406,-0.0004178652659,0.01138539254,0,,,,,,,,0,28.61485247,77.21002968,13.51211811,,
16.11,3.363191013,-6.587988305,6.593891889,0.005831009517,-0.001294594334,0.01350925141,0,,,,,,,,0,28.61485363,77.21002927,13.52157864,,
16.12,3.39457831,-6.429409654,6.506792252,0.00568337215,0.002091697235,0.01511868282,0,,,,,,,,0,28.61485479,77.21002886,13.53080843,,
16.13,3.304295243,-6.453694941,6.538375818,0.007263394355,-0.00574599088,0.01068568322,0,,,,,,,,0,28.61485595,77.21002845,13.5398131,,
16.14,3.42780927,-6.486127995,6.64049764,0.007070411255,0.00156023672,0.005152314247,0,,,,,,,,0,28.61485712,77.21002804,13.54859815,,
16.15,3.470622821,-6.429550873,6.677913255,0.01196404466,-0.00218484927,0.008970113137,0,,,,,,,,0,28.61485828,77.21002763,13.55716893,,
16.16,3.369946308,-6.373632364,6.65414775,0.007823359909,-0.005354270833,0.01170204642,0,,,,,,,,0,28.61485945,77.21002722,13.56553066,,
16.17,3.376070499,-6.375485062,6.672741141,0.009065135166,-0.002975262241,0.004826929647,0,,,,,,,,0,28.61486061,77.21002681,13.57368845,,
16.18,3.461866141,-6.361055986,6.676367623,0.007186667484,-0.0007395334349,0.01194764865,0,,,,,,,,0,28.61486178,77.2100264,13.58164727,,
16.19,3.338683204,-6.34508198,6.665197323,0.004843263391,7.332792068e-05,0.007159910773,0,,,,,,,,0,28.61486295,77.21002599,13.58941197,,
16.2,3.466141149,-6.442969706,6.726555288,0.009543196244,-0.004928903468,0.008544611782,0,,,,,,,,0,28.61486411,77.21002557,13.59698728,,
16.21,3.371703726,-6.243424511,6.594888769,0.004173300026,0.003317524901,0.00763327511,0,,,,,,,,0,28.61486528,77.21002516,13.60437784,,
16.22,3.329595328,-6.353871667,6.672919205,0.009709702354,-0.0008675511515,0.01235289951,0,,,,,,,,0,28.61486645,77.21002475,13.61158814,,
16.23,3.466480934,-6.305999645,6.669053252,0.01019954731,0.0001596791138,0.007211388853,0,,,,,,,,0,28.61486762,77.21002434,13.61862257,,
16.24,3.422735965,-6.192516049,6.719843342,0.0103649768,-0.005154497691,0.009175492633,0,,,,,,,,0,28.61486879,77.21002393,13.62548544,,
16.25,3.394585144,-6.195225016,6.672086668,0.008255652296,-0.003077918568,0.01146881924,0,,,,,,,,0,28.61486996,77.21002351,13.63218091,,
16.26,3.424558908,-6.25731223,6.67341919,0.007159630055,-0.001504084307,0.006092892595,0,,,,,,,,0,28.61487113,77.2100231,13.63871309,,
16.27,3.437536881,-6.19267899,6.667989437,0.00742510329,-0.003495265048,0.01056463486,0,,,,,,,,0,28.6148723,77.21002269,13.64508594,,
16.28,3.424377244,-6.170759205,6.775961075,0.0107458327,-0.001789033279,0.007414392296,0,,,,,,,,0,28.61487348,77.21002228,13.65130335,,
16.29,3.415061286,-6.199011463,6.807911095,0.01512683809,-0.003184328037,0.007665043408,0,,,,,,,,0,28.61487465,77.21002186,13.65736913,,
16.3,3.496726954,-6.230384837,6.828017794,0.006723989058,-0.0008386186784,0.00967638758,0,,,,,,,,0,28.61487582,77.21002145,13.66328695,,
16.31,3.491880864,-6.154944661,6.685790492,0.00618696198,-0.0009927356542,0.01511422278,0,,,,,,,,0,28.614877,77.21002104,13.66906044,,
16.32,3.427724272,-6.11735876,6.824171326,0.008372054766,-0.003639704348,0.01238846936,0,,,,,,,,0,28.61487817,77.21002062,13.67469311,,
16.33,3.446469494,-6.231670212,6.721071149,0.01081238526,-0.004042242563,0.0112703583,0,,,,,,,,0,28.61487934,77.21002021,13.6801884,,
16.34,3.342816077,-6.098541288,6.779856573,0.004508836672,-0.008786119785,0.005140189157,0,,,,,,,,0,28.61488052,77.21001979,13.68554966,,
16.35,3.445461801,-6.193928952,6.821764434,0.01085755391,-0.001050790345,0.01561811372,0,,,,,,,,0,28.6148817,77.21001938,13.69078016,,
16.36,3.476890758,-6.202974229,6.874116861,0.009264832654,-0.001427536724,0.0102079747,0,,,,,,,,0,28.61488287,77.21001896,13.69588308,,
16.37,3.46941442,-6.170847019,6.74505695,0.01065114255,0.002216832556,0.009557123512,0,,,,,,,,0,28.61488405,77.21001855,13.70086154,,
16.38,3.496036573,-6.054954941,6.894914772,0.01014930994,-0.0005245814278,0.0106706648,0,,,,,,,,0,28.61488523,77.21001814,13.70571858,,
16.39,3.477714296,-6.110468847,6.839920037,0.01014177016,0.003938664797,0.01295382196,0,,,,,,,,0,28.6148864,77.21001772,13.71045715,,
16.4,3.488640049,-6.165242349,6.921815722,0.004619894607,-0.005474048809,0.01213260967,0,,,,,,,,0,28.61488758,77.21001731,13.71508014,,
16.41,3.502312399,-6.093364952,6.838363925,0.00819775649,-0.001580416949,0.01338512595,0,,,,,,,,0,28.61488876,77.21001689,13.71959039,,
16.42,3.327033461,-6.067337226,6.860601526,0.01198214875,-0.001044496258,0.009949448462,0,,,,,,,,0,28.61488994,77.21001647,13.72399062,,
16.43,3.522606067,-6.106346197,6.910809282,0.008948515019,-0.001329173105,0.005404234951,0,,,,,,,,0,28.61489112,77.21001606,13.72828353,,
16.44,3.457807332,-6.058595171,6.865749793,0.005957302623,-0.0022449043,0.003176217535,0,,,,,,,,0,28.6148923,77.21001564,13.73247174,,
16.45,3.444263146,-6.123141967,6.831823707,0.008476598849,-0.005645068824,0.01561731995,0,,,,,,,,0,28.61489348,77.21001523,13.73655779,,
16.46,3.50968155,-6.083593506,6.860050701,0.00775921252,-0.00412136956,0.01017443032,0,,,,,,,,0,28.61489466,77.21001481,13.74054419,,
16.47,3.462420821,-6.043908424,6.905379075,0.008356345163,0.0005611914822,0.01392099507,0,,,,,,,,0,28.61489584,77.2100144,13.74443335,,
16.48,3.430897742,-6.000243879,6.918652456,0.001238882594,-0.001916011581,0.009469525384,0,,,,,,,,0,28.61489702,77.21001398,13.74822766,,
16.49,3.434793535,-6.098424384,6.890297158,0.009431459565,0.0002834022303,0.008830757608,0,,,,,,,,0,28.6148982,77.21001356,13.75192943,,
16.5,3.488956805,-6.012441905,6.941938602,0.002630431304,-0.0002313329034,0.008802636521,0,,,,,,,,0,28.61489938,77.21001315,13.7555409,,
16.51,3.436740348,-5.996317471,6.925668892,0.004156275664,0.005949464427,0.005005442416,0,,,,,,,,0,28.61490056,77.21001273,13.7590643,,
16.52,3.567977978,-6.018335414,6.946809986,0.01174434792,-0.0008006462487,0.01413730923,0,,,,,,,,0,28.61490175,77.21001231,13.76250175,,
16.53,3.498235172,-6.043015972,6.91573288,0.01110681495,-0.006220185926,0.005922071954,0,,,,,,,,0,28.61490293,77.2100119,13.76585537,,
16.54,3.454779979,-6.018169981,6.899500757,0.007460561125,-0.0001894188773,0.01671535578,0,,,,,,,,0,28.61490411,77.21001148,13.76912719,,
16.55,3.472028632,-5.947615382,7.073125501,0.004936675711,0.001192303142,0.008635516635,0,,,,,,,,0,28.61490529,77.21001106,13.77231921,,
16.56,3.463881047,-6.037843735,6.96563551,0.009439946912,-0.001732501662,0.01215094893,0,,,,,,,,0,28.61490648,77.21001065,13.77543337,,
16.57,3.458053639,-5.977859361,6.878781636,0.01235363257,-0.007694461501,0.008853782596,0,,,,,,,,0,28.61490766,77.21001023,13.77847159,,
16.58,3.474437619,-6.015557131,6.958487736,0.006791663119,-0.002150772971,0.01068040579,0,,,,,,,,0,28.61490884,77.21000981,13.78143569,,
16.59,3.510144518,-6.030213112,6.999821383,0.008085249064,0.004819698304,0.01576818903,0,,,,,,,,0,28.61491003,77.2100094,13.78432751,,
16.6,3.516418471,-5.992527621,7.021624792,0.01100615502,2.870813174e-05,0.01569219877,0,,,,,,,,0,28.61491121,77.21000898,13.78714879,,
16.61,3.455139786,-6.065523484,7.023901414,0.005510470165,0.001431855306,0.01203775294,0,,,,,,,,0,28.6149124,77.21000856,13.78990125,,
16.62,3.53708412,-5.936445986,6.980869849,0.01039497294,-0.004505187871,0.01075027664,0,,,,,,,,0,28.61491358,77.21000814,13.79258659,,
16.63,3.538701835,-5.940380071,6.968621145,0.009174228627,-0.007691105914,0.009579012392,0,,,,,,,,0,28.61491477,77.21000773,13.79520643,,
16.64,3.433851903,-5.967238815,7.022724426,0.0108986977,-0.003622109603,0.00924139301,0,,,,,,,,0,28.61491595,77.21000731,13.79776237,,
16.65,3.541235611,-5.934722377,6.986700661,0.01280719342,-0.0008129211836,0.00809747103,0,,,,,,,,0,28.61491714,77.21000689,13.80025597,,
16.66,3.435229265,-5.896394097,6.954453337,0.005716440083,-0.005198227078,0.01132955162,0,,,,,,,,0,28.61491832,77.21000647,13.80268875,,
16.67,3.480504095,-5.951494389,6.968277795,0.006065049675,-0.00338230286,0.01698747474,0,,,,,,,,0,28.61491951,77.21000606,13.8050622,,
16.68,3.480741033,-5.956072698,6.954278058,0.01211577534,0.0023429332,0.01046734618,0,,,,,,,,0,28.61492069,77.21000564,13.80737775,,
16.69,3.555300566,-5.950457713,6.988752934,0.00928984231,0.001064048661,0.01506555719,0,,,,,,,,0,28.61492188,77.21000522,13.80963683,,
16.7,3.525824362,-5.950084544,6.987402817,0.008790774933,-0.005233188153,0.01542239085,0,,,,,,,,0,28.61492307,77.2100048,13.81184081,,
16.71,3.602294146,-5.854063694,6.977580263,0.01272916472,-0.001182350286,0.01278294981,0,,,,,,,,0,28.61492425,77.21000438,13.81399104,,
16.72,3.549787492,-5.928613675,7.001305205,0.008158215985,0.0003329542899,0.01558940496,0,,,,,,,,0,28.61492544,77.21000397,13.81608882,,
16.73,3.555739146,-5.910374722,6.926006604,0.01211094894,-1.458673233e-05,0.01108511554,0,,,,,,,,0,28.61492663,77.21000355,13.81813543,,
16.74,3.493387279,-5.997336449,6.965494621,0.008081122797,-0.003020589741,0.004723399398,0,,,,,,,,0,28.61492782,77.21000313,13.82013213,,
16.75,3.42269213,-5.873874017,7.058259523,0.009486376855,0.0008212116385,0.01622851253,0,,,,,,,,0,28.614929,77.21000271,13.82208012,,
16.76,3.514709123,-5.961071754,7.030288268,0.006920733689,-7.096948955e-05,0.006332495162,0,,,,,,,,0,28.61493019,77.21000229,13.82398061,,
16.77,3.483850772,-5.854126203,6.99046522,0.003754897415,-0.005078591359,0.01362530811,0,,,,,,,,0,28.61493138,77.21000187,13.82583474,,
16.78,3.485356421,-5.857878612,7.014456238,0.009372521183,-0.0003446869755,0.01099642311,0,,,,,,,,0,28.61493257,77.21000146,13.82764365,,
16.79,3.484000821,-5.869541514,7.070383285,0.01006242443,-0.00119979875,0.006371305505,0,,,,,,,,0,28.61493375,77.21000104,13.82940844,,
16.8,3.376941521,-5.906820526,6.95082994,0.006087259209,-0.002446732659,0.01348137787,0,,,,,,,,0,28.61493494,77.21000062,13.83113018,,
16.81,3.538017967,-5.807508342,7.018993573,0.008922451762,-0.00092621044,0.01062433736,0,,,,,,,,0,28.61493613,77.2100002,13.83280993,,
16.82,3.530525879,-5.974596618,7.079073737,0.01034060927,0.001393847878,0.0106643167,0,,,,,,,,0,28.61493732,77.20999978,13.83444872,,
16.83,3.546493909,-5.874065161,7.022660629,0.00573610213,0.002234011729,0.008458114841,0,,,,,,,,0,28.61493851,77.20999936,13.83604753,,
16.84,3.422185584,-5.838942635,7.00100481,0.008569884752,-0.001934503334,0.01520161863,0,,,,,,,,0,28.6149397,77.20999894,13.83760734,,
16.85,3.54167392,-5.905710769,7.010799594,0.008391996221,0.0001262720041,0.009615797618,0,,,,,,,,0,28.61494088,77.20999852,13.83912912,,
16.86,3.412242677,-5.86767206,7.015498049,0.009170868174,0.0006682400096,0.007160143042,0,,,,,,,,0,28.61494207,77.2099981,13.84061377,,
16.87,3.505703904,-5.860373498,7.014813996,0.0090548667,0.002442841957,0.009300529895,0,,,,,,,,0,28.61494326,77.20999769,13.84206222,,
16.88,3.569807211,-5.879997971,7.00196204,0.009245856227,-0.001450085893,0.01225767831,0,,,,,,,,0,28.61494445,77.20999727,13.84347533,,
16.89,3.503049149,-5.860467632,7.116711382,0.01093908318,-0.001694230959,0.008376451071,0,,,,,,,,0,28.61494564,77.20999685,13.84485398,,
16.9,3.462683918,-5.83848428,7.095021215,0.00360898389,-0.002141370684,0.01109667519,0,,,,,,,,0,28.61494683,77.20999643,13.84619901,,
16.91,3.515425901,-5.937880445,7.018432641,0.008442465322,0.0001626406728,0.01375296994,0,,,,,,,,0,28.61494802,77.20999601,13.84751123,,
16.92,3.550683085,-5.88009599,7.029585998,0.005669732787,-0.001445529685,0.01105602402,0,,,,,,,,0,28.61494921,77.20999559,13.84879144,,
16.93,3.546856711,-5.789010081,7.10535572,0.00872851203,-0.0004819360124,0.0141896092,0,,,,,,,,0,28.6149504,77.20999517,13.85004043,,
16.94,3.528797319,-5.833067053,7.040172526,0.01092084214,-0.006083596577,0.01244809075,0,,,,,,,,0,28.61495159,77.20999475,13.85125896,,
16.95,3.398810651,-5.888909706,6.999682407,0.00688104325,-0.002480776011,0.00861578047,0,,,,,,,,0,28.61495278,77.20999433,13.85244776,,
16.96,3.503380806,-5.894288301,7.0210233,0.008490718156,-0.005508350577,0.01309920029,0,,,,,,,,0,28.61495397,77.20999391,13.85360757,,
16.97,3.516995782,-5.882600285,7.061084608,0.01097268492,0.001288138948,0.01339975111,0,,,,,,,,0,28.61495516,77.20999349,13.8547391,,
16.98,3.530196461,-5.900816666,7.067824146,0.005996952398,-0.002779416559,0.01144943593,0,,,,,,,,0,28.61495635,77.20999307,13.85584302,,
16.99,3.52210108,-5.839110567,7.059374533,0.009112358209,0.002453298214,0.008907344389,0,,,,,,,,0,28.61495754,77.20999265,13.85692002,,
17,3.422486581,-5.797383106,7.039952456,0.007897982384,0.001825678535,0.0143586381,0,,,,,,,,0,28.61495873,77.20999224,13.85797075,,
17.01,3.611625415,-5.786815876,7.042765718,0.003276480787,0.00236467839,0.008189668383,0,,,,,,,,0,28.61495992,77.20999182,13.85899586,,
17.02,3.530903653,-5.795301943,7.098670309,0.006787535223,-0.001096648737,0.009605038718,0,,,,,,,,0,28.61496111,77.2099914,13.85999596,,
17.03,3.524910698,-5.844314657,7.030759317,0.0101531644,-0.006066927764,0.01116593567,0,,,,,,,,0,28.6149623,77.20999098,13.86097166,,
17.04,3.582125145,-5.750011953,7.103921203,0.007504502824,-0.002767068048,0.01180578143,0,,,,,,,,0,28.61496349,77.20999056,13.86192358,,
17.05,3.536319491,-5.868976832,7.105010117,0.007344843679,-0.00268263901,0.005821088999,0,,,,,,,,0,28.61496469,77.20999014,13.86285227,,
17.06,3.504244523,-5.901356469,7.080430013,0.009572343455,-0.005612029865,0.01005320837,0,,,,,,,,0,28.61496588,77.20998972,13.86375831,,
17.07,3.567758766,-5.806162551,7.126967924,0.008055588059,-0.003754312374,0.006480412548,0,,,,,,,,0,28.61496707,77.2099893,13.86464225,,
17.08,3.481714446,-5.78257537,7.115360192,0.01034678859,-0.00144593178,0.00885168811,0,,,,,,,,0,28.61496826,77.20998888,13.86550464,,
17.09,3.530799188,-5.700165868,6.95743011,0.003966814986,-0.004490660614,0.008156350941,0,,,,,,,,0,28.61496945,77.20998846,13.86634599,,
17.1,3.490468151,-5.911545636,6.950718648,0.006743774319,0.001324569648,0.011335242,0,,,,,,,,0,28.61497064,77.20998804,13.86716682,,
17.11,3.425581836,-5.825733065,7.042352618,0.01505483227,-0.001339897877,0.01228088467,0,,,,,,,,0,28.61497183,77.20998762,13.86796763,,
17.12,3.490709867,-5.745642884,7.019346008,0.005123975228,0.0002415427481,0.01359958272,0,,,,,,,,0,28.61497302,77.2099872,13.86874891,,
17.13,3.538213843,-5.816567266,7.108555314,0.01853086374,0.005092087391,0.009472725214,0,,,,,,,,0,28.61497422,77.20998678,13.86951113,,
17.14,3.505797865,-5.853495961,6.997584732,0.0108702028,-0.003331406151,0.006598849253,0,,,,,,,,0,28.61497541,77.20998636,13.87025476,,
17.15,3.51502346,-5.722455935,6.949609931,0.002347591484,-0.001713179128,0.01318269013,0,,,,,,,,0,28.6149766,77.20998594,13.87098025,,
17.16,3.51002418,-5.905299839,7.128029648,0.008002401315,-8.428017676e-05,0.009702429449,0,,,,,,,,0,28.61497779,77.20998552,13.87168805,,
17.17,3.382313955,-5.835971475,7.109339999,0.01092777775,0.001206436404,0.006677705708,0,,,,,,,,0,28.61497898,77.2099851,13.87237859,,
17.18,3.525904452,-5.776442328,7.120069095,0.007241299218,-0.003104512095,0.01400746725,0,,,,,,,,0,28.61498017,77.20998468,13.87305228,,
17.19,3.486523535,-5.715927131,7.090944351,0.008517834744,-0.002067100864,0.0163272627,0,,,,,,,,0,28.61498137,77.20998426,13.87370954,,
17.2,3.456832733,-5.853276139,7.04397374,0.006205427527,0.003837968919,0.01230647548,0,,,,,,,,0,28.61498256,77.20998384,13.87435077,,
17.21,3.445835304,-5.735282821,7.057256449,0.008659907183,-0.002161964656,0.01069036966,0,,,,,,,,0,28.61498375,77.20998342,13.87497636,,
17.22,3.531530753,-5.778569753,7.132856249,0.003300820499,0.0008555842452,0.008945788191,0,,,,,,,,0,28.61498494,77.209983,13.87558669,,
17.23,3.524930269,-5.812838341,7.103910859,0.005750364654,-0.005172484057,0.01177632545,0,,,,,,,,0,28.61498613,77.20998258,13.87618214,,
17.24,3.593870371,-5.834396009,7.138836132,0.00744397465,0.002686079347,0.01187734093,0,,,,,,,,0,28.61498733,77.20998216,13.87676306,,
17.25,3.542997968,-5.83147203,7.112906236,0.00838278035,-0.002012875761,0.0114637876,0,,,,,,,,0,28.61498852,77.20998174,13.87732982,,
17.26,3.529160908,-5.897078587,7.126528702,0.008860838978,-0.002626781509,0.00809274917,0,,,,,,,,0,28.61498971,77.20998132,13.87788275,,
17.27,3.455265975,-5.80887262,7.072944209,0.01574782067,-0.002076889553,0.01006481624,0,,,,,,,,0,28.6149909,77.2099809,13.8784222,,
17.28,3.538976879,-5.727040321,7.091690089,0.007081695767,-0.0031946459,0.01201520069,0,,,,,,,,0,28.6149921,77.20998048,13.87894848,,
17.29,3.408021678,-5.791755372,7.060837589,0.009118222202,-0.0010892768,0.007649991307,0,,,,,,,,0,28.61499329,77.20998006,13.87946193,,
17.3,3.476088222,-5.774403989,7.080558242,0.008013747983,0.0001842015671,0.007702328908,0,,,,,,,,0,28.61499448,77.20997964,13.87996286,,
17.31,3.644756625,-5.691911646,7.005090293,0.008433498342,-0.00491909749,0.01401227494,0,,,,,,,,0,28.61499567,77.20997922,13.88045157,,
17.32,3.496921915,-5.802924178,7.151144071,0.01042214948,0.0007135152527,0.01109294119,0,,,,,,,,0,28.61499687,77.2099788,13.88092836,,
17.33,3.567777184,-5.816079323,7.09758497,0.006723534653,0.0004577936793,0.008857181434,0,,,,,,,,0,28.61499806,77.20997838,13.88139353,,
17.34,3.615529018,-5.748098218,7.060622276,0.004821405889,-0.0004784887449,0.01100472414,0,,,,,,,,0,28.61499925,77.20997796,13.88184734,,
17.35,3.549857475,-5.774642476,7.08832398,0.008986328389,-0.006985815072,0.01245684804,0,,,,,,,,0,28.61500044,77.20997754,13.88229009,,
17.36,3.472783805,-5.716681983,7.052377389,0.01177926551,0.001983443463,0.009734646639,0,,,,,,,,0,28.61500164,77.20997712,13.88272204,,
17.37,3.612070727,-5.837174138,7.083980318,0.007592813856,0.001714403919,0.008042929049,0,,,,,,,,0,28.61500283,77.2099767,13.88314345,,
17.38,3.492303354,-5.787007888,7.127149947,0.009643618891,-0.0004700392031,0.008152720317,0,,,,,,,,0,28.61500402,77.20997628,13.88355459,,
17.39,3.543593273,-5.752585784,7.046894762,0.006076490071,-0.007910340041,0.0058244613,0,,,,,,,,0,28.61500522,77.20997586,13.8839557,,
17.4,3.573377169,-5.823180148,7.07089578,0.003795691236,-0.005251709697,0.01126791988,0,,,,,,,,0,28.61500641,77.20997544,13.88434702,,
17.41,3.531277448,-5.893246434,6.988262302,0.007201191048,-0.0001328036217,0.006699584623,0,,,,,,,,0,28.6150076,77.20997502,13.8847288,,
17.42,3.572268758,-5.773122904,7.102564849,0.01006011601,0.001977939318,0.01075805191,0,,,,,,,,0,28.61500879,77.20997459,13.88510127,,
17.43,3.5960078,-5.795188921,7.061477986,0.006593905244,-0.006356366063,0.01152552185,0,,,,,,,,0,28.61500999,77.20997417,13.88546465,,
17.44,3.564896307,-5.739339861,7.069178048,0.01199600387,-0.001259999419,0.008054785258,0,,,,,,,,0,28.61501118,77.20997375,13.88581917,,
17.45,3.544538922,-5.814764145,7.031571752,0.006492148052,-0.0008792222735,0.01232182465,0,,,,,,,,0,28.61501237,77.20997333,13.88616505,,
17.46,3.562415549,-5.814373147,7.032503225,0.005470365331,-0.002528864302,0.01439404548,0,,,,,,,,0,28.61501357,77.20997291,13.88650249,,
17.47,3.511525101,-5.765668409,7.037854086,0.003105580414,-0.004371917533,0.009517050044,0,,,,,,,,0,28.61501476,77.20997249,13.88683169,,
17.48,3.418574145,-5.721826079,7.07246684,0.001880002707,0.004554559835,0.006258507207,0,,,,,,,,0,28.61501595,77.20997207,13.88715287,,
17.49,3.478227601,-5.791306639,7.102667494,0.009963480081,-0.001655791771,0.01002546412,0,,,,,,,,0,28.61501714,77.20997165,13.88746622,,
17.5,3.482489576,-5.793182969,7.027925982,0.008232085255,0.001070355897,0.01335927897,0,,,,,,,,0,28.61501834,77.20997123,13.88777192,,
17.51,3.52926794,-5.723850427,7.005253475,0.01249776521,0.003452272794,0.0154868503,0,,,,,,,,0,28.61501953,77.20997081,13.88807016,,
17.52,3.556946409,-5.835569679,7.077306135,0.006246817887,0.0007416039114,0.005563233651,0,,,,,,,,0,28.61502072,77.20997039,13.88836114,,
17.53,3.590591864,-5.757551772,7.139428981,0.007839487853,-0.0003445353578,0.006007981273,0,,,,,,,,0,28.61502192,77.20996997,13.88864501,,
17.54,3.505234021,-5.735529254,6.974736381,0.01183259621,-0.006875706315,0.01042723708,0,,,,,,,,0,28.61502311,77.20996955,13.88892196,,
17.55,3.509007853,-5.79833392,7.021576148,0.008923453314,-0.0003216001074,0.01287543307,0,,,,,,,,0,28.6150243,77.20996913,13.88919216,,
17.56,3.465411497,-5.867775521,7.099487225,0.009553534724,-0.0005832217826,0.01167916635,0,,,,,,,,0,28.6150255,77.20996871,13.88945576,,
17.57,3.574520119,-5.85910941,7.101476693,0.008692698717,0.003778912836,0.01210925837,0,,,,,,,,0,28.61502669,77.20996829,13.88971294,,
17.58,3.531060821,-5.762082181,7.093472049,0.01333771967,-0.002509441892,0.009813705445,0,,,,,,,,0,28.61502788,77.20996787,13.88996384,,
17.59,3.590524953,-5.770929394,7.098861154,0.004649752122,-0.003572874788,0.01036020279,0,,,,,,,,0,28.61502908,77.20996745,13.89020863,,
17.6,3.560759518,-5.790171585,7.170146238,0.01167605943,0.002483780183,0.007157228655,0,,,,,,,,0,28.61503027,77.20996703,13.89044744,,
17.61,3.605476551,-5.80909372,7.068802187,0.004023276615,-0.002254078893,0.00473571398,0,,,,,,,,0,28.61503146,77.20996661,13.89068043,,
17.62,3.434353545,-5.797422417,7.199983304,0.008346399704,0.001209808074,0.006581857838,0,,,,,,,,0,28.61503266,77.20996619,13.89090774,,
17.63,3.53079019,-5.701932605,6.99099588,0.009950769564,-0.004149064914,0.01114744142,0,,,,,,,,0,28.61503385,77.20996577,13.8911295,,
17.64,3.586078531,-5.70571272,7.073687041,0.007394616767,-0.001344488216,0.01125232957,0,,,,,,,,0,28.61503504,77.20996534,13.89134585,,
17.65,3.45849204,-5.808464126,7.030557732,0.007196836901,0.0004645539059,0.01019074054,0,,,,,,,,0,28.61503624,77.20996492,13.89155693,,
17.66,3.490025477,-5.838620962,7.106168147,0.00428549868,-0.0009125031845,0.0125001329,0,,,,,,,,0,28.61503743,77.2099645,13.89176286,,
17.67,3.543874545,-5.738916184,7.158687545,0.006822492989,-0.002519325752,0.01435973095,0,,,,,,,,0,28.61503863,77.20996408,13.89196376,,
17.68,3.495812654,-5.795240448,7.102137376,0.0141790175,-0.004310022557,0.01062232467,0,,,,,,,,0,28.61503982,77.20996366,13.89215977,,
17.69,3.554899107,-5.747391373,7.068056741,0.01201479143,0.0003616447401,0.01022640877,0,,,,,,,,0,28.61504101,77.20996324,13.892351,,
17.7,3.539905098,-5.6327667,7.078627838,0.007528192298,0.00545883763,0.008306805053,0,,,,,,,,0,28.61504221,77.20996282,13.89253756,,
17.71,3.489209685,-5.693262784,7.077532354,0.010384934,-0.001832255528,0.01316869736,0,,,,,,,,0,28.6150434,77.2099624,13.89271957,,
17.72,3.482029263,-5.760753242,7.059164727,0.00381169366,-0.00484441495,0.01325970405,0,,,,,,,,0,28.61504459,77.20996198,13.89289714,,
17.73,3.607819374,-5.729970979,7.096671228,0.0103384368,-0.00479700185,0.009356485819,0,,,,,,,,0,28.61504579,77.20996156,13.89307038,,
17.74,3.657064231,-5.78214808,7.169577523,0.01077248065,-0.0004747043447,0.0064625466,0,,,,,,,,0,28.61504698,77.20996114,13.89323939,,
17.75,3.474814254,-5.779196256,7.057147911,0.01226228541,0.003296667855,0.01169862976,0,,,,,,,,0,28.61504817,77.20996072,13.89340429,,
17.76,3.594065697,-5.687810865,7.059373655,0.008286554845,-0.005184729432,0.00974758179,0,,,,,,,,0,28.61504937,77.2099603,13.89356516,,
17.77,3.56542966,-5.70217135,7.088309424,0.01367668345,-0.008861596523,0.006675421832,0,,,,,,,,0,28.61505056,77.20995988,13.89372211,,
17.78,3.472004311,-5.778333307,7.073650099,0.008750992777,-0.005880690298,0.01129042924,0,,,,,,,,0,28.61505175,77.20995946,13.89387523,,
17.79,3.560000536,-5.714147474,7.133226925,0.01103048456,0.0009517528171,0.01000809024,0,,,,,,,,0,28.61505295,77.20995904,13.89402461,,
17.8,3.492188998,-5.762163416,7.114136894,0.004410949658,-0.0004157021359,0.006335871349,0,,,,,,,,0,28.61505414,77.20995862,13.89417035,,
17.81,3.514420698,-5.722880314,7.099265105,0.01092239294,0.004436286337,0.01076308855,0,,,,,,,,0,28.61505534,77.20995819,13.89431254,,
17.82,3.557741292,-5.812498836,7.121136734,0.007379332617,-0.009253935865,0.007387927931,0,,,,,,,,0,28.61505653,77.20995777,13.89445126,,
17.83,3.548635036,-5.688974381,7.139478332,0.005440188381,0.0001888295735,0.009579642323,0,,,,,,,,0,28.61505772,77.20995735,13.89458659,,
17.84,3.506608873,-5.783273471,7.189129153,0.01384423934,0.004284478988,0.008333522652,0,,,,,,,,0,28.61505892,77.20995693,13.89471863,,
17.85,3.466048667,-5.740886126,7.035273529,0.008903474925,0.0004149662167,0.003284921489,0,,,,,,,,0,28.61506011,77.20995651,13.89484744,,
17.86,3.514100183,-5.808497711,7.136808037,0.003288063538,-0.001005316242,0.01234831153,0,,,,,,,,0,28.6150613,77.20995609,13.89497311,,
17.87,3.585561196,-5.789128256,7.010217388,0.01173770733,-0.003109282542,0.01016221853,0,,,,,,,,0,28.6150625,77.20995567,13.89509572,,
17.88,3.529384492,-5.803184129,7.002441691,0.009255000555,0.0004184430331,0.0152056049,0,,,,,,,,0,28.61506369,77.20995525,13.89521534,,
17.89,3.503911363,-5.907990677,7.133469626,0.007256099796,-0.002149589023,0.009841448735,0,,,,,,,,0,28.61506489,77.20995483,13.89533203,,
17.9,3.499303211,-5.853249926,7.104646013,0.004998888638,0.0002738503826,0.00888702617,0,,,,,,,,0,28.61506608,77.20995441,13.89544589,,
17.91,3.511768373,-5.722749825,7.088335569,0.01149821459,-0.0003902255274,0.01221184263,0,,,,,,,,0,28.61506727,77.20995399,13.89555696,,
17.92,3.545431495,-5.730286595,7.072119762,0.0070340008,-0.002430791846,0.008903069292,0,,,,,,,,0,28.61506847,77.20995357,13.89566533,,
17.93,3.486736374,-5.875473126,7.211543706,0.006853875616,0.001899931663,0.0122143154,0,,,,,,,,0,28.61506966,77.20995315,13.89577105,,
17.94,3.562153055,-5.783776394,7.072291861,0.01382660052,-0.0004696170188,0.01073848082,0,,,,,,,,0,28.61507086,77.20995273,13.8958742,,
17.95,3.492061911,-5.690655733,7.076672671,0.008718793838,0.0003234334418,0.01189904374,0,,,,,,,,0,28.61507205,77.20995231,13.89597483,,
17.96,3.526151129,-5.755939151,6.97814169,0.007242021789,-0.00374314053,0.01053488233,0,,,,,,,,0,28.61507324,77.20995188,13.896073,,
17.97,3.506578109,-5.802442378,7.180791913,0.01287921596,0.001151531976,0.01064779366,0,,,,,,,,0,28.61507444,77.20995146,13.89616878,,
17.98,3.545333878,-5.767837648,7.031345068,0.007452226254,0.003898666455,0.0122420671,0,,,,,,,,0,28.61507563,77.20995104,13.89626223,,
17.99,3.520854136,-5.711623705,7.078943373,0.008862982792,0.001458538061,0.01216050718,0,,,,,,,,0,28.61507682,77.20995062,13.89635339,,
18,3.522584644,-5.704796698,7.212372069,0.008146907981,-0.0006164012881,0.012647032,0,,,,,,,,0,28.61507802,77.2099502,13.89583258,,
18.01,3.439854322,-5.585591689,7.259545749,0.002899184648,0.001641714678,0.003180700909,0,,,,,,,,0,28.61507921,77.20994978,13.89471471,,
18.02,3.463288792,-5.557304693,7.29555943,0.004077487883,0.009079768447,0.004387556445,0,,,,,,,,0,28.61508041,77.20994936,13.89301435,,
18.03,3.398988476,-5.392611378,7.300035737,0.005952313585,0.0008691329674,0.002170072086,0,,,,,,,,0,28.6150816,77.20994894,13.89074571,,
18.04,3.34173681,-5.579260542,7.379850335,0.0025237042,0.008243448412,9.71038442e-05,0,,,,,,,,0,28.61508279,77.20994852,13.88792264,,
18.05,3.471218133,-5.468763968,7.401346189,4.457169541e-05,0.01023025207,-0.007379966309,0,,,,,,,,0,28.61508399,77.2099481,13.88455868,,
18.06,3.344571354,-5.403760733,7.43921682,-0.001367085327,0.01278751291,-0.0003952461064,0,,,,,,,,0,28.61508518,77.20994768,13.880667,,
18.07,3.272709404,-5.407037264,7.570865944,0.001601465044,0.0092766908,-0.009531680486,0,,,,,,,,0,28.61508637,77.20994726,13.87626049,,
18.08,3.313257753,-5.289627069,7.640632648,-0.004785734047,0.01128856333,-0.01322106922,0,,,,,,,,0,28.61508757,77.20994684,13.8713517,,
18.09,3.317580313,-5.325064956,7.640345364,0.0001173372316,0.01799002579,-0.01666065814,0,,,,,,,,0,28.61508876,77.20994642,13.86595287,,
18.1,3.196116,-5.22754549,7.602146998,-0.004449232385,0.01908274987,-0.009615529517,0,,,,,,,,0,28.61508995,77.20994601,13.86007598,,
18.11,3.244522418,-5.21553037,7.598329078,-0.007838340918,0.02199619132,-0.01971779453,0,,,,,,,,0,28.61509114,77.20994559,13.85373266,,
18.12,3.209363889,-5.191503272,7.758346683,-0.009772883107,0.0236984379,-0.00793555516,0,,,,,,,,0,28.61509233,77.20994517,13.8469343,,
18.13,3.172636739,-5.135294438,7.736897638,-0.005874734712,0.02666363474,-0.01938787333,0,,,,,,,,0,28.61509352,77.20994476,13.839692,,
18.14,3.092794702,-5.183249486,7.729586188,-0.007309414816,0.02470680782,-0.01770150816,0,,,,,,,,0,28.61509471,77.20994434,13.83201659,,
18.15,3.152422143,-5.12309946,7.918622826,-0.009204033303,0.02848785696,-0.02549817983,0,,,,,,,,0,28.6150959,77.20994393,13.82391862,,
18.16,3.049072597,-5.059206348,7.89922161,-0.006106938957,0.02973197661,-0.02078854412,0,,,,,,,,0,28.61509709,77.20994351,13.81540841,,
18.17,3.065070914,-5.001639036,8.00092292,-0.007600026389,0.03273549945,-0.0312172778,0,,,,,,,,0,28.61509828,77.2099431,13.80649601,,
18.18,3.133914929,-5.005347525,8.029289941,-0.008216073316,0.02918451324,-0.03140179403,0,,,,,,,,0,28.61509947,77.20994269,13.79719123,,
18.19,3.100946817,-5.036838442,8.021769926,-0.01121127114,0.03110355508,-0.03680421869,0,,,,,,,,0,28.61510065,77.20994228,13.78750364,,
18.2,2.979850577,-4.906066785,8.074541764,-0.009616472281,0.03544105542,-0.02857703845,0,,,,,,,,0,28.61510184,77.20994187,13.77744257,,
18.21,3.055675749,-4.904483746,8.039504528,-0.01757036818,0.03805127913,-0.0323207748,0,,,,,,,,0,28.61510303,77.20994146,13.76701715,,
18.22,3.001222167,-4.918301873,8.261263394,-0.0153639133,0.03869542551,-0.03519961127,0,,,,,,,,0,28.61510421,77.20994105,13.75623624,,
18.23,2.980292893,-4.902365883,8.136770962,-0.01085626117,0.03397447589,-0.03702603196,0,,,,,,,,0,28.6151054,77.20994065,13.74510853,,
18.24,2.988003353,-4.878384634,8.170078347,-0.01589784799,0.03816973078,-0.04341950828,0,,,,,,,,0,28.61510658,77.20994024,13.73364247,,
18.25,2.891993415,-4.947105445,8.217486274,-0.01652682238,0.04067565051,-0.04133216125,0,,,,,,,,0,28.61510776,77.20993984,13.72184631,,
18.26,2.904484546,-4.84154317,8.224146897,-0.01694490567,0.04682553581,-0.04328337724,0,,,,,,,,0,28.61510895,77.20993944,13.7097281,,
18.27,2.82976446,-4.694495333,8.182829062,-0.01692621809,0.04156179113,-0.04314898262,0,,,,,,,,0,28.61511013,77.20993903,13.69729571,,
18.28,2.885819458,-4.668561268,8.228974517,-0.02126156932,0.03769587068,-0.04474285971,0,,,,,,,,0,28.61511131,77.20993863,13.68455679,,
18.29,2.846682762,-4.775397165,8.19705913,-0.0140695917,0.04175108635,-0.04643325735,0,,,,,,,,0,28.61511249,77.20993824,13.67151882,,
18.3,2.885500668,-4.715525979,8.383662467,-0.01881050109,0.04758892946,-0.04693974772,0,,,,,,,,0,28.61511367,77.20993784,13.65818909,,
18.31,2.85979318,-4.612952706,8.336698648,-0.02118468469,0.05107335966,-0.05168780062,0,,,,,,,,0,28.61511485,77.20993744,13.64457473,,
18.32,2.789377453,-4.726962923,8.420048787,-0.01927606977,0.05123475465,-0.04775701812,0,,,,,,,,0,28.61511602,77.20993705,13.63068266,,
18.33,2.675939371,-4.670872372,8.353100346,-0.0230436008,0.0520952628,-0.05593139662,0,,,,,,,,0,28.6151172,77.20993666,13.61651967,,
18.34,2.781758815,-4.684301979,8.497581856,-0.0252944989,0.04616563714,-0.05389147249,0,,,,,,,,0,28.61511838,77.20993627,13.60209236,,
18.35,2.745293735,-4.58409662,8.453582664,-0.01904378069,0.05288071362,-0.0503915969,0,,,,,,,,0,28.61511955,77.20993588,13.58740718,,
18.36,2.711862254,-4.607032715,8.393771879,-0.02373549412,0.0517796056,-0.05536319462,0,,,,,,,,0,28.61512072,77.20993549,13.57247042,,
18.37,2.76276306,-4.566663809,8.48301283,-0.02457590314,0.05464411595,-0.05836358891,0,,,,,,,,0,28.6151219,77.2099351,13.55728821,,
18.38,2.590631031,-4.588958675,8.465080785,-0.02228373433,0.05134683285,-0.0569719987,0,,,,,,,,0,28.61512307,77.20993472,13.54186655,,
18.39,2.632373788,-4.502721209,8.54006342,-0.02388251242,0.05579417366,-0.06487466727,0,,,,,,,,0,28.61512424,77.20993433,13.52621127,,
18.4,2.7184119,-4.521345911,8.53450852,-0.02774169471,0.05730952431,-0.06337483107,0,,,,,,,,0,28.61512541,77.20993395,13.51032807,,
18.41,2.675114093,-4.503361386,8.560960797,-0.03094665794,0.05129371979,-0.06121107959,0,,,,,,,,0,28.61512658,77.20993357,13.4942225,,
18.42,2.578333795,-4.407876731,8.547082771,-0.02550388895,0.05841106312,-0.06246415948,0,,,,,,,,0,28.61512774,77.20993319,13.4779,,
18.43,2.668465078,-4.450316037,8.653491711,-0.03051639051,0.05799507528,-0.06215894072,0,,,,,,,,0,28.61512891,77.20993282,13.46136586,,
18.44,2.58904696,-4.425099894,8.563517748,-0.03325125739,0.05695969174,-0.06246290154,0,,,,,,,,0,28.61513007,77.20993244,13.44462523,,
18.45,2.635292036,-4.423650363,8.618882731,-0.03158626914,0.05839904042,-0.06205388909,0,,,,,,,,0,28.61513124,77.20993207,13.42768315,,
18.46,2.701877452,-4.514170481,8.627962457,-0.03276715996,0.06522871185,-0.06846041713,0,,,,,,,,0,28.6151324,77.2099317,13.41054453,,
18.47,2.549010499,-4.455302294,8.729415288,-0.02873716052,0.06491997366,-0.06746579716,0,,,,,,,,0,28.61513356,77.20993133,13.39321418,,
18.48,2.562565439,-4.398469742,8.621740737,-0.03026050795,0.06197968579,-0.06917003558,0,,,,,,,,0,28.61513472,77.20993096,13.37569676,,
18.49,2.460710777,-4.305513269,8.728804665,-0.03312907262,0.06229930189,-0.06824560624,0,,,,,,,,0,28.61513588,77.2099306,13.35799684,,
18.5,2.680981004,-4.401363272,8.639726376,-0.03364461876,0.06461508443,-0.0688151375,0,,,,,,,,0,28.61513704,77.20993024,13.34011887,,
18.51,2.55129397,-4.316952852,8.823318072,-0.03350487271,0.06112463586,-0.06736913893,0,,,,,,,,0,28.6151382,77.20992987,13.32206719,,
18.52,2.509050484,-4.375332201,8.733969193,-0.03645890589,0.07126967588,-0.07083387203,0,,,,,,,,0,28.61513935,77.20992951,13.30384604,,
18.53,2.478792187,-4.297053069,8.716969681,-0.03490923273,0.07010745337,-0.07027353804,0,,,,,,,,0,28.61514051,77.20992916,13.28545955,,
18.54,2.502525988,-4.27966756,8.828314488,-0.03082838799,0.07012836434,-0.07416208391,0,,,,,,,,0,28.61514166,77.2099288,13.26691176,,
18.55,2.588213116,-4.283986039,8.729961729,-0.04028139486,0.06684110909,-0.0761872833,0,,,,,,,,0,28.61514281,77.20992845,13.24820659,,
18.56,2.533505017,-4.324048282,8.845252366,-0.03346465848,0.07128856774,-0.07509285002,0,,,,,,,,0,28.61514396,77.2099281,13.22934789,,
18.57,2.459232634,-4.243530718,8.805361897,-0.03377799258,0.06846858256,-0.07571955177,0,,,,,,,,0,28.61514511,77.20992775,13.21033941,,
18.58,2.487631219,-4.256539466,8.767249474,-0.03565837697,0.07042012998,-0.08051850779,0,,,,,,,,0,28.61514626,77.2099274,13.19118479,,
18.59,2.382975778,-4.281444895,8.85702001,-0.0338319345,0.06962429776,-0.06909094276,0,,,,,,,,0,28.61514741,77.20992705,13.1718876,,
18.6,2.417720028,-4.176567416,8.913359266,-0.03251212396,0.07225734898,-0.07680268339,0,,,,,,,,0,28.61514855,77.20992671,13.15245132,,
18.61,2.483988637,-4.205824039,9.000930995,-0.04052134769,0.07319639879,-0.08176240033,0,,,,,,,,0,28.6151497,77.20992637,13.13287933,,
18.62,2.509126171,-4.116995416,8.949944322,-0.03914374117,0.07314412593,-0.07439125219,0,,,,,,,,0,28.61515084,77.20992603,13.11317496,,
18.63,2.419376265,-4.113253428,8.870122466,-0.03861997379,0.07738909737,-0.07629670407,0,,,,,,,,0,28.61515198,77.20992569,13.09334142,,
18.64,2.388889544,-4.143003976,8.938266191,-0.03265921525,0.07580473016,-0.08019384898,0,,,,,,,,0,28.61515312,77.20992536,13.07338188,,
18.65,2.413014968,-4.279110542,8.894833699,-0.03836651751,0.07310927419,-0.0838475488,0,,,,,,,,0,28.61515426,77.20992503,13.05329939,,
18.66,2.434248642,-4.141473073,8.930272678,-0.03859868539,0.07891396443,-0.08481153753,0,,,,,,,,0,28.6151554,77.2099247,13.03309697,,
18.67,2.325597232,-4.135604078,8.922126503,-0.03520325913,0.07848584005,-0.08215935663,0,,,,,,,,0,28.61515654,77.20992437,13.01277753,,
18.68,2.501079503,-4.239449147,8.933678529,-0.03852346858,0.07589858476,-0.07936825831,0,,,,,,,,0,28.61515767,77.20992404,12.99234393,,
18.69,2.42026116,-4.235022662,8.912711918,-0.04018252448,0.07666102891,-0.0859494964,0,,,,,,,,0,28.6151588,77.20992372,12.97179896,,
18.7,2.441179267,-4.126007607,8.975297082,-0.03981768871,0.07580579249,-0.08163802756,0,,,,,,,,0,28.61515994,77.2099234,12.95114532,,
18.71,2.304106364,-4.180187741,8.931190919,-0.04224633494,0.07524950601,-0.08507810295,0,,,,,,,,0,28.61516107,77.20992308,12.93038568,,
18.72,2.462485075,-4.178630248,8.972824949,-0.03627170162,0.07345427852,-0.08564249896,0,,,,,,,,0,28.6151622,77.20992276,12.90952262,,
18.73,2.366559733,-4.21411593,8.93489256,-0.03936246721,0.07676519935,-0.08864401693,0,,,,,,,,0,28.61516332,77.20992244,12.88855865,,
18.74,2.382057449,-4.051086479,8.907703202,-0.04237026899,0.07751919365,-0.08882217162,0,,,,,,,,0,28.61516445,77.20992213,12.86749624,,
18.75,2.34822502,-4.124428211,9.000300153,-0.03901527791,0.07236111055,-0.09064405267,0,,,,,,,,0,28.61516557,77.20992182,12.8463378,,
18.76,2.271014168,-4.134068045,9.106383962,-0.04066271935,0.08209806084,-0.09128572847,0,,,,,,,,0,28.6151667,77.20992151,12.82508566,,
18.77,2.351811356,-4.205809341,8.994174708,-0.04511488855,0.07823675736,-0.08461503417,0,,,,,,,,0,28.61516782,77.20992121,12.8037421,,
18.78,2.394545592,-4.034657032,9.002001859,-0.03798933954,0.07984285895,-0.08897177732,0,,,,,,,,0,28.61516894,77.2099209,12.78230937,,
18.79,2.347199964,-4.039882628,9.131571092,-0.04054935573,0.08161072238,-0.08672088419,0,,,,,,,,0,28.61517006,77.2099206,12.76078963,,
18.8,2.380189826,-4.135874702,9.10415083,-0.04705145843,0.09078617249,-0.08893402958,0,,,,,,,,0,28.61517117,77.2099203,12.739185,,
18.81,2.296508537,-4.013234197,9.048890009,-0.04128706577,0.09033110378,-0.08836265358,0,,,,,,,,0,28.61517229,77.20992,12.71749757,,
18.82,2.285275774,-4.127440406,9.144989457,-0.04455829718,0.08359435773,-0.09424649502,0,,,,,,,,0,28.6151734,77.20991971,12.69572933,,
18.83,2.343957221,-4.047748139,9.071080111,-0.04594158635,0.08149900348,-0.09020059608,0,,,,,,,,0,28.61517452,77.20991942,12.67388228,,
18.84,2.306908967,-4.056931039,9.161482839,-0.04248895426,0.07639197167,-0.0894184487,0,,,,,,,,0,28.61517563,77.20991913,12.65195832,,
18.85,2.309957897,-4.063905641,9.007541791,-0.04810673602,0.0834278684,-0.08994389081,0,,,,,,,,0,28.61517674,77.20991884,12.62995933,,
18.86,2.354472925,-4.092602147,9.056658248,-0.04368052769,0.09228329455,-0.09049415576,0,,,,,,,,0,28.61517784,77.20991855,12.60788715,,
18.87,2.298806962,-4.134791606,9.074882083,-0.04425642425,0.07841994032,-0.08939716106,0,,,,,,,,0,28.61517895,77.20991827,12.58574357,,
18.88,2.235212676,-4.044142833,9.106185592,-0.04273426946,0.08725501748,-0.0898401156,0,,,,,,,,0,28.61518006,77.20991799,12.56353031,,
18.89,2.395433591,-4.039512253,9.102021303,-0.04558813159,0.08969280501,-0.09100413954,0,,,,,,,,0,28.61518116,77.20991771,12.54124908,,
18.9,2.289962996,-4.001586894,9.191505273,-0.04231953447,0.08641435767,-0.09516818082,0,,,,,,,,0,28.61518226,77.20991743,12.51890154,,
18.91,2.329036347,-4.005634976,9.135455495,-0.04390778326,0.08869667461,-0.09581177776,0,,,,,,,,0,28.61518336,77.20991716,12.49648931,,
18.92,2.21260375,-4.08518161,9.164302779,-0.04472580419,0.08231570451,-0.09694146311,0,,,,,,,,0,28.61518446,77.20991689,12.47401396,,
18.93,2.385527245,-4.039023713,9.126139787,-0.04604647906,0.08545362078,-0.09808528519,0,,,,,,,,0,28.61518555,77.20991662,12.45147703,,
18.94,2.318951508,-3.992543581,9.137545979,-0.0444916965,0.07907687937,-0.09740289121,0,,,,,,,,0,28.61518665,77.20991635,12.42888003,,
18.95,2.375965524,-3.956141169,9.089935089,-0.04345571021,0.08811553348,-0.09427634368,0,,,,,,,,0,28.61518774,77.20991608,12.40622442,,
18.96,2.340298334,-4.064467744,9.125962085,-0.05081803972,0.09182230103,-0.09509755108,0,,,,,,,,0,28.61518883,77.20991582,12.38351163,,
18.97,2.401742486,-3.93176242,9.130531231,-0.0460310837,0.08154553342,-0.1012271944,0,,,,,,,,0,28.61518992,77.20991556,12.36074306,,
18.98,2.250767247,-4.028075342,9.16622835,-0.04266605247,0.08728133628,-0.1006826527,0,,,,,,,,0,28.61519101,77.2099153,12.33792005,,
18.99,2.368650885,-4.081277053,9.178861136,-0.04867143129,0.08497882407,-0.09249793461,0,,,,,,,,0,28.6151921,77.20991505,12.31504396,,
19,2.286902455,-3.944143986,9.135019258,-0.04502099745,0.08856654555,-0.1006598501,0,,,,,,,,0,28.61519318,77.20991479,12.29211605,,
19.01,2.209557477,-3.973237031,9.19872218,-0.04190059723,0.08730582971,-0.1034691236,0,,,,,,,,0,28.61519427,77.20991454,12.26913761,,
19.02,2.310506223,-3.974252239,9.075983388,-0.04307383965,0.09010644539,-0.1013425188,0,,,,,,,,0,28.61519535,77.20991429,12.24610987,,
19.03,2.258538347,-4.014360698,9.211836018,-0.04601902235,0.08555501415,-0.1013307354,0,,,,,,,,0,28.61519643,77.20991405,12.22303402,,
19.04,2.207806071,-3.925013962,9.099267885,-0.04712525862,0.08984648123,-0.1006678065,0,,,,,,,,0,28.61519751,77.2099138,12.19991124,,
19.05,2.363673753,-4.069536161,9.149572583,-0.05085928579,0.08982490808,-0.09668534143,0,,,,,,,,0,28.61519858,77.20991356,12.17674267,,
19.06,2.240220269,-3.979985461,9.187109747,-0.0439848232,0.09434830981,-0.1032412871,0,,,,,,,,0,28.61519966,77.20991332,12.15352943,,
19.07,2.306671119,-4.03269691,9.147983839,-0.05285900067,0.08680228235,-0.1028462444,0,,,,,,,,0,28.61520073,77.20991309,12.13027262,,
19.08,2.341017099,-3.944911517,9.164647607,-0.04708047017,0.08541936089,-0.09801658783,0,,,,,,,,0,28.6152018,77.20991285,12.10697329,,
19.09,2.367643658,-4.018811621,9.177310866,-0.05390383247,0.0874537393,-0.1023246385,0,,,,,,,,0,28.61520287,77.20991262,12.08363247,,
19.1,2.317200493,-3.95081026,9.201112269,-0.05250659948,0.08979566839,-0.09841214367,0,,,,,,,,0,28.61520394,77.20991239,12.06025119,,
19.11,2.326122981,-3.940451987,9.19413325,-0.05027788151,0.08933836768,-0.09710609695,0,,,,,,,,0,28.61520501,77.20991216,12.03683043,,
19.12,2.367092427,-3.991228226,9.269419885,-0.05096763801,0.08980782653,-0.1047076463,0,,,,,,,,0,28.61520607,77.20991194,12.01337115,,
19.13,2.393685372,-3.961673035,9.263243556,-0.05153355793,0.08788949678,-0.1009921196,0,,,,,,,,0,28.61520713,77.20991171,11.9898743,,
19.14,2.30946788,-3.924864084,9.18499765,-0.04842450063,0.09210916669,-0.09992409738,0,,,,,,,,0,28.61520819,77.20991149,11.96634078,,
19.15,2.300955953,-3.838875015,9.129963738,-0.04701367772,0.09248384235,-0.1065961055,0,,,,,,,,0,28.61520925,77.20991127,11.94277149,,
19.16,2.250287004,-3.868490758,9.214238465,-0.04674252687,0.09238769788,-0.1024087455,0,,,,,,,,0,28.61521031,77.20991106,11.91916731,,
19.17,2.319216804,-3.91842398,9.196555114,-0.04740180526,0.09431235726,-0.1016465006,0,,,,,,,,0,28.61521136,77.20991084,11.89552908,,
19.18,2.315379604,-3.960303582,9.119701376,-0.05168586292,0.09520586391,-0.1045214545,0,,,,,,,,0,28.61521242,77.20991063,11.87185764,,
19.19,2.266189561,-3.845241629,9.247158257,-0.04711613994,0.09244622153,-0.09984330984,0,,,,,,,,0,28.61521347,77.20991042,11.84815379,,
19.2,2.299293487,-3.902584313,9.287375021,-0.04579743154,0.08860096296,-0.1010838915,0,,,,,,,,0,28.61521452,77.20991022,11.82441834,,
19.21,2.312264794,-3.935397127,9.244052575,-0.05273738365,0.09606838171,-0.1010621144,0,,,,,,,,0,28.61521557,77.20991001,11.80065204,,
19.22,2.294780027,-4.053490888,9.181318576,-0.05313763175,0.09358915331,-0.1047324296,0,,,,,,,,0,28.61521661,77.20990981,11.77685564,,
19.23,2.391858731,-4.010600934,9.209184011,-0.05057558607,0.09175753207,-0.09932326122,0,,,,,,,,0,28.61521766,77.20990961,11.7530299,,
19.24,2.251002806,-3.937834258,9.258602121,-0.05007901439,0.09209992472,-0.09980887538,0,,,,,,,,0,28.6152187,77.20990941,11.72917551,,
19.25,2.394030102,-3.920700518,9.31899463,-0.05155829752,0.09540106546,-0.1068655315,0,,,,,,,,0,28.61521974,77.20990922,11.70529318,,
19.26,2.208622429,-3.937578211,9.232252129,-0.05363779369,0.09340709157,-0.1083039981,0,,,,,,,,0,28.61522078,77.20990902,11.68138359,,
19.27,2.338347127,-3.864721396,9.192981711,-0.05151772431,0.09519923445,-0.1086487882,0,,,,,,,,0,28.61522182,77.20990883,11.6574474,,
19.28,2.299982787,-3.85436789,9.215567226,-0.04997127626,0.08653623308,-0.1044969834,0,,,,,,,,0,28.61522285,77.20990864,11.63348527,,
19.29,2.263667606,-3.923350455,9.254270015,-0.0539295379,0.08786869683,-0.1078121233,0,,,,,,,,0,28.61522389,77.20990846,11.60949783,,
19.3,2.375197981,-3.766878742,9.295621101,-0.0480371484,0.0983484328,-0.1114651968,0,,,,,,,,0,28.61522492,77.20990827,11.58548569,,
19.31,2.279221187,-3.826162363,9.163964058,-0.04605439308,0.09063106588,-0.1015638439,0,,,,,,,,0,28.61522595,77.20990809,11.56144945,,
19.32,2.393149239,-3.97477192,9.150823033,-0.04949184944,0.09510909705,-0.1056270919,0,,,,,,,,0,28.61522698,77.20990791,11.53738971,,
19.33,2.334019728,-3.922352359,9.253086858,-0.04680365259,0.09484761096,-0.1111895774,0,,,,,,,,0,28.615228,77.20990773,11.51330703,,
19.34,2.369412474,-3.903443744,9.218653947,-0.05216527568,0.09229312642,-0.1090799813,0,,,,,,,,0,28.61522903,77.20990756,11.48920198,,
19.35,2.355787017,-3.889482632,9.298020603,-0.04849496714,0.09467905755,-0.105906084,0,,,,,,,,0,28.61523005,77.20990739,11.4650751,,
19.36,2.272396204,-3.853591348,9.195399538,-0.04823286732,0.09431183527,-0.1113773596,0,,,,,,,,0,28.61523107,77.20990722,11.44092693,,
19.37,2.303683897,-3.881044982,9.248309699,-0.04973704939,0.09771011642,-0.1110843257,0,,,,,,,,0,28.61523209,77.20990705,11.41675798,,
19.38,2.388230794,-3.857094924,9.120627157,-0.04851006395,0.09380719528,-0.1130725921,0,,,,,,,,0,28.6152331,77.20990688,11.39256876,,
19.39,2.331792279,-3.885254075,9.216836635,-0.04971923444,0.09720351375,-0.1085016037,0,,,,,,,,0,28.61523412,77.20990672,11.36835977,,
19.4,2.332189005,-3.918858871,9.200095912,-0.04681979301,0.09812761708,-0.1097833091,0,,,,,,,,0,28.61523513,77.20990656,11.34413148,,
19.41,2.312410988,-3.949850271,9.293380224,-0.05228362796,0.09175835941,-0.1031799819,0,,,,,,,,0,28.61523614,77.2099064,11.31988437,,
19.42,2.263135737,-3.838055561,9.302968986,-0.0495176064,0.09433476472,-0.1069982405,0,,,,,,,,0,28.61523715,77.20990624,11.2956189,,
19.43,2.304187533,-3.882948085,9.263459392,-0.05568240644,0.09602750918,-0.1051956122,0,,,,,,,,0,28.61523816,77.20990609,11.27133551,,
19.44,2.329461825,-3.88303039,9.289824981,-0.05346787055,0.09474797468,-0.1078503733,0,,,,,,,,0,28.61523916,77.20990593,11.24703464,,
19.45,2.353770114,-3.885517755,9.208290939,-0.05296474459,0.09463144989,-0.1063854605,0,,,,,,,,0,28.61524016,77.20990578,11.22271673,,
19.46,2.403653613,-3.845424523,9.287993545,-0.04719555794,0.09744122104,-0.1086517613,0,,,,,,,,0,28.61524116,77.20990563,11.19838217,,
19.47,2.329031132,-3.802401564,9.20671253,-0.05273477385,0.09525283237,-0.1120819859,0,,,,,,,,0,28.61524216,77.20990549,11.17403139,,
19.48,2.382446329,-3.850636348,9.297919012,-0.05060495439,0.09414677169,-0.1075727405,0,,,,,,,,0,28.61524316,77.20990534,11.14966477,,
19.49,2.360174712,-3.865918181,9.178595752,-0.05552450233,0.09990333656,-0.1107562242,0,,,,,,,,0,28.61524415,77.2099052,11.1252827,,
19.5,2.332191053,-3.942420522,9.25223069,-0.05621942927,0.09807251055,-0.1063250221,0,,,,,,,,0,28.61524515,77.20990506,11.10088556,,
19.51,2.399755498,-3.896004118,9.180087967,-0.053046839,0.09777908273,-0.1116025262,0,,,,,,,,0,28.61524614,77.20990493,11.07647372,,
19.52,2.350247158,-3.80155198,9.255649568,-0.05094942211,0.09898148646,-0.10800205,0,,,,,,,,0,28.61524713,77.20990479,11.05204753,,
19.53,2.316121458,-3.909641508,9.217870775,-0.04716678683,0.0990085453,-0.1118424187,0,,,,,,,,0,28.61524811,77.20990466,11.02760735,,
19.54,2.311307259,-3.852933367,9.269155156,-0.05259893555,0.09890133253,-0.1102237215,0,,,,,,,,0,28.6152491,77.20990453,11.00315351,,
19.55,2.334099274,-3.907648235,9.206038809,-0.04925890208,0.09724503989,-0.1152124818,0,,,,,,,,0,28.61525008,77.2099044,10.97868635,,
19.56,2.316147668,-3.877241533,9.129051098,-0.04952075191,0.09719781404,-0.1075427494,0,,,,,,,,0,28.61525106,77.20990427,10.9542062,,
19.57,2.383982458,-3.894298677,9.208546236,-0.05451910465,0.09864878764,-0.1105457052,0,,,,,,,,0,28.61525204,77.20990415,10.92971336,,
19.58,2.41136825,-3.876611596,9.218588102,-0.04839908653,0.1026706437,-0.1104488164,0,,,,,,,,0,28.61525302,77.20990403,10.90520816,,
19.59,2.48874832,-3.865566732,9.197504809,-0.05209607951,0.09818901141,-0.1125984104,0,,,,,,,,0,28.61525399,77.20990391,10.88069089,,
19.6,2.333089212,-3.861652006,9.265866149,-0.05430694428,0.09673894952,-0.1129120845,0,,,,,,,,0,28.61525497,77.20990379,10.85616184,,
19.61,2.392425634,-3.836498738,9.271852902,-0.06037415667,0.0954477188,-0.1056452342,0,,,,,,,,0,28.61525594,77.20990367,10.83162131,,
19.62,2.467468288,-3.942577184,9.287394857,-0.04813538445,0.0927137741,-0.1039681819,0,,,,,,,,0,28.61525691,77.20990356,10.80706957,,
19.63,2.388968874,-3.831464386,9.250807839,-0.05409901863,0.09588381244,-0.1110161014,0,,,,,,,,0,28.61525787,77.20990345,10.7825069,,
19.64,2.362777926,-3.886887153,9.217040084,-0.05605565874,0.09855515511,-0.1138364251,0,,,,,,,,0,28.61525884,77.20990334,10.75793356,,
19.65,2.407371895,-3.939348648,9.239471552,-0.05270801974,0.0998639288,-0.114809396,0,,,,,,,,0,28.6152598,77.20990323,10.73334981,,
19.66,2.40657185,-3.918527782,9.204371068,-0.05309800179,0.09639285525,-0.1055260439,0,,,,,,,,0,28.61526076,77.20990312,10.70875591,,
19.67,2.35185412,-3.83218307,9.165743209,-0.04655873283,0.0976683782,-0.1097920137,0,,,,,,,,0,28.61526172,77.20990302,10.68415211,,
19.68,2.456456616,-3.783451987,9.175939271,-0.04695256317,0.1008132221,-0.113109861,0,,,,,,,,0,28.61526268,77.20990292,10.65953864,,
19.69,2.370788945,-3.799697706,9.199035291,-0.05365191165,0.09882426363,-0.1140153047,0,,,,,,,,0,28.61526363,77.20990282,10.63491575,,
19.7,2.368596609,-3.894583602,9.251256472,-0.05347538633,0.09613980849,-0.1084958767,0,,,,,,,,0,28.61526459,77.20990272,10.61028366,,
19.71,2.409796156,-3.891156418,9.153072603,-0.05091257384,0.095949448,-0.108479969,0,,,,,,,,0,28.61526554,77.20990263,10.58564259,,
19.72,2.442504326,-3.8591107,9.169444379,-0.05130573418,0.0994765627,-0.1087040122,0,,,,,,,,0,28.61526649,77.20990254,10.56099277,,
19.73,2.392631155,-3.873147756,9.201085039,-0.04900635907,0.1029965652,-0.112143594,0,,,,,,,,0,28.61526743,77.20990244,10.53633441,,
19.74,2.361982378,-3.918154883,9.233644914,-0.04889673861,0.1046531483,-0.107957826,0,,,,,,,,0,28.61526838,77.20990236,10.51166772,,
19.75,2.456460307,-3.919047558,9.287370665,-0.05556787341,0.09980138238,-0.1143542864,0,,,,,,,,0,28.61526932,77.20990227,10.4869929,,
19.76,2.465103758,-3.867352051,9.147461591,-0.05469270549,0.09786354551,-0.1141944225,0,,,,,,,,0,28.61527026,77.20990218,10.46231015,,
19.77,2.51782674,-3.872243108,9.214025798,-0.05116259876,0.09016958743,-0.1099315553,0,,,,,,,,0,28.6152712,77.2099021,10.43761965,,
19.78,2.337435325,-3.855843488,9.161929174,-0.05107234659,0.104618454,-0.1077728275,0,,,,,,,,0,28.61527213,77.20990202,10.41292161,,
19.79,2.392001336,-3.860062737,9.334665522,-0.05636309079,0.1037386568,-0.113048899,0,,,,,,,,0,28.61527307,77.20990194,10.38821621,,
19.8,2.379896025,-3.804843303,9.239705152,-0.04963499181,0.1046541972,-0.118534331,0,,,,,,,,0,28.615274,77.20990186,10.36350362,,
19.81,2.383609457,-3.929002648,9.12794695,-0.05355960846,0.1012801885,-0.1153158237,0,,,,,,,,0,28.61527493,77.20990179,10.33878402,,
19.82,2.437865904,-3.805749389,9.205919835,-0.05670739732,0.0967643599,-0.1142956201,0,,,,,,,,0,28.61527586,77.20990172,10.31405758,,
19.83,2.420351486,-3.877341651,9.167660208,-0.05112013823,0.1002459992,-0.1086610445,0,,,,,,,,0,28.61527678,77.20990165,10.28932447,,
19.84,2.494539086,-3.823744767,9.251997489,-0.05397429518,0.09639748148,-0.1157835751,0,,,,,,,,0,28.6152777,77.20990158,10.26458485,,
19.85,2.488144155,-3.912249292,9.217641271,-0.05062359917,0.09730970877,-0.1099580688,0,,,,,,,,0,28.61527863,77.20990151,10.23983887,,
19.86,2.383833957,-3.892770434,9.284330658,-0.05249837186,0.09513489804,-0.1054247322,0,,,,,,,,0,28.61527954,77.20990144,10.21508671,,
19.87,2.431810632,-3.891181962,9.160584434,-0.05352337858,0.09457149935,-0.1023284483,0,,,,,,,,0,28.61528046,77.20990138,10.19032849,,
19.88,2.463248629,-3.822721358,9.224500404,-0.04951784383,0.09717885495,-0.1110892985,0,,,,,,,,0,28.61528138,77.20990132,10.16556438,,
19.89,2.452762979,-3.869495174,9.156890448,-0.05591847476,0.09541965959,-0.1137550948,0,,,,,,,,0,28.61528229,77.20990126,10.14079452,,
19.9,2.380380355,-3.983862055,9.245174039,-0.05145955133,0.1003525589,-0.1104671246,0,,,,,,,,0,28.6152832,77.2099012,10.11601904,,
19.91,2.420025683,-3.754948277,9.224277727,-0.05127268288,0.1026299607,-0.1110335392,0,,,,,,,,0,28.61528411,77.20990115,10.09123809,,
19.92,2.375573908,-3.776407637,9.204746647,-0.05724648334,0.09814678727,-0.112559295,0,,,,,,,,0,28.61528501,77.20990109,10.0664518,,
19.93,2.463182068,-3.784191854,9.206748438,-0.05288478197,0.09763760737,-0.1095202756,0,,,,,,,,0,28.61528592,77.20990104,10.04166029,,
19.94,2.468438534,-3.862719667,9.244684119,-0.05582592496,0.1014342058,-0.1114218523,0,,,,,,,,0,28.61528682,77.20990099,10.0168637,,
19.95,2.543307617,-3.941116812,9.242095851,-0.05570449612,0.09985817209,-0.1065821547,0,,,,,,,,0,28.61528772,77.20990094,9.992062144,,
19.96,2.473253182,-3.862540933,9.1588785,-0.05462628635,0.1015907253,-0.1129428194,0,,,,,,,,0,28.61528862,77.2099009,9.96725575,,
19.97,2.474075647,-3.903516819,9.081084615,-0.06139076271,0.1006064013,-0.1096230934,0,,,,,,,,0,28.61528951,77.20990085,9.942444635,,
19.98,2.52488182,-3.885416415,9.208801271,-0.05476861815,0.09979848004,-0.1063985372,0,,,,,,,,0,28.61529041,77.20990081,9.917628912,,
19.99,2.415616611,-3.793590029,9.232940746,-0.05485917093,0.1017895364,-0.1172767829,0,,,,,,,,0,28.6152913,77.20990077,9.892808694,,
20,2.507255659,-3.884518617,9.265032946,-0.05279920124,0.1026043603,-0.1094510024,0,,,,,,,,0,28.61529219,77.20990073,9.867984092,,
20.01,2.483438488,-3.82099458,9.164580508,-0.0527054596,0.09651905173,-0.1145767857,0,,,,,,,,0,28.61529307,77.20990069,9.843155212,,
20.02,2.404509415,-3.913862808,9.201191359,-0.05249757057,0.1010234058,-0.1117911211,0,,,,,,,,0,28.61529396,77.20990066,9.818322158,,
20.03,2.492392592,-3.945669762,9.140991725,-0.05879324363,0.1038778187,-0.1159912529,0,,,,,,,,0,28.61529484,77.20990063,9.793485032,,
20.04,2.557628727,-3.780242885,9.19329756,-0.0567429854,0.09663052067,-0.1119021714,0,,,,,,,,0,28.61529572,77.20990059,9.768643934,,
20.05,2.531887167,-3.830549873,9.233138633,-0.05284800265,0.09511806693,-0.1115266736,0,,,,,,,,0,28.6152966,77.20990057,9.74379896,,
20.06,2.483509158,-3.86580802,9.173575716,-0.0547252421,0.09820089421,-0.1123243361,0,,,,,,,,0,28.61529748,77.20990054,9.718950205,,
20.07,2.52117613,-3.752666092,9.177072411,-0.05360512998,0.09684591809,-0.1161171288,0,,,,,,,,0,28.61529835,77.20990051,9.694097761,,
20.08,2.549845679,-3.774119666,9.248390669,-0.05123630404,0.09880556073,-0.1136730794,0,,,,,,,,0,28.61529922,77.20990049,9.669241718,,
20.09,2.524060995,-3.958472987,9.131430414,-0.05512483297,0.09734092185,-0.1143627227,0,,,,,,,,0,28.61530009,77.20990046,9.644382164,,
20.1,2.40866683,-3.829483091,9.11426275,-0.05413028353,0.09490511179,-0.1191333372,0,,,,,,,,0,28.61530096,77.20990044,9.619519184,,
20.11,2.474034649,-3.770682464,9.232556321,-0.05261602633,0.1001321791,-0.1078507195,0,,,,,,,,0,28.61530182,77.20990042,9.594652862,,
20.12,2.598563406,-3.796268967,9.139084766,-0.05361749755,0.1000069687,-0.1087180808,0,,,,,,,,0,28.61530269,77.20990041,9.56978328,,
20.13,2.578937066,-3.835728593,9.219010957,-0.05328981217,0.1005172694,-0.1145415861,0,,,,,,,,0,28.61530355,77.20990039,9.544910517,,
20.14,2.563305132,-3.795572852,9.107792559,-0.05303014382,0.09431336427,-0.1125797746,0,,,,,,,,0,28.6153044,77.20990038,9.520034651,,
20.15,2.540465141,-3.794726336,9.263153865,-0.05830105073,0.1019609877,-0.1134064975,0,,,,,,,,0,28.61530526,77.20990037,9.495155757,,
20.16,2.444543005,-3.772869428,9.098067158,-0.05422989806,0.100691678,-0.1132294788,0,,,,,,,,0,28.61530611,77.20990035,9.47027391,,
20.17,2.544332766,-3.783458584,9.177832135,-0.05018812791,0.09711036352,-0.1184395886,0,,,,,,,,0,28.61530697,77.20990035,9.44538918,,
20.18,2.503760381,-3.890846786,9.156385137,-0.05390879712,0.09965851246,-0.1124299777,0,,,,,,,,0,28.61530782,77.20990034,9.420501639,,
20.19,2.597413501,-3.853574101,9.107429063,-0.0597650757,0.09891723331,-0.1108991669,0,,,,,,,,0,28.61530866,77.20990033,9.395611355,,
20.2,2.496688324,-3.867474901,9.188959058,-0.04826843124,0.1002263076,-0.1172106427,0,,,,,,,,0,28.61530951,77.20990033,9.370718395,,
20.21,2.580873716,-3.919483766,9.160366529,-0.05610789513,0.09561527741,-0.1094338248,0,,,,,,,,0,28.61531035,77.20990033,9.345822825,,
20.22,2.587765724,-3.806972256,9.151400632,-0.05086504133,0.09780663225,-0.1130711587,0,,,,,,,,0,28.61531119,77.20990033,9.320924707,,
20.23,2.558238209,-3.860053198,9.232858978,-0.05489191083,0.1023728912,-0.111962714,0,,,,,,,,0,28.61531203,77.20990033,9.296024104,,
20.24,2.573749702,-3.792119925,9.13335734,-0.05904075635,0.09559550662,-0.1156070772,0,,,,,,,,0,28.61531286,77.20990033,9.271121077,,
20.25,2.516566852,-3.85702143,9.189087991,-0.0477833281,0.1012955754,-0.1106722447,0,,,,,,,,0,28.6153137,77.20990034,9.246215685,,
20.26,2.537767466,-3.786116565,9.188345742,-0.05369735058,0.1044052772,-0.1150638507,0,,,,,,,,0,28.61531453,77.20990034,9.221307986,,
20.27,2.516004664,-3.813909833,9.136820331,-0.05414378492,0.09678878087,-0.1175407972,0,,,,,,,,0,28.61531536,77.20990035,9.196398035,,
20.28,2.59905572,-3.827435704,9.096322702,-0.05492574699,0.09575629192,-0.1123588857,0,,,,,,,,0,28.61531619,77.20990036,9.171485888,,
20.29,2.580775105,-3.769669886,9.221242628,-0.06257720477,0.1027809331,-0.1112305127,0,,,,,,,,0,28.61531701,77.20990037,9.146571598,,
20.3,2.591654385,-3.823515887,9.162301211,-0.05837331287,0.09650084693,-0.1138806633,0,,,,,,,,0,28.61531783,77.20990038,9.121655217,,
20.31,2.597998427,-3.87226028,9.126686776,-0.05176252647,0.1057301512,-0.1207234159,0,,,,,,,,0,28.61531865,77.2099004,9.096736797,,
20.32,2.526121858,-3.877752868,9.169604269,-0.05442997468,0.09678843019,-0.115004488,0,,,,,,,,0,28.61531947,77.20990041,9.071816388,,
20.33,2.589390277,-3.838365523,9.134867655,-0.05859993312,0.09693584196,-0.1138306593,0,,,,,,,,0,28.61532029,77.20990043,9.046894037,,
20.34,2.532643591,-3.779147914,9.222802842,-0.04703366169,0.1035795606,-0.1158592975,0,,,,,,,,0,28.6153211,77.20990045,9.021969792,,
20.35,2.601547686,-3.940818749,9.152509266,-0.05890844801,0.09781434121,-0.1161118879,0,,,,,,,,0,28.61532191,77.20990047,8.997043699,,
20.36,2.486546045,-3.929821005,9.011573559,-0.05275512168,0.1021279809,-0.1132436429,0,,,,,,,,0,28.61532272,77.20990049,8.97272556,,
20.37,2.57081229,-3.976984772,8.977959215,-0.05648325515,0.1029023732,-0.1120224085,0,,,,,,,,0,28.61532353,77.20990051,8.949000547,,
20.38,2.546516263,-3.945364839,8.964862406,-0.05624916043,0.1055432003,-0.1167478674,0,,,,,,,,0,28.61532433,77.20990054,8.925854192,,
20.39,2.638525932,-4.015739077,8.988101413,-0.04694699803,0.1043395757,-0.117296189,0,,,,,,,,0,28.61532513,77.20990056,8.903272382,,
20.4,2.568030716,-4.069247546,8.948990991,-0.05627432914,0.09870449957,-0.1135863626,0,,,,,,,,0,28.61532593,77.20990059,8.881241349,,
20.41,2.597260801,-4.146009299,8.877606688,-0.05163440345,0.09348340989,-0.1146577206,0,,,,,,,,0,28.61532673,77.20990062,8.859747657,,
20.42,2.529265985,-4.191160115,8.855957137,-0.06088602074,0.09765955159,-0.1115221038,0,,,,,,,,0,28.61532753,77.20990065,8.838778202,,
20.43,2.493982513,-4.201138678,8.687823524,-0.05939628953,0.09891440887,-0.1170464655,0,,,,,,,,0,28.61532832,77.20990069,8.818320197,,
20.44,2.513585469,-4.348806897,8.814721764,-0.0513190918,0.1020762842,-0.118940149,0,,,,,,,,0,28.61532912,77.20990072,8.798361168,,
20.45,2.625535026,-4.351574875,8.743073977,-0.05277429506,0.09825098884,-0.1157594673,0,,,,,,,,0,28.61532991,77.20990075,8.778888944,,
20.46,2.506862485,-4.299476134,8.775130185,-0.05360687078,0.09710931358,-0.1090701262,0,,,,,,,,0,28.6153307,77.20990079,8.759891653,,
20.47,2.553511401,-4.464125192,8.76301021,-0.0615524697,0.1048359774,-0.1189917394,0,,,,,,,,0,28.61533148,77.20990083,8.74135771,,
20.48,2.496752076,-4.388363101,8.684607763,-0.05199115329,0.1011038134,-0.1162607295,0,,,,,,,,0,28.61533227,77.20990087,8.723275815,,
20.49,2.505835601,-4.44261559,8.731628762,-0.05480824891,0.09963097533,-0.1148938845,0,,,,,,,,0,28.61533305,77.20990091,8.705634941,,
20.5,2.486385892,-4.428527924,8.588304667,-0.05358644972,0.09928800696,-0.113300154,0,,,,,,,,0,28.61533383,77.20990095,8.688424333,,
20.51,2.544295368,-4.56612256,8.601669886,-0.05644738017,0.1000844734,-0.1128369641,0,,,,,,,,0,28.61533461,77.209901,8.671633496,,
20.52,2.510607133,-4.559781615,8.649978099,-0.05625269826,0.09795619309,-0.1150940455,0,,,,,,,,0,28.61533539,77.20990104,8.655252191,,
20.53,2.486262926,-4.583342853,8.627256128,-0.0547168474,0.1000179768,-0.1135605755,0,,,,,,,,0,28.61533617,77.20990109,8.63927043,,
20.54,2.40264189,-4.587894881,8.541060097,-0.05706126972,0.1041731474,-0.1159911361,0,,,,,,,,0,28.61533695,77.20990114,8.623678468,,
20.55,2.427461833,-4.595726278,8.53416289,-0.05661004862,0.09642650817,-0.115785404,0,,,,,,,,0,28.61533772,77.20990119,8.608466799,,
20.56,2.462017183,-4.724657121,8.556456592,-0.05652901714,0.09704748561,-0.1202729306,0,,,,,,,,0,28.61533849,77.20990124,8.593626145,,
20.57,2.472563817,-4.708312228,8.52921868,-0.05354390091,0.1046353928,-0.1158552388,0,,,,,,,,0,28.61533926,77.20990129,8.579147458,,
20.58,2.508652252,-4.622241749,8.469010859,-0.05454403593,0.09618992664,-0.1143279453,0,,,,,,,,0,28.61534003,77.20990135,8.565021911,,
20.59,2.431700364,-4.652970926,8.46356749,-0.052397786,0.09929517059,-0.1143593771,0,,,,,,,,0,28.6153408,77.2099014,8.551240888,,
20.6,2.525623791,-4.79330527,8.371695066,-0.05567161107,0.09874438937,-0.1101891926,0,,,,,,,,0,28.61534157,77.20990146,8.537795989,,
20.61,2.399336217,-4.810415612,8.469937674,-0.05653644322,0.1031311866,-0.1176366655,0,,,,,,,,0,28.61534234,77.20990152,8.524679013,,
20.62,2.540885109,-4.799418801,8.362071378,-0.05219475804,0.103162416,-0.1127149872,0,,,,,,,,0,28.6153431,77.20990158,8.511881964,,
20.63,2.541460658,-4.930185573,8.373463216,-0.06080058648,0.1012937142,-0.1145452751,0,,,,,,,,0,28.61534387,77.20990164,8.499397038,,
20.64,2.35780393,-4.85714946,8.310270335,-0.05396741511,0.09868879057,-0.1138787638,0,,,,,,,,0,28.61534463,77.2099017,8.487216623,,
20.65,2.42770699,-4.899396157,8.382921774,-0.05570565046,0.1010239834,-0.1187913783,0,,,,,,,,0,28.61534539,77.20990177,8.475333291,,
20.66,2.494407492,-4.886788696,8.36768495,-0.05794035334,0.1037978077,-0.1129008207,0,,,,,,,,0,28.61534615,77.20990183,8.463739796,,
20.67,2.482956087,-4.881859859,8.214973948,-0.05224868112,0.1049714514,-0.1153362963,0,,,,,,,,0,28.61534691,77.2099019,8.452429069,,
20.68,2.494965097,-5.040262929,8.309506516,-0.05569583224,0.09503581726,-0.1170408907,0,,,,,,,,0,28.61534767,77.20990197,8.441394214,,
20.69,2.528616522,-4.950663796,8.316924941,-0.05218192472,0.09685917532,-0.1150553727,0,,,,,,,,0,28.61534842,77.20990204,8.430628501,,
20.7,2.432891325,-5.02039874,8.219787469,-0.0539523375,0.09790899328,-0.1120519412,0,,,,,,,,0,28.61534918,77.20990211,8.420125367,,
20.71,2.354116557,-5.082289294,8.234958163,-0.05373880366,0.1001452657,-0.1096444817,0,,,,,,,,0,28.61534993,77.20990218,8.409878407,,
20.72,2.430849235,-5.032976875,8.247879735,-0.05878837843,0.1022848501,-0.1142247065,0,,,,,,,,0,28.61535069,77.20990226,8.399881372,,
20.73,2.403677564,-5.042556644,8.200054774,-0.05919239243,0.1038226067,-0.1219587847,0,,,,,,,,0,28.61535144,77.20990233,8.390128168,,
20.74,2.394968771,-5.082325453,8.238134091,-0.058083594,0.09846444549,-0.1131454474,0,,,,,,,,0,28.61535219,77.20990241,8.380612847,,
20.75,2.431288857,-5.128102253,8.250967586,-0.06050656008,0.1032257221,-0.1142612465,0,,,,,,,,0,28.61535294,77.20990249,8.371329607,,
20.76,2.347431748,-5.172599753,8.221304134,-0.05537907165,0.1000761627,-0.1113921015,0,,,,,,,,0,28.61535369,77.20990257,8.362272787,,
20.77,2.444444305,-5.092269795,8.210277134,-0.05329207916,0.09653197835,-0.1150189427,0,,,,,,,,0,28.61535444,77.20990265,8.353436866,,
20.78,2.444883656,-5.076740276,8.174000907,-0.06193713302,0.1002883479,-0.1177658847,0,,,,,,,,0,28.61535519,77.20990273,8.344816454,,
20.79,2.394117892,-5.201144423,8.059903628,-0.05677505327,0.1048011379,-0.1151371921,0,,,,,,,,0,28.61535593,77.20990282,8.336406297,,
20.8,2.417623066,-5.231927718,8.055440462,-0.05233990784,0.1014921899,-0.1136229894,0,,,,,,,,0,28.61535668,77.2099029,8.328201265,,
20.81,2.318085805,-5.156722952,8.143824757,-0.05274034935,0.104755036,-0.1134569926,0,,,,,,,,0,28.61535742,77.20990299,8.320196356,,
20.82,2.342372332,-5.233516766,8.132990882,-0.05086428217,0.1030237035,-0.1142325522,0,,,,,,,,0,28.61535817,77.20990308,8.312386689,,
20.83,2.391732937,-5.24288946,8.072152038,-0.05160765172,0.09853874728,-0.1177473136,0,,,,,,,,0,28.61535891,77.20990316,8.304767501,,
20.84,2.377105033,-5.352974455,8.196597566,-0.05298388728,0.09994296747,-0.1155788807,0,,,,,,,,0,28.61535965,77.20990326,8.297334148,,
20.85,2.306326406,-5.26286946,8.152599057,-0.05421771721,0.1052258704,-0.114647481,0,,,,,,,,0,28.6153604,77.20990335,8.290082095,,
20.86,2.377452616,-5.293452548,8.11431915,-0.05579205268,0.09712555542,-0.112782383,0,,,,,,,,0,28.61536114,77.20990344,8.283006922,,
20.87,2.344841489,-5.282468621,8.040622761,-0.05462417906,0.1043305821,-0.1173664618,0,,,,,,,,0,28.61536188,77.20990354,8.276104314,,
20.88,2.286606587,-5.240715533,8.008395403,-0.05550063258,0.09825161639,-0.1197206396,0,,,,,,,,0,28.61536262,77.20990363,8.269370063,,
20.89,2.38209901,-5.334335595,8.002838442,-0.04986721524,0.1018203842,-0.1163958414,0,,,,,,,,0,28.61536336,77.20990373,8.262800061,,
20.9,2.309553209,-5.379951931,8.118176157,-0.05217145632,0.09598804383,-0.112636126,0,,,,,,,,0,28.61536409,77.20990383,8.256390304,,
20.91,2.328655657,-5.457169099,7.980205572,-0.05346277602,0.09809394314,-0.118973252,0,,,,,,,,0,28.61536483,77.20990393,8.250136882,,
20.92,2.398950623,-5.343441595,7.984646997,-0.05925016277,0.09975614303,-0.1173784189,0,,,,,,,,0,28.61536557,77.20990403,8.244035982,,
20.93,2.325449628,-5.374035787,8.101909319,-0.05526934974,0.1033895935,-0.1152334277,0,,,,,,,,0,28.6153663,77.20990414,8.238083885,,
20.94,2.25242082,-5.372690943,7.941690454,-0.05623875109,0.1027838643,-0.1221276615,0,,,,,,,,0,28.61536704,77.20990424,8.232276961,,
20.95,2.332573528,-5.377253842,8.010035766,-0.05747585466,0.09721960414,-0.1148158615,0,,,,,,,,0,28.61536777,77.20990435,8.226611669,,
20.96,2.426256792,-5.356080384,8.013748971,-0.05184895414,0.09586252473,-0.11560688,0,,,,,,,,0,28.61536851,77.20990445,8.221084555,,
20.97,2.38157508,-5.408055341,8.034354134,-0.05626691814,0.1004405686,-0.1187448326,0,,,,,,,,0,28.61536924,77.20990456,8.215692249,,
20.98,2.358543303,-5.456122643,7.98784283,-0.05632731257,0.1042402698,-0.1156007021,0,,,,,,,,0,28.61536997,77.20990467,8.210431463,,
20.99,2.431627009,-5.397931629,7.961728751,-0.05668342916,0.1006641473,-0.1137515039,0,,,,,,,,0,28.6153707,77.20990478,8.205298988,,
21,2.45011585,-5.499128603,7.971049497,-0.05278542971,0.09648163393,-0.1176859642,0,,,,,,,,0,28.61537144,77.2099049,8.200291696,,
21.01,2.296816946,-5.404678618,8.021642678,-0.05698694599,0.09865495539,-0.1167135333,0,,,,,,,,0,28.61537217,77.20990501,8.195406532,,
21.02,2.428058076,-5.57447065,7.986808788,-0.0546799238,0.1010231758,-0.1166529971,0,,,,,,,,0,28.6153729,77.20990513,8.190640519,,
21.03,2.367217811,-5.458702039,7.972074311,-0.05406884869,0.1049478794,-0.1156137631,0,,,,,,,,0,28.61537363,77.20990524,8.18599075,,
21.04,2.379114859,-5.552938619,7.907337989,-0.05821352869,0.09740252536,-0.1164997077,0,,,,,,,,0,28.61537435,77.20990536,8.181454391,,
21.05,2.322298877,-5.471725569,7.918002472,-0.05802349647,0.1034969875,-0.1162433503,0,,,,,,,,0,28.61537508,77.20990548,8.177028674,,
21.06,2.312255259,-5.459069955,7.990072938,-0.05606374319,0.1012923933,-0.1186047323,0,,,,,,,,0,28.61537581,77.2099056,8.172710901,,
21.07,2.390272821,-5.601680423,7.896981393,-0.05552567711,0.1010451641,-0.1135017823,0,,,,,,,,0,28.61537654,77.20990573,8.16849844,,
21.08,2.259668734,-5.557144256,7.808810719,-0.05099763057,0.1067284726,-0.1163756972,0,,,,,,,,0,28.61537726,77.20990585,8.164388722,,
21.09,2.271583981,-5.484558248,7.902639735,-0.05529569172,0.09716260213,-0.1106743654,0,,,,,,,,0,28.61537799,77.20990598,8.160379241,,
21.1,2.249758969,-5.52465239,7.906886129,-0.05549269717,0.09519341167,-0.1160533993,0,,,,,,,,0,28.61537872,77.2099061,8.156467552,,
21.11,2.343108736,-5.525156633,7.86788206,-0.0564302383,0.09981139319,-0.1187182705,0,,,,,,,,0,28.61537944,77.20990623,8.152651271,,
21.12,2.26256244,-5.547704283,7.937246295,-0.05313565876,0.1001996047,-0.1188512101,0,,,,,,,,0,28.61538016,77.20990636,8.148928069,,
21.13,2.316120411,-5.629149333,7.84737736,-0.05774013484,0.1053450604,-0.1118614759,0,,,,,,,,0,28.61538089,77.20990649,8.145295677,,
21.14,2.412419201,-5.584469144,7.86381025,-0.05358212352,0.09954649777,-0.1179229744,0,,,,,,,,0,28.61538161,77.20990662,8.14175188,,
21.15,2.380813863,-5.646499814,7.841077839,-0.05591845577,0.1061012825,-0.1125044961,0,,,,,,,,0,28.61538233,77.20990676,8.138294517,,
21.16,2.408827339,-5.552896608,7.873150672,-0.05402119278,0.09808299874,-0.1136067745,0,,,,,,,,0,28.61538306,77.20990689,8.13492148,,
21.17,2.306028369,-5.591381391,7.713278776,-0.05954647281,0.1002554705,-0.111966021,0,,,,,,,,0,28.61538378,77.20990703,8.131630712,,
21.18,2.323114035,-5.513264989,7.773137693,-0.05335138812,0.1083702135,-0.1110070423,0,,,,,,,,0,28.6153845,77.20990717,8.128420207,,
21.19,2.296539689,-5.605484424,7.857621613,-0.05639547868,0.1043731334,-0.1139375912,0,,,,,,,,0,28.61538522,77.20990731,8.125288007,,
21.2,2.231926429,-5.695403536,7.759744672,-0.05512309522,0.09913611786,-0.1150657712,0,,,,,,,,0,28.61538594,77.20990745,8.122232202,,
21.21,2.306368224,-5.501525708,7.822191707,-0.05549543879,0.1062531043,-0.1190878057,0,,,,,,,,0,28.61538666,77.20990759,8.119250929,,
21.22,2.415397829,-5.697460199,7.865178213,-0.05856675499,0.1032806361,-0.1148027104,0,,,,,,,,0,28.61538738,77.20990773,8.116342369,,
21.23,2.404597113,-5.535767477,7.814876179,-0.05652828701,0.1021648356,-0.1095922461,0,,,,,,,,0,28.6153881,77.20990788,8.113504751,,
21.24,2.34563608,-5.661183221,7.796944463,-0.05697144115,0.102904158,-0.1138734892,0,,,,,,,,0,28.61538882,77.20990802,8.110736342,,
21.25,2.263069584,-5.678574026,7.775318823,-0.05442251067,0.1074772728,-0.1167664669,0,,,,,,,,0,28.61538953,77.20990817,8.108035456,,
21.26,2.327894522,-5.58599739,7.873687371,-0.05885877832,0.09976070198,-0.1167829703,0,,,,,,,,0,28.61539025,77.20990832,8.105400445,,
21.27,2.353461877,-5.691242204,7.817501868,-0.0512711285,0.1058540005,-0.1188451518,0,,,,,,,,0,28.61539097,77.20990847,8.102829702,,
21.28,2.27356614,-5.590316136,7.825854196,-0.05244653508,0.09491883808,-0.1156982929,0,,,,,,,,0,28.61539168,77.20990862,8.100321661,,
21.29,2.273787252,-5.682841997,7.797616169,-0.05532151485,0.1062448215,-0.11193708,0,,,,,,,,0,28.6153924,77.20990877,8.097874791,,
21.3,2.343775968,-5.623366276,7.861135339,-0.05284248429,0.09716863291,-0.1196708626,0,,,,,,,,0,28.61539312,77.20990893,8.095487601,,
21.31,2.292979246,-5.708995968,7.779650288,-0.05598728457,0.09915092373,-0.1173982513,0,,,,,,,,0,28.61539383,77.20990908,8.093158635,,
21.32,2.332224808,-5.821775333,7.905953322,-0.05680088831,0.09838159229,-0.115231321,0,,,,,,,,0,28.61539455,77.20990924,8.090886473,,
21.33,2.281072518,-5.648483942,7.756783201,-0.05107046832,0.09995454181,-0.1158126301,0,,,,,,,,0,28.61539526,77.2099094,8.08866973,,
21.34,2.344360348,-5.67812256,7.7273995,-0.05611501014,0.09740650251,-0.1178230222,0,,,,,,,,0,28.61539597,77.20990956,8.086507053,,
21.35,2.288689355,-5.691962674,7.761733998,-0.0550275499,0.101911554,-0.1150071272,0,,,,,,,,0,28.61539669,77.20990972,8.084397125,,
21.36,2.266657291,-5.748365086,7.897654465,-0.05366050025,0.100588038,-0.1213064377,0,,,,,,,,0,28.6153974,77.20990988,8.082338659,,
21.37,2.301358753,-5.658468949,7.793589547,-0.05426961791,0.1070892933,-0.1159184526,0,,,,,,,,0,28.61539811,77.20991005,8.080330399,,
21.38,2.233669627,-5.652755419,7.784509186,-0.05900112196,0.1020101903,-0.1189532783,0,,,,,,,,0,28.61539882,77.20991021,8.078371121,,
21.39,2.330163603,-5.715414842,7.754709341,-0.0572986587,0.09919952634,-0.1154350313,0,,,,,,,,0,28.61539954,77.20991038,8.07645963,,
21.4,2.39318469,-5.763360148,7.726276511,-0.05377828557,0.1050716707,-0.1113985282,0,,,,,,,,0,28.61540025,77.20991055,8.074594761,,
21.41,2.312458385,-5.723632181,7.78000223,-0.057120561,0.09703190039,-0.1145530803,0,,,,,,,,0,28.61540096,77.20991072,8.072775377,,
21.42,2.379428191,-5.703566563,7.767700698,-0.05190621184,0.1014819027,-0.1151740009,0,,,,,,,,0,28.61540167,77.20991089,8.071000367,,
21.43,2.405759504,-5.762308042,7.797333441,-0.05393699749,0.09955162648,-0.1161064213,0,,,,,,,,0,28.61540238,77.20991106,8.069268651,,
21.44,2.282551548,-5.683987885,7.816082775,-0.05068157152,0.1060239472,-0.1149717813,0,,,,,,,,0,28.61540309,77.20991123,8.067579172,,
21.45,2.295720144,-5.76132206,7.74376018,-0.04709193714,0.09967570497,-0.114478277,0,,,,,,,,0,28.6154038,77.20991141,8.065930899,,
21.46,2.407568678,-5.714455771,7.874333623,-0.05839437185,0.1021849459,-0.1188050706,0,,,,,,,,0,28.61540451,77.20991158,8.064322829,,
21.47,2.330946816,-5.730602208,7.743483594,-0.0552052757,0.09878464974,-0.112823899,0,,,,,,,,0,28.61540521,77.20991176,8.062753979,,
21.48,2.249732209,-5.710360199,7.784604127,-0.05436000145,0.09837608528,-0.1135903995,0,,,,,,,,0,28.61540592,77.20991194,8.061223394,,
21.49,2.215568564,-5.697422814,7.767074785,-0.05695286516,0.1033838016,-0.1096801239,0,,,,,,,,0,28.61540663,77.20991212,8.059730141,,
21.5,2.357077353,-5.698335674,7.853221719,-0.05894880624,0.1047202163,-0.1151173113,0,,,,,,,,0,28.61540734,77.2099123,8.058273308,,
21.51,2.285670683,-5.755415409,7.685971143,-0.06061666913,0.1029129443,-0.1112498142,0,,,,,,,,0,28.61540804,77.20991248,8.056852008,,
21.52,2.268905927,-5.77287978,7.841949246,-0.05452045637,0.1023562876,-0.1160760926,0,,,,,,,,0,28.61540875,77.20991267,8.055465374,,
21.53,2.322180246,-5.754959916,7.733441235,-0.05418076678,0.09759892946,-0.1119266725,0,,,,,,,,0,28.61540946,77.20991286,8.05411256,,
21.54,2.292101255,-5.783509895,7.668412324,-0.05678607183,0.1002236534,-0.1127870527,0,,,,,,,,0,28.61541016,77.20991304,8.052792741,,
21.55,2.255434307,-5.684095696,7.806159402,-0.05392632306,0.1042216235,-0.1199146766,0,,,,,,,,0,28.61541087,77.20991323,8.051505113,,
21.56,2.290871649,-5.803393729,7.684486663,-0.05162972099,0.1002276464,-0.1164204231,0,,,,,,,,0,28.61541157,77.20991342,8.050248891,,
21.57,2.247401502,-5.751860954,7.816509884,-0.0539097058,0.1019571379,-0.1163539606,0,,,,,,,,0,28.61541227,77.20991361,8.049023308,,
21.58,2.184799008,-5.80693266,7.723255193,-0.05870278248,0.1035882226,-0.1207773775,0,,,,,,,,0,28.61541298,77.20991381,8.047827618,,
21.59,2.355923537,-5.703144159,7.768145868,-0.05369106681,0.1060468406,-0.1151352434,0,,,,,,,,0,28.61541368,77.209914,8.046661091,,
21.6,2.270194292,-5.73344827,7.767239224,-0.05751438318,0.0950430154,-0.1175339499,0,,,,,,,,0,28.61541439,77.20991419,8.045523015,,
21.61,2.292578827,-5.818077668,7.714152595,-0.06118210701,0.09713261864,-0.11077807,0,,,,,,,,0,28.61541509,77.20991439,8.044412698,,
21.62,2.288420861,-5.817635961,7.706534604,-0.05469376952,0.09574635181,-0.1185140585,0,,,,,,,,0,28.61541579,77.20991459,8.043329461,,
21.63,2.191729329,-5.806694621,7.686799758,-0.05726757858,0.1004216946,-0.1185441897,0,,,,,,,,0,28.61541649,77.20991479,8.042272645,,
21.64,2.335277867,-5.745705434,7.761641061,-0.05464004581,0.1040653198,-0.1178761875,0,,,,,,,,0,28.61541719,77.20991499,8.041241605,,
21.65,2.27927618,-5.717208191,7.83821791,-0.05876949242,0.1026305384,-0.1202287105,0,,,,,,,,0,28.61541789,77.20991519,8.040235712,,
21.66,2.33833268,-5.799393391,7.709227539,-0.05542812809,0.09777807687,-0.1157729377,0,,,,,,,,0,28.61541859,77.2099154,8.039254353,,
21.67,2.351728522,-5.745541377,7.813847758,-0.05532046248,0.1064056237,-0.1178333057,0,,,,,,,,0,28.6154193,77.2099156,8.03829693,,
21.68,2.340338024,-5.731619167,7.711206622,-0.05637523207,0.1047792215,-0.1177674734,0,,,,,,,,0,28.61541999,77.20991581,8.037362859,,
21.69,2.258473986,-5.731129019,7.616457623,-0.0557207662,0.09979711204,-0.1204919685,0,,,,,,,,0,28.61542069,77.20991602,8.036451569,,
21.7,2.231284692,-5.739380582,7.675334033,-0.05628138689,0.09838957962,-0.1141967406,0,,,,,,,,0,28.61542139,77.20991622,8.035562507,,
21.71,2.375911615,-5.778528736,7.699503665,-0.04862763048,0.1061001728,-0.1125684799,0,,,,,,,,0,28.61542209,77.20991643,8.034695128,,
21.72,2.43858,-5.742442574,7.715916607,-0.05475806254,0.103687943,-0.1114661833,0,,,,,,,,0,28.61542279,77.20991665,8.033848906,,
21.73,2.306684105,-5.761937223,7.68630666,-0.0608998649,0.104735239,-0.1111608996,0,,,,,,,,0,28.61542349,77.20991686,8.033023323,,
21.74,2.294551631,-5.664184873,7.673063572,-0.05906721435,0.1028823048,-0.115037242,0,,,,,,,,0,28.61542419,77.20991707,8.032217876,,
21.75,2.288639271,-5.775107291,7.655019906,-0.05625223916,0.1056703149,-0.1121084726,0,,,,,,,,0,28.61542488,77.20991729,8.031432074,,
21.76,2.219464931,-5.835232439,7.669138878,-0.05253524092,0.1044020096,-0.1185355116,0,,,,,,,,0,28.61542558,77.20991751,8.030665438,,
21.77,2.28443943,-5.789141033,7.790948048,-0.05752436484,0.1062936603,-0.1110758539,0,,,,,,,,0,28.61542628,77.20991773,8.029917501,,
21.78,2.297504984,-5.773897378,7.779791648,-0.05151279704,0.1046861093,-0.1155845359,0,,,,,,,,0,28.61542697,77.20991795,8.029187805,,
21.79,2.381799125,-5.829308786,7.784515248,-0.05115375269,0.1006538757,-0.1185729664,0,,,,,,,,0,28.61542767,77.20991817,8.028475908,,
21.8,2.349344435,-5.827039844,7.658711962,-0.05354855663,0.1036432157,-0.1145323847,0,,,,,,,,0,28.61542836,77.20991839,8.027781373,,
21.81,2.266245351,-5.769332141,7.750697723,-0.05682712181,0.1047932735,-0.1156650872,0,,,,,,,,0,28.61542906,77.20991861,8.027103779,,
21.82,2.281975373,-5.807540477,7.83695682,-0.05831962844,0.1043379478,-0.1161979142,0,,,,,,,,0,28.61542975,77.20991884,8.026442711,,
21.83,2.317637281,-5.763625084,7.683935741,-0.06146686643,0.1013481519,-0.1122843669,0,,,,,,,,0,28.61543044,77.20991907,8.025797767,,
21.84,2.32782107,-5.762388401,7.737831101,-0.05663873406,0.1037262261,-0.1160143599,0,,,,,,,,0,28.61543114,77.2099193,8.025168553,,
21.85,2.327089808,-5.771451481,7.708705578,-0.05141207551,0.09988080646,-0.1098172428,0,,,,,,,,0,28.61543183,77.20991952,8.024554686,,
21.86,2.325708557,-5.833896671,7.740324733,-0.05406243732,0.103180453,-0.1150531057,0,,,,,,,,0,28.61543252,77.20991976,8.023955791,,
21.87,2.297362087,-5.767960369,7.694199834,-0.0567918648,0.09848888311,-0.1174270533,0,,,,,,,,0,28.61543322,77.20991999,8.023371504,,
21.88,2.268178766,-5.850199442,7.720118169,-0.05320009573,0.101134509,-0.1185823573,0,,,,,,,,0,28.61543391,77.20992022,8.022801467,,
21.89,2.305323143,-5.873766324,7.740029732,-0.05522274445,0.1059561369,-0.1190031412,0,,,,,,,,0,28.6154346,77.20992046,8.022245334,,
21.9,2.279980575,-5.774676858,7.658806057,-0.05660468802,0.09891448846,-0.1145990651,0,,,,,,,,0,28.61543529,77.20992069,8.021702764,,
21.91,2.255823506,-5.73570959,7.711565325,-0.05467687297,0.09723875841,-0.1123467262,0,,,,,,,,0,28.61543598,77.20992093,8.021173429,,
21.92,2.32122278,-5.805129524,7.765178315,-0.05559281314,0.1004749471,-0.1136563629,0,,,,,,,,0,28.61543667,77.20992117,8.020657004,,
21.93,2.269954355,-5.783637119,7.741811608,-0.06255031724,0.10545129,-0.1142005398,0,,,,,,,,0,28.61543736,77.20992141,8.020153174,,
21.94,2.341396706,-5.802075135,7.703477105,-0.05288774989,0.09919427461,-0.1157236447,0,,,,,,,,0,28.61543805,77.20992165,8.019661633,,
21.95,2.283279654,-5.924409989,7.689399993,-0.0534202615,0.1021927376,-0.108958879,0,,,,,,,,0,28.61543874,77.2099219,8.019182081,,
21.96,2.240529353,-5.769361955,7.758165962,-0.04721955032,0.09978253643,-0.1109115147,0,,,,,,,,0,28.61543943,77.20992214,8.018714226,,
21.97,2.248002961,-5.800375662,7.65883579,-0.05292115703,0.1023760306,-0.1177671991,0,,,,,,,,0,28.61544012,77.20992239,8.018257781,,
21.98,2.333360882,-5.779027361,7.687062351,-0.05704253602,0.1004958091,-0.1158180993,0,,,,,,,,0,28.6154408,77.20992263,8.01781247,,
21.99,2.232849738,-5.81564361,7.716497982,-0.05756655496,0.1012956811,-0.1209629991,0,,,,,,,,0,28.61544149,77.20992288,8.017378019,,
22,2.319223464,-5.714099921,7.803449433,-0.05336236871,0.09616523373,-0.1142589731,0,,,,,,,,0,28.61544218,77.20992313,8.016954165,,
22.01,2.29344233,-5.856528895,7.69173643,-0.05278791454,0.09928897714,-0.1167037999,0,,,,,,,,0,28.61544286,77.20992338,8.016540649,,
22.02,2.262047523,-5.813146663,7.634679533,-0.0556356735,0.09924259829,-0.1110612697,0,,,,,,,,0,28.61544355,77.20992363,8.016137218,,
22.03,2.263689441,-5.873681166,7.703184436,-0.05606188139,0.1060276173,-0.1161080452,0,,,,,,,,0,28.61544423,77.20992389,8.015743628,,
22.04,2.198704132,-5.825009665,7.73892732,-0.05799338782,0.1002773758,-0.1133776384,0,,,,,,,,0,28.61544492,77.20992414,8.015359637,,
22.05,2.25447132,-5.793888662,7.6383745,-0.0545215014,0.1010204897,-0.1193814207,0,,,,,,,,0,28.6154456,77.2099244,8.014985011,,
22.06,2.371698943,-5.848414611,7.736096884,-0.0532131371,0.1050577753,-0.1195138115,0,,,,,,,,0,28.61544629,77.20992466,8.014619523,,
22.07,2.193474026,-5.828006222,7.752449207,-0.05498835264,0.09931795792,-0.1150413892,0,,,,,,,,0,28.61544697,77.20992492,8.01426295,,
22.08,2.234186919,-5.850674538,7.659015398,-0.05600462768,0.1042426406,-0.1148552537,0,,,,,,,,0,28.61544766,77.20992518,8.013915073,,
22.09,2.326084588,-5.819570945,7.644364127,-0.054123805,0.1040576369,-0.1116784826,0,,,,,,,,0,28.61544834,77.20992544,8.013575681,,
22.1,2.267869177,-5.792446747,7.686145265,-0.05678493342,0.1053728526,-0.1151725186,0,,,,,,,,0,28.61544902,77.2099257,8.013244567,,
22.11,2.282515127,-5.822583161,7.674604684,-0.05635503304,0.09990054588,-0.1145668249,0,,,,,,,,0,28.6154497,77.20992597,8.012921528,,
22.12,2.375248791,-5.856934596,7.691377961,-0.05911661737,0.1000516508,-0.1144899875,0,,,,,,,,0,28.61545039,77.20992623,8.012606369,,
22.13,2.335838236,-5.845600636,7.673271397,-0.04970550937,0.09419007854,-0.1142827353,0,,,,,,,,0,28.61545107,77.2099265,8.012298897,,
22.14,2.285028703,-5.827778774,7.689911251,-0.05839109956,0.09880959815,-0.1236788997,0,,,,,,,,0,28.61545175,77.20992677,8.011998924,,
22.15,2.225984483,-5.75363914,7.708222411,-0.05379187792,0.09883902295,-0.106829726,0,,,,,,,,0,28.61545243,77.20992704,8.011706267,,
22.16,2.322254403,-5.849214617,7.793714567,-0.05591153186,0.1030960049,-0.1192067116,0,,,,,,,,0,28.61545311,77.20992731,8.011420748,,
22.17,2.357924805,-5.867588753,7.668272804,-0.05570896637,0.1013551229,-0.122707572,0,,,,,,,,0,28.61545379,77.20992759,8.011142193,,
22.18,2.177250766,-5.742423099,7.721733647,-0.05773775804,0.0998144196,-0.112705352,0,,,,,,,,0,28.61545447,77.20992786,8.010870433,,
22.19,2.26485125,-5.76949601,7.692276404,-0.05734434992,0.1055952492,-0.1194726402,0,,,,,,,,0,28.61545515,77.20992813,8.0106053,,
22.2,2.281357312,-5.80186545,7.629338347,-0.0553056554,0.1007999258,-0.1115648501,0,,,,,,,,0,28.61545582,77.20992841,8.010346634,,
22.21,2.272149735,-5.878941212,7.712116931,-0.05988532922,0.1012024334,-0.1167614827,0,,,,,,,,0,28.6154565,77.20992869,8.010094277,,
22.22,2.306159951,-5.799989706,7.644943289,-0.06089901905,0.1068771844,-0.1130516498,0,,,,,,,,0,28.61545718,77.20992897,8.009848075,,
22.23,2.244750675,-5.772596585,7.618842682,-0.04884086554,0.1033116829,-0.1152362126,0,,,,,,,,0,28.61545786,77.20992925,8.009607878,,
22.24,2.283459441,-5.771470003,7.727158912,-0.05696833517,0.1075288778,-0.1207014037,0,,,,,,,,0,28.61545853,77.20992953,8.00937354,,
22.25,2.293755116,-5.759907232,7.727377099,-0.05154909278,0.1022932527,-0.1182682996,0,,,,,,,,0,28.61545921,77.20992982,8.009144917,,
22.26,2.282839873,-5.841640139,7.753850524,-0.05982762878,0.09973864717,-0.1174239756,0,,,,,,,,0,28.61545988,77.2099301,8.00892187,,
22.27,2.32978386,-5.834141704,7.754600697,-0.0561443218,0.09831686422,-0.1111643468,0,,,,,,,,0,28.61546056,77.20993039,8.008704264,,
22.28,2.356790387,-5.765307036,7.621661922,-0.05058939212,0.1040138683,-0.117563777,0,,,,,,,,0,28.61546123,77.20993067,8.008491965,,
22.29,2.292652815,-5.8217012,7.689559384,-0.05374479685,0.1026235386,-0.1154210125,0,,,,,,,,0,28.61546191,77.20993096,8.008284843,,
22.3,2.258560105,-5.80649302,7.767448725,-0.05607898212,0.1035347749,-0.1199458988,0,,,,,,,,0,28.61546258,77.20993125,8.008082774,,
22.31,2.256523933,-5.885174764,7.765684708,-0.05542867402,0.102342598,-0.1174074665,0,,,,,,,,0,28.61546325,77.20993154,8.007885633,,
22.32,2.178986059,-5.796617298,7.690757702,-0.05845154309,0.0994509221,-0.1172616705,0,,,,,,,,0,28.61546393,77.20993184,8.007693301,,
22.33,2.204519993,-5.865658732,7.590458714,-0.05590793138,0.09865411764,-0.1106495708,0,,,,,,,,0,28.6154646,77.20993213,8.007505659,,
22.34,2.210138748,-5.810391335,7.785225444,-0.04815656834,0.0995746129,-0.1152879588,0,,,,,,,,0,28.61546527,77.20993243,8.007322594,,
22.35,2.363328907,-5.827413323,7.652954005,-0.05746471991,0.1012274132,-0.1099437751,0,,,,,,,,0,28.61546594,77.20993272,8.007143995,,
22.36,2.36004278,-5.812121006,7.6891359,-0.05181778633,0.1021005205,-0.1154654743,0,,,,,,,,0,28.61546661,77.20993302,8.006969751,,
22.37,2.35409265,-5.769901432,7.781945674,-0.05580924622,0.0967196958,-0.116023434,0,,,,,,,,0,28.61546728,77.20993332,8.006799757,,
22.38,2.271961236,-5.873608403,7.744348536,-0.05234145207,0.09899571821,-0.1173384579,0,,,,,,,,0,28.61546795,77.20993362,8.006633909,,
22.39,2.36218319,-5.931094628,7.709840611,-0.05943971601,0.100623528,-0.1174183613,0,,,,,,,,0,28.61546862,77.20993392,8.006472106,,
22.4,2.209379227,-5.79285043,7.78800754,-0.06323936561,0.1023271232,-0.1164377667,0,,,,,,,,0,28.61546929,77.20993423,8.00631425,,
22.41,2.279701814,-5.797299582,7.703359584,-0.05335996152,0.0989381838,-0.1159601622,0,,,,,,,,0,28.61546996,77.20993453,8.006160244,,
22.42,2.267043175,-5.760207684,7.663634305,-0.0552844986,0.09848647298,-0.1141111099,0,,,,,,,,0,28.61547063,77.20993484,8.006009994,,
22.43,2.276703279,-5.763269048,7.684141942,-0.0606677737,0.09649717991,-0.110461058,0,,,,,,,,0,28.6154713,77.20993515,8.005863409,,
22.44,2.207684114,-5.834702072,7.726980881,-0.05428232703,0.09937697204,-0.113161082,0,,,,,,,,0,28.61547196,77.20993545,8.005720399,,
22.45,2.244933814,-5.797774199,7.645850488,-0.0552174511,0.09711552947,-0.1177069819,0,,,,,,,,0,28.61547263,77.20993576,8.005580877,,
22.46,2.221678251,-5.820357907,7.688629783,-0.05433181345,0.1025596951,-0.1179971992,0,,,,,,,,0,28.6154733,77.20993608,8.005444758,,
22.47,2.236253942,-5.820968392,7.634479779,-0.05491039288,0.09802184608,-0.1128895369,0,,,,,,,,0,28.61547396,77.20993639,8.005311959,,
22.48,2.313265403,-5.828148677,7.709601988,-0.05907224601,0.1041445899,-0.1128788023,0,,,,,,,,0,28.61547463,77.2099367,8.005182399,,
22.49,2.331450343,-5.880405942,7.716545736,-0.05153150232,0.1036804359,-0.118444053,0,,,,,,,,0,28.61547529,77.20993702,8.005055999,,
22.5,2.291647395,-5.807353926,7.676363123,-0.05999535124,0.09939892137,-0.1135258847,0,,,,,,,,0,28.61547595,77.20993733,8.004932682,,
22.51,2.244334093,-5.81182931,7.620724156,-0.05657077929,0.1056448634,-0.1147080391,0,,,,,,,,0,28.61547662,77.20993765,8.004812373,,
22.52,2.260553707,-5.791710054,7.683752062,-0.05925576752,0.1028670131,-0.1129024005,0,,,,,,,,0,28.61547728,77.20993797,8.004694998,,
22.53,2.272142426,-5.798197053,7.642697369,-0.05856427675,0.09828768048,-0.1183503992,0,,,,,,,,0,28.61547794,77.20993829,8.004580486,,
22.54,2.221231841,-5.796883106,7.711961054,-0.05301821349,0.1038096558,-0.1142281365,0,,,,,,,,0,28.61547861,77.20993861,8.004468767,,
22.55,2.249157216,-5.905763597,7.661860622,-0.05665128218,0.1009514353,-0.1088432827,0,,,,,,,,0,28.61547927,77.20993894,8.004359772,,
22.56,2.311475637,-5.898314512,7.714981094,-0.05395990597,0.105660075,-0.1128531748,0,,,,,,,,0,28.61547993,77.20993926,8.004253436,,
22.57,2.204655654,-5.850080175,7.652787399,-0.05652719118,0.1013389553,-0.1097054177,0,,,,,,,,0,28.61548059,77.20993959,8.004149694,,
22.58,2.274053939,-5.842161085,7.698033984,-0.04838689204,0.1037111935,-0.1210880159,0,,,,,,,,0,28.61548125,77.20993992,8.004048482,,
22.59,2.248124822,-5.82278852,7.699776973,-0.0568535068,0.1003020967,-0.1164041112,0,,,,,,,,0,28.61548191,77.20994024,8.003949739,,
22.6,2.280068732,-5.812044412,7.647395137,-0.05450277007,0.09633264975,-0.1146100979,0,,,,,,,,0,28.61548257,77.20994057,8.003853403,,
22.61,2.241183379,-5.886356981,7.653643336,-0.0523566518,0.1012072463,-0.1117252773,0,,,,,,,,0,28.61548323,77.2099409,8.003759418,,
22.62,2.35172635,-5.85680719,7.680088728,-0.05331177835,0.1025867807,-0.115990087,0,,,,,,,,0,28.61548388,77.20994124,8.003667725,,
22.63,2.33069584,-5.681505933,7.631557427,-0.05175816204,0.1012555181,-0.1117691706,0,,,,,,,,0,28.61548454,77.20994157,8.003578268,,
22.64,2.369282194,-5.859427267,7.717951667,-0.05265875681,0.1019763168,-0.1089889687,0,,,,,,,,0,28.6154852,77.20994191,8.003490993,,
22.65,2.320626428,-5.922088316,7.714815027,-0.05659774409,0.1027064192,-0.117743227,0,,,,,,,,0,28.61548586,77.20994224,8.003405847,,
22.66,2.271078158,-5.885651635,7.682187258,-0.05952958226,0.1032864068,-0.1162192124,0,,,,,,,,0,28.61548651,77.20994258,8.003322778,,
22.67,2.343865953,-5.832873622,7.662711673,-0.052660839,0.09751540716,-0.1156649976,0,,,,,,,,0,28.61548717,77.20994292,8.003241734,,
22.68,2.303667926,-5.873782952,7.637447386,-0.05538541156,0.09743231817,-0.1201946713,0,,,,,,,,0,28.61548782,77.20994326,8.003162668,,
22.69,2.171978573,-5.886655488,7.657102163,-0.0549414401,0.09824290345,-0.1144808376,0,,,,,,,,0,28.61548848,77.2099436,8.003085529,,
22.7,2.308652604,-5.939044208,7.665801125,-0.05623182382,0.1001297092,-0.1155196782,0,,,,,,,,0,28.61548913,77.20994394,8.003010273,,
22.71,2.284978825,-5.847271791,7.709384498,-0.05721642482,0.1026823057,-0.1122601162,0,,,,,,,,0,28.61548978,77.20994429,8.002936851,,
22.72,2.339785398,-5.791104778,7.650412034,-0.05233245231,0.0970300188,-0.1168472311,0,,,,,,,,0,28.61549044,77.20994463,8.002865221,,
22.73,2.265538971,-5.820001634,7.635727539,-0.05603192014,0.1043890534,-0.1135584924,0,,,,,,,,0,28.61549109,77.20994498,8.002795337,,
22.74,2.261117705,-5.848246854,7.614122281,-0.05772580893,0.1003718671,-0.1153365199,0,,,,,,,,0,28.61549174,77.20994533,8.002727158,,
22.75,2.257790133,-5.910692844,7.702699294,-0.05635569557,0.1056739418,-0.1127977393,0,,,,,,,,0,28.61549239,77.20994568,8.002660642,,
22.76,2.32625707,-5.793043804,7.64891611,-0.05494903396,0.1053657554,-0.1169344764,0,,,,,,,,0,28.61549304,77.20994603,8.002595749,,
22.77,2.277286817,-5.867429199,7.698033061,-0.05345787653,0.09905375905,-0.1138461071,0,,,,,,,,0,28.61549369,77.20994638,8.002532438,,
22.78,2.309783997,-5.868403034,7.717381268,-0.05065266406,0.09921920284,-0.1161829622,0,,,,,,,,0,28.61549434,77.20994673,8.002470671,,
22.79,2.269841829,-5.874186747,7.695563262,-0.05191718772,0.1073203596,-0.1249701438,0,,,,,,,,0,28.61549499,77.20994709,8.002410411,,
22.8,2.226486515,-5.875067442,7.734052766,-0.06113978051,0.09927191617,-0.1146104641,0,,,,,,,,0,28.61549564,77.20994744,8.00235162,,
22.81,2.398284498,-5.882194391,7.675821466,-0.0535835637,0.1000563275,-0.1159775149,0,,,,,,,,0,28.61549629,77.2099478,8.002294264,,
22.82,2.290108372,-5.860269506,7.578056572,-0.06295212312,0.1037022348,-0.1142298147,0,,,,,,,,0,28.61549693,77.20994816,8.002238306,,
22.83,2.319832066,-5.876212817,7.699401525,-0.0531610392,0.1079468427,-0.1220451757,0,,,,,,,,0,28.61549758,77.20994852,8.002183713,,
22.84,2.22860138,-5.789764182,7.622571065,-0.05462131471,0.09918068777,-0.1159818733,0,,,,,,,,0,28.61549823,77.20994888,8.002130452,,
22.85,2.371160185,-5.817487812,7.791802399,-0.05520157092,0.1004654115,-0.1142739798,0,,,,,,,,0,28.61549887,77.20994924,8.00207849,,
22.86,2.248682147,-5.797352514,7.717894685,-0.05989509099,0.1003073087,-0.1152045561,0,,,,,,,,0,28.61549952,77.2099496,8.002027795,,
22.87,2.258996538,-5.836117946,7.695627678,-0.05414624298,0.1015986435,-0.1146846976,0,,,,,,,,0,28.61550016,77.20994997,8.001978336,,
22.88,2.313061951,-5.879000556,7.605733019,-0.0574725886,0.09889888339,-0.1149000716,0,,,,,,,,0,28.61550081,77.20995033,8.001930084,,
22.89,2.278708314,-5.824592586,7.690714365,-0.05480740997,0.09706747947,-0.1179961283,0,,,,,,,,0,28.61550145,77.2099507,8.001883009,,
22.9,2.248814243,-5.873694816,7.719896504,-0.04913653166,0.09432594665,-0.1146226753,0,,,,,,,,0,28.61550209,77.20995107,8.001837082,,
22.91,2.334687379,-5.877996281,7.762318644,-0.05431961304,0.1038096883,-0.1151958995,0,,,,,,,,0,28.61550273,77.20995144,8.001792275,,
22.92,2.268644993,-5.907893065,7.689985101,-0.05331757423,0.1013993848,-0.1155961936,0,,,,,,,,0,28.61550338,77.20995181,8.001748561,,
22.93,2.296027935,-5.809676911,7.733110989,-0.0568966871,0.09609131279,-0.1144217956,0,,,,,,,,0,28.61550402,77.20995218,8.001705913,,
22.94,2.252596859,-5.92031188,7.729304493,-0.05019095779,0.1002367875,-0.1163280578,0,,,,,,,,0,28.61550466,77.20995255,8.001664306,,
22.95,2.328742336,-5.837760983,7.78176848,-0.05621758501,0.1031439776,-0.1169540264,0,,,,,,,,0,28.6155053,77.20995293,8.001623713,,
22.96,2.284440948,-5.786507948,7.636998938,-0.05578251277,0.09969656393,-0.1204141305,0,,,,,,,,0,28.61550594,77.20995331,8.00158411,,
22.97,2.275278068,-5.847821148,7.772446059,-0.05397149201,0.09985285543,-0.1144878586,0,,,,,,,,0,28.61550658,77.20995368,8.001545473,,
22.98,2.297199754,-5.910709802,7.699504822,-0.05794627704,0.1017850113,-0.1181023977,0,,,,,,,,0,28.61550721,77.20995406,8.001507779,,
22.99,2.314708291,-5.831423368,7.628306829,-0.05703402889,0.1018475675,-0.1121315254,0,,,,,,,,0,28.61550785,77.20995444,8.001471004,,
23,2.275030503,-5.832813407,7.724139328,-0.05521429573,0.1002231602,-0.116265415,1,28.61548751,77.20993347,4.2,7.906156371,26.05217195,38.20594128,13,1,28.61550849,77.20995482,8.001435125,,
23.01,2.346483152,-5.851137205,7.669152502,-0.05211357347,0.1012410608,-0.1198804232,0,,,,,,,,1,28.61550913,77.20995521,8.001400122,,
23.02,2.327726611,-5.851297845,7.644696688,-0.05122756485,0.09900371547,-0.1143690636,0,,,,,,,,1,28.61550976,77.20995559,8.001365973,,
23.03,2.30874731,-5.853185877,7.720906057,-0.05805598487,0.0996035521,-0.1116742692,0,,,,,,,,1,28.6155104,77.20995597,8.001332657,,
23.04,2.35020398,-5.844649014,7.726003708,-0.05776991156,0.1020726621,-0.1093864149,0,,,,,,,,1,28.61551103,77.20995636,8.001300153,,
23.05,2.283665504,-5.71875876,7.61964231,-0.05424518904,0.1049744892,-0.1128668426,0,,,,,,,,1,28.61551167,77.20995675,8.001268442,,
23.06,2.342398024,-5.882861406,7.594961671,-0.05932872786,0.09988365547,-0.1157099247,0,,,,,,,,1,28.6155123,77.20995714,8.001237504,,
23.07,2.262794001,-5.893725224,7.680539918,-0.05590746547,0.1051261259,-0.117204126,0,,,,,,,,1,28.61551293,77.20995753,8.001207321,,
23.08,2.320183108,-5.795487274,7.663925072,-0.05748317391,0.1050078833,-0.1143455692,0,,,,,,,,1,28.61551356,77.20995792,8.001177874,,
23.09,2.246889755,-5.831380124,7.708905443,-0.05563341406,0.1016774144,-0.117880813,0,,,,,,,,1,28.6155142,77.20995831,8.001149146,,
23.1,2.189829138,-5.815625399,7.628804361,-0.05149114516,0.1009583241,-0.1189788256,0,,,,,,,,1,28.61551483,77.2099587,8.001121118,,
23.11,2.354252222,-5.936448443,7.660504956,-0.05566394685,0.1082532466,-0.1115007669,0,,,,,,,,1,28.61551546,77.2099591,8.001093773,,
23.12,2.302366609,-5.80265332,7.711319899,-0.05638268915,0.09919618227,-0.117980413,0,,,,,,,,1,28.61551609,77.2099595,8.001067096,,
23.13,2.239270022,-5.847962378,7.710093303,-0.05069964035,0.101040495,-0.1151916524,0,,,,,,,,1,28.61551672,77.20995989,8.001041069,,
23.14,2.178692605,-5.911011941,7.660733181,-0.0550655327,0.102705601,-0.1149415956,0,,,,,,,,1,28.61551734,77.20996029,8.001015677,,
23.15,2.334606368,-5.780928621,7.763074135,-0.05710048089,0.1042612738,-0.1125792261,0,,,,,,,,1,28.61551797,77.20996069,8.000990905,,
23.16,2.287599119,-5.801564092,7.771296971,-0.0602105826,0.1002098731,-0.1182555841,0,,,,,,,,1,28.6155186,77.20996109,8.000966736,,
23.17,2.347865407,-5.782290491,7.707992016,-0.05566980304,0.1040616229,-0.1144261441,0,,,,,,,,1,28.61551923,77.2099615,8.000943157,,
23.18,2.27655475,-5.877180165,7.67914162,-0.05918251883,0.0984153701,-0.1142418283,0,,,,,,,,1,28.61551985,77.2099619,8.000920154,,
23.19,2.279477157,-5.903990471,7.684250551,-0.05615162505,0.09871839311,-0.1173232964,0,,,,,,,,1,28.61552048,77.2099623,8.000897711,,
23.2,2.325456247,-5.828278094,7.652913197,-0.0542910028,0.1022450735,-0.1154231218,0,,,,,,,,1,28.6155211,77.20996271,8.000875815,,
23.21,2.2387079,-5.848285878,7.64735488,-0.05163249555,0.1004537412,-0.1118047052,0,,,,,,,,1,28.61552173,77.20996312,8.000854454,,
23.22,2.260148646,-5.74626068,7.675417208,-0.0535633512,0.1045795563,-0.1142320003,0,,,,,,,,1,28.61552235,77.20996353,8.000833614,,
23.23,2.291405053,-5.871054809,7.685326639,-0.06074955797,0.103482387,-0.1181706614,0,,,,,,,,1,28.61552297,77.20996394,8.000813282,,
23.24,2.222516805,-5.881082469,7.666891405,-0.06066152694,0.0983180211,-0.1143884666,0,,,,,,,,1,28.6155236,77.20996435,8.000793445,,
23.25,2.323829503,-5.78397519,7.678826684,-0.06262194006,0.09928385452,-0.1141224827,0,,,,,,,,1,28.61552422,77.20996476,8.000774093,,
23.26,2.293135471,-5.871462697,7.682569272,-0.05239134779,0.09932845427,-0.1140036317,0,,,,,,,,1,28.61552484,77.20996517,8.000755213,,
23.27,2.274507052,-5.817630588,7.594889752,-0.05454397367,0.09802319808,-0.1158218397,0,,,,,,,,1,28.61552546,77.20996559,8.000736793,,
23.28,2.299073459,-5.869266967,7.707026482,-0.05438501834,0.09820541196,-0.114050609,0,,,,,,,,1,28.61552608,77.209966,8.000718822,,
23.29,2.25868623,-5.853369057,7.709686015,-0.05741698132,0.1054252524,-0.110900416,0,,,,,,,,1,28.6155267,77.20996642,8.00070129,,
23.3,2.253163464,-5.828942023,7.721905791,-0.05150807172,0.09989113672,-0.1173822135,0,,,,,,,,1,28.61552732,77.20996684,8.000684186,,
23.31,2.271108655,-5.755480106,7.649216834,-0.05882548131,0.1019609079,-0.1177990896,0,,,,,,,,1,28.61552794,77.20996726,8.000667498,,
23.32,2.230398185,-5.824892109,7.697670953,-0.05294361527,0.09643411485,-0.1166225102,0,,,,,,,,1,28.61552855,77.20996768,8.000651218,,
23.33,2.310657659,-5.80921364,7.628178344,-0.04911917534,0.1074209797,-0.1163723379,0,,,,,,,,1,28.61552917,77.2099681,8.000635334,,
23.34,2.29092826,-5.879026287,7.689456562,-0.05228551202,0.09910357087,-0.1138163212,0,,,,,,,,1,28.61552979,77.20996853,8.000619838,,
23.35,2.262277635,-5.798354819,7.71984379,-0.0577945095,0.09857758576,-0.1196475702,0,,,,,,,,1,28.6155304,77.20996895,8.00060472,,
23.36,2.333753492,-5.922052516,7.689294701,-0.05734292459,0.1036178528,-0.1100318442,0,,,,,,,,1,28.61553102,77.20996938,8.000589971,,
23.37,2.266105787,-5.81399423,7.702398638,-0.05586387811,0.1015831623,-0.1155299172,0,,,,,,,,1,28.61553163,77.20996981,8.000575582,,
23.38,2.274801146,-5.856515272,7.688080668,-0.05008782674,0.1044875786,-0.1151564638,0,,,,,,,,1,28.61553224,77.20997023,8.000561543,,
23.39,2.239899484,-5.861731106,7.638337423,-0.06128646162,0.0921206464,-0.1103985047,0,,,,,,,,1,28.61553286,77.20997066,8.000547847,,
23.4,2.278366777,-5.86715032,7.724423751,-0.05318368572,0.1063711185,-0.1231099122,0,,,,,,,,1,28.61553347,77.20997109,8.000534485,,
23.41,2.237725877,-5.882675163,7.685269459,-0.05589516828,0.1042325191,-0.1197191308,0,,,,,,,,1,28.61553408,77.20997153,8.000521448,,
23.42,2.337550364,-5.856422202,7.697823964,-0.05689712044,0.09980746869,-0.1197531747,0,,,,,,,,1,28.61553469,77.20997196,8.00050873,,
23.43,2.276509454,-5.804272878,7.627959472,-0.05727438537,0.09858872598,-0.1174776442,0,,,,,,,,1,28.6155353,77.20997239,8.000496322,,
23.44,2.296574327,-5.829205936,7.699729036,-0.05251713192,0.1032400578,-0.1185936222,0,,,,,,,,1,28.61553591,77.20997283,8.000484217,,
23.45,2.330496056,-5.780487014,7.627196009,-0.05908112785,0.1029614363,-0.1125068479,0,,,,,,,,1,28.61553652,77.20997327,8.000472407,,
23.46,2.257885556,-5.868263781,7.583123952,-0.05892961781,0.1026604694,-0.1153804794,0,,,,,,,,1,28.61553713,77.2099737,8.000460884,,
23.47,2.368552726,-5.799570278,7.741530363,-0.05946743424,0.1037676006,-0.11488631,0,,,,,,,,1,28.61553773,77.20997414,8.000449643,,
23.48,2.238928096,-5.852410722,7.654062038,-0.05193392674,0.1027095145,-0.1178856122,0,,,,,,,,1,28.61553834,77.20997458,8.000438676,,
23.49,2.319964667,-5.890359675,7.712026816,-0.05345038151,0.09758044886,-0.1135519081,0,,,,,,,,1,28.61553895,77.20997503,8.000427977,,
23.5,2.221703437,-5.735164454,7.69498356,-0.05309894366,0.1013287889,-0.1109826099,0,,,,,,,,1,28.61553955,77.20997547,8.000417539,,
23.51,2.282915698,-5.804255934,7.633354552,-0.05298558276,0.1021718742,-0.1169333545,0,,,,,,,,1,28.61554016,77.20997591,8.000407355,,
23.52,2.244010877,-5.905847555,7.623557364,-0.05552065351,0.1037863034,-0.1143353131,0,,,,,,,,1,28.61554076,77.20997636,8.000397419,,
23.53,2.224940119,-5.820928366,7.68100493,-0.05408142571,0.1007618907,-0.1185039441,0,,,,,,,,1,28.61554137,77.2099768,8.000387726,,
23.54,2.177091719,-5.860273887,7.704023137,-0.06017703419,0.1008265851,-0.1154213752,0,,,,,,,,1,28.61554197,77.20997725,8.000378269,,
23.55,2.334094139,-5.864308296,7.777710335,-0.0637373683,0.09483597388,-0.1094246296,0,,,,,,,,1,28.61554257,77.2099777,8.000369043,,
23.56,2.264197637,-5.900295392,7.573556653,-0.05875915851,0.09795307959,-0.1166324333,0,,,,,,,,1,28.61554317,77.20997815,8.000360042,,
23.57,2.275612828,-5.835491812,7.663865973,-0.05543189355,0.09888602667,-0.1196847897,0,,,,,,,,1,28.61554377,77.2099786,8.000351261,,
23.58,2.290170867,-5.807904064,7.667999835,-0.0556962234,0.1049812755,-0.1115505883,0,,,,,,,,1,28.61554437,77.20997906,8.000342693,,
23.59,2.238810597,-5.846070145,7.668479202,-0.05729238557,0.1020731064,-0.1195074641,0,,,,,,,,1,28.61554497,77.20997951,8.000334335,,
23.6,2.222410992,-5.804953085,7.747566625,-0.0501577193,0.1003032921,-0.1112236945,0,,,,,,,,1,28.61554557,77.20997996,8.00032618,,
23.61,2.221314587,-5.849194549,7.647120623,-0.05879210167,0.09980952356,-0.1140523159,0,,,,,,,,1,28.61554617,77.20998042,8.000318225,,
23.62,2.319535059,-5.800013626,7.576044261,-0.05485755439,0.09771724741,-0.1102549704,0,,,,,,,,1,28.61554676,77.20998088,8.000310463,,
23.63,2.337214577,-5.860368396,7.717949085,-0.05488771181,0.1010965267,-0.1126019423,0,,,,,,,,1,28.61554736,77.20998134,8.000302891,,
23.64,2.223277569,-5.930102843,7.639756217,-0.05880939067,0.1008587137,-0.1146275433,0,,,,,,,,1,28.61554796,77.2099818,8.000295503,,
23.65,2.341010331,-5.792699975,7.622100494,-0.04813729582,0.1009259911,-0.1083187814,0,,,,,,,,1,28.61554855,77.20998226,8.000288296,,
23.66,2.353490551,-5.912704756,7.662939376,-0.05637641271,0.1027650157,-0.1152117852,0,,,,,,,,1,28.61554915,77.20998272,8.000281264,,
23.67,2.33825334,-5.842572298,7.664259627,-0.05334311222,0.105730084,-0.1147782698,0,,,,,,,,1,28.61554974,77.20998318,8.000274404,,
23.68,2.361446027,-5.765404161,7.655717411,-0.0570587673,0.1024062105,-0.1167671042,0,,,,,,,,1,28.61555033,77.20998365,8.000267711,,
23.69,2.395254211,-5.805242277,7.708523936,-0.05476473719,0.09831173286,-0.1213435837,0,,,,,,,,1,28.61555092,77.20998411,8.000261182,,
23.7,2.258434959,-5.901993703,7.659019129,-0.0575340054,0.1049346016,-0.1131219111,0,,,,,,,,1,28.61555152,77.20998458,8.000254812,,
23.71,2.346087621,-5.905796605,7.701834739,-0.05095994011,0.1000774364,-0.1191104708,0,,,,,,,,1,28.61555211,77.20998505,8.000248597,,
23.72,2.298413035,-5.78578533,7.713787493,-0.05673478054,0.1013185417,-0.1144250935,0,,,,,,,,1,28.6155527,77.20998551,8.000242533,,
23.73,2.31566613,-5.960607426,7.687392819,-0.05688839407,0.1024979429,-0.1165427807,0,,,,,,,,1,28.61555329,77.20998598,8.000236618,,
23.74,2.288009772,-5.798358032,7.786404736,-0.05061705968,0.1020527868,-0.1192667994,0,,,,,,,,1,28.61555387,77.20998646,8.000230847,,
23.75,2.248990088,-5.95688372,7.668807265,-0.05276675216,0.104533536,-0.1131138704,0,,,,,,,,1,28.61555446,77.20998693,8.000225216,,
23.76,2.303075951,-5.932695455,7.682121898,-0.05360151178,0.102476222,-0.117709346,0,,,,,,,,1,28.61555505,77.2099874,8.000219723,,
23.77,2.275961296,-5.723728078,7.68424192,-0.05723888492,0.1024094161,-0.1125777435,0,,,,,,,,1,28.61555564,77.20998788,8.000214364,,
23.78,2.21811513,-5.804649542,7.635241748,-0.05596621106,0.09513551513,-0.1175781817,0,,,,,,,,1,28.61555622,77.20998835,8.000209136,,
23.79,2.297047132,-5.777089223,7.732556865,-0.05150734398,0.1076221742,-0.1096206156,0,,,,,,,,1,28.61555681,77.20998883,8.000204035,,
23.8,2.312469955,-5.835732929,7.561214822,-0.05926999608,0.09886514503,-0.119290985,0,,,,,,,,1,28.61555739,77.20998931,8.000199058,,
23.81,2.335284205,-5.84067944,7.796314223,-0.05958156123,0.1050296908,-0.1142542471,0,,,,,,,,1,28.61555797,77.20998979,8.000194203,,
23.82,2.377358395,-5.844400206,7.580771793,-0.05475227608,0.1020964144,-0.11232194,0,,,,,,,,1,28.61555856,77.20999027,8.000189467,,
23.83,2.240976052,-5.806341558,7.645425219,-0.05823877656,0.09811973766,-0.1145715213,0,,,,,,,,1,28.61555914,77.20999075,8.000184846,,
23.84,2.252364039,-5.869821406,7.815816275,-0.05523032112,0.09748408826,-0.1158165979,0,,,,,,,,1,28.61555972,77.20999123,8.000180337,,
23.85,2.26531225,-5.890661597,7.700822631,-0.05614497175,0.09761300998,-0.1153287859,0,,,,,,,,1,28.6155603,77.20999172,8.000175939,,
23.86,2.366177862,-5.878276518,7.569604244,-0.0551025877,0.1008451174,-0.1164427507,0,,,,,,,,1,28.61556088,77.2099922,8.000171647,,
23.87,2.216186897,-5.82935855,7.713159356,-0.05465717111,0.09949824998,-0.1160642261,0,,,,,,,,1,28.61556146,77.20999269,8.000167461,,
23.88,2.29583601,-5.731680276,7.63371897,-0.05938631372,0.09767196552,-0.1144461049,0,,,,,,,,1,28.61556204,77.20999318,8.000163377,,
23.89,2.285612717,-5.768260456,7.657567669,-0.05858223003,0.1089798612,-0.1145281155,0,,,,,,,,1,28.61556261,77.20999367,8.000159392,,
23.9,2.261064363,-5.891598588,7.669315221,-0.05871749584,0.09809133487,-0.1155340423,0,,,,,,,,1,28.61556319,77.20999416,8.000155504,,
23.91,2.248435646,-5.916578239,7.734648866,-0.05513798508,0.09940665607,-0.1147676519,0,,,,,,,,1,28.61556377,77.20999465,8.000151711,,
23.92,2.254595211,-5.807325181,7.621193777,-0.05597763129,0.09964487839,-0.1160307369,0,,,,,,,,1,28.61556434,77.20999514,8.000148011,,
23.93,2.324628954,-5.821476484,7.686672819,-0.05501737094,0.101342377,-0.1193663025,0,,,,,,,,1,28.61556492,77.20999563,8.000144401,,
23.94,2.272451702,-5.865299734,7.671759019,-0.05505622865,0.1027638506,-0.1179612226,0,,,,,,,,1,28.61556549,77.20999613,8.000140879,,
23.95,2.242263767,-5.803076884,7.658898349,-0.0568445229,0.09633036083,-0.1157117128,0,,,,,,,,1,28.61556606,77.20999662,8.000137443,,
23.96,2.208653873,-5.902640406,7.656849853,-0.05781219693,0.09878243889,-0.1191754401,0,,,,,,,,1,28.61556664,77.20999712,8.000134091,,
23.97,2.253018928,-5.799588147,7.651820299,-0.05684514242,0.1043585524,-0.1150362347,0,,,,,,,,1,28.61556721,77.20999762,8.00013082,,
23.98,2.288814696,-5.871341899,7.634821858,-0.05742491302,0.1030540853,-0.1113202794,0,,,,,,,,1,28.61556778,77.20999812,8.000127629,,
23.99,2.273638379,-5.81646646,7.68252904,-0.05393395537,0.104010479,-0.1176167803,0,,,,,,,,1,28.61556835,77.20999862,8.000124517,,
24,2.322347806,-5.859978354,7.627553284,-0.05535007767,0.1005263783,-0.111400269,1,28.61553474,77.20993884,4.2,7.795217134,41.00397192,36.71760103,13,1,28.61556892,77.20999912,8.000487333,,
24.01,2.306351148,-5.935478519,7.590869949,-0.05547573653,0.1000541898,-0.1097707979,0,,,,,,,,1,28.61556949,77.20999962,8.001207154,,
24.02,2.368668738,-5.950515719,7.452634561,-0.05180586806,0.0919530055,-0.108480569,0,,,,,,,,1,28.61557005,77.21000012,8.002275273,,
24.03,2.394067137,-5.956538972,7.547950308,-0.04568751554,0.09732570421,-0.1037798289,0,,,,,,,,1,28.61557062,77.21000063,8.003683193,,
24.04,2.340797865,-6.025962828,7.519284006,-0.05205465355,0.08836278467,-0.09813065449,0,,,,,,,,1,28.61557119,77.21000114,8.005422627,,
24.05,2.486731389,-5.964008302,7.463741968,-0.04637390354,0.09130164329,-0.1060301369,0,,,,,,,,1,28.61557175,77.21000164,8.00748549,,
24.06,2.44831437,-6.010223443,7.484318681,-0.045225159,0.08367049287,-0.1017650508,0,,,,,,,,1,28.61557232,77.21000215,8.009863893,,
24.07,2.407152258,-6.116573702,7.390891954,-0.04421340693,0.08686823736,-0.09892488346,0,,,,,,,,1,28.61557288,77.21000266,8.012550139,,
24.08,2.411084381,-6.082756887,7.421352273,-0.04678091764,0.08486119378,-0.0954148185,0,,,,,,,,1,28.61557345,77.21000317,8.015536721,,
24.09,2.335803532,-6.136594666,7.338774835,-0.04606544095,0.08201663553,-0.09200853718,0,,,,,,,,1,28.61557401,77.21000368,8.018816313,,
24.1,2.545238431,-6.130409613,7.292893727,-0.04024276637,0.08096251176,-0.09805940622,0,,,,,,,,1,28.61557457,77.2100042,8.022381769,,
24.11,2.428290149,-6.163504708,7.240194169,-0.04328004645,0.07730901647,-0.08730719098,0,,,,,,,,1,28.61557514,77.21000471,8.026226116,,
24.12,2.472989759,-6.275592813,7.270310873,-0.03816799918,0.07445352438,-0.08862488568,0,,,,,,,,1,28.6155757,77.21000522,8.030342552,,
24.13,2.514929313,-6.174576938,7.316135599,-0.04258249649,0.07600932225,-0.08433559145,0,,,,,,,,1,28.61557626,77.21000574,8.034724441,,
24.14,2.492981308,-6.200619067,7.238786455,-0.03549223716,0.07521479035,-0.0850497805,0,,,,,,,,1,28.61557682,77.21000626,8.039365309,,
24.15,2.488272842,-6.167621823,7.298198361,-0.03303246748,0.07666474794,-0.08345283889,0,,,,,,,,1,28.61557739,77.21000678,8.044258838,,
24.16,2.571290524,-6.300335801,7.281942611,-0.0363294499,0.07203148701,-0.07833032308,0,,,,,,,,1,28.61557795,77.2100073,8.049398866,,
24.17,2.53519166,-6.265842652,7.154701417,-0.03867662081,0.06886493265,-0.08122430335,0,,,,,,,,1,28.61557851,77.21000782,8.054779381,,
24.18,2.545272396,-6.275622798,7.130090099,-0.0321976287,0.0697809283,-0.07219949536,0,,,,,,,,1,28.61557907,77.21000834,8.060394518,,
24.19,2.619018054,-6.183111907,7.130294195,-0.03334161512,0.07472524984,-0.07568122859,0,,,,,,,,1,28.61557963,77.21000886,8.066238555,,
24.2,2.600162101,-6.27086914,7.167271347,-0.03254001312,0.06665696436,-0.07921162481,0,,,,,,,,1,28.61558019,77.21000939,8.072305907,,
24.21,2.605871332,-6.248683628,7.123611761,-0.03206550896,0.06495018659,-0.06950238596,0,,,,,,,,1,28.61558075,77.21000991,8.078591129,,
24.22,2.683292138,-6.329246085,7.048359374,-0.03164515377,0.06202864458,-0.07198863564,0,,,,,,,,1,28.61558131,77.21001044,8.085088906,,
24.23,2.645338703,-6.291750473,7.016403589,-0.03456612888,0.05942214428,-0.07196965031,0,,,,,,,,1,28.61558187,77.21001097,8.091794055,,
24.24,2.637129911,-6.368783832,6.935349786,-0.02794687372,0.06607871023,-0.06901553547,0,,,,,,,,1,28.61558243,77.21001149,8.098701517,,
24.25,2.60604314,-6.395469894,7.069604672,-0.03152317679,0.05255335152,-0.0613179711,0,,,,,,,,1,28.61558299,77.21001202,8.105806358,,
24.26,2.605034417,-6.38245648,7.036183121,-0.02928048845,0.06375657612,-0.06226559367,0,,,,,,,,1,28.61558355,77.21001256,8.113103764,,
24.27,2.712218329,-6.415617374,7.077198715,-0.02341525641,0.0621570474,-0.05879221932,0,,,,,,,,1,28.61558411,77.21001309,8.120589038,,
24.28,2.728178153,-6.397194058,7.027767761,-0.02820494128,0.05396647,-0.06319273144,0,,,,,,,,1,28.61558467,77.21001362,8.128257598,,
24.29,2.77386114,-6.401347409,6.874185655,-0.028965824,0.05641680541,-0.05718594564,0,,,,,,,,1,28.61558524,77.21001416,8.136104973,,
24.3,2.726835561,-6.482609269,7.027094259,-0.0245751739,0.0581185219,-0.06102599057,0,,,,,,,,1,28.6155858,77.21001469,8.144126803,,
24.31,2.694956989,-6.44942482,6.899559574,-0.0277120211,0.05073922592,-0.05459936752,0,,,,,,,,1,28.61558636,77.21001523,8.152318833,,
24.32,2.696984373,-6.561652588,6.973645992,-0.02811062139,0.05305114014,-0.05376200523,0,,,,,,,,1,28.61558692,77.21001577,8.16067691,,
24.33,2.620561677,-6.593442782,6.970690289,-0.02607872614,0.05884456395,-0.05049122365,0,,,,,,,,1,28.61558748,77.21001631,8.169196985,,
24.34,2.680797478,-6.588528433,6.897152492,-0.02341018522,0.05108657348,-0.05474254708,0,,,,,,,,1,28.61558804,77.21001685,8.177875108,,
24.35,2.684769654,-6.541774826,6.929098533,-0.02004207692,0.0444955328,-0.05182996903,0,,,,,,,,1,28.6155886,77.21001739,8.186707422,,
24.36,2.718918881,-6.493198899,6.888123631,-0.01753953565,0.04953160156,-0.05018941328,0,,,,,,,,1,28.61558916,77.21001793,8.195690168,,
24.37,2.698916985,-6.573983288,6.804358851,-0.0269255981,0.04736729806,-0.04873258543,0,,,,,,,,1,28.61558972,77.21001847,8.204819676,,
24.38,2.808444442,-6.521752684,6.824109985,-0.02415457024,0.04696642605,-0.04965013092,0,,,,,,,,1,28.61559029,77.21001902,8.214092367,,
24.39,2.703318629,-6.537752228,6.927510321,-0.02174559233,0.05015789533,-0.04846556284,0,,,,,,,,1,28.61559085,77.21001956,8.223504748,,
24.4,2.814720099,-6.593516371,6.847464073,-0.02026801881,0.04709668651,-0.04599390503,0,,,,,,,,1,28.61559141,77.21002011,8.233053413,,
24.41,2.820152194,-6.551244891,6.772121852,-0.01580303024,0.04080413457,-0.04307757677,0,,,,,,,,1,28.61559197,77.21002066,8.242735037,,
24.42,2.717266999,-6.555463263,6.744050696,-0.02237186334,0.03753302426,-0.04654183835,0,,,,,,,,1,28.61559254,77.21002121,8.252546377,,
24.43,2.80393309,-6.548711039,6.796402957,-0.01812864262,0.04556522224,-0.04392861333,0,,,,,,,,1,28.6155931,77.21002176,8.262484271,,
24.44,2.798680855,-6.656775506,6.797407941,-0.01631099947,0.04159919394,-0.04310977846,0,,,,,,,,1,28.61559366,77.21002231,8.27254563,,
24.45,2.829097421,-6.625528289,6.800667408,-0.0184057926,0.04581835745,-0.04159117345,0,,,,,,,,1,28.61559423,77.21002286,8.282727444,,
24.46,2.787304091,-6.568235239,6.808677865,-0.0181290416,0.0425133208,-0.03730072529,0,,,,,,,,1,28.61559479,77.21002342,8.293026774,,
24.47,2.855497419,-6.646660315,6.771738315,-0.01594864863,0.0395188613,-0.03668334314,0,,,,,,,,1,28.61559535,77.21002397,8.303440755,,
24.48,2.890862522,-6.574490708,6.772448887,-0.01639254383,0.03583261477,-0.03979059634,0,,,,,,,,1,28.61559592,77.21002453,8.313966591,,
24.49,2.945828781,-6.626973931,6.742878541,-0.01857194739,0.0386028379,-0.03722529467,0,,,,,,,,1,28.61559648,77.21002509,8.324601552,,
24.5,2.816921274,-6.665473609,6.756382756,-0.01401723071,0.03686986681,-0.0358418921,0,,,,,,,,1,28.61559705,77.21002565,8.335342977,,
24.51,2.823244027,-6.657477764,6.784760937,-0.01132321862,0.04353926453,-0.03422013313,0,,,,,,,,1,28.61559762,77.21002621,8.346188271,,
24.52,2.937850446,-6.654368847,6.703856538,-0.01655059337,0.03680508221,-0.03754199805,0,,,,,,,,1,28.61559818,77.21002677,8.357134898,,
24.53,2.813516265,-6.703967955,6.64474731,-0.0142403986,0.03797167826,-0.03359649422,0,,,,,,,,1,28.61559875,77.21002733,8.368180389,,
24.54,2.914609209,-6.736817744,6.652652003,-0.01297527897,0.03291281687,-0.02879645406,0,,,,,,,,1,28.61559932,77.21002789,8.37932233,,
24.55,2.820469283,-6.693826904,6.709255653,-0.01266692912,0.03356480329,-0.03394658878,0,,,,,,,,1,28.61559989,77.21002846,8.390558371,,
24.56,2.954522906,-6.773686565,6.692756536,-0.0102912608,0.03061322472,-0.02952874032,0,,,,,,,,1,28.61560045,77.21002902,8.401886216,,
24.57,2.92532136,-6.696313293,6.653078203,-0.004428358912,0.03277336046,-0.02946524401,0,,,,,,,,1,28.61560102,77.21002959,8.413303625,,
24.58,2.955793897,-6.710526464,6.708384916,-0.01158112946,0.03083538153,-0.02953999217,0,,,,,,,,1,28.61560159,77.21003016,8.424808415,,
24.59,2.939115674,-6.703526796,6.60910661,-0.006826218021,0.02342417436,-0.0282996479,0,,,,,,,,1,28.61560216,77.21003072,8.436398453,,
24.6,2.991340187,-6.729019876,6.645721243,-0.009003873623,0.0333854674,-0.0227978325,0,,,,,,,,1,28.61560273,77.21003129,8.448071662,,
24.61,2.868422528,-6.669812146,6.634663815,-0.01356531068,0.02802437542,-0.02916251051,0,,,,,,,,1,28.6156033,77.21003187,8.459826011,,
24.62,2.950239834,-6.708076479,6.638860527,-0.008744251195,0.02891567031,-0.02759330769,0,,,,,,,,1,28.61560387,77.21003244,8.471659523,,
24.63,2.920217441,-6.777693276,6.599400057,-0.008761173248,0.02600784224,-0.02748749986,0,,,,,,,,1,28.61560445,77.21003301,8.483570267,,
24.64,2.821792313,-6.747067217,6.589982815,-0.005382339258,0.02607775371,-0.02284648822,0,,,,,,,,1,28.61560502,77.21003359,8.495556358,,
24.65,2.934182342,-6.818935416,6.787341487,-0.009175136456,0.02907265415,-0.02566675774,0,,,,,,,,1,28.61560559,77.21003416,8.507615959,,
24.66,2.866619564,-6.763905869,6.508542643,-0.008886743818,0.02804266622,-0.02420532728,0,,,,,,,,1,28.61560617,77.21003474,8.519747277,,
24.67,3.005658868,-6.77629904,6.527460316,-0.01398100483,0.0222824211,-0.02561821883,0,,,,,,,,1,28.61560674,77.21003532,8.531948563,,
24.68,3.000772909,-6.798327591,6.515723304,-0.001906564499,0.01951185529,-0.0206416397,0,,,,,,,,1,28.61560731,77.21003589,8.54421811,,
24.69,2.942930779,-6.791375794,6.475834255,-0.01250851827,0.0248704429,-0.01732370457,0,,,,,,,,1,28.61560789,77.21003647,8.556554254,,
24.7,2.970776363,-6.821446624,6.515526009,-0.01006762608,0.02337326635,-0.01633893843,0,,,,,,,,1,28.61560847,77.21003706,8.568955369,,
24.71,2.932796973,-6.845981646,6.573692833,-0.007036283233,0.02142159519,-0.01556074982,0,,,,,,,,1,28.61560904,77.21003764,8.581419873,,
24.72,2.931207866,-6.797779736,6.571953787,-0.00581380803,0.02311191511,-0.02004933633,0,,,,,,,,1,28.61560962,77.21003822,8.593946217,,
24.73,2.916532336,-6.740200533,6.522926591,-0.004231570095,0.02560949008,-0.01938233136,0,,,,,,,,1,28.6156102,77.21003881,8.606532895,,
24.74,2.961195781,-6.834689732,6.440884541,-0.003463225187,0.02891341841,-0.01247652436,0,,,,,,,,1,28.61561078,77.21003939,8.619178434,,
24.75,2.973478745,-6.755894707,6.545727084,-0.004625951673,0.02258776418,-0.01510487427,0,,,,,,,,1,28.61561136,77.21003998,8.631881399,,
24.76,3.082778752,-6.793711789,6.445190514,-0.008954045463,0.01572610114,-0.02081700333,0,,,,,,,,1,28.61561194,77.21004057,8.644640389,,
24.77,3.037110363,-6.955110608,6.490750982,-0.0130887341,0.02407926434,-0.01355610293,0,,,,,,,,1,28.61561252,77.21004116,8.657454038,,
24.78,3.039079358,-6.863040303,6.513784778,-0.007356935395,0.0174164102,-0.01266883369,0,,,,,,,,1,28.6156131,77.21004175,8.670321013,,
24.79,3.008023938,-6.83345252,6.531342213,-0.00685948795,0.02187351254,-0.01224304166,0,,,,,,,,1,28.61561368,77.21004234,8.683240013,,
24.8,2.992047117,-6.870050821,6.470780579,-0.006759565977,0.01954125521,-0.01547512415,0,,,,,,,,1,28.61561426,77.21004293,8.696209768,,
24.81,3.072720143,-6.868990315,6.48643529,-0.007715916012,0.02189114438,-0.01393989287,0,,,,,,,,1,28.61561484,77.21004352,8.709229042,,
24.82,2.948300852,-6.877096787,6.463585058,-0.003839577368,0.02068730976,-0.01480226146,0,,,,,,,,1,28.61561543,77.21004412,8.722296627,,
24.83,2.973433985,-6.80280332,6.618061704,-0.007236019709,0.01870757864,-0.011956746,0,,,,,,,,1,28.61561601,77.21004471,8.735411343,,
24.84,3.058657309,-6.936731535,6.441418245,-0.003974785298,0.01921419564,-0.01510082296,0,,,,,,,,1,28.6156166,77.21004531,8.748572042,,
24.85,2.979700236,-6.835885566,6.456370262,-0.00598105777,0.01316925477,-0.007807957056,0,,,,,,,,1,28.61561718,77.21004591,8.761777602,,
24.86,3.005691572,-6.906879603,6.347564378,-0.00812002606,0.02104374513,-0.006194931721,0,,,,,,,,1,28.61561777,77.21004651,8.775026929,,
24.87,3.015477144,-6.878725609,6.408339069,0.001096223996,0.01363686892,-0.008353269111,0,,,,,,,,1,28.61561836,77.21004711,8.788318955,,
24.88,3.04953925,-6.939627445,6.52827639,-0.004209168309,0.01642377084,-0.00513884363,0,,,,,,,,1,28.61561895,77.21004771,8.801652639,,
24.89,3.078161745,-6.788490074,6.404853007,-0.002116859784,0.02336139157,-0.006522588389,0,,,,,,,,1,28.61561953,77.21004831,8.815026965,,
24.9,3.030775526,-6.84656398,6.513893071,-0.008633075536,0.01717210311,-0.01330009484,0,,,,,,,,1,28.61562012,77.21004892,8.828440941,,
24.91,3.042386741,-6.875054143,6.432120451,-0.002994719023,0.01454510165,-0.01173028394,0,,,,,,,,1,28.61562071,77.21004952,8.841893601,,
24.92,3.020660011,-6.819096298,6.408023598,-0.002803346641,0.01412733953,-0.009170263194,0,,,,,,,,1,28.61562131,77.21005013,8.855384001,,
24.93,3.089207227,-6.907866854,6.487451607,-0.001384943793,0.01460701095,-0.008473329546,0,,,,,,,,1,28.6156219,77.21005073,8.868911221,,
24.94,2.969072758,-6.89054196,6.470419992,-0.003897874197,0.01885991835,-0.009139649768,0,,,,,,,,1,28.61562249,77.21005134,8.882474362,,
24.95,3.111420795,-6.940382523,6.379690778,-0.003342886434,0.01697827051,-0.003846809191,0,,,,,,,,1,28.61562308,77.21005195,8.896072548,,
24.96,3.074618648,-6.9715533,6.434711001,-0.003457450203,0.01111087127,-0.009423404925,0,,,,,,,,1,28.61562368,77.21005256,8.909704925,,
24.97,2.976264939,-6.929853586,6.351027699,-0.004898315446,0.01135313522,-0.00804350677,0,,,,,,,,1,28.61562427,77.21005317,8.923370658,,
24.98,2.96963536,-6.936273612,6.444154659,-0.0006515661918,0.0113695886,-0.009405623025,0,,,,,,,,1,28.61562487,77.21005379,8.937068935,,
24.99,3.089582129,-6.9056799,6.475623268,0.008074598803,0.009970769519,-0.003730483512,0,,,,,,,,1,28.61562546,77.2100544,8.950798961,,
25,3.127576998,-6.8946853,6.4485813,0.00323804409,0.009885305292,-0.00726762327,1,28.61560285,77.21007407,4.2,8.973107798,40.31151506,37.48919729,10,1,28.61562606,77.21005502,8.964559962,,
25.01,3.083821287,-6.880288121,6.481214631,0.003214780546,0.01233679371,0.0004073335321,0,,,,,,,,1,28.61562666,77.21005563,8.978351182,,
25.02,3.13756418,-6.906621756,6.418153336,0.004784160182,0.01770473612,-0.009701281542,0,,,,,,,,1,28.61562726,77.21005625,8.992171885,,
25.03,3.141298186,-6.822994071,6.501711957,-0.001885410519,0.01037138728,-0.001582290816,0,,,,,,,,1,28.61562786,77.21005687,9.006021352,,
25.04,3.10961944,-6.914728672,6.424689117,-0.006612676626,0.01324280273,-0.005451546279,0,,,,,,,,1,28.61562846,77.21005749,9.01989888,,
25.05,3.135753082,-6.887010779,6.387162212,-0.0008432679755,0.007603914591,-0.0008012625755,0,,,,,,,,1,28.61562906,77.21005811,9.033803785,,
25.06,3.05740777,-6.910121343,6.341111103,-0.002758110336,0.01330206702,-0.003235112249,0,,,,,,,,1,28.61562966,77.21005873,9.0477354,,
25.07,3.111108862,-6.844508144,6.401916569,-0.003467963555,0.008788467809,-0.0007065030558,0,,,,,,,,1,28.61563026,77.21005935,9.061693073,,
25.08,3.048445205,-6.887383953,6.43421571,0.002519047148,0.009199245446,-0.005769122126,0,,,,,,,,1,28.61563087,77.21005997,9.075676169,,
25.09,3.091847773,-6.90717944,6.398372587,-0.002697307165,0.00564204096,0.003958877216,0,,,,,,,,1,28.61563147,77.2100606,9.089684067,,
25.1,3.141332483,-6.918288119,6.383692616,0.005031146605,0.009075681913,-0.002867598031,0,,,,,,,,1,28.61563208,77.21006122,9.103716163,,
25.11,3.090046592,-6.92965884,6.422403135,0.001328069955,0.009591944452,-0.006166620457,0,,,,,,,,1,28.61563268,77.21006185,9.117771866,,
25.12,3.221577684,-6.910569268,6.404651689,0.005561672474,0.007351193645,-0.002390704333,0,,,,,,,,1,28.61563329,77.21006248,9.131850601,,
25.13,3.129006834,-6.889173424,6.413635487,0.0004491521493,0.005979710178,-0.003370590576,0,,,,,,,,1,28.6156339,77.21006311,9.145951806,,
25.14,3.122414169,-6.981969675,6.364071381,0.002353210918,0.009509463716,-0.003995599284,0,,,,,,,,1,28.61563451,77.21006374,9.160074933,,
25.15,3.08959716,-6.993898354,6.399575237,0.005809568848,0.01137476869,-0.007678622687,0,,,,,,,,1,28.61563512,77.21006437,9.174219447,,
25.16,3.151939482,-6.924495167,6.359790925,0.001406628895,0.009649250378,-0.00649273794,0,,,,,,,,1,28.61563573,77.210065,9.188384826,,
25.17,3.107197666,-6.957390501,6.383835914,0.0007824735251,0.01166639143,0.001199922447,0,,,,,,,,1,28.61563634,77.21006564,9.202570562,,
25.18,3.157101234,-6.930490724,6.302818049,0.002038166182,0.00974967628,0.002292799128,0,,,,,,,,1,28.61563695,77.21006627,9.216776158,,
25.19,3.130978826,-6.968230221,6.324513868,-0.001176916018,0.005273394853,-0.0003825657296,0,,,,,,,,1,28.61563756,77.21006691,9.23100113,,
25.2,3.088324324,-6.871944788,6.273600999,0.004926055351,0.01255345023,-0.00106560856,0,,,,,,,,1,28.61563818,77.21006754,9.245245005,,
25.21,3.144503383,-6.886346678,6.369595548,0.0006852967752,0.009909662938,-0.001089629677,0,,,,,,,,1,28.61563879,77.21006818,9.259507322,,
25.22,3.110219108,-6.951067508,6.387681252,0.005623085467,0.008823770794,-0.003501961783,0,,,,,,,,1,28.61563941,77.21006882,9.273787631,,
25.23,3.086692784,-6.921160093,6.30344132,0.008072017058,0.00580570506,0.006483467924,0,,,,,,,,1,28.61564002,77.21006946,9.288085494,,
25.24,3.194150285,-6.928059124,6.349551724,0.007821922418,0.0102843955,0.003061853808,0,,,,,,,,1,28.61564064,77.2100701,9.302400482,,
25.25,3.14146012,-6.963306301,6.386264004,0.000896776214,0.008532689508,0.001291965177,0,,,,,,,,1,28.61564126,77.21007074,9.316732177,,
25.26,3.118171746,-6.913765845,6.28476234,0.00437225933,0.003394904539,-0.002833307213,0,,,,,,,,1,28.61564188,77.21007139,9.331080173,,
25.27,3.062507958,-6.967072613,6.377607805,0.005442798427,0.005167354491,0.003038532598,0,,,,,,,,1,28.6156425,77.21007203,9.345444071,,
25.28,3.131354183,-6.841157633,6.292196882,0.002875521551,0.003155408145,0.0002441721678,0,,,,,,,,1,28.61564312,77.21007268,9.359823484,,
25.29,3.10414223,-6.92873396,6.290832419,0.006713384487,0.009647049692,-0.00384464897,0,,,,,,,,1,28.61564374,77.21007333,9.374218033,,
25.3,3.216640243,-6.909704303,6.249524302,0.008458246247,0.006412078069,-0.0009001492568,0,,,,,,,,1,28.61564436,77.21007397,9.388627349,,
25.31,3.120845321,-6.955915023,6.313330805,0.004822622505,0.003191895263,0.006134400482,0,,,,,,,,1,28.61564498,77.21007462,9.403051073,,
25.32,3.227948835,-6.928974955,6.323528236,0.002442372852,0.01051392007,0.0008587343226,0,,,,,,,,1,28.61564561,77.21007527,9.417488851,,
25.33,3.12511211,-6.984100125,6.32079683,-0.002047171023,0.004800089761,-0.000749843419,0,,,,,,,,1,28.61564623,77.21007592,9.431940343,,
25.34,3.051562062,-6.916390259,6.356928977,-0.00156577935,0.006580389495,0.003920492217,0,,,,,,,,1,28.61564686,77.21007658,9.446405212,,
25.35,3.209517023,-6.949351226,6.397718934,0.0004943715388,0.007859684531,0.0007028402751,0,,,,,,,,1,28.61564748,77.21007723,9.460883134,,
25.36,3.165670227,-6.993005677,6.329067054,0.007969125872,0.007879024244,-0.001365330162,0,,,,,,,,1,28.61564811,77.21007788,9.475373789,,
25.37,3.168090069,-6.940217505,6.399964281,0.003810544365,0.00344384794,0.0004056628659,0,,,,,,,,1,28.61564874,77.21007854,9.489876868,,
25.38,3.219260253,-6.929923135,6.339565183,0.00275771802,0.002886365122,0.005474651028,0,,,,,,,,1,28.61564937,77.2100792,9.504392066,,
25.39,3.173467434,-6.954356315,6.247856459,0.009307407533,0.008339901124,0.003490997684,0,,,,,,,,1,28.61565,77.21007985,9.518919089,,
25.4,3.128131908,-6.978564106,6.323098315,0.0009211823015,0.004867269631,0.002374920709,0,,,,,,,,1,28.61565063,77.21008051,9.533457648,,
25.41,3.154285963,-6.95030801,6.288972023,0.009962112003,0.009838179105,0.003007522633,0,,,,,,,,1,28.61565126,77.21008117,9.548007461,,
25.42,3.177240534,-6.962291676,6.386545446,0.002490626061,0.005469225755,-0.004433530566,0,,,,,,,,1,28.6156519,77.21008183,9.562568255,,
25.43,3.10762931,-6.99998758,6.255332349,0.005107985831,0.002925350239,0.006322410675,0,,,,,,,,1,28.61565253,77.21008249,9.577139761,,
25.44,3.142713161,-6.895678358,6.340658666,0.005353998821,0.007245859735,0.004292309621,0,,,,,,,,1,28.61565317,77.21008316,9.591721718,,
25.45,3.25016142,-6.844629752,6.312686141,0.003056470037,0.002897596559,0.004987241358,0,,,,,,,,1,28.6156538,77.21008382,9.606313871,,
25.46,3.159453209,-7.016471904,6.297240913,0.005807774665,0.003084761394,0.004006434138,0,,,,,,,,1,28.61565444,77.21008449,9.620915972,,
25.47,3.214631395,-6.926290122,6.343512294,0.008404200058,0.005978499129,0.007980225482,0,,,,,,,,1,28.61565508,77.21008515,9.635527777,,
25.48,3.188308481,-6.957574148,6.264775779,0.006832551584,0.001299441302,0.004399139226,0,,,,,,,,1,28.61565571,77.21008582,9.650149051,,
25.49,3.184241631,-6.920870648,6.3730482,0.004359566733,0.001226270926,0.003669409362,0,,,,,,,,1,28.61565635,77.21008649,9.664779562,,
25.5,3.140380929,-7.039761522,6.292405049,0.008820584212,0.001479429085,0.0002470140575,0,,,,,,,,1,28.61565699,77.21008716,9.679419085,,
25.51,3.201586657,-6.959936282,6.343074521,0.002521302597,0.005013182401,0.006046513116,0,,,,,,,,1,28.61565764,77.21008783,9.6940674,,
25.52,3.159155651,-6.91230428,6.33118661,0.004112045237,0.005497088027,-0.001312683701,0,,,,,,,,1,28.61565828,77.2100885,9.708724292,,
25.53,3.180413951,-6.932585896,6.242872583,0.00383607759,0.002241617901,0.005240419218,0,,,,,,,,1,28.61565892,77.21008917,9.723389554,,
25.54,3.157628958,-6.945779431,6.356538756,0.005599476353,0.01035665593,-0.0005614918478,0,,,,,,,,1,28.61565956,77.21008985,9.738062979,,
25.55,3.205964314,-6.956465877,6.332496612,-0.002617010507,0.005446761061,0.007730551563,0,,,,,,,,1,28.61566021,77.21009052,9.75274437,,
25.56,3.173085393,-6.943153235,6.391473857,0.00845938319,0.002493528953,0.007875847837,0,,,,,,,,1,28.61566086,77.2100912,9.767433532,,
25.57,3.214162484,-6.931119133,6.293013666,0.005836390358,-0.0006676239336,-0.001286940162,0,,,,,,,,1,28.6156615,77.21009187,9.782130275,,
25.58,3.252538381,-7.000197536,6.360602873,0.007672104163,0.004748878954,0.004972458756,0,,,,,,,,1,28.61566215,77.21009255,9.796834414,,
25.59,3.130303631,-6.933842887,6.297898965,0.004295346843,-0.0001734881397,0.008445953559,0,,,,,,,,1,28.6156628,77.21009323,9.81154577,,
25.6,3.232420801,-6.938018444,6.319636773,0.007679500222,-0.002035489873,0.01040576016,0,,,,,,,,1,28.61566345,77.21009391,9.826264166,,
25.61,3.222742889,-6.936602232,6.217241219,0.004529271685,0.005597406879,0.00541871714,0,,,,,,,,1,28.6156641,77.21009459,9.84098943,,
25.62,3.243679048,-6.960690313,6.259075148,0.003917130698,0.003977696301,0.007333187277,0,,,,,,,,1,28.61566475,77.21009528,9.855721395,,
25.63,3.301965021,-6.916868989,6.256460575,0.006532135904,0.000310681312,0.007301028176,0,,,,,,,,1,28.6156654,77.21009596,9.870459898,,
25.64,3.212765945,-6.993173813,6.269544262,0.003968553906,0.003737765716,-0.0001686698205,0,,,,,,,,1,28.61566606,77.21009664,9.885204778,,
25.65,3.225943188,-6.960390448,6.354106935,0.007448175616,0.004559018895,0.006223228921,0,,,,,,,,1,28.61566671,77.21009733,9.899955881,,
25.66,3.231285101,-6.95186599,6.289140926,0.005814675893,0.006048866645,0.005469421222,0,,,,,,,,1,28.61566736,77.21009802,9.914713055,,
25.67,3.1464394,-7.073745946,6.298080254,0.003764606489,0.002022144092,0.007089867787,0,,,,,,,,1,28.61566802,77.2100987,9.929476151,,
25.68,3.182423673,-7.037432652,6.237476222,0.006558115435,0.001856902231,0.004429128757,0,,,,,,,,1,28.61566868,77.21009939,9.944245026,,
25.69,3.261929345,-6.953192131,6.255354215,-0.0008070057933,0.00310516472,0.006294315281,0,,,,,,,,1,28.61566934,77.21010008,9.959019537,,
25.7,3.219133794,-6.883922226,6.315048966,0.007088311795,-0.0004610594737,-0.0002664810656,0,,,,,,,,1,28.61566999,77.21010077,9.973799548,,
25.71,3.21848544,-6.900248717,6.347987476,0.007045028166,0.003316869211,0.004751591265,0,,,,,,,,1,28.61567065,77.21010147,9.988584925,,
25.72,3.152823201,-6.933310222,6.240089686,0.009170167956,-0.0006890436859,0.002219026463,0,,,,,,,,1,28.61567132,77.21010216,10.00337554,,
25.73,3.232522847,-6.961344562,6.268504472,0.004636793899,0.0007025208977,0.006550105568,0,,,,,,,,1,28.61567198,77.21010285,10.01817126,,
25.74,3.205477465,-6.999554503,6.341507308,0.006016098649,-0.00212076938,0.005450534956,0,,,,,,,,1,28.61567264,77.21010355,10.03297196,,
25.75,3.200657374,-6.996851829,6.256439489,0.005752478694,0.001698013688,0.003208722379,0,,,,,,,,1,28.6156733,77.21010425,10.04777752,,
25.76,3.161448939,-7.00167548,6.361813198,0.006839282386,3.7390328e-05,0.008117706659,0,,,,,,,,1,28.61567397,77.21010494,10.06258782,,
25.77,3.247922055,-6.950618386,6.279441502,0.006208377822,-0.003596533076,0.003001315479,0,,,,,,,,1,28.61567463,77.21010564,10.07740275,,
25.78,3.132976783,-6.998305055,6.249058589,0.01101887401,-0.005430657831,0.0002364894744,0,,,,,,,,1,28.6156753,77.21010634,10.0922222,,
25.79,3.210992623,-7.042468016,6.220241805,0.008094511953,0.005299406303,0.003556487974,0,,,,,,,,1,28.61567597,77.21010704,10.10704605,,
25.8,3.238229159,-7.003876753,6.325592993,0.007934646324,0.004340711634,0.004286102281,0,,,,,,,,1,28.61567664,77.21010774,10.12187419,,
25.81,3.237718214,-6.916002216,6.33542044,0.008769617784,0.000769326746,0.007080728841,0,,,,,,,,1,28.6156773,77.21010845,10.13670653,,
25.82,3.166792062,-7.022323334,6.344919658,0.01028082358,0.003890699105,0.003929137647,0,,,,,,,,1,28.61567798,77.21010915,10.15154296,,
25.83,3.314592472,-7.020703416,6.24228065,0.003694298958,-0.00381835946,0.008900942149,0,,,,,,,,1,28.61567865,77.21010986,10.16638337,,
25.84,3.275898386,-6.951212065,6.352195695,0.005143850643,0.0007646209001,0.008289161199,0,,,,,,,,1,28.61567932,77.21011056,10.18122768,,
25.85,3.273311905,-6.966822931,6.194088858,0.007587238081,0.006060602328,0.01095802231,0,,,,,,,,1,28.61567999,77.21011127,10.19607579,,
25.86,3.164276027,-6.958606476,6.400336295,0.00384244635,0.006218763164,0.0112771679,0,,,,,,,,1,28.61568067,77.21011198,10.2109276,,
25.87,3.295678954,-7.049188411,6.279565597,0.006200049339,-0.001027777798,0.007263040421,0,,,,,,,,1,28.61568134,77.21011269,10.22578302,,
25.88,3.345730424,-7.038968816,6.130260779,0.009342265266,0.0009264509179,0.0089813534,0,,,,,,,,1,28.61568202,77.2101134,10.24064197,,
25.89,3.127160336,-6.944680445,6.206727549,0.003430126966,0.005049074438,0.004297308785,0,,,,,,,,1,28.61568269,77.21011411,10.25550436,,
25.9,3.157631973,-6.87681594,6.302278832,0.003806000376,-0.0008768566277,0.006583976718,0,,,,,,,,1,28.61568337,77.21011482,10.27037011,,
25.91,3.20186428,-7.056273081,6.275818038,0.008410633294,-0.000418307464,0.01364998549,0,,,,,,,,1,28.61568405,77.21011553,10.28523913,,
25.92,3.234130847,-7.014132284,6.311484672,0.007509286307,0.0002098436409,0.004468539798,0,,,,,,,,1,28.61568473,77.21011625,10.30011135,,
25.93,3.216318194,-7.079075558,6.249165904,0.005202358878,-0.0007137965985,0.006237532383,0,,,,,,,,1,28.61568541,77.21011696,10.31498668,,
25.94,3.181235924,-6.915139593,6.221741236,0.004250114413,0.0007166047756,0.007080363462,0,,,,,,,,1,28.61568609,77.21011768,10.32986505,,
25.95,3.128651299,-6.992904965,6.308034939,0.01046791976,-0.002417537929,0.006533207016,0,,,,,,,,1,28.61568678,77.2101184,10.34474639,,
25.96,3.211073304,-6.913671554,6.203236737,0.006460572841,-0.003167480263,0.008277693099,0,,,,,,,,1,28.61568746,77.21011912,10.35963063,,
25.97,3.318862536,-6.962811261,6.362582715,0.008179734281,0.002902117862,0.006078282736,0,,,,,,,,1,28.61568814,77.21011984,10.37451769,,
25.98,3.250268004,-6.986377443,6.260742406,0.0124342298,0.0006978025775,0.009249409111,0,,,,,,,,1,28.61568883,77.21012056,10.3894075,,
25.99,3.276642527,-6.886694563,6.372220201,0.01159045342,-0.000384501179,0.009500847816,0,,,,,,,,1,28.61568952,77.21012128,10.4043,,
26,3.216455848,-6.996095875,6.266049354,0.01210580841,0.0001589508434,0.01117327993,1,28.6157132,77.21010572,4.2,10.33479837,38.57231071,36.42110826,12,1,28.6156902,77.210122,10.41919512,,
26.01,3.260550697,-6.964319397,6.253810777,0.01045556943,-0.0002400018494,0.008012835679,0,,,,,,,,1,28.61569089,77.21012273,10.4340928,,
26.02,3.258014055,-6.924554042,6.232987414,0.008646428017,-0.001385922165,0.003670361482,0,,,,,,,,1,28.61569158,77.21012345,10.44899298,,
26.03,3.272681579,-7.011318217,6.295982342,0.008412531237,8.304101715e-05,0.004263722226,0,,,,,,,,1,28.61569227,77.21012418,10.46389559,,
26.04,3.225948746,-6.900094379,6.317759779,0.007901499656,0.006671069082,0.006897812615,0,,,,,,,,1,28.61569296,77.2101249,10.47880057,,
26.05,3.189559379,-7.019983967,6.332745356,0.006778530332,-0.004360548192,0.01155550495,0,,,,,,,,1,28.61569366,77.21012563,10.49370788,,
26.06,3.240917073,-6.965206203,6.257644809,0.01131002166,-0.0007832944829,0.007111802766,0,,,,,,,,1,28.61569435,77.21012636,10.50861744,,
26.07,3.231144359,-6.948890774,6.301607914,0.009660630866,-0.003184011413,0.005829473607,0,,,,,,,,1,28.61569504,77.21012709,10.52352921,,
26.08,3.1788491,-6.99823347,6.209742396,0.003127984856,0.0002497294939,0.007740674063,0,,,,,,,,1,28.61569574,77.21012782,10.53844313,,
26.09,3.208607343,-6.948397565,6.303701272,0.007833593615,0.001401472855,0.008560841611,0,,,,,,,,1,28.61569643,77.21012856,10.55335915,,
26.1,3.258628304,-6.977664182,6.205400022,0.007817794714,-0.00537543844,0.008529825861,0,,,,,,,,1,28.61569713,77.21012929,10.56827722,,
26.11,3.196526213,-6.917084408,6.274795733,0.007456061316,0.001001913385,0.007702622127,0,,,,,,,,1,28.61569783,77.21013003,10.58319729,,
26.12,3.297325093,-6.94964514,6.258387088,0.004761107132,-0.000377017295,0.00844492797,0,,,,,,,,1,28.61569853,77.21013076,10.59811931,,
26.13,3.241730942,-6.944347227,6.268888206,0.01037020644,-0.0001803137,0.01211175528,0,,,,,,,,1,28.61569923,77.2101315,10.61304323,,
26.14,3.162001014,-6.929442826,6.309989453,0.006849976751,0.002092182186,0.0123881884,0,,,,,,,,1,28.61569993,77.21013224,10.627969,,
26.15,3.266931383,-6.946745428,6.25798665,0.004333930123,-0.002834958978,0.007313870932,0,,,,,,,,1,28.61570063,77.21013297,10.64289659,,
26.16,3.191039174,-7.002053152,6.333888602,0.01021722275,0.0001916558148,0.0114455823,0,,,,,,,,1,28.61570133,77.21013371,10.65782594,,
26.17,3.204528455,-6.959395871,6.190820907,0.01075852517,0.003693019538,0.003721428643,0,,,,,,,,1,28.61570204,77.21013446,10.67275701,,
26.18,3.158322696,-6.901052899,6.191393072,0.006504385414,-0.001895253512,0.01044668035,0,,,,,,,,1,28.61570274,77.2101352,10.68768977,,
26.19,3.251460183,-6.93943456,6.273326273,0.009133081364,0.002815956715,0.01175748206,0,,,,,,,,1,28.61570345,77.21013594,10.70262416,,
26.2,3.172662478,-7.009610489,6.190380173,0.002128963662,0.0001839968165,0.006169846072,0,,,,,,,,1,28.61570416,77.21013669,10.71756016,,
26.21,3.297378572,-6.970489845,6.195780706,0.004601250721,0.002604126362,0.01129582561,0,,,,,,,,1,28.61570486,77.21013743,10.73249772,,
26.22,3.166878834,-6.82737272,6.322422148,0.005591097176,0.001155341593,0.006241731157,0,,,,,,,,1,28.61570557,77.21013818,10.7474368,,
26.23,3.300163054,-6.876021868,6.318438332,0.00457880076,0.00328292377,0.01190031927,0,,,,,,,,1,28.61570628,77.21013892,10.76237736,,
26.24,3.256560251,-6.993342072,6.264490114,0.004176978334,0.002448896767,0.005220138875,0,,,,,,,,1,28.61570699,77.21013967,10.77731938,,
26.25,3.168611565,-6.945060509,6.347118245,0.00681276138,0.0009371643244,0.01294929614,0,,,,,,,,1,28.6157077,77.21014042,10.79226281,,
26.26,3.226460906,-6.956119166,6.274531719,0.009703792974,0.003938623917,0.006209452131,0,,,,,,,,1,28.61570842,77.21014117,10.80720762,,
26.27,3.242736349,-6.947289238,6.227117729,0.009695590558,0.002879382042,0.01059491409,0,,,,,,,,1,28.61570913,77.21014192,10.82215377,,
26.28,3.280908792,-6.90357411,6.265347976,0.007635446796,-0.0001467785702,0.01272650978,0,,,,,,,,1,28.61570985,77.21014268,10.83710124,,
26.29,3.246349574,-6.985314481,6.335327863,0.01450195888,0.001349734765,0.009410216649,0,,,,,,,,1,28.61571056,77.21014343,10.85204999,,
26.3,3.255362558,-6.940643686,6.289008224,0.005312316448,0.005259955485,0.0101751296,0,,,,,,,,1,28.61571128,77.21014419,10.86699999,,
26.31,3.111987324,-6.95647365,6.324371025,0.008774597544,-0.001615204273,0.01203336171,0,,,,,,,,1,28.615712,77.21014494,10.88195121,,
26.32,3.214049849,-6.98110073,6.179738237,0.009787955269,-0.003733349501,0.005840187103,0,,,,,,,,1,28.61571271,77.2101457,10.89690362,,
26.33,3.221241034,-6.982526881,6.264657395,0.00902035296,0.0001034366534,0.009568511461,0,,,,,,,,1,28.61571343,77.21014646,10.91185719,,
26.34,3.302287301,-6.986009596,6.299011528,0.01029548361,0.004890567968,0.01125064461,0,,,,,,,,1,28.61571415,77.21014721,10.92681189,,
26.35,3.271462886,-6.943352031,6.316182026,0.005424233302,-0.0008205069596,0.009173558427,0,,,,,,,,1,28.61571488,77.21014797,10.9417677,,
26.36,3.313603683,-6.954776623,6.253790935,0.008324610847,-0.002790066425,0.006946282771,0,,,,,,,,1,28.6157156,77.21014874,10.95672459,,
26.37,3.208183212,-6.950483415,6.29061504,0.007869277655,0.00439948587,0.01190529595,0,,,,,,,,1,28.61571632,77.2101495,10.97168252,,
26.38,3.203872078,-6.885974801,6.288423046,0.01072771499,0.001096771309,0.006360939433,0,,,,,,,,1,28.61571705,77.21015026,10.98664149,,
26.39,3.242849173,-6.928351118,6.305672422,0.007067116222,-0.002105827018,0.01155304971,0,,,,,,,,1,28.61571777,77.21015103,11.00160145,,
26.4,3.175206214,-6.972944496,6.287767906,0.01032369663,-0.0001352041385,0.01128967673,0,,,,,,,,1,28.6157185,77.21015179,11.01656239,,
26.41,3.230623604,-7.029399707,6.316353693,0.01113728857,-0.001001888816,0.007926869681,0,,,,,,,,1,28.61571922,77.21015256,11.03152428,,
26.42,3.237226952,-6.991605313,6.264832148,0.01268618036,0.00124383906,0.008236599511,0,,,,,,,,1,28.61571995,77.21015332,11.04648711,,
26.43,3.293355317,-6.927593702,6.284868323,0.009470238024,0.0009756349036,0.01360063408,0,,,,,,,,1,28.61572068,77.21015409,11.06145084,,
26.44,3.204056586,-6.954124402,6.320730832,0.00538464258,-0.0002738404077,0.004806302505,0,,,,,,,,1,28.61572141,77.21015486,11.07641545,,
26.45,3.293944002,-6.953460695,6.231104772,0.005512021176,-0.0002629376102,0.00956907832,0,,,,,,,,1,28.61572214,77.21015563,11.09138093,,
26.46,3.235647083,-7.001599492,6.295253777,0.002724997518,0.0004799981448,0.01058469523,0,,,,,,,,1,28.61572288,77.2101564,11.10634725,,
26.47,3.242799836,-7.000450069,6.175596604,0.008534373259,0.004439007701,0.006512077347,0,,,,,,,,1,28.61572361,77.21015718,11.12131439,,
26.48,3.260188565,-6.886241656,6.271958707,0.009872015539,-0.0005495466258,0.006785409336,0,,,,,,,,1,28.61572434,77.21015795,11.13628233,,
26.49,3.161107152,-6.934568297,6.264246326,0.008946909398,-0.005483429279,0.01100962147,0,,,,,,,,1,28.61572508,77.21015873,11.15125105,,
26.5,3.215865536,-6.889287483,6.297519816,0.01122294467,-0.0003980817952,0.01321551906,0,,,,,,,,1,28.61572581,77.2101595,11.16622054,,
26.51,3.182201479,-6.964649241,6.262891303,0.006097544221,0.00127920155,0.00833641809,0,,,,,,,,1,28.61572655,77.21016028,11.18119077,,
26.52,3.29134774,-7.092935135,6.223416717,0.005499308119,-0.0007547345176,0.008478964443,0,,,,,,,,1,28.61572729,77.21016106,11.19616173,,
26.53,3.171476425,-6.940638276,6.247818644,0.00972243506,-0.003215957423,0.008830367514,0,,,,,,,,1,28.61572803,77.21016184,11.21113339,,
26.54,3.1765645,-7.000500518,6.377577501,0.007878360182,-0.007502206803,0.01453348023,0,,,,,,,,1,28.61572877,77.21016262,11.22610575,,
26.55,3.211765321,-6.877160874,6.353901116,0.005997791137,0.001008860302,0.0114390007,0,,,,,,,,1,28.61572951,77.2101634,11.24107878,,
26.56,3.28288764,-6.968213432,6.270754484,0.005716811808,0.0001450404585,0.01376020665,0,,,,,,,,1,28.61573025,77.21016418,11.25605247,,
26.57,3.215146294,-7.059319557,6.385397798,0.006973587483,0.0004835025535,0.01135755462,0,,,,,,,,1,28.61573099,77.21016496,11.2710268,,
26.58,3.230573626,-6.974958299,6.29785908,0.009713532791,-0.0003273053148,0.01417278638,0,,,,,,,,1,28.61573174,77.21016575,11.28600175,,
26.59,3.213595567,-6.901506922,6.241096737,0.0132097856,-0.001380994309,0.007316088962,0,,,,,,,,1,28.61573248,77.21016653,11.30097732,,
26.6,3.268448072,-6.941604687,6.258629929,0.0112243469,-0.003619260087,0.009319556657,0,,,,,,,,1,28.61573323,77.21016732,11.31595348,,
26.61,3.211941751,-6.963755242,6.12127168,0.01104321027,0.00192970754,0.008456471892,0,,,,,,,,1,28.61573398,77.2101681,11.33093023,,
26.62,3.227161342,-6.979810129,6.309360466,0.003408430632,0.001331941284,0.01467269311,0,,,,,,,,1,28.61573472,77.21016889,11.34590754,,
26.63,3.275914254,-6.979325268,6.141438451,0.01458213737,-0.002356673226,0.01145636385,0,,,,,,,,1,28.61573547,77.21016968,11.3608854,,
26.64,3.208828816,-7.067113827,6.177145984,0.005973003057,-0.00521488498,0.01053892151,0,,,,,,,,1,28.61573622,77.21017047,11.37586381,,
26.65,3.237277683,-7.039320677,6.232747437,0.006519428059,-0.003548955467,0.00581623309,0,,,,,,,,1,28.61573697,77.21017126,11.39084274,,
26.66,3.273771685,-7.010389376,6.318619069,0.006955756763,-0.0002690940223,0.007440591966,0,,,,,,,,1,28.61573773,77.21017206,11.40582218,,
26.67,3.302696851,-6.971154209,6.280014786,0.01031197015,-0.005743668966,0.005626773796,0,,,,,,,,1,28.61573848,77.21017285,11.42080213,,
26.68,3.311758013,-7.051521411,6.370262659,-0.001575403463,-0.0001554135747,0.01116980077,0,,,,,,,,1,28.61573923,77.21017365,11.43578257,,
26.69,3.291665984,-6.876696903,6.381207936,0.01107330558,-0.003140126487,0.007552979302,0,,,,,,,,1,28.61573999,77.21017444,11.45076348,,
26.7,3.289253968,-6.997470532,6.232182618,0.005932970084,-0.002332401819,0.009086415628,0,,,,,,,,1,28.61574074,77.21017524,11.46574486,,
26.71,3.239683075,-7.091120366,6.309686167,0.008178479213,0.0004655620476,0.009890244869,0,,,,,,,,1,28.6157415,77.21017604,11.48072669,,
26.72,3.211569313,-6.943819017,6.218497147,0.01038997482,-0.0001832696061,0.008155735207,0,,,,,,,,1,28.61574226,77.21017684,11.49570897,,
26.73,3.224073286,-7.11033628,6.313466995,0.01044089566,0.003448895243,0.00948295627,0,,,,,,,,1,28.61574302,77.21017764,11.51069168,,
26.74,3.275676798,-6.927857481,6.230239904,0.004611479372,4.763158186e-05,0.01188135249,0,,,,,,,,1,28.61574378,77.21017844,11.52567481,,
26.75,3.32001898,-6.985321989,6.281124751,0.008260131513,-0.003980713162,0.01393935405,0,,,,,,,,1,28.61574454,77.21017924,11.54065835,,
26.76,3.259445769,-7.045371602,6.29468796,0.006369488955,-0.0009064798165,0.0078431431,0,,,,,,,,1,28.6157453,77.21018004,11.55564229,,
26.77,3.16075642,-6.88013988,6.306945786,0.009704473238,-0.00067036061,0.007372344939,0,,,,,,,,1,28.61574606,77.21018085,11.57062662,,
26.78,3.191368495,-6.92678966,6.231818116,0.006831386903,0.001458234041,0.007975902288,0,,,,,,,,1,28.61574682,77.21018165,11.58561134,,
26.79,3.260289706,-6.954442413,6.244508921,0.001299881366,-0.002891898184,0.008785534074,0,,,,,,,,1,28.61574759,77.21018246,11.60059643,,
26.8,3.24813123,-7.044045429,6.304258346,0.0101709333,0.002752866436,0.01301765768,0,,,,,,,,1,28.61574835,77.21018326,11.61558188,,
26.81,3.253982629,-6.994152642,6.260910257,0.01022336201,-0.0005172867074,0.0100026336,0,,,,,,,,1,28.61574912,77.21018407,11.63056769,,
26.82,3.244743164,-7.02434097,6.361661461,0.004198028206,-0.003445916496,0.006599368207,0,,,,,,,,1,28.61574989,77.21018488,11.64555384,,
26.83,3.234667683,-6.955627385,6.325536681,0.006872099498,0.002922900879,0.0136003314,0,,,,,,,,1,28.61575066,77.21018569,11.66054034,,
26.84,3.304079293,-7.008382015,6.175337272,0.01260215883,-0.005834268354,0.002310780754,0,,,,,,,,1,28.61575143,77.2101865,11.67552716,,
26.85,3.268536485,-6.999334482,6.266517732,0.004849266741,0.0001437199618,0.005801469642,0,,,,,,,,1,28.6157522,77.21018732,11.6905143,,
26.86,3.17947783,-6.964019627,6.178127332,0.0086920498,-0.0001586755562,0.01151364226,0,,,,,,,,1,28.61575297,77.21018813,11.70550176,,
26.87,3.181300296,-6.972592833,6.268022607,0.01037712802,-0.002100488109,0.009137702281,0,,,,,,,,1,28.61575374,77.21018894,11.72048952,,
26.88,3.240654413,-6.958971993,6.239060643,0.009399410356,0.004871757486,0.006312241487,0,,,,,,,,1,28.61575451,77.21018976,11.73547758,,
26.89,3.236504077,-6.846744355,6.190097092,0.009671894831,-0.00465438021,0.005150682776,0,,,,,,,,1,28.61575529,77.21019058,11.75046593,,
26.9,3.262889014,-6.905151258,6.227287183,0.004569297644,0.004010553423,0.005387057106,0,,,,,,,,1,28.61575606,77.2101914,11.76545457,,
26.91,3.230687342,-6.971601654,6.278272774,0.0154772453,0.005638776932,0.0157349286,0,,,,,,,,1,28.61575684,77.21019221,11.78044348,,
26.92,3.308717105,-7.021760225,6.293243236,0.01133456129,-0.0008741251397,0.009729270611,0,,,,,,,,1,28.61575762,77.21019303,11.79543266,,
26.93,3.278916651,-7.025563555,6.173074337,0.01206232512,-0.001871517916,0.01198656204,0,,,,,,,,1,28.6157584,77.21019385,11.81042211,,
26.94,3.282103368,-6.95835686,6.276257531,0.007129189585,0.000479061272,0.01202341663,0,,,,,,,,1,28.61575918,77.21019468,11.82541181,,
26.95,3.328987908,-6.9813638,6.294405889,0.005422065513,0.003153974865,0.008611319031,0,,,,,,,,1,28.61575996,77.2101955,11.84040177,,
26.96,3.170871307,-6.990442211,6.206014614,0.01077075036,0.001085334904,0.00945025652,0,,,,,,,,1,28.61576074,77.21019632,11.85539197,,
26.97,3.123235216,-6.990571472,6.263815831,0.01060370685,-0.0008956064096,0.01028316262,0,,,,,,,,1,28.61576152,77.21019715,11.87038241,,
26.98,3.321481877,-7.013809317,6.334811641,0.01154054267,0.002093272387,0.01659133749,0,,,,,,,,1,28.6157623,77.21019798,11.88537308,,
26.99,3.234677387,-6.964151671,6.285094805,0.006860165692,0.001279622026,0.01220457002,0,,,,,,,,1,28.61576309,77.2101988,11.90036398,,
27,3.261974998,-7.027111576,6.3000601,0.01154627278,-0.0005054799946,0.01025860337,1,28.61583246,77.21012284,4.2,11.87704129,44.43859264,36.89077557,9,1,28.61576387,77.21019963,11.91535511,,
27.01,3.242892888,-6.97772255,6.240309041,0.009262858227,-0.007432819087,0.008065190592,0,,,,,,,,1,28.61576466,77.21020046,11.93034644,,
27.02,3.250103614,-7.007432244,6.34756531,0.006671243838,-0.002856609395,0.01319248989,0,,,,,,,,1,28.61576545,77.21020129,11.94533799,,
27.03,3.322171495,-6.972625112,6.228867045,0.01022912659,-0.006387346208,0.01012319531,0,,,,,,,,1,28.61576623,77.21020212,11.96032975,,
27.04,3.22717868,-7.078409666,6.272781948,0.01008404691,-0.003618832678,0.003610377363,0,,,,,,,,1,28.61576702,77.21020295,11.97532171,,
27.05,3.314685269,-7.082954616,6.232336922,0.006258436477,-0.003355145374,0.01386012277,0,,,,,,,,1,28.61576781,77.21020379,11.99031386,,
27.06,3.235003921,-6.945900201,6.208824349,0.002178961367,-0.004520657075,0.01558297018,0,,,,,,,,1,28.61576861,77.21020462,12.00530621,,
27.07,3.273121395,-6.935944173,6.221567206,0.01166981866,0.001736144518,0.00757174126,0,,,,,,,,1,28.6157694,77.21020546,12.02029874,,
27.08,3.184323296,-7.029350067,6.265641311,0.01317621132,-0.003708531642,0.01615807793,0,,,,,,,,1,28.61577019,77.21020629,12.03529145,,
27.09,3.330491393,-6.99893474,6.264384574,0.008043656091,-0.006440260769,0.009696668237,0,,,,,,,,1,28.61577098,77.21020713,12.05028434,,
27.1,3.220449282,-7.085504246,6.284177522,0.009629561141,-0.006946481874,0.01362014795,0,,,,,,,,1,28.61577178,77.21020797,12.06527741,,
27.11,3.192671854,-6.981403997,6.348908687,0.01043516546,0.000229561901,0.007299579114,0,,,,,,,,1,28.61577258,77.21020881,12.08027064,,
27.12,3.185652195,-6.978965913,6.21140286,0.01025999029,-0.001844066733,0.01033472179,0,,,,,,,,1,28.61577337,77.21020965,12.09526404,,
27.13,3.132483997,-7.074022908,6.275912123,0.007421557782,0.004770574762,0.004522647792,0,,,,,,,,1,28.61577417,77.21021049,12.1102576,,
27.14,3.226445014,-7.000963394,6.302794467,0.01246596351,0.001443633076,0.009332186244,0,,,,,,,,1,28.61577497,77.21021134,12.12525132,,
27.15,3.25506808,-6.947815085,6.318702415,0.003454900337,-0.005231054015,0.009837766635,0,,,,,,,,1,28.61577577,77.21021218,12.14024519,,
27.16,3.352823919,-6.961670671,6.257314082,0.0130989131,0.0001346704333,0.01028646265,0,,,,,,,,1,28.61577657,77.21021303,12.15523921,,
27.17,3.194206396,-7.017513075,6.226426141,0.01400008191,-0.007653593689,0.01270422649,0,,,,,,,,1,28.61577737,77.21021387,12.17023337,,
27.18,3.287123513,-7.014600181,6.27417695,0.00834473399,-0.00357124722,0.0101455223,0,,,,,,,,1,28.61577818,77.21021472,12.18522768,,
27.19,3.324068737,-7.003661384,6.246161982,0.006869860379,-0.003933817221,0.01043932162,0,,,,,,,,1,28.61577898,77.21021557,12.20022213,,
27.2,3.227977873,-7.000482103,6.340228912,0.01216640047,0.003007925832,0.00920651023,0,,,,,,,,1,28.61577979,77.21021642,12.21521671,,
27.21,3.2684309,-6.999756061,6.279226968,0.006486585859,0.004441005911,0.0119916449,0,,,,,,,,1,28.61578059,77.21021727,12.23021143,,
27.22,3.293441031,-6.9433075,6.292417124,0.008682365911,0.002162575539,0.01257335769,0,,,,,,,,1,28.6157814,77.21021812,12.24520627,,
27.23,3.193457551,-6.958219884,6.242532644,0.01180704342,-0.007549551266,0.01240930441,0,,,,,,,,1,28.61578221,77.21021897,12.26020124,,
27.24,3.241046483,-6.924129201,6.277066635,0.007782402459,-0.000242298396,0.01057416475,0,,,,,,,,1,28.61578302,77.21021982,12.27519633,,
27.25,3.255087991,-7.023983285,6.374901869,0.01130101432,0.001647235936,0.00911249322,0,,,,,,,,1,28.61578383,77.21022068,12.29019154,,
27.26,3.207058819,-7.001263392,6.335157474,0.005010344334,0.01036708577,0.01663171288,0,,,,,,,,1,28.61578464,77.21022153,12.30518687,,
27.27,3.33264229,-6.920838012,6.346154364,0.007604960657,-0.0008697897356,0.00716427466,0,,,,,,,,1,28.61578545,77.21022239,12.32018231,,
27.28,3.173930079,-7.065866742,6.186553791,0.005915904055,-0.001181495451,0.0102856149,0,,,,,,,,1,28.61578626,77.21022325,12.33517786,,
27.29,3.317474812,-6.899886498,6.243070999,0.01270512817,0.0008636855822,0.01171043482,0,,,,,,,,1,28.61578707,77.21022411,12.35017353,,
27.3,3.256160262,-6.985821805,6.241422213,0.0115457251,0.002607844377,0.006910794882,0,,,,,,,,1,28.61578789,77.21022497,12.36516929,,
27.31,3.205985886,-7.011066882,6.306692627,0.01015381135,-0.002402832519,0.00452073256,0,,,,,,,,1,28.61578871,77.21022583,12.38016517,,
27.32,3.277930882,-6.978889622,6.338325944,0.01126011453,-0.0001611083441,0.01116380433,0,,,,,,,,1,28.61578952,77.21022669,12.39516114,,
27.33,3.282728617,-6.921152718,6.3203731,0.009716386214,-0.00107453293,0.007480916008,0,,,,,,,,1,28.61579034,77.21022755,12.41015721,,
27.34,3.11171387,-6.975185217,6.298986259,0.01421608469,-0.007707941396,0.009793678139,0,,,,,,,,1,28.61579116,77.21022842,12.42515337,,
27.35,3.215112505,-7.03854199,6.191669308,0.006643113577,0.0008208075906,0.009511657183,0,,,,,,,,1,28.61579198,77.21022928,12.44014963,,
27.36,3.287892048,-7.01989578,6.329487448,0.01197976818,-0.004908234401,0.0108217443,0,,,,,,,,1,28.6157928,77.21023015,12.45514598,,
27.37,3.281007988,-6.915004517,6.288916663,0.00582362,-0.002972223634,0.004523630121,0,,,,,,,,1,28.61579362,77.21023101,12.47014242,,
27.38,3.128876527,-6.970833401,6.280832124,0.005125067732,0.00151330499,0.007471869715,0,,,,,,,,1,28.61579444,77.21023188,12.48513895,,
27.39,3.302359363,-6.973883396,6.250021355,0.006692910782,-0.003955614466,0.005816631717,0,,,,,,,,1,28.61579527,77.21023275,12.50013556,,
27.4,3.361671566,-6.954592249,6.297295767,0.01051250334,-0.002429342312,0.01277392824,0,,,,,,,,1,28.61579609,77.21023362,12.51513225,,
27.41,3.241836517,-6.935907875,6.248865622,0.007196309093,0.0005583794448,0.01098841316,0,,,,,,,,1,28.61579692,77.21023449,12.53012903,,
27.42,3.261357635,-7.008015561,6.205501493,0.008971756176,-0.00065840919,0.008150596618,0,,,,,,,,1,28.61579775,77.21023536,12.54512588,,
27.43,3.261585345,-7.011133904,6.232804782,0.005031311679,-0.008377384967,0.007057871163,0,,,,,,,,1,28.61579857,77.21023624,12.56012281,,
27.44,3.266776022,-7.004499629,6.273141691,0.01505065448,0.0004261196992,0.01701100589,0,,,,,,,,1,28.6157994,77.21023711,12.57511981,,
27.45,3.259667703,-7.12408202,6.301148919,0.01230479623,0.0001545548591,0.01563462496,0,,,,,,,,1,28.61580023,77.21023799,12.59011689,,
27.46,3.242163172,-6.987789279,6.254381769,0.0133801916,0.0004052419967,0.0080918072,0,,,,,,,,1,28.61580106,77.21023886,12.60511404,,
27.47,3.264127799,-6.958837368,6.325666728,0.008126816702,0.0009235086977,0.007689801911,0,,,,,,,,1,28.61580189,77.21023974,12.62011126,,
27.48,3.241967593,-6.995245742,6.229194137,0.005669312529,-0.001649881536,0.003663036126,0,,,,,,,,1,28.61580273,77.21024062,12.63510855,,
27.49,3.282779066,-7.0247743,6.246166902,0.01117825451,0.0009744610869,0.00973425536,0,,,,,,,,1,28.61580356,77.2102415,12.6501059,,
27.5,3.303696948,-7.014423211,6.223448069,0.0108925031,-0.001796282057,0.009955049642,0,,,,,,,,1,28.61580439,77.21024238,12.66510332,,
27.51,3.23237825,-6.949801938,6.239823358,0.009261583521,0.0006423580132,0.01021771629,0,,,,,,,,1,28.61580523,77.21024326,12.6801008,,
27.52,3.239532611,-6.916698009,6.286358415,0.00652137548,-0.006552562438,0.01093539222,0,,,,,,,,1,28.61580607,77.21024414,12.69509834,,
27.53,3.197523288,-6.945919615,6.304269862,0.007876413703,0.0009657571922,0.00690870608,0,,,,,,,,1,28.6158069,77.21024503,12.71009594,,
27.54,3.315389051,-6.966458546,6.254696254,0.01013449184,0.004341462075,0.01406412604,0,,,,,,,,1,28.61580774,77.21024591,12.7250936,,
27.55,3.205717038,-6.886681145,6.232438341,0.004032758881,-0.007024490419,0.007786514058,0,,,,,,,,1,28.61580858,77.2102468,12.74009132,,
27.56,3.229366123,-6.960102919,6.257284384,0.006730332546,0.002842655413,0.0131677429,0,,,,,,,,1,28.61580942,77.21024769,12.75508909,,
27.57,3.163147094,-7.079243155,6.197811955,0.008537694047,-0.003441179461,0.007984360705,0,,,,,,,,1,28.61581027,77.21024857,12.77008692,,
27.58,3.168188907,-6.920603023,6.28114753,0.009989966287,0.0005928280505,0.01602680761,0,,,,,,,,1,28.61581111,77.21024946,12.7850848,,
27.59,3.250796545,-7.017190811,6.28888101,0.003849713723,-0.007464244965,0.01672719335,0,,,,,,,,1,28.61581195,77.21025035,12.80008273,,
27.6,3.27452851,-7.004671152,6.203895803,0.00537698994,-0.005426705903,0.01278804298,0,,,,,,,,1,28.6158128,77.21025124,12.81508071,,
27.61,3.228194747,-7.005268122,6.214574346,0.01123826265,0.002835619688,0.01103835667,0,,,,,,,,1,28.61581364,77.21025214,12.83007874,,
27.62,3.268112476,-6.904031882,6.224333028,0.00997379626,-0.001219457519,0.01003555821,0,,,,,,,,1,28.61581449,77.21025303,12.84507682,,
27.63,3.219576627,-6.917188658,6.200982149,0.01107884479,-0.000611016232,0.0146277163,0,,,,,,,,1,28.61581534,77.21025392,12.86007495,,
27.64,3.246868975,-6.967124113,6.335236754,0.01119856561,-0.001991817801,0.01146473001,0,,,,,,,,1,28.61581618,77.21025482,12.87507312,,
27.65,3.236715673,-7.02955318,6.285709231,0.008498052277,-0.0009612630756,0.01109993381,0,,,,,,,,1,28.61581703,77.21025571,12.89007134,,
27.66,3.285063868,-6.962654617,6.232217919,0.007804420957,0.001830488742,0.008437965671,0,,,,,,,,1,28.61581788,77.21025661,12.9050696,,
27.67,3.202065692,-6.967119017,6.265047823,0.002710623218,0.0006753774884,0.008757474108,0,,,,,,,,1,28.61581874,77.21025751,12.9200679,,
27.68,3.316381052,-7.015495756,6.225616574,0.005546118588,-0.003660761476,0.009666680045,0,,,,,,,,1,28.61581959,77.21025841,12.93506624,,
27.69,3.226647802,-7.002489831,6.22843499,0.01133961561,-0.002796459026,0.01103909735,0,,,,,,,,1,28.61582044,77.21025931,12.95006463,,
27.7,3.267785799,-7.030034039,6.274795521,0.010539511,0.00138852807,0.008901078758,0,,,,,,,,1,28.6158213,77.21026021,12.96506305,,
27.71,3.225287859,-6.935317706,6.27814089,0.009074501568,0.0005131722393,0.009147289302,0,,,,,,,,1,28.61582215,77.21026111,12.98006151,,
27.72,3.234020694,-7.003544094,6.242395455,0.006576450442,1.789108014e-05,0.01202795191,0,,,,,,,,1,28.61582301,77.21026202,12.99506001,,
27.73,3.289661969,-7.002192945,6.170544571,0.01267528847,-0.002726458016,0.01634066917,0,,,,,,,,1,28.61582386,77.21026292,13.01005855,,
27.74,3.299777822,-7.020726593,6.295300252,0.008631603044,-0.001634933942,0.01406005217,0,,,,,,,,1,28.61582472,77.21026383,13.02505712,,
27.75,3.295851972,-6.961331863,6.247907848,0.007204777888,0.001510647824,0.01329065586,0,,,,,,,,1,28.61582558,77.21026473,13.04005573,,
27.76,3.296448945,-7.042362438,6.231932818,0.007417127679,-0.002484277611,0.01022578857,0,,,,,,,,1,28.61582644,77.21026564,13.05505437,,
27.77,3.253405725,-6.918511635,6.32925821,0.007331954207,-0.003702825886,0.01422080551,0,,,,,,,,1,28.6158273,77.21026655,13.07005304,,
27.78,3.253258522,-7.002955519,6.233435054,0.009658077635,-0.0002919766606,0.008962857012,0,,,,,,,,1,28.61582817,77.21026746,13.08505175,,
27.79,3.284023856,-6.949832562,6.392756807,0.008815794606,0.0001403367852,0.01121423797,0,,,,,,,,1,28.61582903,77.21026837,13.10005049,,
27.8,3.232874752,-6.993434191,6.301913173,0.007598400532,0.003708312804,0.008672967031,0,,,,,,,,1,28.61582989,77.21026928,13.11504925,,
27.81,3.266032467,-6.962290249,6.303899221,0.003385521754,-0.006356208219,0.007766420447,0,,,,,,,,1,28.61583076,77.2102702,13.13004805,,
27.82,3.344668756,-7.043068094,6.237120894,0.008159882581,-0.001930877047,0.01255247494,0,,,,,,,,1,28.61583163,77.21027111,13.14504688,,
27.83,3.273904954,-7.022109502,6.263425238,0.003447132024,-0.005113320905,0.01393480293,0,,,,,,,,1,28.61583249,77.21027203,13.16004574,,
27.84,3.288903761,-7.018042116,6.311884219,0.008289146526,-0.005983558844,0.0081622455,0,,,,,,,,1,28.61583336,77.21027294,13.17504462,,
27.85,3.271407806,-7.052728566,6.296852079,0.008415653634,-0.00286722637,0.006777097881,0,,,,,,,,1,28.61583423,77.21027386,13.19004353,,
27.86,3.185407492,-7.029893065,6.282328984,0.001956164789,-0.0003429540002,0.01585603215,0,,,,,,,,1,28.6158351,77.21027478,13.20504247,,
27.87,3.21903108,-7.028154644,6.166642464,0.008128644179,-0.003105672122,0.00845496224,0,,,,,,,,1,28.61583597,77.2102757,13.22004144,,
27.88,3.28445634,-6.949212337,6.209985757,0.01714014347,-0.005863663355,0.008583927301,0,,,,,,,,1,28.61583684,77.21027662,13.23504043,,
27.89,3.124850766,-7.068277313,6.210002087,0.00934882951,-0.003389937806,0.009668284616,0,,,,,,,,1,28.61583772,77.21027754,13.25003944,,
27.9,3.210270052,-7.001289534,6.174159848,0.0006298805634,-0.0008626709137,0.008342177146,0,,,,,,,,1,28.61583859,77.21027846,13.26503848,,
27.91,3.278655635,-7.086284962,6.297977916,0.01610586118,-0.004149672112,0.01338188516,0,,,,,,,,1,28.61583947,77.21027938,13.28003754,,
27.92,3.246517041,-6.926551868,6.233950321,0.001576802856,-0.002534072218,0.006519004169,0,,,,,,,,1,28.61584034,77.21028031,13.29503662,,
27.93,3.262245433,-7.022707306,6.334020286,0.004778254528,-0.007680553179,0.009899907329,0,,,,,,,,1,28.61584122,77.21028124,13.30979183,,
27.94,3.294031285,-6.926175664,6.228768252,0.0056178623,-0.007486165674,0.01089458063,0,,,,,,,,1,28.6158421,77.21028216,13.32418715,,
27.95,3.353870679,-6.870586491,6.286084785,0.008203344316,-0.004384358939,0.01224888549,0,,,,,,,,1,28.61584298,77.21028309,13.33823137,,
27.96,3.265354798,-6.866317842,6.32560458,0.01007763318,-0.002998106862,0.007035640946,0,,,,,,,,1,28.61584386,77.21028402,13.35193304,,
27.97,3.280073695,-6.763432774,6.266805158,0.01165687808,-0.001273946011,0.01174442462,0,,,,,,,,1,28.61584474,77.21028495,13.36530053,,
27.98,3.301711862,-6.824729637,6.32192638,0.01099086879,-0.0009063260808,0.01484587056,0,,,,,,,,1,28.61584562,77.21028588,13.37834198,,
27.99,3.259113276,-6.792895425,6.387479476,0.006315466522,-0.003431800738,0.01367389223,0,,,,,,,,1,28.6158465,77.21028681,13.39106534,,
28,3.32234176,-6.660700202,6.443709461,0.006627039391,-0.003181979109,0.01783626386,1,28.61583014,77.21029582,4.2,13.4798581,45.42166046,42.43597079,12,1,28.61584739,77.21028774,13.40347838,,
28.01,3.214762974,-6.749029841,6.467522109,0.004883915686,0.001301138492,0.01131652579,0,,,,,,,,1,28.61584827,77.21028867,13.41558867,,
28.02,3.320014939,-6.679957333,6.397182745,0.008858824278,0.001654724395,0.01704029153,0,,,,,,,,1,28.61584916,77.21028961,13.42740358,,
28.03,3.241939783,-6.725663089,6.497055365,0.01241382961,0.000632016644,0.009988467153,0,,,,,,,,1,28.61585004,77.21029054,13.43893032,,
28.04,3.365527009,-6.598889772,6.47719072,0.007102499562,-0.003755871377,0.005102501899,0,,,,,,,,1,28.61585093,77.21029148,13.45017592,,
28.05,3.402357334,-6.624646822,6.570515956,0.01032652677,-0.005221251829,0.008609774155,0,,,,,,,,1,28.61585182,77.21029242,13.46114724,,
28.06,3.339331391,-6.608634417,6.490840613,0.005845375194,-0.003526832224,0.008257087034,0,,,,,,,,1,28.6158527,77.21029335,13.47185097,,
28.07,3.261414854,-6.553729331,6.440675546,0.007752433524,-0.003034863873,0.01106936375,0,,,,,,,,1,28.61585359,77.21029429,13.48229363,,
28.08,3.311787432,-6.563236302,6.532727886,0.01207828326,-0.004205982604,0.004883128807,0,,,,,,,,1,28.61585448,77.21029523,13.49248159,,
28.09,3.244028874,-6.529365319,6.589660124,0.0106404383,-0.002596924129,0.01095742251,0,,,,,,,,1,28.61585537,77.21029617,13.50242106,,
28.1,3.341966952,-6.550726267,6.619640941,0.01031267408,-0.002997683697,0.01050512701,0,,,,,,,,1,28.61585626,77.21029711,13.51211811,,
28.11,3.37484802,-6.488403058,6.553947459,0.01199108555,-0.0003969313561,0.002021221546,0,,,,,,,,1,28.61585715,77.21029805,13.52157864,,
28.12,3.400062325,-6.485413384,6.495458219,0.01149069508,-0.00131441226,0.008685886677,0,,,,,,,,1,28.61585805,77.21029899,13.53080843,,
28.13,3.372664886,-6.512891232,6.59272442,0.01212008053,0.004041832621,0.007145512667,0,,,,,,,,1,28.61585894,77.21029993,13.5398131,,
28.14,3.466240408,-6.430920747,6.678115862,0.009292216195,-0.001739463684,0.00353650227,0,,,,,,,,1,28.61585983,77.21030087,13.54859815,,
28.15,3.413149771,-6.334026268,6.68252078,0.01469190952,-0.004378251896,0.009240759808,0,,,,,,,,1,28.61586073,77.21030182,13.55716893,,
28.16,3.361399744,-6.426848464,6.648915904,0.00906030395,0.0001412316081,0.009335144686,0,,,,,,,,1,28.61586162,77.21030276,13.56553066,,
28.17,3.389574024,-6.375338667,6.640715672,0.01062623049,-0.001491558062,0.01486686697,0,,,,,,,,1,28.61586252,77.21030371,13.57368845,,
28.18,3.406537923,-6.342567454,6.592111675,0.004595718316,0.0001607205143,0.008621728895,0,,,,,,,,1,28.61586341,77.21030465,13.58164727,,
28.19,3.347469422,-6.423552131,6.791516665,0.01308695944,-0.002242996371,0.01019436851,0,,,,,,,,1,28.61586431,77.2103056,13.58941197,,
28.2,3.45228304,-6.317543049,6.738181831,0.01093667085,-0.0009387069017,0.0175123618,0,,,,,,,,1,28.6158652,77.21030654,13.59698728,,
28.21,3.42295895,-6.25997676,6.680043645,0.008451953957,0.005316187343,0.0104030848,0,,,,,,,,1,28.6158661,77.21030749,13.60437784,,
28.22,3.426363212,-6.281293625,6.761311794,0.004993866325,-0.004038306947,0.01253745256,0,,,,,,,,1,28.615867,77.21030844,13.61158814,,
28.23,3.38855327,-6.273985044,6.718364148,0.01502606601,-0.002042734566,0.009881147387,0,,,,,,,,1,28.6158679,77.21030938,13.61862257,,
28.24,3.442652076,-6.372733072,6.693213629,0.01208492701,-0.002554642412,0.01653965186,0,,,,,,,,1,28.61586879,77.21031033,13.62548544,,
28.25,3.343039058,-6.200346489,6.73994792,0.01238483684,-0.006093404249,0.006720601003,0,,,,,,,,1,28.61586969,77.21031128,13.63218091,,
28.26,3.460660975,-6.257029506,6.773250504,0.009853392494,0.004112896686,0.01047853397,0,,,,,,,,1,28.61587059,77.21031223,13.63871309,,
28.27,3.400435482,-6.312612809,6.725499633,0.009803268452,-2.166208427e-06,0.01090526882,0,,,,,,,,1,28.61587149,77.21031318,13.64508594,,
28.28,3.435238076,-6.136737513,6.812135573,0.00921313246,0.0005022827375,0.009362435822,0,,,,,,,,1,28.61587239,77.21031413,13.65130335,,
28.29,3.403678707,-6.225407668,6.877345741,0.01383763584,-0.004360659435,0.006426651069,0,,,,,,,,1,28.61587329,77.21031508,13.65736913,,
28.3,3.426748927,-6.174809065,6.78280708,0.007254747595,-0.003960428712,0.01044992076,0,,,,,,,,1,28.61587419,77.21031603,13.66328695,,
28.31,3.370407589,-6.142997119,6.755248877,0.01015426407,-0.006351458555,0.008876842104,0,,,,,,,,1,28.6158751,77.21031698,13.66906044,,
28.32,3.44662682,-6.164214623,6.718411103,0.0109684616,0.0002047592022,0.008727197274,0,,,,,,,,1,28.615876,77.21031793,13.67469311,,
28.33,3.498031581,-6.226714354,6.788442333,0.01077581409,-0.004165110867,0.009328691219,0,,,,,,,,1,28.6158769,77.21031889,13.6801884,,
28.34,3.473159347,-6.186440326,6.900953062,0.009742104876,0.0004464379829,0.01251205706,0,,,,,,,,1,28.6158778,77.21031984,13.68554966,,
28.35,3.412625769,-6.210582545,6.778724821,0.006476082929,-0.0007660448019,0.0131555974,0,,,,,,,,1,28.61587871,77.21032079,13.69078016,,
28.36,3.46465432,-6.111212078,6.848703429,0.002723622334,0.003755406419,0.01042481932,0,,,,,,,,1,28.61587961,77.21032174,13.69588308,,
28.37,3.437086228,-6.139833993,6.817512321,0.008553991292,-0.004854771632,0.01465359523,0,,,,,,,,1,28.61588051,77.2103227,13.70086154,,
28.38,3.513774198,-6.104907913,6.83640269,0.00449663388,0.004808537121,0.01387184946,0,,,,,,,,1,28.61588142,77.21032365,13.70571858,,
28.39,3.467877631,-6.081843138,6.856746026,0.005981758221,-0.00382791905,0.01265905522,0,,,,,,,,1,28.61588232,77.2103246,13.71045715,,
28.4,3.393164885,-6.099946488,6.800113032,0.008670744573,-0.002952966045,0.01011191214,0,,,,,,,,1,28.61588323,77.21032556,13.71508014,,
28.41,3.354630211,-6.070614585,6.9469698,0.002785566623,0.0002373530625,0.01329089742,0,,,,,,,,1,28.61588413,77.21032651,13.71959039,,
28.42,3.441163708,-6.153128399,6.882162629,0.009815147979,-0.001998572533,0.01438734394,0,,,,,,,,1,28.61588504,77.21032747,13.72399062,,
28.43,3.388771146,-5.964924955,6.880393186,0.006874647597,0.003863265518,0.01028155322,0,,,,,,,,1,28.61588594,77.21032842,13.72828353,,
28.44,3.468734538,-6.041559477,6.857546572,0.01221291086,0.000616402238,0.009664941882,0,,,,,,,,1,28.61588685,77.21032938,13.73247174,,
28.45,3.430544211,-5.969932477,6.830982114,0.01182713016,-0.001743369773,0.01196425646,0,,,,,,,,1,28.61588775,77.21033034,13.73655779,,
28.46,3.498327203,-6.060876597,6.845412044,0.00761238208,0.002665279787,0.009742727884,0,,,,,,,,1,28.61588866,77.21033129,13.74054419,,
28.47,3.391336593,-6.024348633,6.974118992,0.009180724822,-0.002375120827,0.009029967218,0,,,,,,,,1,28.61588957,77.21033225,13.74443335,,
28.48,3.455173669,-6.096955173,6.851190643,0.00495604637,0.0007633804773,0.01045013903,0,,,,,,,,1,28.61589047,77.21033321,13.74822766,,
28.49,3.475220681,-6.096524186,6.840628243,0.008536346733,-0.0007552246588,0.0109004521,0,,,,,,,,1,28.61589138,77.21033416,13.75192943,,
28.5,3.441411755,-5.997711336,6.880370867,0.007529304722,0.002317901434,0.01267205036,0,,,,,,,,1,28.61589229,77.21033512,13.7555409,,
28.51,3.512844333,-5.98801703,6.9544195,0.006913565676,-0.0001697915832,0.007841524414,0,,,,,,,,1,28.61589319,77.21033608,13.7590643,,
28.52,3.489618427,-6.013728241,6.950353677,0.0089514566,0.002062530091,0.01056220878,0,,,,,,,,1,28.6158941,77.21033704,13.76250175,,
28.53,3.441707416,-5.975917661,6.949055405,0.01107123424,0.00413452814,0.01277297436,0,,,,,,,,1,28.61589501,77.21033799,13.76585537,,
28.54,3.383288693,-6.013973934,6.951582156,0.006416914864,-0.005564653472,0.0128231729,0,,,,,,,,1,28.61589592,77.21033895,13.76912719,,
28.55,3.470351291,-5.976399425,6.887177959,0.009397790967,-0.001453606916,0.007204512637,0,,,,,,,,1,28.61589683,77.21033991,13.77231921,,
28.56,3.500145671,-5.896314118,7.025329892,0.0105840555,0.003924675924,0.01605813278,0,,,,,,,,1,28.61589773,77.21034087,13.77543337,,
28.57,3.568740521,-5.991546329,6.927966763,0.003668824219,-0.001814150348,0.01015427426,0,,,,,,,,1,28.61589864,77.21034183,13.77847159,,
28.58,3.512884248,-5.966244952,7.017192378,0.01625920611,0.001011487745,0.01391754736,0,,,,,,,,1,28.61589955,77.21034279,13.78143569,,
28.59,3.550080554,-6.080955454,6.909107849,0.0118232016,-0.004268984955,0.005513315893,0,,,,,,,,1,28.61590046,77.21034375,13.78432751,,
28.6,3.48222919,-5.921750113,6.964811361,0.0134645462,0.005768249368,0.01169459508,0,,,,,,,,1,28.61590137,77.21034471,13.78714879,,
28.61,3.478815742,-5.946581198,6.953791042,0.01287207507,0.0004167492809,0.01804619046,0,,,,,,,,1,28.61590228,77.21034567,13.78990125,,
28.62,3.562917584,-5.903385779,6.936633339,0.01406864167,-0.002802227869,0.005922413065,0,,,,,,,,1,28.61590319,77.21034663,13.79258659,,
28.63,3.609195981,-5.929581883,6.990889473,0.007158171358,0.00382291574,0.009846286679,0,,,,,,,,1,28.6159041,77.21034759,13.79520643,,
28.64,3.502656448,-5.833665299,6.98032719,0.009818928997,-0.004006380838,0.01354414227,0,,,,,,,,1,28.61590501,77.21034855,13.79776237,,
28.65,3.495727408,-5.990991126,6.926923486,0.01411814614,-0.0004168878069,0.006528646434,0,,,,,,,,1,28.61590592,77.21034951,13.80025597,,
28.66,3.550766895,-5.952677388,7.012520136,0.005733776873,-0.000559355975,0.009944550032,0,,,,,,,,1,28.61590683,77.21035047,13.80268875,,
28.67,3.452462946,-5.963264431,7.000204596,0.01003417614,-0.002232577455,0.01332577166,0,,,,,,,,1,28.61590774,77.21035143,13.8050622,,
28.68,3.418833906,-5.915219695,6.972063242,0.01242988587,-0.0006891607564,0.009729904918,0,,,,,,,,1,28.61590865,77.21035239,13.80737775,,
28.69,3.474893115,-5.929500597,6.918654069,0.01054767812,0.0002839546817,0.008575945309,0,,,,,,,,1,28.61590956,77.21035335,13.80963683,,
28.7,3.578647044,-5.93372807,6.96424435,0.009273840523,-0.003336160303,0.008554007417,0,,,,,,,,1,28.61591047,77.21035431,13.81184081,,
28.71,3.583232087,-5.857175661,6.959087982,0.01262379397,0.002137055343,0.01620255651,0,,,,,,,,1,28.61591139,77.21035528,13.81399104,,
28.72,3.530021585,-5.971235368,7.020259428,0.007212084554,8.936607967e-05,0.008264922397,0,,,,,,,,1,28.6159123,77.21035624,13.81608882,,
28.73,3.547762921,-5.869097122,6.908209552,0.006669964495,-0.0002994832092,0.01482860142,0,,,,,,,,1,28.61591321,77.2103572,13.81813543,,
28.74,3.491590241,-5.81599992,6.976695499,0.008976386489,0.001429497005,0.002682771606,0,,,,,,,,1,28.61591412,77.21035816,13.82013213,,
28.75,3.503797036,-6.007990201,7.022101341,0.01031665113,-0.001909331873,0.01245248995,0,,,,,,,,1,28.61591503,77.21035912,13.82208012,,
28.76,3.492383769,-5.864849451,6.958410172,0.00705082231,0.003596030703,0.009628579981,0,,,,,,,,1,28.61591594,77.21036009,13.82398061,,
28.77,3.485447536,-5.937064976,6.912441964,0.007068274574,-0.0005798259202,0.007710757676,0,,,,,,,,1,28.61591686,77.21036105,13.82583474,,
28.78,3.51586597,-5.917922124,7.099866981,0.01194546365,-0.0009938796449,0.008612101854,0,,,,,,,,1,28.61591777,77.21036201,13.82764365,,
28.79,3.543827731,-5.854396736,7.081649756,0.009233806366,0.002608778047,0.01312837797,0,,,,,,,,1,28.61591868,77.21036297,13.82940844,,
28.8,3.480999304,-5.88330898,7.071742222,0.009587973792,-0.002136908648,0.008177988694,0,,,,,,,,1,28.61591959,77.21036394,13.83113018,,
28.81,3.560150128,-5.754469247,6.9583267,0.00793452183,-0.0005696508857,0.007083945539,0,,,,,,,,1,28.61592051,77.2103649,13.83280993,,
28.82,3.611833532,-5.890415986,7.097052714,0.009890859086,-0.004438164132,0.01432698095,0,,,,,,,,1,28.61592142,77.21036586,13.83444872,,
28.83,3.403500967,-5.783923433,6.98877318,0.00923198393,-0.000750784553,0.01497820767,0,,,,,,,,1,28.61592233,77.21036683,13.83604753,,
28.84,3.524561202,-5.978957027,7.106776433,0.01370186489,0.0004332004502,0.00974033087,0,,,,,,,,1,28.61592324,77.21036779,13.83760734,,
28.85,3.497829102,-5.798719617,7.047815254,0.004022418858,-0.003020100885,0.01216835701,0,,,,,,,,1,28.61592416,77.21036875,13.83912912,,
28.86,3.500688216,-5.885326695,7.182343635,0.01267175255,0.0009717521017,0.01118190762,0,,,,,,,,1,28.61592507,77.21036972,13.84061377,,
28.87,3.549869021,-5.839390353,7.005212461,0.006420314793,-0.005241388892,0.009300553251,0,,,,,,,,1,28.61592598,77.21037068,13.84206222,,
28.88,3.563551553,-5.878854148,7.048971136,0.008959531965,0.002642681149,0.00882013745,0,,,,,,,,1,28.6159269,77.21037164,13.84347533,,
28.89,3.489760768,-5.934180232,7.094870721,0.008127453551,-0.0001214568076,0.0108398812,0,,,,,,,,1,28.61592781,77.21037261,13.84485398,,
28.9,3.508343909,-5.824892037,7.150809484,0.006771035314,-0.001713334987,0.01092960402,0,,,,,,,,1,28.61592872,77.21037357,13.84619901,,
28.91,3.404512197,-5.820768105,7.028600375,0.003005977194,0.001465999872,0.01191503033,0,,,,,,,,1,28.61592964,77.21037453,13.84751123,,
28.92,3.514466373,-5.84097782,7.019301287,0.01036292511,-0.00215746536,0.01282756305,0,,,,,,,,1,28.61593055,77.2103755,13.84879144,,
28.93,3.525628292,-5.832288099,7.041727377,0.009507063601,0.005633309136,0.01066749579,0,,,,,,,,1,28.61593146,77.21037646,13.85004043,,
28.94,3.566398655,-5.911667429,6.996518802,0.01405374784,0.001384944803,0.00985349447,0,,,,,,,,1,28.61593238,77.21037743,13.85125896,,
28.95,3.522701943,-5.889360895,6.976195807,0.009149452251,0.0008769759935,0.00531731824,0,,,,,,,,1,28.61593329,77.21037839,13.85244776,,
28.96,3.447705189,-5.896618378,7.004289873,0.009633752557,0.001350389236,0.01053855075,0,,,,,,,,1,28.6159342,77.21037936,13.85360757,,
28.97,3.468384642,-5.854436256,7.074359718,0.01265751259,0.001203967621,0.009801898324,0,,,,,,,,1,28.61593512,77.21038032,13.8547391,,
28.98,3.561028112,-5.856307723,6.997624399,0.01139966625,0.0008067544799,0.01097533768,0,,,,,,,,1,28.61593603,77.21038128,13.85584302,,
28.99,3.524104075,-5.806396897,6.990959527,0.009594214812,-0.0005947123448,0.009993473692,0,,,,,,,,1,28.61593695,77.21038225,13.85692002,,
29,3.568776012,-5.865747843,7.019567424,0.007177845692,0.003955485979,0.007746324495,1,28.6159931,77.21039847,4.2,13.96727825,44.39506581,37.71288914,10,1,28.61593786,77.21038321,13.85797075,,
29.01,3.380674759,-5.812656958,7.015394023,0.01321988316,-0.001508504751,0.00794908526,0,,,,,,,,1,28.61593878,77.21038418,13.85899586,,
29.02,3.54391798,-5.815839062,6.996470067,0.008886692541,-0.0001752525595,0.01002085203,0,,,,,,,,1,28.61593969,77.21038514,13.85999596,,
29.03,3.544606654,-5.894846146,7.033202016,0.01038865702,-0.005344235812,0.0131863455,0,,,,,,,,1,28.6159406,77.21038611,13.86097166,,
29.04,3.483398492,-5.841433667,6.966312103,0.008288257552,-0.009099438186,0.0130639469,0,,,,,,,,1,28.61594152,77.21038707,13.86192358,,
29.05,3.659426913,-5.821252634,7.087856523,0.007470514048,-0.003014543235,0.01150295217,0,,,,,,,,1,28.61594243,77.21038804,13.86285227,,
29.06,3.530457142,-5.773936964,7.035824134,0.005106644929,0.0006900497088,0.01211616981,0,,,,,,,,1,28.61594335,77.210389,13.86375831,,
29.07,3.444596974,-5.807010737,7.069727614,0.009076700365,-0.00650294821,0.006390774214,0,,,,,,,,1,28.61594426,77.21038997,13.86464225,,
29.08,3.492307229,-5.77313531,7.115838543,0.01111897011,-0.001069841267,0.01236014544,0,,,,,,,,1,28.61594518,77.21039093,13.86550464,,
29.09,3.575793821,-5.833081221,7.02851713,0.008702359515,0.0004653195712,0.0127553296,0,,,,,,,,1,28.61594609,77.2103919,13.86634599,,
29.1,3.534362595,-5.790615471,6.995384093,0.007376450651,-0.003777316011,0.01114580007,0,,,,,,,,1,28.61594701,77.21039286,13.86716682,,
29.11,3.528502182,-5.813603618,7.002999425,0.009448780848,-0.003220435757,0.009601838735,0,,,,,,,,1,28.61594792,77.21039383,13.86796763,,
29.12,3.584967693,-5.764022748,7.044859432,0.008389983194,-0.001174644811,0.00954864551,0,,,,,,,,1,28.61594884,77.2103948,13.86874891,,
29.13,3.553640497,-5.801251772,7.089092338,0.01371332487,-0.003401991849,0.005728666825,0,,,,,,,,1,28.61594975,77.21039576,13.86951113,,
29.14,3.52723771,-5.837199501,7.027360174,0.007629689706,0.004994376815,0.01062128724,0,,,,,,,,1,28.61595067,77.21039673,13.87025476,,
29.15,3.495555433,-5.824537329,7.103003453,0.006657769339,-0.004431495456,0.01130322662,0,,,,,,,,1,28.61595158,77.21039769,13.87098025,,
29.16,3.468255502,-5.817548307,7.126560019,0.006946857198,-0.001195564811,0.01639558009,0,,,,,,,,1,28.6159525,77.21039866,13.87168805,,
29.17,3.440264197,-5.835047562,7.019478185,0.01489948257,-0.005042267329,0.01449071656,0,,,,,,,,1,28.61595341,77.21039962,13.87237859,,
29.18,3.536922224,-5.870603863,7.092519919,0.00571009061,-0.002424677951,0.01091490863,0,,,,,,,,1,28.61595433,77.21040059,13.87305228,,
29.19,3.536607793,-5.793889225,7.025468437,0.009506437893,-0.0001596860676,0.01418805109,0,,,,,,,,1,28.61595524,77.21040155,13.87370954,,
29.2,3.568381805,-5.7214382,6.958916112,0.01189369578,-0.0006732541353,0.0109314341,0,,,,,,,,1,28.61595616,77.21040252,13.87435077,,
29.21,3.571439791,-5.858796756,7.067750839,0.006054443363,-0.003108097747,0.0128766048,0,,,,,,,,1,28.61595707,77.21040349,13.87497636,,
29.22,3.545032419,-5.760113357,7.121034582,0.009940885365,-0.001623511285,0.01278297228,0,,,,,,,,1,28.61595799,77.21040445,13.87558669,,
29.23,3.441236383,-5.820852255,7.017995548,0.007920608021,0.001846038948,0.007520003928,0,,,,,,,,1,28.6159589,77.21040542,13.87618214,,
29.24,3.474737156,-5.790806387,7.099403937,0.007941174668,-0.007869853021,0.01073351063,0,,,,,,,,1,28.61595982,77.21040638,13.87676306,,
29.25,3.477518404,-5.79304791,7.03818371,0.006356355874,0.002789190858,0.008019789815,0,,,,,,,,1,28.61596073,77.21040735,13.87732982,,
29.26,3.542591569,-5.749289433,7.068694467,0.007211120928,-0.0008277122072,0.01765511002,0,,,,,,,,1,28.61596165,77.21040832,13.87788275,,
29.27,3.47976377,-5.855944344,7.093704227,0.009589300245,-0.001297300119,0.01329665401,0,,,,,,,,1,28.61596257,77.21040928,13.8784222,,
29.28,3.49958184,-5.831531962,7.033141319,0.009823671159,0.001964960617,0.01078034632,0,,,,,,,,1,28.61596348,77.21041025,13.87894848,,
29.29,3.525409758,-5.723368178,7.049185625,0.00827392564,-0.002446202645,0.007312014783,0,,,,,,,,1,28.6159644,77.21041122,13.87946193,,
29.3,3.488363312,-5.934954361,7.062926406,0.009409508537,0.000511526614,0.01034822831,0,,,,,,,,1,28.61596531,77.21041218,13.87996286,,
29.31,3.472809081,-5.789144319,7.109381623,0.008014015947,-0.001019710319,0.008420561451,0,,,,,,,,1,28.61596623,77.21041315,13.88045157,,
29.32,3.447247495,-5.741544199,7.112322359,0.01045767009,-0.00621030644,0.009139498778,0,,,,,,,,1,28.61596714,77.21041411,13.88092836,,
29.33,3.590232247,-5.864078254,7.178772208,0.005947321788,-0.00299527709,0.005905501408,0,,,,,,,,1,28.61596806,77.21041508,13.88139353,,
29.34,3.537871486,-5.801233019,7.025987524,0.01181623087,-0.002318029215,0.004970862437,0,,,,,,,,1,28.61596898,77.21041605,13.88184734,,
29.35,3.523350854,-5.738698939,7.041677584,0.01032350945,-0.002121326061,0.009597306505,0,,,,,,,,1,28.61596989,77.21041701,13.88229009,,
29.36,3.515885951,-5.822087898,7.071502114,0.006241769663,-0.003386027989,0.0104629864,0,,,,,,,,1,28.61597081,77.21041798,13.88272204,,
29.37,3.532099846,-5.798984592,7.165305861,0.01203271559,-0.005991894638,0.009003492813,0,,,,,,,,1,28.61597172,77.21041895,13.88314345,,
29.38,3.559727976,-5.81004424,7.041859944,0.006249899071,0.00224389111,0.009713861116,0,,,,,,,,1,28.61597264,77.21041991,13.88355459,,
29.39,3.522582949,-5.773335124,7.138846402,0.007429262391,0.0043501601,0.005822830402,0,,,,,,,,1,28.61597356,77.21042088,13.8839557,,
29.4,3.534952872,-5.766233762,7.056253632,0.008163933851,0.002370555159,0.008772120974,0,,,,,,,,1,28.61597447,77.21042185,13.88434702,,
29.41,3.56425431,-5.746730288,7.012400517,0.01138152645,-0.004232066433,0.0116636414,0,,,,,,,,1,28.61597539,77.21042281,13.8847288,,
29.42,3.568575513,-5.884756525,7.046708108,0.0101554233,0.004390543572,0.01123405394,0,,,,,,,,1,28.6159763,77.21042378,13.88510127,,
29.43,3.518579889,-5.681891346,7.112226189,0.0113183617,-0.004716208715,0.01499293916,0,,,,,,,,1,28.61597722,77.21042475,13.88546465,,
29.44,3.525763585,-5.773582112,7.069035571,0.01024164168,-0.01036645989,0.008509938644,0,,,,,,,,1,28.61597814,77.21042571,13.88581917,,
29.45,3.593374917,-5.700072615,7.109397291,0.01233073055,-0.001016511452,0.007390083068,0,,,,,,,,1,28.61597905,77.21042668,13.88616505,,
29.46,3.586957273,-5.756295247,7.045550804,0.01541588371,-0.002654613291,0.01085567867,0,,,,,,,,1,28.61597997,77.21042765,13.88650249,,
29.47,3.518516659,-5.758383423,7.108431038,0.007412397915,0.0007631603646,0.0118808083,0,,,,,,,,1,28.61598088,77.21042861,13.88683169,,
29.48,3.479172659,-5.784565477,7.110557037,0.00783445262,0.003433177307,0.009462284755,0,,,,,,,,1,28.6159818,77.21042958,13.88715287,,
29.49,3.486446078,-5.746600586,7.062269935,0.01058149689,-0.001429128137,0.008089859602,0,,,,,,,,1,28.61598272,77.21043055,13.88746622,,
29.5,3.522952389,-5.699014983,7.063745389,0.004911680454,-0.005652682581,0.007174554548,0,,,,,,,,1,28.61598363,77.21043151,13.88777192,,
29.51,3.546289582,-5.788082963,7.080900149,0.0115973034,-0.002953764643,0.01312653406,0,,,,,,,,1,28.61598455,77.21043248,13.88807016,,
29.52,3.535798273,-5.778449577,7.070179251,0.004367845937,-0.0007721244488,0.008971411471,0,,,,,,,,1,28.61598546,77.21043345,13.88836114,,
29.53,3.54449885,-5.715859023,7.115758558,0.003643255106,0.0009255180463,0.01274776985,0,,,,,,,,1,28.61598638,77.21043441,13.88864501,,
29.54,3.530035415,-5.796098958,7.133842625,0.007096861256,-0.00579809608,0.01214987977,0,,,,,,,,1,28.6159873,77.21043538,13.88892196,,
29.55,3.538418391,-5.780280583,7.074232305,0.004361908864,-0.002144212445,0.01152135475,0,,,,,,,,1,28.61598821,77.21043635,13.88919216,,
29.56,3.589152595,-5.800268056,7.185192733,0.009808112967,0.002229000529,0.01369483834,0,,,,,,,,1,28.61598913,77.21043732,13.88945576,,
29.57,3.54797901,-5.760187742,7.012558327,0.008591437194,-0.00297062295,0.006455106546,0,,,,,,,,1,28.61599005,77.21043828,13.88971294,,
29.58,3.511660083,-5.86933702,7.208220308,0.009422145282,0.001904647665,0.01076524248,0,,,,,,,,1,28.61599096,77.21043925,13.88996384,,
29.59,3.53253611,-5.800313351,7.056395161,0.01203863494,-0.004368343375,0.01206018302,0,,,,,,,,1,28.61599188,77.21044022,13.89020863,,
29.6,3.683746945,-5.720287799,7.015787286,0.009177713841,-0.002862850322,0.01197282893,0,,,,,,,,1,28.6159928,77.21044118,13.89044744,,
29.61,3.41829253,-5.816466343,7.088127,0.002080780699,-0.002264444226,0.0152282234,0,,,,,,,,1,28.61599371,77.21044215,13.89068043,,
29.62,3.588524135,-5.773605091,7.167422077,0.006808634181,-0.001850318784,0.00897512545,0,,,,,,,,1,28.61599463,77.21044312,13.89090774,,
29.63,3.517946311,-5.722252658,7.101652596,0.002954209208,-0.0001223119121,0.007739733349,0,,,,,,,,1,28.61599554,77.21044408,13.8911295,,
29.64,3.440943418,-5.7176133,7.064197144,0.01142147121,-0.003881521474,0.01100140902,0,,,,,,,,1,28.61599646,77.21044505,13.89134585,,
29.65,3.470084241,-5.85120815,7.107364462,0.007983897981,0.001046074851,0.01366578117,0,,,,,,,,1,28.61599738,77.21044602,13.89155693,,
29.66,3.547006292,-5.765280637,7.031191068,0.005168424597,0.002699455621,0.002638122968,0,,,,,,,,1,28.61599829,77.21044699,13.89176286,,
29.67,3.556545256,-5.762971729,7.110917751,0.01166818381,-0.002048388336,0.008349886047,0,,,,,,,,1,28.61599921,77.21044795,13.89196376,,
29.68,3.56825762,-5.756363212,7.010313178,0.01257703287,-0.001048285495,0.01423813658,0,,,,,,,,1,28.61600013,77.21044892,13.89215977,,
29.69,3.480175472,-5.661679101,7.087657477,0.006088262026,0.00125046776,0.01196105486,0,,,,,,,,1,28.61600104,77.21044989,13.892351,,
29.7,3.503169657,-5.8458513,7.073964342,0.01027209696,-0.001690019397,0.0152132467,0,,,,,,,,1,28.61600196,77.21045085,13.89253756,,
29.71,3.585564336,-5.799300474,7.096215656,0.007925560064,0.00223719099,0.006887368658,0,,,,,,,,1,28.61600288,77.21045182,13.89271957,,
29.72,3.583109144,-5.715718234,7.073872503,0.003532088279,0.0005428267555,0.01337807602,0,,,,,,,,1,28.61600379,77.21045279,13.89289714,,
29.73,3.583548408,-5.754908443,7.113956044,0.008975002903,0.001357280134,0.01040784417,0,,,,,,,,1,28.61600471,77.21045376,13.89307038,,
29.74,3.560713769,-5.763992585,7.076555378,0.0085400425,-0.003197205871,0.007676014181,0,,,,,,,,1,28.61600563,77.21045472,13.89323939,,
29.75,3.475189268,-5.664212649,7.104624374,0.01025172722,-0.003841161353,0.01142119267,0,,,,,,,,1,28.61600654,77.21045569,13.89340429,,
29.76,3.518747974,-5.731875164,7.084388665,0.0105791779,-0.002595348032,0.01435906913,0,,,,,,,,1,28.61600746,77.21045666,13.89356516,,
29.77,3.478716999,-5.742672349,7.079587575,0.003604329917,-0.002507662488,0.01567354911,0,,,,,,,,1,28.61600838,77.21045762,13.89372211,,
29.78,3.448310543,-5.754457066,7.108449178,0.00869536423,-0.0005665052476,0.003386417321,0,,,,,,,,1,28.61600929,77.21045859,13.89387523,,
29.79,3.505982101,-5.81931879,7.114118297,0.009832139596,-0.002890114731,0.008162294257,0,,,,,,,,1,28.61601021,77.21045956,13.89402461,,
29.8,3.558647076,-5.736664793,7.087538549,0.006699952118,-0.006710892491,0.009646197605,0,,,,,,,,1,28.61601113,77.21046053,13.89417035,,
29.81,3.510682212,-5.786909111,7.099153064,0.002795137004,0.005733248319,0.01299042282,0,,,,,,,,1,28.61601204,77.21046149,13.89431254,,
29.82,3.504901599,-5.659249894,7.072619887,0.005982994716,0.0002533333379,0.01154863563,0,,,,,,,,1,28.61601296,77.21046246,13.89445126,,
29.83,3.592481643,-5.751037045,7.11585251,0.01167501046,-0.002033915693,0.01076805625,0,,,,,,,,1,28.61601388,77.21046343,13.89458659,,
29.84,3.539619423,-5.67485706,6.986673011,0.008531112775,-0.001333871375,0.01072737364,0,,,,,,,,1,28.61601479,77.2104644,13.89471863,,
29.85,3.494036649,-5.733604034,7.176515987,0.01446877307,-0.0006864319287,0.006968282088,0,,,,,,,,1,28.61601571,77.21046536,13.89484744,,
29.86,3.560206005,-5.693299501,7.090789295,0.01356321369,-0.006243124017,0.01293206818,0,,,,,,,,1,28.61601663,77.21046633,13.89497311,,
29.87,3.57534144,-5.763260659,7.038505627,0.006051394467,0.00193489778,0.01134804616,0,,,,,,,,1,28.61601754,77.2104673,13.89509572,,
29.88,3.587122897,-5.785740432,7.113811864,0.005107150162,-0.00108661534,0.004903367467,0,,,,,,,,1,28.61601846,77.21046827,13.89521534,,
29.89,3.585460105,-5.732520596,7.035941674,0.01144418696,-0.001742479749,0.0114015831,0,,,,,,,,1,28.61601938,77.21046923,13.89533203,,
29.9,3.530881835,-5.792331273,7.082843009,0.007884412058,-0.005583483173,0.01023307494,0,,,,,,,,1,28.61602029,77.2104702,13.89544589,,
29.91,3.590546091,-5.804835501,6.986625448,0.006530606239,0.003064526268,0.01494009683,0,,,,,,,,1,28.61602121,77.21047117,13.89555696,,
29.92,3.488651173,-5.726995255,7.023523847,0.008662397201,0.0002254166596,0.008996526205,0,,,,,,,,1,28.61602213,77.21047213,13.89566533,,
29.93,3.539951465,-5.787012425,7.167108913,0.009289318478,-0.0008645447308,0.009331958741,0,,,,,,,,1,28.61602304,77.2104731,13.89577105,,
29.94,3.54513181,-5.887576963,7.098208554,0.007934576511,4.893032376e-05,0.01040246732,0,,,,,,,,1,28.61602396,77.21047407,13.8958742,,
29.95,3.507295961,-5.705471279,7.082166156,0.01125888719,0.001195829449,0.01315432167,0,,,,,,,,1,28.61602488,77.21047504,13.89597483,,
29.96,3.528752334,-5.668860595,7.177522385,0.00386146904,0.002499502652,0.009460000059,0,,,,,,,,1,28.61602579,77.210476,13.896073,,
29.97,3.532079744,-5.850466592,7.121419515,0.005198383464,-0.00377402579,0.006503359499,0,,,,,,,,1,28.61602671,77.21047697,13.89616878,,
29.98,3.474516569,-5.749935793,7.088181067,0.009281032024,-0.0002732249368,0.01304063519,0,,,,,,,,1,28.61602763,77.21047794,13.89626223,,
29.99,3.505745949,-5.809076093,7.083058701,0.00990169656,-0.004059609223,0.006496094277,0,,,,,,,,1,28.61602854,77.21047891,13.89635339,,
