t,ax,ay,az,gx,gy,gz,gnss_new,gnss_lat,gnss_lon,gnss_acc,gnss_speed,gnss_bearing,cn0_mean,sats_used,gnss_valid,truth_lat,truth_lon,truth_speed,speednet_mu,speednet_logvar
0,-6.162155403,-6.317020524,4.267420293,0.005964651463,0.001988042509,0.005432857459,1,28.61389816,77.20897509,4.2,16.80137761,76.02196311,35.62335088,12,1,28.6139,77.209,16.7,,
0.01,-6.20235717,-6.367948687,4.302467578,0.008827588931,0.006633176446,0.003074655474,0,,,,,,,,1,28.61390044,77.20900163,16.7,,
0.02,-6.100058249,-6.316889918,4.229052422,0.003580511567,0.004060254429,0.00501090053,0,,,,,,,,1,28.61390089,77.20900327,16.7,,
0.03,-6.194436295,-6.230556339,4.207365398,0.005192711424,0.002385343049,0.003460814762,0,,,,,,,,1,28.61390133,77.2090049,16.7,,
0.04,-6.084635262,-6.334325564,4.295187624,0.006369635348,0.00386194205,0.01148744703,0,,,,,,,,1,28.61390178,77.20900654,16.7,,
0.05,-6.126666115,-6.35456816,4.298945997,0.007322267403,-0.001222487136,0.005881165759,0,,,,,,,,1,28.61390222,77.20900817,16.7,,
0.06,-6.194878434,-6.359677068,4.275456212,0.006350836247,0.002749136562,0.002431881572,0,,,,,,,,1,28.61390266,77.20900981,16.7,,
0.07,-6.280538668,-6.271302379,4.256382271,0.008789436918,0.002843067111,0.007439848477,0,,,,,,,,1,28.61390311,77.20901144,16.7,,
0.08,-6.161207559,-6.396707057,4.254008213,0.00694722886,0.005423173498,0.002480574286,0,,,,,,,,1,28.61390355,77.20901308,16.7,,
0.09,-6.220901329,-6.3976557,4.226771828,-0.001978888903,0.007185123042,-2.055532784e-05,0,,,,,,,,1,28.61390399,77.20901471,16.7,,
0.1,-6.148209834,-6.346730403,4.227247346,0.008087720654,0.003620529089,0.0002527759052,0,,,,,,,,1,28.61390444,77.20901634,16.7,,
0.11,-6.175205911,-6.313585093,4.224241295,0.006604315655,0.004541000302,0.00228258425,0,,,,,,,,1,28.61390488,77.20901798,16.7,,
0.12,-6.070860129,-6.310728597,4.229268123,0.007706939859,0.0004815101398,0.003102025186,0,,,,,,,,1,28.61390533,77.20901961,16.7,,
0.13,-6.218282463,-6.338129808,4.316426133,0.0103765171,0.006105475736,0.0018657234,0,,,,,,,,1,28.61390577,77.20902125,16.7,,
0.14,-6.141940515,-6.338947925,4.186391202,0.01072223167,0.007916280707,0.00917299688,0,,,,,,,,1,28.61390621,77.20902288,16.7,,
0.15,-6.106948439,-6.400600886,4.342826648,0.004507565878,0.005858102912,0.003832379807,0,,,,,,,,1,28.61390666,77.20902452,16.7,,
0.16,-6.145916193,-6.259661682,4.297895251,0.009870563066,0.005726984876,0.00464775559,0,,,,,,,,1,28.6139071,77.20902615,16.7,,
0.17,-6.249102625,-6.348054368,4.293968693,0.005877134261,0.00203139849,4.07336074e-05,0,,,,,,,,1,28.61390755,77.20902778,16.7,,
0.18,-6.074819826,-6.350207642,4.289558545,0.005852506828,0.004046147046,0.001474880601,0,,,,,,,,1,28.61390799,77.20902942,16.7,,
0.19,-6.234225782,-6.332928056,4.2530278,0.003998815477,0.007602408411,0.002426757815,0,,,,,,,,1,28.61390843,77.20903105,16.7,,
0.2,-6.116050878,-6.347273151,4.251942306,0.003242299723,0.001825638378,0.0001353952982,0,,,,,,,,1,28.61390888,77.20903269,16.7,,
0.21,-6.153984039,-6.30990794,4.33745318,0.009267500167,0.004779181229,0.0002843203392,0,,,,,,,,1,28.61390932,77.20903432,16.7,,
0.22,-6.100389697,-6.284933901,4.213395143,0.002987068464,0.003183760289,-0.0003070063853,0,,,,,,,,1,28.61390976,77.20903596,16.7,,
0.23,-6.219376815,-6.39796759,4.209693408,0.004567933209,0.00287876999,0.002282106416,0,,,,,,,,1,28.61391021,77.20903759,16.7,,
0.24,-6.119090093,-6.348321553,4.249999094,0.002749443273,0.00161367523,0.007188166613,0,,,,,,,,1,28.61391065,77.20903923,16.7,,
0.25,-6.029466058,-6.355454118,4.311143473,0.009687167947,0.0007960791845,0.002648294405,0,,,,,,,,1,28.6139111,77.20904086,16.7,,
0.26,-6.142903086,-6.397176346,4.17879414,0.006561208879,0.006536075025,0.002272541147,0,,,,,,,,1,28.61391154,77.20904249,16.7,,
0.27,-6.176564845,-6.319480713,4.292634172,0.006442293796,-0.001503734347,0.001608371639,0,,,,,,,,1,28.61391198,77.20904413,16.7,,
0.28,-6.080138605,-6.313114318,4.361711853,0.007272180005,0.003169561947,0.001017888311,0,,,,,,,,1,28.61391243,77.20904576,16.7,,
0.29,-6.181081326,-6.375859358,4.30713834,0.004384197163,0.0005034923499,0.001477405419,0,,,,,,,,1,28.61391287,77.2090474,16.7,,
0.3,-6.151953314,-6.284211146,4.349619642,0.008175566546,0.007740923227,0.006040368176,0,,,,,,,,1,28.61391331,77.20904903,16.7,,
0.31,-6.124342261,-6.356489885,4.139622362,0.00659048702,0.004585422581,-0.000985266161,0,,,,,,,,1,28.61391376,77.20905067,16.7,,
0.32,-6.156638306,-6.323693073,4.198389909,0.008725114747,0.003042146634,0.003181664937,0,,,,,,,,1,28.6139142,77.2090523,16.7,,
0.33,-6.121027051,-6.325606891,4.277349981,0.0006383027013,0.00678063763,0.002765634527,0,,,,,,,,1,28.61391465,77.20905394,16.7,,
0.34,-6.094875472,-6.25907724,4.214981629,0.0006158940583,0.00627734635,0.01120446888,0,,,,,,,,1,28.61391509,77.20905557,16.7,,
0.35,-6.150732847,-6.321642903,4.349006128,0.001822454595,0.00550451405,0.001914671344,0,,,,,,,,1,28.61391553,77.2090572,16.7,,
0.36,-6.138029516,-6.304801845,4.274712683,0.006684517893,-0.001578813559,0.004875624037,0,,,,,,,,1,28.61391598,77.20905884,16.7,,
0.37,-6.130522005,-6.324488057,4.327744593,0.01349846892,0.001457881927,0.006427926985,0,,,,,,,,1,28.61391642,77.20906047,16.7,,
0.38,-6.1138742,-6.289379345,4.275387068,0.004020184423,0.006974501432,0.003607006053,0,,,,,,,,1,28.61391687,77.20906211,16.7,,
0.39,-6.156295811,-6.340535292,4.319490515,0.006608215449,0.005049909814,0.0002061929096,0,,,,,,,,1,28.61391731,77.20906374,16.7,,
0.4,-6.136636386,-6.41627405,4.292095659,0.004707441218,0.002783978567,-0.00144923991,0,,,,,,,,1,28.61391775,77.20906538,16.7,,
0.41,-6.202322873,-6.453203074,4.261969491,0.005536401112,0.007001677801,0.004854329205,0,,,,,,,,1,28.6139182,77.20906701,16.7,,
0.42,-6.056288585,-6.295650023,4.297804264,0.004017871983,0.006010004386,0.001573186684,0,,,,,,,,1,28.61391864,77.20906864,16.7,,
0.43,-6.186380114,-6.395973369,4.212370096,0.004381683611,0.009829859832,0.003435028849,0,,,,,,,,1,28.61391908,77.20907028,16.7,,
0.44,-6.165256948,-6.378776845,4.270021673,0.003745005439,0.008633731448,0.004673888193,0,,,,,,,,1,28.61391953,77.20907191,16.7,,
0.45,-6.133378565,-6.387170364,4.291898036,0.003116203828,0.006110388739,0.002605603057,0,,,,,,,,1,28.61391997,77.20907355,16.7,,
0.46,-6.257418373,-6.371328443,4.236570156,0.001503898312,0.008283765806,0.005298236728,0,,,,,,,,1,28.61392042,77.20907518,16.7,,
0.47,-6.184209683,-6.352459099,4.252613786,0.007852750674,0.002121618864,0.005080769708,0,,,,,,,,1,28.61392086,77.20907682,16.7,,
0.48,-6.132784497,-6.321188485,4.175664154,0.003350468577,0.0009677417699,0.005095579697,0,,,,,,,,1,28.6139213,77.20907845,16.7,,
0.49,-6.09929856,-6.3185522,4.328735309,0.005869303937,-0.0004192840597,0.006350631332,0,,,,,,,,1,28.61392175,77.20908009,16.7,,
0.5,-6.071120685,-6.250473255,4.332502938,0.000578490288,0.0002584370007,0.001623292301,0,,,,,,,,1,28.61392219,77.20908172,16.7,,
0.51,-6.144441872,-6.263755074,4.268874912,0.01446874443,0.005125185448,0.002428853626,0,,,,,,,,1,28.61392264,77.20908335,16.7,,
0.52,-6.161220246,-6.333352091,4.361206868,0.006594710473,0.004771813496,0.004417364342,0,,,,,,,,1,28.61392308,77.20908499,16.7,,
0.53,-6.087674795,-6.328906899,4.26967981,0.008439097392,0.01098918074,0.005385636508,0,,,,,,,,1,28.61392352,77.20908662,16.7,,
0.54,-6.186852204,-6.290362873,4.083178661,-0.002122452581,0.004837697479,0.0002226536727,0,,,,,,,,1,28.61392397,77.20908826,16.7,,
0.55,-6.136815318,-6.355101095,4.236400873,0.007372790853,0.001040029548,0.0009711340149,0,,,,,,,,1,28.61392441,77.20908989,16.7,,
0.56,-6.098421723,-6.35293264,4.344844225,0.005078453108,0.008328221256,0.005429839409,0,,,,,,,,1,28.61392485,77.20909153,16.7,,
0.57,-6.206983418,-6.229315944,4.237576634,0.004528064032,0.001874456614,-0.0004207256844,0,,,,,,,,1,28.6139253,77.20909316,16.7,,
0.58,-6.105975654,-6.366878081,4.237426029,0.01027830016,0.006861080401,0.001477373777,0,,,,,,,,1,28.61392574,77.2090948,16.7,,
0.59,-6.140990332,-6.300397625,4.240695376,0.005255389044,0.004328261222,0.007129837112,0,,,,,,,,1,28.61392619,77.20909643,16.7,,
0.6,-6.179827866,-6.366091752,4.199245067,0.004908482394,0.004253105562,0.005638743591,0,,,,,,,,1,28.61392663,77.20909806,16.7,,
0.61,-6.208882177,-6.330242651,4.308848829,0.00475046965,-0.0008663550241,0.007764000641,0,,,,,,,,1,28.61392707,77.2090997,16.7,,
0.62,-6.103402356,-6.342997555,4.275742892,0.007398304415,0.01057587031,0.002779741745,0,,,,,,,,1,28.61392752,77.20910133,16.7,,
0.63,-6.273491046,-6.383027841,4.242508566,0.003392355716,0.0005980630459,0.003263721,0,,,,,,,,1,28.61392796,77.20910297,16.7,,
0.64,-6.123566753,-6.318356618,4.259773035,0.005126943603,0.004711593653,0.008390263291,0,,,,,,,,1,28.61392841,77.2091046,16.7,,
0.65,-6.143044844,-6.228807138,4.221695634,0.002849075313,0.003960904805,0.00407832323,0,,,,,,,,1,28.61392885,77.20910624,16.7,,
0.66,-6.14086847,-6.363503019,4.231948333,0.006299170841,0.001544227756,0.002300176916,0,,,,,,,,1,28.61392929,77.20910787,16.7,,
0.67,-6.161230029,-6.332980061,4.227338496,0.003876502397,0.004330989117,0.005732964133,0,,,,,,,,1,28.61392974,77.2091095,16.7,,
0.68,-6.049471507,-6.349339456,4.256602093,0.0019971565,0.008780057461,0.005426849571,0,,,,,,,,1,28.61393018,77.20911114,16.7,,
0.69,-6.065137883,-6.261871709,4.332317491,0.00515393403,0.005486999335,0.001225099721,0,,,,,,,,1,28.61393062,77.20911277,16.7,,
0.7,-6.08591388,-6.435150509,4.238466483,0.01025595204,0.008563193792,0.00219561026,0,,,,,,,,1,28.61393107,77.20911441,16.7,,
0.71,-6.159018053,-6.37902352,4.341268782,0.009198088664,0.005871994893,-0.001097218193,0,,,,,,,,1,28.61393151,77.20911604,16.7,,
0.72,-6.096063751,-6.385219118,4.194348242,0.001352069386,0.003264569898,0.007567484824,0,,,,,,,,1,28.61393196,77.20911768,16.7,,
0.73,-6.226443896,-6.40578147,4.271990159,0.002804467339,0.006121943617,0.002041152636,0,,,,,,,,1,28.6139324,77.20911931,16.7,,
0.74,-6.114357398,-6.370569194,4.341150711,0.003054122183,0.001921971098,0.00509971731,0,,,,,,,,1,28.61393284,77.20912095,16.7,,
0.75,-6.156887376,-6.320959585,4.205802476,0.005923867926,0.007041790255,0.002337870843,0,,,,,,,,1,28.61393329,77.20912258,16.7,,
0.76,-6.160813397,-6.407370908,4.26564056,0.01073342589,0.003775605003,-0.001898522556,0,,,,,,,,1,28.61393373,77.20912421,16.7,,
0.77,-6.104452989,-6.351456237,4.257358525,0.008890135231,0.006718876228,0.004613212796,0,,,,,,,,1,28.61393418,77.20912585,16.7,,
0.78,-6.085546913,-6.363183418,4.321153458,0.007631257817,0.006188586583,0.004607596062,0,,,,,,,,1,28.61393462,77.20912748,16.7,,
0.79,-6.12904942,-6.374225697,4.220284569,0.006694127078,0.003518212443,0.002252546986,0,,,,,,,,1,28.61393506,77.20912912,16.7,,
0.8,-6.134834485,-6.293298314,4.254498974,0.006980809888,0.0002805433983,0.007729118465,0,,,,,,,,1,28.61393551,77.20913075,16.7,,
0.81,-6.21133947,-6.368070822,4.312751894,-0.0001461337442,0.001290527773,-0.003425393084,0,,,,,,,,1,28.61393595,77.20913239,16.7,,
0.82,-6.128669172,-6.352407954,4.261540676,0.007141787244,0.003500179267,0.005068601754,0,,,,,,,,1,28.61393639,77.20913402,16.7,,
0.83,-6.043345543,-6.47562137,4.19979409,0.008204730896,0.00172745447,0.006915483097,0,,,,,,,,1,28.61393684,77.20913566,16.7,,
0.84,-6.089588111,-6.30731183,4.286335087,0.002763471715,0.009671314665,0.004231242534,0,,,,,,,,1,28.61393728,77.20913729,16.7,,
0.85,-6.186535689,-6.293999987,4.224700951,0.006014641506,0.007962966253,0.004005995443,0,,,,,,,,1,28.61393773,77.20913892,16.7,,
0.86,-6.174605343,-6.387054091,4.293130189,0.003948532861,0.006078847181,0.008150180449,0,,,,,,,,1,28.61393817,77.20914056,16.7,,
0.87,-6.207919561,-6.312882565,4.235844557,-0.002866554287,0.004504692427,0.003019487242,0,,,,,,,,1,28.61393861,77.20914219,16.7,,
0.88,-6.111341731,-6.364430301,4.34781477,0.002961119375,0.002061284464,0.004915761697,0,,,,,,,,1,28.61393906,77.20914383,16.7,,
0.89,-6.160606688,-6.347366233,4.236434013,0.005710684761,0.006367068201,0.002383073962,0,,,,,,,,1,28.6139395,77.20914546,16.7,,
0.9,-6.174874053,-6.344875858,4.271686311,0.005673643484,0.004626994613,0.003737997306,0,,,,,,,,1,28.61393994,77.2091471,16.7,,
0.91,-6.227132554,-6.3787512,4.268703228,0.005594696935,0.007783787318,0.004780944497,0,,,,,,,,1,28.61394039,77.20914873,16.7,,
0.92,-6.185293845,-6.34425631,4.305674849,0.004720093655,0.005355108763,0.00833324162,0,,,,,,,,1,28.61394083,77.20915036,16.7,,
0.93,-6.100154606,-6.279079497,4.292505849,-0.00122754359,0.001619525497,0.005262767552,0,,,,,,,,1,28.61394128,77.209152,16.7,,
0.94,-6.074780619,-6.42382636,4.231702648,0.005261684313,-0.000941285873,0.006824303858,0,,,,,,,,1,28.61394172,77.20915363,16.7,,
0.95,-6.194987856,-6.371721972,4.301049084,0.002205995029,0.003205009499,0.002679680053,0,,,,,,,,1,28.61394216,77.20915527,16.7,,
0.96,-6.150121865,-6.440811632,4.359228986,0.003195508466,0.003231216206,0.008048744301,0,,,,,,,,1,28.61394261,77.2091569,16.7,,
0.97,-6.100399709,-6.338015254,4.239007136,0.002133340898,0.005439802732,0.004467411195,0,,,,,,,,1,28.61394305,77.20915854,16.7,,
0.98,-6.193920555,-6.398513112,4.203430252,0.00372520106,0.005738632892,0.006517967564,0,,,,,,,,1,28.6139435,77.20916017,16.7,,
0.99,-6.110812533,-6.420720221,4.294966446,0.001154963656,0.005912104572,0.004759931329,0,,,,,,,,1,28.61394394,77.20916181,16.7,,
1,-6.082120074,-6.345253502,4.325104346,0.003230193732,0.003125043595,0.009150128715,1,28.61400213,77.2091827,4.2,16.6193043,73.84907723,36.99552381,10,1,28.61394438,77.20916344,16.7,,
1.01,-6.109649007,-6.341057178,4.262910405,0.001498685909,0.008731287514,0.003826313166,0,,,,,,,,1,28.61394483,77.20916507,16.7,,
1.02,-6.057558739,-6.248910005,4.20080479,0.005074225935,-0.0007702642154,0.002849785532,0,,,,,,,,1,28.61394527,77.20916671,16.7,,
1.03,-6.137876916,-6.421347288,4.245057266,0.004872633637,0.001471536049,0.001098226224,0,,,,,,,,1,28.61394571,77.20916834,16.7,,
1.04,-6.080301731,-6.329874442,4.228779655,0.007322069691,0.004017581097,0.00188198769,0,,,,,,,,1,28.61394616,77.20916998,16.7,,
1.05,-6.104893689,-6.304208031,4.297119402,0.004396471879,0.01084972101,-0.00077298291,0,,,,,,,,1,28.6139466,77.20917161,16.7,,
1.06,-6.094460733,-6.326102206,4.278691143,0.00425927708,0.004004443552,0.0002142842927,0,,,,,,,,1,28.61394705,77.20917325,16.7,,
1.07,-6.117814083,-6.306616487,4.390500399,0.007182141936,0.001011287735,0.002575595028,0,,,,,,,,1,28.61394749,77.20917488,16.7,,
1.08,-6.198932295,-6.388669554,4.216935481,0.003857511423,0.0002277080239,0.003694370043,0,,,,,,,,1,28.61394793,77.20917652,16.7,,
1.09,-6.238754834,-6.392699179,4.20226609,0.006655371628,0.005487148023,0.003649351713,0,,,,,,,,1,28.61394838,77.20917815,16.7,,
1.1,-6.10907903,-6.295160083,4.189927998,0.003676361669,0.004336047722,0.004740044788,0,,,,,,,,1,28.61394882,77.20917978,16.7,,
1.11,-6.154677855,-6.413250119,4.22290758,0.006984434113,0.006935769686,0.001368578346,0,,,,,,,,1,28.61394927,77.20918142,16.7,,
1.12,-6.138901025,-6.359388537,4.247349524,0.003690424469,0.002719593984,0.00241746315,0,,,,,,,,1,28.61394971,77.20918305,16.7,,
1.13,-6.07867547,-6.322525896,4.220852265,0.005894364843,0.006627701117,0.001710529779,0,,,,,,,,1,28.61395015,77.20918469,16.7,,
1.14,-6.192231868,-6.422227638,4.252063144,0.006695068021,0.007818129289,-0.000564069772,0,,,,,,,,1,28.6139506,77.20918632,16.7,,
1.15,-6.08253679,-6.291336112,4.245600226,0.001713168253,0.006500118817,0.003183501424,0,,,,,,,,1,28.61395104,77.20918796,16.7,,
1.16,-6.206142628,-6.373731913,4.184074264,0.008715400224,0.0006340308666,0.005320816885,0,,,,,,,,1,28.61395148,77.20918959,16.7,,
1.17,-6.279705514,-6.476109039,4.265053202,0.004235790712,0.006228053641,0.004059964004,0,,,,,,,,1,28.61395193,77.20919122,16.7,,
1.18,-6.191343465,-6.427310923,4.296281706,0.008035790136,0.003858879493,0.004091800282,0,,,,,,,,1,28.61395237,77.20919286,16.7,,
1.19,-6.114312676,-6.277330565,4.260219304,0.008334981137,0.006411345122,0.002434885371,0,,,,,,,,1,28.61395282,77.20919449,16.7,,
1.2,-6.186489685,-6.310175874,4.201934789,0.002292953567,0.001336094226,0.006468215869,0,,,,,,,,1,28.61395326,77.20919613,16.7,,
1.21,-6.170636902,-6.288637958,4.200269352,0.006619886772,0.00133219134,-0.001697410338,0,,,,,,,,1,28.6139537,77.20919776,16.7,,
1.22,-6.14726226,-6.366667841,4.193567429,0.006666076238,0.00496994163,0.00350073192,0,,,,,,,,1,28.61395415,77.2091994,16.7,,
1.23,-6.063810834,-6.40942404,4.221693202,0.006013448122,0.002790031218,0.002359332253,0,,,,,,,,1,28.61395459,77.20920103,16.7,,
1.24,-6.157466992,-6.292693382,4.278538477,0.003448091948,0.006125821491,0.006460614407,0,,,,,,,,1,28.61395504,77.20920267,16.7,,
1.25,-6.190164934,-6.389842597,4.295200126,0.008102167267,0.00584605968,0.001947810401,0,,,,,,,,1,28.61395548,77.2092043,16.7,,
1.26,-6.154901372,-6.354945961,4.260335122,0.002383178827,0.007717101313,0.002061545332,0,,,,,,,,1,28.61395592,77.20920593,16.7,,
1.27,-6.135330628,-6.358485955,4.323226335,0.007005706074,0.003922622656,0.008536940632,0,,,,,,,,1,28.61395637,77.20920757,16.7,,
1.28,-6.045664719,-6.388917889,4.240990136,0.008504780865,0.01113800607,0.001557610877,0,,,,,,,,1,28.61395681,77.2092092,16.7,,
1.29,-6.108901575,-6.324571997,4.236506314,0.004475253695,0.003892883594,0.001208461728,0,,,,,,,,1,28.61395725,77.20921084,16.7,,
1.3,-6.19373565,-6.377168323,4.295434221,0.008611692073,0.003473304261,0.00914004222,0,,,,,,,,1,28.6139577,77.20921247,16.7,,
1.31,-6.103454987,-6.390822678,4.275079979,0.004258101403,0.005122164665,0.007436847337,0,,,,,,,,1,28.61395814,77.20921411,16.7,,
1.32,-6.205464529,-6.282175729,4.242736716,0.007407688185,0.003836972474,-0.00290564975,0,,,,,,,,1,28.61395859,77.20921574,16.7,,
1.33,-6.175665646,-6.394168713,4.289690719,0.00342829711,0.006870868091,-0.0009613274394,0,,,,,,,,1,28.61395903,77.20921738,16.7,,
1.34,-6.098878627,-6.412836427,4.318434687,0.002526655918,0.004502214228,0.005269405751,0,,,,,,,,1,28.61395947,77.20921901,16.7,,
1.35,-6.188287048,-6.363372905,4.223094991,0.007547094709,0.008881028568,0.001827307347,0,,,,,,,,1,28.61395992,77.20922064,16.7,,
1.36,-6.097520361,-6.245658124,4.226160077,0.002628296533,0.004807528431,0.004116280992,0,,,,,,,,1,28.61396036,77.20922228,16.7,,
1.37,-6.095696725,-6.355308192,4.349719535,0.00302315634,0.004361208601,0.002789384899,0,,,,,,,,1,28.6139608,77.20922391,16.7,,
1.38,-6.132617251,-6.368774841,4.343491649,0.001718105751,0.001016431542,0.003735484769,0,,,,,,,,1,28.61396125,77.20922555,16.7,,
1.39,-6.135507776,-6.320391278,4.311664214,0.004761440936,0.005745739913,0.001919017617,0,,,,,,,,1,28.61396169,77.20922718,16.7,,
1.4,-6.164978326,-6.321490005,4.286799049,0.001793089917,0.008671642991,0.004257870975,0,,,,,,,,1,28.61396214,77.20922882,16.7,,
1.41,-6.124806953,-6.429049743,4.262604117,0.003753602694,0.001199456995,0.002695522036,0,,,,,,,,1,28.61396258,77.20923045,16.7,,
1.42,-6.101306187,-6.298462559,4.241517973,0.009563816927,0.003404963091,-0.002152622085,0,,,,,,,,1,28.61396302,77.20923208,16.7,,
1.43,-6.139735951,-6.369988038,4.234025457,0.006553897103,0.00419123149,0.004771761142,0,,,,,,,,1,28.61396347,77.20923372,16.7,,
1.44,-6.207541084,-6.333761965,4.301796816,0.007212535109,0.008802928765,0.005441253363,0,,,,,,,,1,28.61396391,77.20923535,16.7,,
1.45,-6.135593246,-6.302040917,4.273253012,0.001689238287,0.005762751424,0.001239412751,0,,,,,,,,1,28.61396436,77.20923699,16.7,,
1.46,-6.12742419,-6.335246354,4.275413625,0.003375402121,0.005289796638,0.007927111443,0,,,,,,,,1,28.6139648,77.20923862,16.7,,
1.47,-6.199203234,-6.352205533,4.211897194,0.004596002781,0.003022576791,-0.001201800348,0,,,,,,,,1,28.61396524,77.20924026,16.7,,
1.48,-6.20296038,-6.243430076,4.223625308,0.00917162586,0.007679131318,0.006559532678,0,,,,,,,,1,28.61396569,77.20924189,16.7,,
1.49,-6.197980643,-6.5309908,4.257459168,0.006950330153,0.004560855846,0.007220559759,0,,,,,,,,1,28.61396613,77.20924353,16.7,,
1.5,-6.145235583,-6.44731177,4.251970074,0.005708799926,0.002155183663,0.005556779636,0,,,,,,,,1,28.61396657,77.20924516,16.7,,
1.51,-6.119449244,-6.397231099,4.309491655,0.00582515856,0.002629501018,0.0043933217,0,,,,,,,,1,28.61396702,77.20924679,16.7,,
1.52,-6.151520705,-6.317081238,4.221090353,0.005627274062,0.006821565874,0.002897135181,0,,,,,,,,1,28.61396746,77.20924843,16.7,,
1.53,-6.140896768,-6.313829376,4.302481718,0.005770725088,0.009926618344,0.001844977723,0,,,,,,,,1,28.61396791,77.20925006,16.7,,
1.54,-6.175646131,-6.367432452,4.322124414,0.005781559266,0.004471391933,0.008638239302,0,,,,,,,,1,28.61396835,77.2092517,16.7,,
1.55,-6.174827187,-6.369001388,4.260779767,0.0006896039408,0.002658021364,0.005035217853,0,,,,,,,,1,28.61396879,77.20925333,16.7,,
1.56,-6.197437223,-6.286311195,4.186264624,0.00733137068,0.00804391676,0.002100084701,0,,,,,,,,1,28.61396924,77.20925497,16.7,,
1.57,-6.182342821,-6.315670084,4.260738318,0.01004760939,0.002059065818,0.001734664755,0,,,,,,,,1,28.61396968,77.2092566,16.7,,
1.58,-6.198721707,-6.307333231,4.284758312,0.002783595607,0.002991528912,0.003459923814,0,,,,,,,,1,28.61397013,77.20925824,16.7,,
1.59,-6.139019105,-6.385273653,4.280286537,0.004440261162,0.007750438273,0.0030604262,0,,,,,,,,1,28.61397057,77.20925987,16.7,,
1.6,-6.245117459,-6.297453401,4.296420121,0.01194119805,1.298682987e-06,0.009366458,0,,,,,,,,1,28.61397101,77.2092615,16.7,,
1.61,-6.236032814,-6.415987437,4.214854887,0.004758510488,0.006968512739,-0.005496905973,0,,,,,,,,1,28.61397146,77.20926314,16.7,,
1.62,-6.150679258,-6.26227096,4.24846628,0.009421115176,0.002670244859,0.00471930545,0,,,,,,,,1,28.6139719,77.20926477,16.7,,
1.63,-6.083256161,-6.317382898,4.258087598,0.006985597449,0.006200144275,0.002314454947,0,,,,,,,,1,28.61397234,77.20926641,16.7,,
1.64,-6.196405096,-6.292790788,4.288982012,0.00805320515,0.00144048335,0.004475860297,0,,,,,,,,1,28.61397279,77.20926804,16.7,,
1.65,-6.2155611,-6.375965378,4.324092927,0.006060818195,0.009487018568,0.006580563411,0,,,,,,,,1,28.61397323,77.20926968,16.7,,
1.66,-6.186040584,-6.293084535,4.280924937,0.0039080717,0.007515167419,-9.581919574e-05,0,,,,,,,,1,28.61397368,77.20927131,16.7,,
1.67,-6.124953929,-6.357172799,4.266250044,0.004774312357,0.002625260603,0.007583119361,0,,,,,,,,1,28.61397412,77.20927294,16.7,,
1.68,-6.081109907,-6.305410628,4.119799691,0.006257022527,0.002191587302,0.003884782344,0,,,,,,,,1,28.61397456,77.20927458,16.7,,
1.69,-6.188746483,-6.284243891,4.196486228,0.007345465026,0.005018191207,0.007049885136,0,,,,,,,,1,28.61397501,77.20927621,16.7,,
1.7,-6.169242876,-6.381232604,4.32569731,0.005207260188,0.00344513361,0.009206960611,0,,,,,,,,1,28.61397545,77.20927785,16.7,,
1.71,-6.197266468,-6.310726272,4.291175019,0.004004611134,0.002865742058,0.007003181088,0,,,,,,,,1,28.6139759,77.20927948,16.7,,
1.72,-6.056981293,-6.311371271,4.272418086,0.005444726609,0.004667794857,0.005661672997,0,,,,,,,,1,28.61397634,77.20928112,16.7,,
1.73,-6.126964154,-6.341113732,4.259468455,0.006498071717,0.002930812845,0.003245622951,0,,,,,,,,1,28.61397678,77.20928275,16.7,,
1.74,-6.099114634,-6.438184445,4.20678248,0.001161238106,0.003914518098,0.005362291888,0,,,,,,,,1,28.61397723,77.20928439,16.7,,
1.75,-6.123930421,-6.261652891,4.268984206,0.008246058392,0.004172192675,0.003180851843,0,,,,,,,,1,28.61397767,77.20928602,16.7,,
1.76,-6.163598003,-6.35531121,4.19366493,0.01485391658,0.004531881508,0.0006768813203,0,,,,,,,,1,28.61397811,77.20928765,16.7,,
1.77,-6.129316476,-6.285751222,4.301807369,-0.001095535854,0.004078419453,0.004586186618,0,,,,,,,,1,28.61397856,77.20928929,16.7,,
1.78,-6.118283775,-6.279059545,4.256440162,0.004973391767,0.006487654689,0.003587177386,0,,,,,,,,1,28.613979,77.20929092,16.7,,
1.79,-6.115145105,-6.333073172,4.216808321,0.004101935405,0.008990080711,0.002550369462,0,,,,,,,,1,28.61397945,77.20929256,16.7,,
1.8,-6.157777746,-6.342026726,4.34046706,0.005325414328,0.003144757084,-3.819773895e-05,0,,,,,,,,1,28.61397989,77.20929419,16.7,,
1.81,-6.1292027,-6.331090149,4.335673693,0.006802218679,0.006022842729,0.005611623643,0,,,,,,,,1,28.61398033,77.20929583,16.7,,
1.82,-6.218974027,-6.417990834,4.263944074,0.005256815983,0.002124439363,0.005075456949,0,,,,,,,,1,28.61398078,77.20929746,16.7,,
1.83,-6.11895138,-6.324186886,4.291583431,0.005966690293,0.006914222942,0.006096453533,0,,,,,,,,1,28.61398122,77.2092991,16.7,,
1.84,-6.125480036,-6.457674838,4.260293346,0.002452833789,0.00444762687,0.007297782722,0,,,,,,,,1,28.61398166,77.20930073,16.7,,
1.85,-6.194844861,-6.296663834,4.304231992,0.004907587798,0.007554243149,-0.0005325104918,0,,,,,,,,1,28.61398211,77.20930236,16.7,,
1.86,-6.196875215,-6.359561429,4.211829834,0.005864979859,0.0043743381,0.005424808202,0,,,,,,,,1,28.61398255,77.209304,16.7,,
1.87,-6.05747444,-6.317747199,4.340689382,0.007032216615,0.00185553792,0.001198901431,0,,,,,,,,1,28.613983,77.20930563,16.7,,
1.88,-6.08944007,-6.341688716,4.277935221,0.003846097948,6.704161504e-05,0.004227241459,0,,,,,,,,1,28.61398344,77.20930727,16.7,,
1.89,-6.203649771,-6.340405979,4.252819377,0.002381362897,0.006697462378,0.003146218328,0,,,,,,,,1,28.61398388,77.2093089,16.7,,
1.9,-6.186997586,-6.422190899,4.288448121,0.000680628243,0.0001951829605,0.004785866621,0,,,,,,,,1,28.61398433,77.20931054,16.7,,
1.91,-6.190863092,-6.507061278,4.24478666,0.003203147791,0.007694255374,0.003393425638,0,,,,,,,,1,28.61398477,77.20931217,16.7,,
1.92,-6.090943772,-6.287344646,4.281455494,0.0009331965505,0.002551878966,0.006406302197,0,,,,,,,,1,28.61398522,77.20931381,16.7,,
1.93,-6.175034349,-6.341278417,4.283931184,0.0008414407897,0.00463559976,0.00050551354,0,,,,,,,,1,28.61398566,77.20931544,16.7,,
1.94,-6.191126433,-6.386911198,4.224883865,0.005186824888,0.00300748014,-0.00103030105,0,,,,,,,,1,28.6139861,77.20931707,16.7,,
1.95,-6.156259839,-6.352108061,4.22022874,0.004297290243,0.008379112129,0.001574114805,0,,,,,,,,1,28.61398655,77.20931871,16.7,,
1.96,-6.129645754,-6.334711489,4.302900624,0.0002766164043,0.003454404931,0.00518351183,0,,,,,,,,1,28.61398699,77.20932034,16.7,,
1.97,-6.216347307,-6.272775847,4.148349047,0.009926748678,0.00485599825,0.004561305151,0,,,,,,,,1,28.61398743,77.20932198,16.7,,
1.98,-6.142002826,-6.314483366,4.310941256,-0.0008336307703,0.004063777297,0.007058032424,0,,,,,,,,1,28.61398788,77.20932361,16.7,,
1.99,-6.114898422,-6.239618129,4.24915262,0.007119285794,0.005297177143,0.00648437439,0,,,,,,,,1,28.61398832,77.20932525,16.7,,
2,-6.223730063,-6.466419686,4.240341644,0.008964978158,0.007125405382,0.0005843956154,1,28.61397729,77.20931834,4.2,16.56241133,73.3896313,36.81280406,10,1,28.61398877,77.20932688,16.7,,
2.01,-6.160836437,-6.414894837,4.303602126,0.0008551681095,0.005583941528,0.002323609842,0,,,,,,,,1,28.61398921,77.20932851,16.7,,
2.02,-6.0957805,-6.334383494,4.268244068,0.008483058287,0.004760664336,0.005681208805,0,,,,,,,,1,28.61398965,77.20933015,16.7,,
2.03,-6.21156733,-6.318004439,4.3196556,0.001989682075,0.003312120448,0.006414875035,0,,,,,,,,1,28.6139901,77.20933178,16.7,,
2.04,-6.165928456,-6.35647501,4.208491821,0.002331106546,0.00267777704,0.00687026006,0,,,,,,,,1,28.61399054,77.20933342,16.7,,
2.05,-6.117405549,-6.387190077,4.278104763,0.0009102945366,0.007182733397,-0.0004003308511,0,,,,,,,,1,28.61399099,77.20933505,16.7,,
2.06,-6.201355952,-6.362819411,4.281209657,0.00373229785,0.00325552489,0.008127060596,0,,,,,,,,1,28.61399143,77.20933669,16.7,,
2.07,-6.160291084,-6.338918231,4.239694221,0.006320571195,0.004346348316,0.004669197573,0,,,,,,,,1,28.61399187,77.20933832,16.7,,
2.08,-6.215414835,-6.298273988,4.166843717,-0.001417721699,2.053463093e-05,0.004150919775,0,,,,,,,,1,28.61399232,77.20933996,16.7,,
2.09,-6.165985103,-6.30947214,4.245412171,0.001031152889,0.007034029128,0.006171185571,0,,,,,,,,1,28.61399276,77.20934159,16.7,,
2.1,-6.130234171,-6.398110597,4.287971632,0.001998640329,-9.120405356e-05,0.002492450549,0,,,,,,,,1,28.6139932,77.20934322,16.7,,
2.11,-6.082211991,-6.331295443,4.195390946,0.00725291548,0.002269204704,0.00316072736,0,,,,,,,,1,28.61399365,77.20934486,16.7,,
2.12,-6.184203772,-6.260710732,4.297532405,0.005601967736,0.007284281295,0.005569078935,0,,,,,,,,1,28.61399409,77.20934649,16.7,,
2.13,-6.165024871,-6.366271583,4.271686796,0.004325621824,0.004804764549,-0.000967796383,0,,,,,,,,1,28.61399454,77.20934813,16.7,,
2.14,-6.144159036,-6.300531179,4.280413166,0.006356458722,0.008812795538,0.0006489334731,0,,,,,,,,1,28.61399498,77.20934976,16.7,,
2.15,-6.117997018,-6.258177998,4.243613162,0.003638652185,0.006566267939,0.007469793307,0,,,,,,,,1,28.61399542,77.2093514,16.7,,
2.16,-6.214295225,-6.36723887,4.319738012,0.006975096345,0.004961144264,0.005353171631,0,,,,,,,,1,28.61399587,77.20935303,16.7,,
2.17,-6.142849787,-6.357301557,4.248060707,0.003640440167,0.008956881555,0.001294227247,0,,,,,,,,1,28.61399631,77.20935467,16.7,,
2.18,-6.243553956,-6.342148871,4.205875687,0.002509587574,0.002923859185,0.00303126574,0,,,,,,,,1,28.61399676,77.2093563,16.7,,
2.19,-6.064325537,-6.388663448,4.212459323,0.007502985769,0.002829583882,0.004471522016,0,,,,,,,,1,28.6139972,77.20935793,16.7,,
2.2,-6.174798721,-6.30649865,4.205556632,0.007015548749,0.007689714823,0.004241666562,0,,,,,,,,1,28.61399764,77.20935957,16.7,,
2.21,-6.139893183,-6.391753322,4.383611549,0.001422857804,0.005571594615,0.006523689288,0,,,,,,,,1,28.61399809,77.2093612,16.7,,
2.22,-6.101266969,-6.347015201,4.247670636,0.01161083076,0.005286071201,0.004363345127,0,,,,,,,,1,28.61399853,77.20936284,16.7,,
2.23,-6.127417696,-6.41439307,4.273152703,0.0061092145,-7.71496329e-05,0.00561962788,0,,,,,,,,1,28.61399897,77.20936447,16.7,,
2.24,-6.067481109,-6.415375402,4.197301105,0.006366996688,0.005673670535,0.004268153589,0,,,,,,,,1,28.61399942,77.20936611,16.7,,
2.25,-6.210987198,-6.32824602,4.233533318,0.00919882877,0.0002098021207,0.001903035121,0,,,,,,,,1,28.61399986,77.20936774,16.7,,
2.26,-6.137645673,-6.274529285,4.2827771,0.00175993093,-0.00215935731,0.005318133767,0,,,,,,,,1,28.61400031,77.20936937,16.7,,
2.27,-6.163106859,-6.282211862,4.195611394,0.00432030987,0.00328524585,0.004901361443,0,,,,,,,,1,28.61400075,77.20937101,16.7,,
2.28,-6.171752289,-6.29830109,4.261330282,0.004076351762,0.01374537784,0.0009859787388,0,,,,,,,,1,28.61400119,77.20937264,16.7,,
2.29,-6.0434281,-6.418842176,4.210811245,0.003231701264,0.004187839176,0.004597391799,0,,,,,,,,1,28.61400164,77.20937428,16.7,,
2.3,-6.144778953,-6.336627306,4.311676454,0.006657380199,0.006943147096,0.004579637398,0,,,,,,,,1,28.61400208,77.20937591,16.7,,
2.31,-6.123089352,-6.302688105,4.295916784,0.002603175701,0.005746361279,0.004453503619,0,,,,,,,,1,28.61400253,77.20937755,16.7,,
2.32,-6.200517758,-6.354172607,4.238469649,0.00387941655,0.002670711987,0.001619016024,0,,,,,,,,1,28.61400297,77.20937918,16.7,,
2.33,-6.039194442,-6.333341592,4.316765463,0.006250358869,0.003717183647,0.001629699404,0,,,,,,,,1,28.61400341,77.20938082,16.7,,
2.34,-6.153430766,-6.326541283,4.29236527,0.009454040491,0.001637940524,0.007450691414,0,,,,,,,,1,28.61400386,77.20938245,16.7,,
2.35,-6.181339673,-6.370809823,4.285323981,0.004777316626,0.008012548414,0.006964515086,0,,,,,,,,1,28.6140043,77.20938408,16.7,,
2.36,-6.120608171,-6.283605204,4.23752665,0.004318369642,0.009196864021,0.002133996568,0,,,,,,,,1,28.61400474,77.20938572,16.7,,
2.37,-6.101767936,-6.287600021,4.244793181,0.00811628835,0.0004188452709,0.006164559615,0,,,,,,,,1,28.61400519,77.20938735,16.7,,
2.38,-6.182137909,-6.375005602,4.283155705,0.007336743749,0.001578699792,0.0005388054936,0,,,,,,,,1,28.61400563,77.20938899,16.7,,
2.39,-6.247044645,-6.268310984,4.157344933,0.002804086895,0.005530234224,0.00524251215,0,,,,,,,,1,28.61400608,77.20939062,16.7,,
2.4,-6.187499962,-6.362677549,4.260749916,0.001864786689,0.0002614877419,0.01110438955,0,,,,,,,,1,28.61400652,77.20939226,16.7,,
2.41,-6.181741592,-6.412131511,4.241726753,0.003918775178,0.002765225754,0.00893480323,0,,,,,,,,1,28.61400696,77.20939389,16.7,,
2.42,-6.062347562,-6.349355176,4.311980398,0.005459835357,0.003756818011,0.00629272775,0,,,,,,,,1,28.61400741,77.20939553,16.7,,
2.43,-6.195301217,-6.314796678,4.345270108,0.008894362946,-0.0001958504372,0.0020725533,0,,,,,,,,1,28.61400785,77.20939716,16.7,,
2.44,-6.133669188,-6.392204404,4.320039577,0.00664282067,0.003574356345,0.004055605081,0,,,,,,,,1,28.61400829,77.20939879,16.7,,
2.45,-6.079659901,-6.284962298,4.247270778,0.00204999104,0.006760403995,0.004191991108,0,,,,,,,,1,28.61400874,77.20940043,16.7,,
2.46,-6.150830991,-6.358262001,4.237717661,0.008433432427,-0.0006148845851,0.0005014091778,0,,,,,,,,1,28.61400918,77.20940206,16.7,,
2.47,-6.264059987,-6.3092565,4.257819603,0.007768161924,0.003337563146,0.005520401001,0,,,,,,,,1,28.61400963,77.2094037,16.7,,
2.48,-6.227015076,-6.308297065,4.179561783,0.005364511873,0.01005066985,0.006101952369,0,,,,,,,,1,28.61401007,77.20940533,16.7,,
2.49,-6.122249646,-6.304969651,4.333790178,0.003049754766,0.005467618351,-0.0004575239992,0,,,,,,,,1,28.61401051,77.20940697,16.7,,
2.5,-6.222118279,-6.349777581,4.284008821,0.007703196238,0.003684663805,0.004872536801,0,,,,,,,,1,28.61401096,77.2094086,16.7,,
2.51,-6.190600815,-6.301992891,4.234643178,0.00493198499,0.00516762369,0.006868289003,0,,,,,,,,1,28.6140114,77.20941023,16.7,,
2.52,-6.088634071,-6.333460694,4.313132052,0.006276027517,0.006524910277,0.003029538772,0,,,,,,,,1,28.61401185,77.20941187,16.7,,
2.53,-6.117381046,-6.372121725,4.275873901,0.000606608298,0.006272621774,0.002652986645,0,,,,,,,,1,28.61401229,77.2094135,16.7,,
2.54,-6.12001715,-6.321205659,4.31323733,0.005055200339,0.004357204816,0.00637176009,0,,,,,,,,1,28.61401273,77.20941514,16.7,,
2.55,-6.119413162,-6.289940504,4.228909214,0.003706448233,0.007710098725,0.004379778022,0,,,,,,,,1,28.61401318,77.20941677,16.7,,
2.56,-6.076487352,-6.314386869,4.243592657,0.01079686716,0.006235704414,0.004820369592,0,,,,,,,,1,28.61401362,77.20941841,16.7,,
2.57,-6.139371564,-6.387164393,4.229014501,0.001254908801,0.009345445922,0.001864842178,0,,,,,,,,1,28.61401406,77.20942004,16.7,,
2.58,-6.099991515,-6.288788276,4.251126738,0.004307434343,0.005585133284,0.003528453657,0,,,,,,,,1,28.61401451,77.20942168,16.7,,
2.59,-6.243066599,-6.389816364,4.29861574,0.006311327251,0.002618569183,-0.0001146469485,0,,,,,,,,1,28.61401495,77.20942331,16.7,,
2.6,-6.123572555,-6.317584814,4.206087497,0.00934627475,0.008655059921,0.007409359647,0,,,,,,,,1,28.6140154,77.20942494,16.7,,
2.61,-6.160899194,-6.324346512,4.288156681,0.004593608152,0.0062397265,0.002005085679,0,,,,,,,,1,28.61401584,77.20942658,16.7,,
2.62,-6.165879657,-6.350585579,4.280454597,0.01192462738,0.003478980627,0.003829923437,0,,,,,,,,1,28.61401628,77.20942821,16.7,,
2.63,-6.181656222,-6.389453798,4.296123309,0.004227990152,0.003479090032,0.006265403073,0,,,,,,,,1,28.61401673,77.20942985,16.7,,
2.64,-6.139806364,-6.403542661,4.322833606,0.002763711623,0.00409144227,0.007303975023,0,,,,,,,,1,28.61401717,77.20943148,16.7,,
2.65,-6.06654911,-6.311899132,4.251825087,0.008308385429,0.005020780587,0.007931655244,0,,,,,,,,1,28.61401762,77.20943312,16.7,,
2.66,-6.136769468,-6.317056125,4.239264292,0.002690939532,0.003865231636,0.005215491254,0,,,,,,,,1,28.61401806,77.20943475,16.7,,
2.67,-6.125060972,-6.381803186,4.258494436,0.005119807593,0.006073332044,0.007549655325,0,,,,,,,,1,28.6140185,77.20943639,16.7,,
2.68,-6.211850307,-6.368235354,4.244523732,0.004777186599,0.00169206961,0.005265040749,0,,,,,,,,1,28.61401895,77.20943802,16.7,,
2.69,-6.248962705,-6.338226797,4.278251244,0.007632154092,0.003202171674,0.001145191226,0,,,,,,,,1,28.61401939,77.20943965,16.7,,
2.7,-6.110199357,-6.313072907,4.263902183,0.007590575367,0.009271019008,0.003155805779,0,,,,,,,,1,28.61401983,77.20944129,16.7,,
2.71,-6.204913265,-6.280189469,4.248947691,-0.0005828351769,0.007031554269,0.008034018923,0,,,,,,,,1,28.61402028,77.20944292,16.7,,
2.72,-6.236235627,-6.387986856,4.251937563,0.009542829753,0.009249036318,0.004657536403,0,,,,,,,,1,28.61402072,77.20944456,16.7,,
2.73,-6.12866311,-6.3357569,4.331662663,0.008798987504,0.005014165803,0.002260029555,0,,,,,,,,1,28.61402117,77.20944619,16.7,,
2.74,-6.221722128,-6.353229269,4.192399878,0.00169603621,0.004308952054,0.004328093933,0,,,,,,,,1,28.61402161,77.20944783,16.7,,
2.75,-6.202321471,-6.291458967,4.26323688,0.008110589883,0.003804526569,0.004763612616,0,,,,,,,,1,28.61402205,77.20944946,16.7,,
2.76,-6.054935991,-6.278868524,4.307314036,0.002179533545,0.002268055419,0.001522823108,0,,,,,,,,1,28.6140225,77.20945109,16.7,,
2.77,-6.109205191,-6.379306539,4.23417807,0.002254082218,0.005011406586,0.0001776001963,0,,,,,,,,1,28.61402294,77.20945273,16.7,,
2.78,-6.158507585,-6.373617348,4.257093084,0.007251065996,0.01039643177,0.01221150529,0,,,,,,,,1,28.61402339,77.20945436,16.7,,
2.79,-6.054797805,-6.321502846,4.248014822,0.001648854594,0.001288153976,0.0009089602645,0,,,,,,,,1,28.61402383,77.209456,16.7,,
2.8,-6.1684759,-6.332398565,4.33104776,0.000133822642,0.009292217285,0.0007218801282,0,,,,,,,,1,28.61402427,77.20945763,16.7,,
2.81,-6.137489524,-6.357735908,4.336230097,0.01014115088,0.002525223408,0.001750498003,0,,,,,,,,1,28.61402472,77.20945927,16.7,,
2.82,-6.160297484,-6.385676254,4.234251062,1.151279515e-07,0.006873941445,0.004651675243,0,,,,,,,,1,28.61402516,77.2094609,16.7,,
2.83,-6.169091486,-6.3834661,4.273148016,0.009781644664,0.0008834376851,0.00174177806,0,,,,,,,,1,28.6140256,77.20946254,16.7,,
2.84,-6.061296716,-6.347796693,4.179108512,0.004340441394,0.005145352943,0.003439198202,0,,,,,,,,1,28.61402605,77.20946417,16.7,,
2.85,-6.122979517,-6.307619784,4.226871055,0.009074956767,0.007426966928,0.005542151985,0,,,,,,,,1,28.61402649,77.2094658,16.7,,
2.86,-6.187569298,-6.301062863,4.369833181,0.0003765566447,0.00741554872,0.002840488315,0,,,,,,,,1,28.61402694,77.20946744,16.7,,
2.87,-6.16718802,-6.238913997,4.344860139,0.00606987175,0.003433948268,0.006899794583,0,,,,,,,,1,28.61402738,77.20946907,16.7,,
2.88,-6.122462711,-6.357642968,4.171572643,0.004785649656,0.009590984656,0.006901544705,0,,,,,,,,1,28.61402782,77.20947071,16.7,,
2.89,-6.130455358,-6.38905862,4.32547168,0.008820475345,0.005997682184,0.003257807789,0,,,,,,,,1,28.61402827,77.20947234,16.7,,
2.9,-6.161752513,-6.286740251,4.232718925,0.0006281602092,-0.0001050837124,0.001467519854,0,,,,,,,,1,28.61402871,77.20947398,16.7,,
2.91,-6.111468306,-6.360199755,4.307198127,0.003901396206,0.007088350918,0.006633037821,0,,,,,,,,1,28.61402915,77.20947561,16.7,,
2.92,-6.206029972,-6.370657569,4.224478782,0.007026156327,0.0004971609674,0.003594341641,0,,,,,,,,1,28.6140296,77.20947725,16.7,,
2.93,-6.148530125,-6.226454437,4.278517494,0.006246737886,0.002783701442,0.008291559183,0,,,,,,,,1,28.61403004,77.20947888,16.7,,
2.94,-6.160593394,-6.381621419,4.382455622,0.007916215128,0.006948619378,0.007199619413,0,,,,,,,,1,28.61403049,77.20948051,16.7,,
2.95,-6.036522565,-6.338716759,4.206586224,0.004082034311,-0.0001822908814,0.002492014905,0,,,,,,,,1,28.61403093,77.20948215,16.7,,
2.96,-6.24094176,-6.289348762,4.33461406,0.003823865013,0.005571470233,-0.004772786243,0,,,,,,,,1,28.61403137,77.20948378,16.7,,
2.97,-6.188681361,-6.340183394,4.284236539,0.002785653057,0.0005251119745,0.00636744283,0,,,,,,,,1,28.61403182,77.20948542,16.7,,
2.98,-6.110625086,-6.392090814,4.236904443,0.000602171129,0.001162603288,0.004296930135,0,,,,,,,,1,28.61403226,77.20948705,16.7,,
2.99,-6.177222422,-6.410205137,4.283645588,0.002416015529,0.001180428931,0.004729648688,0,,,,,,,,1,28.61403271,77.20948869,16.7,,
3,-6.173852801,-6.265709845,4.284984662,0.005678638911,0.004072894195,0.003680039204,1,28.61401165,77.20946674,4.2,16.57395152,75.60995782,36.91675222,11,1,28.61403315,77.20949032,16.7,,
3.01,-6.164434938,-6.347732689,4.241519997,0.007017991428,0.002826974559,0.002674050142,0,,,,,,,,1,28.61403359,77.20949195,16.7,,
3.02,-6.012425961,-6.351267395,4.219619167,0.006260089901,0.009697339454,0.004836946917,0,,,,,,,,1,28.61403404,77.20949359,16.7,,
3.03,-6.161107142,-6.366822127,4.221782504,3.652341531e-05,0.003041560234,0.003586587923,0,,,,,,,,1,28.61403448,77.20949522,16.7,,
3.04,-6.112055453,-6.324426899,4.274367278,0.004327160397,0.01055400693,0.0005628954279,0,,,,,,,,1,28.61403492,77.20949686,16.7,,
3.05,-6.095711984,-6.287184362,4.243723741,0.008204018258,0.002123096447,0.00637311582,0,,,,,,,,1,28.61403537,77.20949849,16.7,,
3.06,-6.085321315,-6.318865272,4.259191415,0.002751027025,0.003049164344,0.00551344126,0,,,,,,,,1,28.61403581,77.20950013,16.7,,
3.07,-6.121802758,-6.337175607,4.204350302,0.007590809978,0.01123189217,0.008874735365,0,,,,,,,,1,28.61403626,77.20950176,16.7,,
3.08,-6.153134141,-6.424983933,4.290797429,0.002761070381,0.0009842998225,0.01014690675,0,,,,,,,,1,28.6140367,77.2095034,16.7,,
3.09,-6.199841115,-6.333737543,4.272223488,0.007283396655,0.000683861926,0.003387793608,0,,,,,,,,1,28.61403714,77.20950503,16.7,,
3.1,-6.192096923,-6.287351918,4.236765609,0.006029069802,0.004683898,0.008324413053,0,,,,,,,,1,28.61403759,77.20950666,16.7,,
3.11,-6.132897271,-6.379223601,4.308325102,0.004383702911,0.004444080125,-0.004498342166,0,,,,,,,,1,28.61403803,77.2095083,16.7,,
3.12,-6.065373237,-6.315032075,4.29308642,0.00542228737,0.006321600819,0.00186254977,0,,,,,,,,1,28.61403848,77.20950993,16.7,,
3.13,-6.178328207,-6.322631205,4.247536836,0.01349937725,0.006632526396,0.007522679304,0,,,,,,,,1,28.61403892,77.20951157,16.7,,
3.14,-6.069052046,-6.370256292,4.293824008,0.007045834984,-0.002691722678,0.003167414092,0,,,,,,,,1,28.61403936,77.2095132,16.7,,
3.15,-6.131531129,-6.265641066,4.298548227,0.01059182877,0.003679626917,0.0009350501216,0,,,,,,,,1,28.61403981,77.20951484,16.7,,
3.16,-6.239790288,-6.271399946,4.216929209,0.004867996072,0.004627069295,0.0006929289321,0,,,,,,,,1,28.61404025,77.20951647,16.7,,
3.17,-6.102318211,-6.423390771,4.265794716,0.01046915851,-0.0005915881621,0.004220862605,0,,,,,,,,1,28.61404069,77.20951811,16.7,,
3.18,-6.114638034,-6.464930235,4.187789932,0.005991627898,0.003911942864,0.006981974895,0,,,,,,,,1,28.61404114,77.20951974,16.7,,
3.19,-6.027880102,-6.352868575,4.35711007,0.004406322327,0.007584485408,0.003511704896,0,,,,,,,,1,28.61404158,77.20952137,16.7,,
3.2,-6.133696932,-6.369858443,4.242059947,0.005994534496,0.006093661594,0.007643961544,0,,,,,,,,1,28.61404203,77.20952301,16.7,,
3.21,-6.160855164,-6.346162139,4.293238076,0.004422733408,0.002903875076,0.003459283283,0,,,,,,,,1,28.61404247,77.20952464,16.7,,
3.22,-6.143340118,-6.274099043,4.264282948,0.004803622043,0.005249384076,0.002059938954,0,,,,,,,,1,28.61404291,77.20952628,16.7,,
3.23,-6.185496167,-6.315568423,4.247678739,0.004165026598,0.007387695375,0.001338871559,0,,,,,,,,1,28.61404336,77.20952791,16.7,,
3.24,-6.090429687,-6.327554914,4.236160886,0.007314830319,0.009697197106,0.005620296225,0,,,,,,,,1,28.6140438,77.20952955,16.7,,
3.25,-6.122494133,-6.374240162,4.262992997,0.003277247535,0.004603328374,0.00413649262,0,,,,,,,,1,28.61404425,77.20953118,16.7,,
3.26,-6.200703018,-6.229321597,4.249527243,-7.53414949e-05,0.004620074032,0.007182778958,0,,,,,,,,1,28.61404469,77.20953281,16.7,,
3.27,-6.197381541,-6.452736006,4.335434184,0.006527851489,0.006792939999,0.002332557307,0,,,,,,,,1,28.61404513,77.20953445,16.7,,
3.28,-6.063635403,-6.324445217,4.225605996,0.009753847023,0.004739701864,0.007489213344,0,,,,,,,,1,28.61404558,77.20953608,16.7,,
3.29,-6.134403599,-6.368581867,4.219746018,0.002142293189,0.002812036954,0.002229384988,0,,,,,,,,1,28.61404602,77.20953772,16.7,,
3.3,-6.119295396,-6.305540477,4.222371108,0.007347485199,0.004586157986,0.005382623998,0,,,,,,,,1,28.61404646,77.20953935,16.7,,
3.31,-6.09422789,-6.364501408,4.109539474,0.00823214599,0.0006164029514,0.007755790863,0,,,,,,,,1,28.61404691,77.20954099,16.7,,
3.32,-6.211477302,-6.305869049,4.272628429,0.003462304325,-0.0005409913321,0.007280701452,0,,,,,,,,1,28.61404735,77.20954262,16.7,,
3.33,-6.098498182,-6.31300271,4.333203729,0.003636312801,0.008385300061,0.005811591849,0,,,,,,,,1,28.6140478,77.20954426,16.7,,
3.34,-6.194694981,-6.296363274,4.364902129,0.01287200549,0.003171940406,-0.001695934473,0,,,,,,,,1,28.61404824,77.20954589,16.7,,
3.35,-6.163949624,-6.402799905,4.259143197,0.004773774941,0.003239735237,0.002916423857,0,,,,,,,,1,28.61404868,77.20954752,16.7,,
3.36,-6.120205529,-6.305111144,4.292068576,0.006066735727,0.002462859566,0.001236035111,0,,,,,,,,1,28.61404913,77.20954916,16.7,,
3.37,-5.989247967,-6.382075482,4.226609154,0.00347109731,0.007660542717,0.005141279678,0,,,,,,,,1,28.61404957,77.20955079,16.7,,
3.38,-6.107492328,-6.366520501,4.241296764,0.01405274481,0.005118025803,-0.001075363994,0,,,,,,,,1,28.61405002,77.20955243,16.7,,
3.39,-6.137995716,-6.258431186,4.233232943,0.007279695209,0.007499469545,0.00388995005,0,,,,,,,,1,28.61405046,77.20955406,16.7,,
3.4,-6.213285205,-6.32048482,4.287502779,0.001329117703,0.006876683431,0.0005855973345,0,,,,,,,,1,28.6140509,77.2095557,16.7,,
3.41,-6.06552438,-6.339865587,4.258877487,0.008140845417,0.003356702405,0.00124460449,0,,,,,,,,1,28.61405135,77.20955733,16.7,,
3.42,-6.158466146,-6.342644147,4.219038081,0.004582504929,0.01189660411,0.003544613248,0,,,,,,,,1,28.61405179,77.20955897,16.7,,
3.43,-6.145392252,-6.401886476,4.294299125,0.002014679575,0.01057174373,0.005192330009,0,,,,,,,,1,28.61405223,77.2095606,16.7,,
3.44,-6.147635615,-6.324359588,4.230376987,0.005218374553,0.004555482461,0.003780587539,0,,,,,,,,1,28.61405268,77.20956223,16.7,,
3.45,-6.144700109,-6.368143853,4.354185176,0.008047202135,0.006600401613,0.002137897201,0,,,,,,,,1,28.61405312,77.20956387,16.7,,
3.46,-6.115691721,-6.351613048,4.290231035,0.007848336911,0.003985551895,0.005369367279,0,,,,,,,,1,28.61405357,77.2095655,16.7,,
3.47,-6.110255479,-6.332305292,4.201257403,-0.0004384900844,0.001690005804,0.005351318594,0,,,,,,,,1,28.61405401,77.20956714,16.7,,
3.48,-6.051581579,-6.341990595,4.243583415,0.008634832663,0.003061126902,0.003851469611,0,,,,,,,,1,28.61405445,77.20956877,16.7,,
3.49,-6.165751945,-6.299776793,4.246769163,0.006382948395,0.005709938494,0.007171433336,0,,,,,,,,1,28.6140549,77.20957041,16.7,,
3.5,-6.116442449,-6.326195616,4.288930591,0.005639336146,0.004776697078,0.004734582897,0,,,,,,,,1,28.61405534,77.20957204,16.7,,
3.51,-6.092348645,-6.367679476,4.179661335,0.007761851333,0.00830782091,0.004766126697,0,,,,,,,,1,28.61405578,77.20957367,16.7,,
3.52,-6.167112928,-6.330390389,4.286734066,0.006475584818,0.004053053761,0.001950105819,0,,,,,,,,1,28.61405623,77.20957531,16.7,,
3.53,-6.121456003,-6.389910373,4.241764755,0.009272934539,0.003020855604,0.0001038040939,0,,,,,,,,1,28.61405667,77.20957694,16.7,,
3.54,-6.159362768,-6.419864493,4.177574044,0.004921985795,0.007708536737,0.005812692708,0,,,,,,,,1,28.61405712,77.20957858,16.7,,
3.55,-6.07791145,-6.40130804,4.25697834,0.005637063491,0.005636912963,0.00491574415,0,,,,,,,,1,28.61405756,77.20958021,16.7,,
3.56,-6.179445328,-6.34525099,4.254171114,0.004784507764,0.005396305277,0.003374777355,0,,,,,,,,1,28.614058,77.20958185,16.7,,
3.57,-6.181645914,-6.408138395,4.249746513,0.006670129939,0.004299674441,-0.000741157307,0,,,,,,,,1,28.61405845,77.20958348,16.7,,
3.58,-6.01172406,-6.308708083,4.231937361,0.002899990453,0.005073608463,0.004606766715,0,,,,,,,,1,28.61405889,77.20958512,16.7,,
3.59,-6.106098094,-6.275978956,4.218665059,0.007438146841,0.001792560892,0.00408875668,0,,,,,,,,1,28.61405934,77.20958675,16.7,,
3.6,-6.147115908,-6.312289585,4.250465702,0.002947096178,-0.0002944342526,0.002588041125,0,,,,,,,,1,28.61405978,77.20958838,16.7,,
3.61,-6.165791258,-6.306520523,4.255353261,0.005668150031,0.00387484653,0.005681295303,0,,,,,,,,1,28.61406022,77.20959002,16.7,,
3.62,-6.159968946,-6.35762188,4.280909873,0.006952952092,-0.0005486423584,0.008971885126,0,,,,,,,,1,28.61406067,77.20959165,16.7,,
3.63,-6.100451795,-6.363183467,4.325706311,0.006786105989,0.002754154285,0.0002125012561,0,,,,,,,,1,28.61406111,77.20959329,16.7,,
3.64,-6.276980922,-6.336488715,4.296701547,0.005999723294,0.004644380451,0.001387116847,0,,,,,,,,1,28.61406155,77.20959492,16.7,,
3.65,-6.051165191,-6.267743924,4.173721214,0.004935058302,0.0009108591881,0.0005318909204,0,,,,,,,,1,28.614062,77.20959656,16.7,,
3.66,-6.150946257,-6.335062302,4.195889454,0.00407079699,0.004099902512,0.002971130722,0,,,,,,,,1,28.61406244,77.20959819,16.7,,
3.67,-6.209734253,-6.381469274,4.230865537,0.006987634637,0.00749215372,0.009727701818,0,,,,,,,,1,28.61406289,77.20959983,16.7,,
3.68,-6.123236576,-6.332943054,4.181429177,0.005740348491,0.003677863558,0.001478067121,0,,,,,,,,1,28.61406333,77.20960146,16.7,,
3.69,-6.186267902,-6.427263891,4.328235781,0.004840899325,0.002306421562,0.004018926034,0,,,,,,,,1,28.61406377,77.20960309,16.7,,
3.7,-6.169425411,-6.357312672,4.263902802,0.009489751153,0.008087048419,0.006856128575,0,,,,,,,,1,28.61406422,77.20960473,16.7,,
3.71,-6.170580043,-6.276042806,4.283888605,0.003889033977,0.00380748801,0.006448625079,0,,,,,,,,1,28.61406466,77.20960636,16.7,,
3.72,-6.104368836,-6.352977121,4.291238641,0.006572460216,0.002653628222,-0.0007397180957,0,,,,,,,,1,28.61406511,77.209608,16.7,,
3.73,-6.179410499,-6.306435101,4.270537981,0.005602616015,0.006391170864,0.001647903282,0,,,,,,,,1,28.61406555,77.20960963,16.7,,
3.74,-6.09686834,-6.370436708,4.269481213,0.005328999375,0.003878378342,0.00104801361,0,,,,,,,,1,28.61406599,77.20961127,16.7,,
3.75,-6.265688083,-6.412846838,4.264661594,0.006496125988,0.002298825035,0.0006230279569,0,,,,,,,,1,28.61406644,77.2096129,16.7,,
3.76,-6.193164677,-6.34722186,4.356001366,0.0002638654478,0.002182788059,-0.0006323647305,0,,,,,,,,1,28.61406688,77.20961453,16.7,,
3.77,-6.185086441,-6.293232125,4.223211521,0.005818318264,0.001091126826,0.001378045014,0,,,,,,,,1,28.61406732,77.20961617,16.7,,
3.78,-6.146900122,-6.318384331,4.247128551,0.00540461097,0.00350600445,0.002488252225,0,,,,,,,,1,28.61406777,77.2096178,16.7,,
3.79,-6.172145107,-6.294093838,4.328013,0.006726819191,0.00800758247,0.00630943065,0,,,,,,,,1,28.61406821,77.20961944,16.7,,
3.8,-6.209473933,-6.367741122,4.282947916,0.004782014098,0.005772507941,0.002028464844,0,,,,,,,,1,28.61406866,77.20962107,16.7,,
3.81,-6.070630848,-6.234977853,4.253551113,0.007468251744,0.002898971914,0.006784390706,0,,,,,,,,1,28.6140691,77.20962271,16.7,,
3.82,-6.088728587,-6.275194323,4.233469824,0.0070299813,0.003322665818,0.001539268606,0,,,,,,,,1,28.61406954,77.20962434,16.7,,
3.83,-6.144440928,-6.365325342,4.298812769,-0.000943487718,0.004144213158,0.002441568294,0,,,,,,,,1,28.61406999,77.20962598,16.7,,
3.84,-6.15396158,-6.311728598,4.225157896,0.002969839729,0.004816800657,0.004581542341,0,,,,,,,,1,28.61407043,77.20962761,16.7,,
3.85,-6.198628216,-6.330027828,4.257257735,0.007208801793,0.004493289868,0.002532788812,0,,,,,,,,1,28.61407088,77.20962924,16.7,,
3.86,-6.063353423,-6.309081335,4.333142981,0.0009818330227,-0.001287869562,0.004729923409,0,,,,,,,,1,28.61407132,77.20963088,16.7,,
3.87,-6.101566228,-6.293418041,4.155567379,0.003840989357,0.00517267935,0.004444875889,0,,,,,,,,1,28.61407176,77.20963251,16.7,,
3.88,-6.183683437,-6.379726619,4.258298001,0.004991003425,0.005200759425,0.005555705881,0,,,,,,,,1,28.61407221,77.20963415,16.7,,
3.89,-6.132596461,-6.299974202,4.272290035,0.008864926223,0.004987993988,0.006824640681,0,,,,,,,,1,28.61407265,77.20963578,16.7,,
3.9,-6.258644194,-6.256998328,4.262060249,0.006801974399,0.005882494525,0.004118924449,0,,,,,,,,1,28.61407309,77.20963742,16.7,,
3.91,-6.128075447,-6.356817023,4.311212958,0.006132910957,0.003255705443,0.001304743792,0,,,,,,,,1,28.61407354,77.20963905,16.7,,
3.92,-6.108655217,-6.399523731,4.248505559,0.00586654246,0.004687260142,0.01280257266,0,,,,,,,,1,28.61407398,77.20964069,16.7,,
3.93,-6.109409693,-6.304050855,4.327570516,0.009034892929,0.001179150341,0.006276385996,0,,,,,,,,1,28.61407443,77.20964232,16.7,,
3.94,-6.155412536,-6.322631422,4.260845226,0.004691422679,0.003277676062,-0.0007508653173,0,,,,,,,,1,28.61407487,77.20964395,16.7,,
3.95,-6.132540045,-6.358748219,4.317090048,0.005055430953,0.002904280211,0.001302650211,0,,,,,,,,1,28.61407531,77.20964559,16.7,,
3.96,-6.191534224,-6.328278613,4.215180238,0.004525110511,0.00744904441,0.01023132964,0,,,,,,,,1,28.61407576,77.20964722,16.7,,
3.97,-6.112510704,-6.330000248,4.393970642,0.007297229509,-0.001630887144,0.006642895569,0,,,,,,,,1,28.6140762,77.20964886,16.7,,
3.98,-6.168403583,-6.232581736,4.248114753,-0.0009847092231,0.001689496973,0.007075363838,0,,,,,,,,1,28.61407664,77.20965049,16.7,,
3.99,-6.102345722,-6.304747416,4.207882747,0.005130591179,0.00450866484,0.0008328077399,0,,,,,,,,1,28.61407709,77.20965213,16.7,,
4,-6.133876227,-6.284644585,4.207026819,0.003734420133,0.004550048907,0.00112290632,1,28.61418472,77.20973035,4.2,16.58367067,72.39701358,38.06617662,11,1,28.61407753,77.20965376,16.7,,
4.01,-6.075353332,-6.410830635,4.288592175,-0.0002663891015,0.004139768025,0.003105954676,0,,,,,,,,1,28.61407798,77.20965539,16.7,,
4.02,-6.183447609,-6.37757703,4.303134341,0.006299678602,0.004069673131,0.004436643751,0,,,,,,,,1,28.61407842,77.20965703,16.7,,
4.03,-6.097056234,-6.306153144,4.248071914,0.0007057138511,0.001877601147,-0.00195165328,0,,,,,,,,1,28.61407886,77.20965866,16.7,,
4.04,-6.118870456,-6.346653321,4.3114451,0.006019965742,0.003551742279,0.005707607997,0,,,,,,,,1,28.61407931,77.2096603,16.7,,
4.05,-6.234711286,-6.328007418,4.324412137,0.00647736039,0.003142383146,0.0004195055798,0,,,,,,,,1,28.61407975,77.20966193,16.7,,
4.06,-6.162159075,-6.362750768,4.214050559,0.002457914254,0.003853084787,0.003209426611,0,,,,,,,,1,28.6140802,77.20966357,16.7,,
4.07,-6.139757773,-6.356189428,4.303040911,0.005558068539,0.001335861382,0.006620047587,0,,,,,,,,1,28.61408064,77.2096652,16.7,,
4.08,-6.200463153,-6.324236688,4.232206088,0.003139867649,-0.0008750933447,0.007190748289,0,,,,,,,,1,28.61408108,77.20966684,16.7,,
4.09,-6.217105319,-6.394018521,4.172496405,0.006524109455,0.004327903596,0.007129458931,0,,,,,,,,1,28.61408153,77.20966847,16.7,,
4.1,-6.262231973,-6.377631259,4.368315265,0.004309342916,0.001109380883,0.004678866395,0,,,,,,,,1,28.61408197,77.2096701,16.7,,
4.11,-6.184632962,-6.327113599,4.240332301,0.002842070867,0.0009567500992,0.001511153558,0,,,,,,,,1,28.61408241,77.20967174,16.7,,
4.12,-6.206526902,-6.32496831,4.181896226,0.0001207300137,0.004007489513,0.006236630944,0,,,,,,,,1,28.61408286,77.20967337,16.7,,
4.13,-6.091660896,-6.389644409,4.34758466,0.002895318938,0.001602183317,0.005524835659,0,,,,,,,,1,28.6140833,77.20967501,16.7,,
4.14,-6.100700605,-6.327591767,4.257758671,0.004060695549,0.007747273186,0.007071818905,0,,,,,,,,1,28.61408375,77.20967664,16.7,,
4.15,-6.158836997,-6.349912255,4.2797646,0.004342467088,0.005192442521,0.0002559669709,0,,,,,,,,1,28.61408419,77.20967828,16.7,,
4.16,-6.114748899,-6.329080074,4.24577501,0.0068359593,0.007718811207,0.006164728506,0,,,,,,,,1,28.61408463,77.20967991,16.7,,
4.17,-6.128801697,-6.371700254,4.319675372,0.0003880668786,0.0007924238192,0.0007173849493,0,,,,,,,,1,28.61408508,77.20968155,16.7,,
4.18,-6.176203552,-6.297405855,4.235654733,0.005115714313,0.004460364476,0.0003169495401,0,,,,,,,,1,28.61408552,77.20968318,16.7,,
4.19,-6.116991987,-6.333904547,4.281142626,0.007165333126,0.00817718107,0.01021659214,0,,,,,,,,1,28.61408597,77.20968481,16.7,,
4.2,-6.090305043,-6.352926746,4.227635249,0.001200559664,0.003100143099,8.585607608e-05,0,,,,,,,,1,28.61408641,77.20968645,16.7,,
4.21,-6.145646002,-6.281042824,4.372025608,0.005575222146,0.007515981852,0.002354935518,0,,,,,,,,1,28.61408685,77.20968808,16.7,,
4.22,-6.165624689,-6.436878628,4.221811587,0.00468799122,0.005743992892,0.006502589326,0,,,,,,,,1,28.6140873,77.20968972,16.7,,
4.23,-6.092549767,-6.305275194,4.341479856,0.007998472134,0.009759544097,0.003207694296,0,,,,,,,,1,28.61408774,77.20969135,16.7,,
4.24,-6.096940342,-6.243322709,4.322002511,0.00345196141,-0.0003145626421,0.001624307388,0,,,,,,,,1,28.61408818,77.20969299,16.7,,
4.25,-6.1090683,-6.235610696,4.289234876,0.00626710165,0.004734521395,0.00721184538,0,,,,,,,,1,28.61408863,77.20969462,16.7,,
4.26,-6.128248992,-6.279866325,4.20450164,6.83019323e-05,0.008426937913,0.002344292484,0,,,,,,,,1,28.61408907,77.20969625,16.7,,
4.27,-6.168915047,-6.364695807,4.285048607,0.006910313378,0.007511706885,0.00313391438,0,,,,,,,,1,28.61408952,77.20969789,16.7,,
4.28,-6.129079858,-6.413815419,4.330309799,0.004208375445,-0.0006430206188,0.003865551403,0,,,,,,,,1,28.61408996,77.20969952,16.7,,
4.29,-6.11091298,-6.461510633,4.29247474,-0.0007376180454,0.0003697451817,0.005094292943,0,,,,,,,,1,28.6140904,77.20970116,16.7,,
4.3,-6.191519214,-6.400748205,4.215325017,0.01264159165,-0.0004752130105,0.005877700725,0,,,,,,,,1,28.61409085,77.20970279,16.7,,
4.31,-6.043141383,-6.374639998,4.303042637,0.0072104348,0.01035758689,0.004790018647,0,,,,,,,,1,28.61409129,77.20970443,16.7,,
4.32,-6.128494405,-6.215919599,4.282960507,0.003280764457,0.005167723716,0.002477225827,0,,,,,,,,1,28.61409174,77.20970606,16.7,,
4.33,-6.17089545,-6.289549421,4.346251395,0.0001809860522,0.002775890294,0.0001910805435,0,,,,,,,,1,28.61409218,77.2097077,16.7,,
4.34,-6.133508213,-6.286541654,4.219813556,0.005027794638,0.004547935657,-0.0009820690099,0,,,,,,,,1,28.61409262,77.20970933,16.7,,
4.35,-6.206612112,-6.284200585,4.264947574,0.00819354253,0.007359700215,0.0008961998414,0,,,,,,,,1,28.61409307,77.20971096,16.7,,
4.36,-6.113684426,-6.365550383,4.219439319,0.005116033474,0.007914052253,7.266109089e-05,0,,,,,,,,1,28.61409351,77.2097126,16.7,,
4.37,-6.16467865,-6.361837015,4.24987071,0.003362933674,-0.0003393884049,0.002949632614,0,,,,,,,,1,28.61409395,77.20971423,16.7,,
4.38,-6.164377339,-6.375260972,4.288103468,0.008427945792,0.004360327042,0.01002821195,0,,,,,,,,1,28.6140944,77.20971587,16.7,,
4.39,-6.189663545,-6.467219792,4.268993705,0.005360755136,0.005217549435,0.00157386252,0,,,,,,,,1,28.61409484,77.2097175,16.7,,
4.4,-6.079536826,-6.292526333,4.302249805,0.003069835097,0.007975851834,0.003248934874,0,,,,,,,,1,28.61409529,77.20971914,16.7,,
4.41,-6.168172044,-6.392148914,4.187540542,0.005537043571,0.0111562996,0.00892223315,0,,,,,,,,1,28.61409573,77.20972077,16.7,,
4.42,-6.14602823,-6.347099721,4.312206339,0.003147708018,0.002048907329,0.003830691448,0,,,,,,,,1,28.61409617,77.20972241,16.7,,
4.43,-6.07064267,-6.403415199,4.247067901,0.006513521087,0.006074494999,0.006609395951,0,,,,,,,,1,28.61409662,77.20972404,16.7,,
4.44,-6.181648533,-6.320906296,4.287126307,0.01123773417,0.001812200935,0.005756084494,0,,,,,,,,1,28.61409706,77.20972567,16.7,,
4.45,-6.15238454,-6.304158445,4.22825406,0.004409309077,0.00409463068,0.003135055977,0,,,,,,,,1,28.6140975,77.20972731,16.7,,
4.46,-6.071669065,-6.292444474,4.326409981,0.001128101722,0.004997136806,-0.001188690174,0,,,,,,,,1,28.61409795,77.20972894,16.7,,
4.47,-6.084008648,-6.33825051,4.152028467,0.003466769464,0.007393411633,0.005353474582,0,,,,,,,,1,28.61409839,77.20973058,16.7,,
4.48,-6.031218734,-6.404282917,4.237772062,-0.001019869196,0.001407812798,0.006812301978,0,,,,,,,,1,28.61409884,77.20973221,16.7,,
4.49,-6.066020015,-6.33097702,4.273129626,0.006006831394,0.006333870713,0.002673514971,0,,,,,,,,1,28.61409928,77.20973385,16.7,,
4.5,-6.083127486,-6.434853397,4.304905273,0.002573746841,0.004439414513,0.008718316442,0,,,,,,,,1,28.61409972,77.20973548,16.7,,
4.51,-6.228703689,-6.357998718,4.337115804,0.01253804525,0.005346347307,0.003865719522,0,,,,,,,,1,28.61410017,77.20973711,16.7,,
4.52,-6.123281311,-6.321959698,4.204461422,0.007154296206,0.004904476099,0.0001288586478,0,,,,,,,,1,28.61410061,77.20973875,16.7,,
4.53,-6.13274414,-6.374702423,4.231900791,0.003222987775,0.003074228038,0.004633066397,0,,,,,,,,1,28.61410106,77.20974038,16.7,,
4.54,-6.085861459,-6.344237915,4.286267634,0.008290566605,0.001928167855,0.004833794678,0,,,,,,,,1,28.6141015,77.20974202,16.7,,
4.55,-6.165219826,-6.291185082,4.183240919,0.0006409153942,0.006942139932,0.003743269626,0,,,,,,,,1,28.61410194,77.20974365,16.7,,
4.56,-6.206296148,-6.351715923,4.183755439,0.004228717009,-0.0008708824263,0.007727221652,0,,,,,,,,1,28.61410239,77.20974529,16.7,,
4.57,-6.133886362,-6.317558549,4.254377658,0.008350195807,-0.0006731358392,0.005174349346,0,,,,,,,,1,28.61410283,77.20974692,16.7,,
4.58,-6.128516195,-6.336629583,4.383690582,0.004347308013,0.00904486012,0.002492835825,0,,,,,,,,1,28.61410327,77.20974856,16.7,,
4.59,-6.114172735,-6.419163481,4.301452509,0.0047084699,0.002890256463,0.007237645654,0,,,,,,,,1,28.61410372,77.20975019,16.7,,
4.6,-6.219889939,-6.273477067,4.344893336,0.01048122799,0.005466752159,0.006608434534,0,,,,,,,,1,28.61410416,77.20975182,16.7,,
4.61,-6.222125013,-6.344960706,4.232840517,0.003376331649,0.006035561308,0.008317643309,0,,,,,,,,1,28.61410461,77.20975346,16.7,,
4.62,-6.168351167,-6.379291887,4.293425691,0.002182501852,0.004627638894,0.0065738935,0,,,,,,,,1,28.61410505,77.20975509,16.7,,
4.63,-6.130935123,-6.377691009,4.142320081,0.001294307457,0.008715584436,0.003345358147,0,,,,,,,,1,28.61410549,77.20975673,16.7,,
4.64,-6.151427431,-6.377804042,4.366093847,0.008654084218,0.006267108779,0.006623855042,0,,,,,,,,1,28.61410594,77.20975836,16.7,,
4.65,-6.150483825,-6.316163211,4.225506828,0.007193940393,-1.790983414e-05,0.00275269658,0,,,,,,,,1,28.61410638,77.20976,16.7,,
4.66,-6.263253731,-6.350565594,4.174013462,0.005651902133,0.007894451983,0.006820534876,0,,,,,,,,1,28.61410683,77.20976163,16.7,,
4.67,-6.085760599,-6.318591127,4.352557362,0.009849725797,0.007088893599,0.00325891621,0,,,,,,,,1,28.61410727,77.20976327,16.7,,
4.68,-6.167253476,-6.349627539,4.352634397,0.005142583411,0.006147783651,0.004916836187,0,,,,,,,,1,28.61410771,77.2097649,16.7,,
4.69,-6.119383644,-6.332189371,4.274263543,0.003352305803,0.000541629977,0.007535232984,0,,,,,,,,1,28.61410816,77.20976653,16.7,,
4.7,-6.169304916,-6.38764399,4.260460986,-0.001114169407,0.002444557887,-0.0001242243582,0,,,,,,,,1,28.6141086,77.20976817,16.7,,
4.71,-6.173222324,-6.398909896,4.23066906,0.008399127591,0.003553218517,0.002952679397,0,,,,,,,,1,28.61410904,77.2097698,16.7,,
4.72,-6.174268169,-6.41232804,4.258289845,0.006601962405,0.009839884945,0.003447563201,0,,,,,,,,1,28.61410949,77.20977144,16.7,,
4.73,-6.105883358,-6.388126397,4.276562669,-0.0007810033936,0.005843433458,0.005462023481,0,,,,,,,,1,28.61410993,77.20977307,16.7,,
4.74,-6.169980844,-6.380750528,4.267292214,0.001620837997,0.004115699293,0.005457325274,0,,,,,,,,1,28.61411038,77.20977471,16.7,,
4.75,-6.225682498,-6.322957244,4.236896635,0.007382768965,0.002824554212,0.002750832576,0,,,,,,,,1,28.61411082,77.20977634,16.7,,
4.76,-6.170736853,-6.339163702,4.346059972,0.00704698338,0.00238514576,0.006146240486,0,,,,,,,,1,28.61411126,77.20977797,16.7,,
4.77,-6.155819484,-6.313603273,4.23360645,0.00287490469,0.00243575665,0.00423696751,0,,,,,,,,1,28.61411171,77.20977961,16.7,,
4.78,-6.199925769,-6.353673317,4.300048416,0.003034815198,0.006229979855,0.004544086074,0,,,,,,,,1,28.61411215,77.20978124,16.7,,
4.79,-6.12610601,-6.352284271,4.333018589,0.01159033025,-0.00062805142,0.003628708543,0,,,,,,,,1,28.6141126,77.20978288,16.7,,
4.8,-6.144047027,-6.261541036,4.225408787,0.006764714584,0.005812845587,-0.001037389132,0,,,,,,,,1,28.61411304,77.20978451,16.7,,
4.81,-6.146747322,-6.356275144,4.262685195,0.001622866925,0.003770596704,0.004885497026,0,,,,,,,,1,28.61411348,77.20978615,16.7,,
4.82,-6.125507978,-6.322617091,4.224326462,0.006459371992,0.003768241772,0.0001460127564,0,,,,,,,,1,28.61411393,77.20978778,16.7,,
4.83,-6.214461956,-6.373894028,4.23524666,0.002879435749,0.003353000713,0.00601638785,0,,,,,,,,1,28.61411437,77.20978942,16.7,,
4.84,-6.152040775,-6.330198397,4.246438171,0.007488438616,0.007234987244,0.003262985984,0,,,,,,,,1,28.61411481,77.20979105,16.7,,
4.85,-6.101585058,-6.36204635,4.184159562,0.004142876847,0.006816126263,0.003396035306,0,,,,,,,,1,28.61411526,77.20979268,16.7,,
4.86,-6.079781795,-6.294377455,4.246627083,0.004361732094,0.007882275783,0.001382081926,0,,,,,,,,1,28.6141157,77.20979432,16.7,,
4.87,-6.098996688,-6.480495629,4.240531319,0.008309584634,0.002976102683,0.00369797201,0,,,,,,,,1,28.61411615,77.20979595,16.7,,
4.88,-6.235658366,-6.33837898,4.250423033,0.008089747953,-0.0001014440574,0.005815566015,0,,,,,,,,1,28.61411659,77.20979759,16.7,,
4.89,-6.151033739,-6.345466507,4.235714071,0.007202206173,0.005862092648,0.005476591946,0,,,,,,,,1,28.61411703,77.20979922,16.7,,
4.9,-6.157869118,-6.389770156,4.266682234,0.002156421633,0.005143101192,0.005794598377,0,,,,,,,,1,28.61411748,77.20980086,16.7,,
4.91,-6.145100054,-6.400630706,4.350649298,0.003767168993,-0.0004130450354,0.002085423089,0,,,,,,,,1,28.61411792,77.20980249,16.7,,
4.92,-6.210807718,-6.369669672,4.196035909,0.007112712852,0.001540398905,-0.0004587631588,0,,,,,,,,1,28.61411837,77.20980413,16.7,,
4.93,-6.260190688,-6.355664246,4.320526003,0.004151836544,0.003111470072,0.002723103015,0,,,,,,,,1,28.61411881,77.20980576,16.7,,
4.94,-6.08876604,-6.360065267,4.324191551,0.005057847896,0.003872284993,0.002271539039,0,,,,,,,,1,28.61411925,77.20980739,16.7,,
4.95,-6.129048576,-6.356218023,4.188914252,0.008603131774,0.008371461505,0.0007426034638,0,,,,,,,,1,28.6141197,77.20980903,16.7,,
4.96,-6.082493718,-6.260256347,4.293802477,0.008146938193,0.005030339999,-0.0003243430075,0,,,,,,,,1,28.61412014,77.20981066,16.7,,
4.97,-6.170360056,-6.312134546,4.277234974,0.004268862664,0.004877669616,0.00164207264,0,,,,,,,,1,28.61412058,77.2098123,16.7,,
4.98,-6.161339183,-6.347913199,4.236883717,0.004926715537,0.007366940857,0.002851967833,0,,,,,,,,1,28.61412103,77.20981393,16.7,,
4.99,-6.102678226,-6.384059142,4.162791711,0.006180128545,0.005575049358,0.0001745679395,0,,,,,,,,1,28.61412147,77.20981557,16.7,,
5,-6.120209719,-6.334132624,4.307164797,0.006215215789,0.002556847664,0.003251098095,1,28.61407785,77.20980074,4.2,16.75208231,71.21486822,37.4526931,11,1,28.61412192,77.2098172,16.7,,
5.01,-6.168273604,-6.327304962,4.32154615,0.005395542441,0.005588800785,0.005856837784,0,,,,,,,,1,28.61412236,77.20981883,16.7,,
5.02,-6.169192396,-6.39328116,4.230135873,0.003636814305,0.001224548364,0.002135374131,0,,,,,,,,1,28.6141228,77.20982047,16.7,,
5.03,-6.086636019,-6.381371212,4.263341246,0.001757485826,0.004183129244,0.002221903564,0,,,,,,,,1,28.61412325,77.2098221,16.7,,
5.04,-6.148419353,-6.310067897,4.267083959,0.009528828562,0.007156869813,0.005588052381,0,,,,,,,,1,28.61412369,77.20982374,16.7,,
5.05,-6.11104822,-6.384943281,4.349497821,0.004705907102,0.003591226435,0.006094684404,0,,,,,,,,1,28.61412413,77.20982537,16.7,,
5.06,-5.947300322,-6.327511686,4.254470701,0.0007358318511,0.007885428483,0.001573154792,0,,,,,,,,1,28.61412458,77.20982701,16.7,,
5.07,-6.217283748,-6.284583049,4.215615972,0.004544205026,0.00475193888,3.039299226e-06,0,,,,,,,,1,28.61412502,77.20982864,16.7,,
5.08,-6.095418311,-6.258536017,4.320290969,0.006905407482,0.002534930279,0.006718009769,0,,,,,,,,1,28.61412547,77.20983028,16.7,,
5.09,-6.061290754,-6.40157138,4.180247689,0.007553871317,0.007483496294,0.004812902145,0,,,,,,,,1,28.61412591,77.20983191,16.7,,
5.1,-6.072105907,-6.331396732,4.282275102,0.005911474075,-0.002597260721,0.003095037201,0,,,,,,,,1,28.61412635,77.20983354,16.7,,
5.11,-6.185139744,-6.382949822,4.213051146,0.005051792108,0.004116551702,0.001450130669,0,,,,,,,,1,28.6141268,77.20983518,16.7,,
5.12,-6.230436267,-6.301081982,4.313585265,0.008024745152,0.003620322402,0.006328687069,0,,,,,,,,1,28.61412724,77.20983681,16.7,,
5.13,-6.120006793,-6.296369144,4.243912664,0.004996969419,0.003635536587,0.005804981288,0,,,,,,,,1,28.61412769,77.20983845,16.7,,
5.14,-6.241523826,-6.382569616,4.322905516,0.001108935491,0.007323931244,0.004261142542,0,,,,,,,,1,28.61412813,77.20984008,16.7,,
5.15,-6.09484038,-6.365315353,4.264702048,0.002219766097,0.003823781161,0.007328154517,0,,,,,,,,1,28.61412857,77.20984172,16.7,,
5.16,-6.094715655,-6.337020273,4.220588797,0.0009317492523,0.004483840877,0.007315883249,0,,,,,,,,1,28.61412902,77.20984335,16.7,,
5.17,-6.177697585,-6.32409785,4.233439798,0.00593784961,0.007814992657,0.003666160233,0,,,,,,,,1,28.61412946,77.20984499,16.7,,
5.18,-6.11278241,-6.354226036,4.282786406,0.004064444185,0.002369961859,0.004487263218,0,,,,,,,,1,28.6141299,77.20984662,16.7,,
5.19,-6.172222424,-6.330718805,4.287063443,0.007137894341,0.006763709632,0.004055327313,0,,,,,,,,1,28.61413035,77.20984825,16.7,,
5.2,-6.113247016,-6.300403645,4.375285402,0.002314466321,0.005673756963,-0.0006715956868,0,,,,,,,,1,28.61413079,77.20984989,16.7,,
5.21,-6.118402944,-6.347601063,4.277393905,0.005315243344,0.002464476507,0.0051574388,0,,,,,,,,1,28.61413124,77.20985152,16.7,,
5.22,-6.229992782,-6.35777996,4.229135852,0.004755456044,0.00232691385,0.00306242895,0,,,,,,,,1,28.61413168,77.20985316,16.7,,
5.23,-6.092652581,-6.329108049,4.334033252,0.000993064376,0.013900572,0.0112120956,0,,,,,,,,1,28.61413212,77.20985479,16.7,,
5.24,-6.126115115,-6.369408651,4.274723586,0.006419652163,0.004035122358,0.001797230742,0,,,,,,,,1,28.61413257,77.20985643,16.7,,
5.25,-6.182266609,-6.319485575,4.291114909,0.008676579645,0.005777236998,0.006089417751,0,,,,,,,,1,28.61413301,77.20985806,16.7,,
5.26,-6.153402412,-6.366974609,4.213004947,0.004803019227,0.004326418874,0.006973360134,0,,,,,,,,1,28.61413346,77.20985969,16.7,,
5.27,-6.116301555,-6.393318698,4.322417765,0.002484621844,-0.001592173498,0.01043148657,0,,,,,,,,1,28.6141339,77.20986133,16.7,,
5.28,-6.086348359,-6.33303384,4.29329423,0.006241864187,0.008226048562,0.004392726308,0,,,,,,,,1,28.61413434,77.20986296,16.7,,
5.29,-6.078531875,-6.311752483,4.261392569,0.004733610195,0.002941747713,0.001755095178,0,,,,,,,,1,28.61413479,77.2098646,16.7,,
5.3,-6.167444507,-6.335386178,4.276228223,0.0005281964147,0.006934322495,0.0003000100949,0,,,,,,,,1,28.61413523,77.20986623,16.7,,
5.31,-6.140342353,-6.3106449,4.172674339,0.008220825036,0.004449520443,-0.0001697988385,0,,,,,,,,1,28.61413567,77.20986787,16.7,,
5.32,-6.202012749,-6.396656721,4.269748531,0.003882798915,0.003725283612,0.00265737536,0,,,,,,,,1,28.61413612,77.2098695,16.7,,
5.33,-6.178979803,-6.366434056,4.332260116,0.007296098114,0.002828232434,0.001173209784,0,,,,,,,,1,28.61413656,77.20987114,16.7,,
5.34,-6.040874627,-6.33463729,4.22732139,0.003765311153,0.006072548917,0.006262027532,0,,,,,,,,1,28.61413701,77.20987277,16.7,,
5.35,-6.188654247,-6.333303606,4.175821448,0.006171321138,0.003117459441,0.007783426894,0,,,,,,,,1,28.61413745,77.2098744,16.7,,
5.36,-6.126390487,-6.391293085,4.343146876,0.004659701362,0.0009274901342,0.004723733827,0,,,,,,,,1,28.61413789,77.20987604,16.7,,
5.37,-6.175303773,-6.349498467,4.213324596,0.008209214972,0.00912851586,0.004830487974,0,,,,,,,,1,28.61413834,77.20987767,16.7,,
5.38,-6.09840212,-6.409222332,4.265768579,0.01165996254,0.003736717239,0.01170326814,0,,,,,,,,1,28.61413878,77.20987931,16.7,,
5.39,-6.162900937,-6.341850137,4.259507915,0.006272413,0.003359003392,-0.002852472702,0,,,,,,,,1,28.61413923,77.20988094,16.7,,
5.4,-6.147338244,-6.319442,4.26957173,0.00763266977,0.002086476327,0.001132263937,0,,,,,,,,1,28.61413967,77.20988258,16.7,,
5.41,-6.141381354,-6.370870419,4.211807019,0.01456744599,0.001124912445,0.000661998391,0,,,,,,,,1,28.61414011,77.20988421,16.7,,
5.42,-6.190760485,-6.380382001,4.169515782,0.004701940437,0.009212039793,0.0032967375,0,,,,,,,,1,28.61414056,77.20988585,16.7,,
5.43,-6.15777687,-6.363576235,4.247338041,0.001337986071,0.006108868034,0.002261901331,0,,,,,,,,1,28.614141,77.20988748,16.7,,
5.44,-6.125103985,-6.303382019,4.231952197,0.006081182447,0.004839223029,0.00421020528,0,,,,,,,,1,28.61414144,77.20988911,16.7,,
5.45,-6.173200468,-6.371770005,4.320596659,0.003965235119,0.006124059837,0.002317833362,0,,,,,,,,1,28.61414189,77.20989075,16.7,,
5.46,-6.157776126,-6.400826753,4.229248621,0.002111348492,0.008030043479,-0.0006640495687,0,,,,,,,,1,28.61414233,77.20989238,16.7,,
5.47,-6.089566653,-6.315122861,4.266426325,0.0009909562066,0.003964339249,0.003795606996,0,,,,,,,,1,28.61414278,77.20989402,16.7,,
5.48,-6.13280225,-6.405290663,4.229755746,0.007112403319,-0.0001632130433,0.001691673552,0,,,,,,,,1,28.61414322,77.20989565,16.7,,
5.49,-6.065467843,-6.380086122,4.260126942,0.005644162318,0.001496291997,0.006122330806,0,,,,,,,,1,28.61414366,77.20989729,16.7,,
5.5,-6.105112777,-6.38322785,4.284223299,0.0003559344762,0.004203920712,0.005844479073,0,,,,,,,,1,28.61414411,77.20989892,16.7,,
5.51,-6.255012264,-6.363149592,4.212454152,0.007114313008,0.000969161483,-0.0004415241414,0,,,,,,,,1,28.61414455,77.20990055,16.7,,
5.52,-6.20004036,-6.3849009,4.236623223,0.002788760087,0.003865308181,0.01152426855,0,,,,,,,,1,28.61414499,77.20990219,16.7,,
5.53,-6.272938825,-6.303755248,4.214339263,0.003526579005,0.004248043294,0.003637483533,0,,,,,,,,1,28.61414544,77.20990382,16.7,,
5.54,-6.067501041,-6.327447143,4.274100117,0.008038596761,0.005959947825,0.003801557081,0,,,,,,,,1,28.61414588,77.20990546,16.7,,
5.55,-6.085984809,-6.357257079,4.306447644,0.005858171754,-0.00168969633,-0.0017396264,0,,,,,,,,1,28.61414633,77.20990709,16.7,,
5.56,-6.210831531,-6.303392896,4.215134697,0.008462143233,0.007797740599,0.004319602959,0,,,,,,,,1,28.61414677,77.20990873,16.7,,
5.57,-6.125059596,-6.296534388,4.28740233,0.004053865297,0.002909696474,-0.003323711973,0,,,,,,,,1,28.61414721,77.20991036,16.7,,
5.58,-6.178276991,-6.299101152,4.215923049,0.002686201183,0.004565392228,0.00891553191,0,,,,,,,,1,28.61414766,77.209912,16.7,,
5.59,-6.125946758,-6.342450867,4.304872609,0.003705215247,0.005858947446,0.004618098871,0,,,,,,,,1,28.6141481,77.20991363,16.7,,
5.6,-6.091715406,-6.342421879,4.219456212,0.007173271096,0.003520478412,0.009764636998,0,,,,,,,,1,28.61414855,77.20991526,16.7,,
5.61,-6.186764853,-6.36436883,4.242216106,-2.991053155e-06,0.009151180182,0.008530045919,0,,,,,,,,1,28.61414899,77.2099169,16.7,,
5.62,-6.160173,-6.350014045,4.225034406,0.004261721716,0.005607243492,0.0009638903627,0,,,,,,,,1,28.61414943,77.20991853,16.7,,
5.63,-6.195333736,-6.44487963,4.233962403,0.006803518915,0.002465638907,0.006227334717,0,,,,,,,,1,28.61414988,77.20992017,16.7,,
5.64,-6.077665427,-6.406010852,4.25067554,0.001662700391,-2.094781511e-05,0.005416528682,0,,,,,,,,1,28.61415032,77.2099218,16.7,,
5.65,-6.184051031,-6.417387871,4.26091652,0.007371905751,0.007281095798,0.004738044757,0,,,,,,,,1,28.61415076,77.20992344,16.7,,
5.66,-6.157555454,-6.319230525,4.343761161,0.0059563436,0.004620214129,0.004266079648,0,,,,,,,,1,28.61415121,77.20992507,16.7,,
5.67,-6.211749829,-6.171895073,4.294732894,0.005086262173,0.004120544593,0.005101149786,0,,,,,,,,1,28.61415165,77.20992671,16.7,,
5.68,-6.125706903,-6.301811318,4.273717403,0.004748098133,0.008073487197,0.003380300693,0,,,,,,,,1,28.6141521,77.20992834,16.7,,
5.69,-6.084768583,-6.38608355,4.187457439,0.001033578277,0.001862563571,-0.001827415724,0,,,,,,,,1,28.61415254,77.20992997,16.7,,
5.7,-6.202923544,-6.343465412,4.269339132,0.007969406959,0.001411965008,-0.002431470388,0,,,,,,,,1,28.61415298,77.20993161,16.7,,
5.71,-6.17066892,-6.273266316,4.302102477,0.001482982007,0.00734311974,-0.000750758604,0,,,,,,,,1,28.61415343,77.20993324,16.7,,
5.72,-6.112186404,-6.306645422,4.281314279,0.005908127872,0.003284109095,0.003454322919,0,,,,,,,,1,28.61415387,77.20993488,16.7,,
5.73,-6.052202816,-6.39381942,4.335163212,0.004136234233,0.009079892065,0.0008877442252,0,,,,,,,,1,28.61415432,77.20993651,16.7,,
5.74,-6.091140402,-6.430503468,4.248968702,0.002813018417,0.007913139559,0.004723238443,0,,,,,,,,1,28.61415476,77.20993815,16.7,,
5.75,-6.142646825,-6.274800571,4.267412315,0.003302460381,0.003282611079,0.002415829101,0,,,,,,,,1,28.6141552,77.20993978,16.7,,
5.76,-6.1408267,-6.360548117,4.256132478,0.001506389088,0.002449300176,0.00301768657,0,,,,,,,,1,28.61415565,77.20994142,16.7,,
5.77,-6.080429955,-6.355974302,4.218032597,0.005208531568,0.002445759875,0.007966226045,0,,,,,,,,1,28.61415609,77.20994305,16.7,,
5.78,-6.160057234,-6.350457978,4.182711326,0.006520595263,0.004992882468,-0.0001276268353,0,,,,,,,,1,28.61415653,77.20994468,16.7,,
5.79,-6.180448466,-6.337594836,4.280826495,0.006700326896,0.003176361606,0.003047813621,0,,,,,,,,1,28.61415698,77.20994632,16.7,,
5.8,-6.150696279,-6.296082279,4.215730004,0.003971343043,0.00265373331,0.008454535266,0,,,,,,,,1,28.61415742,77.20994795,16.7,,
5.81,-6.133148215,-6.333073313,4.143689231,0.003610314558,0.009399331593,0.003869317583,0,,,,,,,,1,28.61415787,77.20994959,16.7,,
5.82,-6.103333199,-6.325180947,4.272586402,0.003436292537,0.005577142452,0.0008565197909,0,,,,,,,,1,28.61415831,77.20995122,16.7,,
5.83,-6.112070837,-6.403774704,4.182149413,0.007037994448,0.001336845314,0.003801502312,0,,,,,,,,1,28.61415875,77.20995286,16.7,,
5.84,-6.221669295,-6.382641061,4.321098562,0.006146984134,0.00689916328,0.007191638935,0,,,,,,,,1,28.6141592,77.20995449,16.7,,
5.85,-6.109544986,-6.34241014,4.233499782,0.005564097382,0.005632498806,0.003126596674,0,,,,,,,,1,28.61415964,77.20995612,16.7,,
5.86,-6.110625268,-6.423164039,4.317648398,0.006579526894,0.006433211727,0.0003769031155,0,,,,,,,,1,28.61416009,77.20995776,16.7,,
5.87,-6.173001358,-6.317072361,4.256435557,0.003795204412,0.005035199335,0.001345436806,0,,,,,,,,1,28.61416053,77.20995939,16.7,,
5.88,-6.203441977,-6.310634943,4.370545959,0.006695003606,-0.0007965242125,0.005229476904,0,,,,,,,,1,28.61416097,77.20996103,16.7,,
5.89,-6.13832081,-6.348015247,4.222426151,0.001903033844,0.003276085726,0.005156485891,0,,,,,,,,1,28.61416142,77.20996266,16.7,,
5.9,-6.15176481,-6.291473498,4.177063204,0.006433508098,0.007983606669,0.005004482816,0,,,,,,,,1,28.61416186,77.2099643,16.7,,
5.91,-6.126020064,-6.402404495,4.292531991,0.003631306711,-0.002171018682,0.002445826332,0,,,,,,,,1,28.6141623,77.20996593,16.7,,
5.92,-6.087517072,-6.356319114,4.192121652,0.005553352397,0.0008567602228,0.004135089274,0,,,,,,,,1,28.61416275,77.20996757,16.7,,
5.93,-6.165414712,-6.297113247,4.237025429,0.003924411039,0.009314571376,0.00137486345,0,,,,,,,,1,28.61416319,77.2099692,16.7,,
5.94,-6.16940491,-6.366029836,4.313326506,0.001450384892,0.006618754481,0.005454672535,0,,,,,,,,1,28.61416364,77.20997083,16.7,,
5.95,-6.13623687,-6.330987179,4.194686796,0.001713568499,0.01247310882,0.00182271054,0,,,,,,,,1,28.61416408,77.20997247,16.7,,
5.96,-6.067722697,-6.288959525,4.200934343,0.003311719727,0.006405405738,0.005587350137,0,,,,,,,,1,28.61416452,77.2099741,16.7,,
5.97,-6.23711663,-6.34080726,4.248537988,0.004567503438,0.008041341572,0.003533864298,0,,,,,,,,1,28.61416497,77.20997574,16.7,,
5.98,-6.110927772,-6.345237278,4.339039448,0.004259674148,0.004333358015,0.000905302115,0,,,,,,,,1,28.61416541,77.20997737,16.7,,
5.99,-6.085165627,-6.340530027,4.257810779,0.006192660439,0.00641165816,-0.0004188524662,0,,,,,,,,1,28.61416586,77.20997901,16.7,,
6,-6.077604736,-6.332676206,4.266012071,0.01161500548,0.006167941619,-0.002172155664,1,28.61419943,77.20996855,4.2,16.66428499,71.62841696,36.20958402,11,1,28.6141663,77.20998064,16.7,,
6.01,-6.120216421,-6.313109705,4.335663433,0.01173052609,0.005594655133,0.006345126481,0,,,,,,,,1,28.61416674,77.20998228,16.7,,
6.02,-6.228385928,-6.372976462,4.221631712,0.01016476904,0.01172617568,0.004177766735,0,,,,,,,,1,28.61416719,77.20998391,16.7,,
6.03,-6.048615239,-6.308657105,4.266219111,0.004914966249,-0.001554573707,0.004662525453,0,,,,,,,,1,28.61416763,77.20998554,16.7,,
6.04,-6.093266333,-6.454730436,4.250018632,0.0003090188716,-0.004846167481,0.006760519695,0,,,,,,,,1,28.61416807,77.20998718,16.7,,
6.05,-6.164123555,-6.43204762,4.256362471,0.003907532964,0.006337812529,0.005591322295,0,,,,,,,,1,28.61416852,77.20998881,16.7,,
6.06,-6.194056162,-6.379093495,4.30305094,0.008062049816,0.005762232006,-0.004287088097,0,,,,,,,,1,28.61416896,77.20999045,16.7,,
6.07,-6.091945622,-6.332106615,4.286629366,0.00290844681,0.005954141089,0.006053309862,0,,,,,,,,1,28.61416941,77.20999208,16.7,,
6.08,-6.181761533,-6.298674126,4.288767116,0.00530259315,0.002532158016,0.005146263918,0,,,,,,,,1,28.61416985,77.20999372,16.7,,
6.09,-6.179874393,-6.404542743,4.303428324,0.003933291047,0.009966078199,-0.001103006543,0,,,,,,,,1,28.61417029,77.20999535,16.7,,
6.1,-6.168841199,-6.346981445,4.310464178,0.00139893787,0.004553976392,0.002496044531,0,,,,,,,,1,28.61417074,77.20999698,16.7,,
6.11,-6.148849394,-6.249991539,4.256378739,0.002966888058,0.01063018671,0.00797631599,0,,,,,,,,1,28.61417118,77.20999862,16.7,,
6.12,-6.281148166,-6.290488168,4.250899218,0.006692523505,0.006501940785,0.003269718633,0,,,,,,,,1,28.61417162,77.21000025,16.7,,
6.13,-6.227559368,-6.337738966,4.250734105,0.005852307873,0.00961998761,0.005197529113,0,,,,,,,,1,28.61417207,77.21000189,16.7,,
6.14,-6.161303527,-6.243658359,4.186668779,0.006792521621,0.00734370842,0.0005173399677,0,,,,,,,,1,28.61417251,77.21000352,16.7,,
6.15,-6.171607018,-6.395441406,4.199076217,0.003286395756,0.001416618025,0.00269690705,0,,,,,,,,1,28.61417296,77.21000516,16.7,,
6.16,-6.134204148,-6.306966543,4.304086393,0.001877257571,0.001670597522,0.004322822462,0,,,,,,,,1,28.6141734,77.21000679,16.7,,
6.17,-6.140676662,-6.427433446,4.266546499,0.001823803518,0.00615058783,0.002465139762,0,,,,,,,,1,28.61417384,77.21000843,16.7,,
6.18,-6.136974415,-6.407591448,4.261959814,-0.0008643888763,0.006281789796,0.005501665075,0,,,,,,,,1,28.61417429,77.21001006,16.7,,
6.19,-6.069408225,-6.285211554,4.253761766,0.004550198541,0.003793134708,0.0008610386662,0,,,,,,,,1,28.61417473,77.21001169,16.7,,
6.2,-6.160418005,-6.34359762,4.244660305,0.0007650396635,0.002558847466,0.008380434084,0,,,,,,,,1,28.61417518,77.21001333,16.7,,
6.21,-6.103821027,-6.409841309,4.256311263,0.001522381234,-0.0005297175037,0.001049384039,0,,,,,,,,1,28.61417562,77.21001496,16.7,,
6.22,-6.137934538,-6.387637464,4.317993425,-0.0006698924288,0.007527156007,0.004991154784,0,,,,,,,,1,28.61417606,77.2100166,16.7,,
6.23,-6.123459343,-6.284558139,4.286382044,0.007429598517,0.008003224292,0.0103219418,0,,,,,,,,1,28.61417651,77.21001823,16.7,,
6.24,-6.184715549,-6.377453395,4.320298405,0.004690383521,0.0006279946982,0.004928392415,0,,,,,,,,1,28.61417695,77.21001987,16.7,,
6.25,-6.172607214,-6.278742891,4.294432124,0.009911221889,0.007763440397,0.004865068953,0,,,,,,,,1,28.61417739,77.2100215,16.7,,
6.26,-6.158295357,-6.335246522,4.305989519,0.001651822822,0.01029267461,0.005846021241,0,,,,,,,,1,28.61417784,77.21002314,16.7,,
6.27,-6.14230453,-6.363546559,4.321657925,0.003125181601,0.005247248172,0.00306517468,0,,,,,,,,1,28.61417828,77.21002477,16.7,,
6.28,-6.127442899,-6.297970665,4.254861504,0.003563911945,0.007184125952,0.008219543464,0,,,,,,,,1,28.61417873,77.2100264,16.7,,
6.29,-6.129198153,-6.370585839,4.22227455,0.005684562416,0.000968395849,0.004344790313,0,,,,,,,,1,28.61417917,77.21002804,16.7,,
6.3,-6.174174464,-6.401031041,4.284990904,0.003649595007,0.003578437502,0.007197270937,0,,,,,,,,1,28.61417961,77.21002967,16.7,,
6.31,-6.135898659,-6.273983536,4.300276476,0.004483253892,0.004316149546,0.007273915636,0,,,,,,,,1,28.61418006,77.21003131,16.7,,
6.32,-6.199962368,-6.330117352,4.292125787,0.003101738049,-7.622260731e-05,0.009651210906,0,,,,,,,,1,28.6141805,77.21003294,16.7,,
6.33,-6.272957443,-6.357419211,4.258521067,0.003737603561,0.004260643214,0.006152126536,0,,,,,,,,1,28.61418095,77.21003458,16.7,,
6.34,-6.161091348,-6.264749389,4.246638484,0.001856573365,0.004221866583,0.002594747105,0,,,,,,,,1,28.61418139,77.21003621,16.7,,
6.35,-6.093552957,-6.385884786,4.27291328,0.0006506073047,0.001123711405,0.003717392753,0,,,,,,,,1,28.61418183,77.21003784,16.7,,
6.36,-6.151116812,-6.275194424,4.239493749,0.004956736076,-0.0005130296251,0.009977907103,0,,,,,,,,1,28.61418228,77.21003948,16.7,,
6.37,-6.210222092,-6.246745081,4.180926986,0.006379891212,-0.001045706206,0.005118809674,0,,,,,,,,1,28.61418272,77.21004111,16.7,,
6.38,-6.128427974,-6.369800914,4.263730644,0.004269631436,0.00519090956,0.005832411031,0,,,,,,,,1,28.61418316,77.21004275,16.7,,
6.39,-6.11716174,-6.448125923,4.30415991,0.006268081543,0.008688844533,0.003398129658,0,,,,,,,,1,28.61418361,77.21004438,16.7,,
6.4,-6.150762151,-6.291158286,4.253528258,0.005854409284,0.0004939744569,0.001960200389,0,,,,,,,,1,28.61418405,77.21004602,16.7,,
6.41,-6.071073654,-6.321209077,4.229140263,0.004490676045,0.003342435746,0.003048538391,0,,,,,,,,1,28.6141845,77.21004765,16.7,,
6.42,-6.120079529,-6.315293514,4.257081299,0.007359047966,-0.0001189112133,0.008545102826,0,,,,,,,,1,28.61418494,77.21004929,16.7,,
6.43,-6.194863616,-6.391607843,4.223963402,0.008495565878,0.002857879445,-0.001390474831,0,,,,,,,,1,28.61418538,77.21005092,16.7,,
6.44,-6.178856651,-6.371554634,4.213762741,0.003033927535,0.002861425103,0.001581692514,0,,,,,,,,1,28.61418583,77.21005255,16.7,,
6.45,-6.171784821,-6.380588254,4.333840786,0.007163059409,0.001760675891,0.008544071847,0,,,,,,,,1,28.61418627,77.21005419,16.7,,
6.46,-6.191744166,-6.345398684,4.202040192,0.003568947325,0.003598885323,0.004083957447,0,,,,,,,,1,28.61418672,77.21005582,16.7,,
6.47,-6.078925812,-6.34645032,4.313565711,0.002569792854,0.005928262873,0.006118309154,0,,,,,,,,1,28.61418716,77.21005746,16.7,,
6.48,-6.202134088,-6.354741731,4.202329316,0.005294086794,0.006629751985,-0.0001161908135,0,,,,,,,,1,28.6141876,77.21005909,16.7,,
6.49,-6.072176572,-6.228707288,4.255143493,0.005860436069,0.00347883194,-0.0009385111931,0,,,,,,,,1,28.61418805,77.21006073,16.7,,
6.5,-6.111584979,-6.342497203,4.341552142,0.002997428344,0.004262207243,0.002540817432,0,,,,,,,,1,28.61418849,77.21006236,16.7,,
6.51,-6.160906262,-6.322091707,4.221156415,0.004708478989,0.003602786836,0.01062371578,0,,,,,,,,1,28.61418893,77.210064,16.7,,
6.52,-6.15719859,-6.346661149,4.310689378,0.009728194472,0.008079639597,0.0003580049604,0,,,,,,,,1,28.61418938,77.21006563,16.7,,
6.53,-6.125919477,-6.36472909,4.289953348,0.007024748813,0.009834741347,-0.002482064207,0,,,,,,,,1,28.61418982,77.21006726,16.7,,
6.54,-6.12667952,-6.378993573,4.245660221,0.002862522289,0.0060643001,0.003488627718,0,,,,,,,,1,28.61419027,77.2100689,16.7,,
6.55,-6.110461892,-6.358746657,4.233406449,0.003234183542,0.002595269999,0.001723075369,0,,,,,,,,1,28.61419071,77.21007053,16.7,,
6.56,-6.078916607,-6.340140849,4.261454434,0.00115265609,0.009686814257,0.0009457612521,0,,,,,,,,1,28.61419115,77.21007217,16.7,,
6.57,-6.057613218,-6.36883986,4.277860098,0.0029949003,0.005251746639,0.003596039387,0,,,,,,,,1,28.6141916,77.2100738,16.7,,
6.58,-6.207220668,-6.301816536,4.206598059,0.003542205893,0.004267995743,0.004104396992,0,,,,,,,,1,28.61419204,77.21007544,16.7,,
6.59,-6.219104342,-6.334276252,4.271605121,0.00785987462,0.004618371736,0.004003230129,0,,,,,,,,1,28.61419248,77.21007707,16.7,,
6.6,-6.052226615,-6.324760261,4.245581984,0.009519292717,0.006045164191,0.0053577107,0,,,,,,,,1,28.61419293,77.2100787,16.7,,
6.61,-6.160457239,-6.362134278,4.291699854,0.00295168415,0.007457099317,0.004340323994,0,,,,,,,,1,28.61419337,77.21008034,16.7,,
6.62,-6.171704146,-6.369010266,4.246550138,0.006968914559,0.002636789569,0.007916764336,0,,,,,,,,1,28.61419382,77.21008197,16.7,,
6.63,-6.100672571,-6.360501016,4.276045819,0.005069322921,0.005379495289,-0.0005166762554,0,,,,,,,,1,28.61419426,77.21008361,16.7,,
6.64,-6.240999015,-6.329293484,4.299642801,0.003726376718,0.00761399604,0.00496019601,0,,,,,,,,1,28.6141947,77.21008524,16.7,,
6.65,-6.197179522,-6.419825604,4.332752207,0.007177936466,0.00575548163,0.004782715395,0,,,,,,,,1,28.61419515,77.21008688,16.7,,
6.66,-6.112126566,-6.414349102,4.25320562,0.009151701407,0.005259118856,-0.001019284104,0,,,,,,,,1,28.61419559,77.21008851,16.7,,
6.67,-6.136912642,-6.283651166,4.319423747,0.005506272052,0.004780568391,0.002336441152,0,,,,,,,,1,28.61419604,77.21009015,16.7,,
6.68,-6.100729518,-6.266418054,4.251507135,0.006425822698,0.01022228666,0.003483993625,0,,,,,,,,1,28.61419648,77.21009178,16.7,,
6.69,-6.138008692,-6.362750529,4.302734786,0.003474221927,0.0003886356439,0.0006132244362,0,,,,,,,,1,28.61419692,77.21009341,16.7,,
6.7,-6.027884576,-6.324678797,4.239768883,0.002651432033,0.002929985152,0.002378483536,0,,,,,,,,1,28.61419737,77.21009505,16.7,,
6.71,-6.224841173,-6.279125155,4.316835547,0.004215607423,0.006040575024,-0.0008756591637,0,,,,,,,,1,28.61419781,77.21009668,16.7,,
6.72,-6.071321795,-6.420147935,4.289483845,0.00709987959,0.003112814013,0.003566605555,0,,,,,,,,1,28.61419825,77.21009832,16.7,,
6.73,-6.222820696,-6.448454754,4.240390006,-0.0007254588034,0.01009572827,0.001708441445,0,,,,,,,,1,28.6141987,77.21009995,16.7,,
6.74,-6.1716952,-6.368956378,4.252857124,0.007533444108,0.003934818811,0.005005604264,0,,,,,,,,1,28.61419914,77.21010159,16.7,,
6.75,-6.144003565,-6.265300669,4.220350045,0.004601598475,0.007279942339,0.008543686468,0,,,,,,,,1,28.61419959,77.21010322,16.7,,
6.76,-6.203921832,-6.402808179,4.254190037,0.005250870505,0.006971599572,-0.002282267697,0,,,,,,,,1,28.61420003,77.21010486,16.7,,
6.77,-6.239437504,-6.304995669,4.208055699,0.006273068549,0.001505860994,-0.001639995775,0,,,,,,,,1,28.61420047,77.21010649,16.7,,
6.78,-6.183872564,-6.392534493,4.262056796,0.003006862248,0.002527818392,0.003584252512,0,,,,,,,,1,28.61420092,77.21010812,16.7,,
6.79,-6.197174714,-6.355546061,4.293951928,-0.00110777524,0.007591089561,0.004467424818,0,,,,,,,,1,28.61420136,77.21010976,16.7,,
6.8,-6.089728371,-6.279112696,4.233007771,0.004950516889,0.002621999517,0.008151488267,0,,,,,,,,1,28.61420181,77.21011139,16.7,,
6.81,-6.129253875,-6.40250127,4.281361704,-0.001068010063,-0.0009105827445,0.003803267933,0,,,,,,,,1,28.61420225,77.21011303,16.7,,
6.82,-6.146778119,-6.356673117,4.310236694,0.004974205018,0.005758801829,0.00360764968,0,,,,,,,,1,28.61420269,77.21011466,16.7,,
6.83,-6.0855775,-6.412811997,4.279232458,0.006350942522,0.004824598871,0.007792336838,0,,,,,,,,1,28.61420314,77.2101163,16.7,,
6.84,-6.165930341,-6.317437603,4.242478987,0.000557318435,0.005414001024,-0.0004182593198,0,,,,,,,,1,28.61420358,77.21011793,16.7,,
6.85,-6.135766122,-6.258301247,4.304604103,0.01064471904,0.01054829286,0.004236216963,0,,,,,,,,1,28.61420402,77.21011956,16.7,,
6.86,-6.213331917,-6.256838957,4.168910056,0.006957499228,0.007794721808,0.007998942112,0,,,,,,,,1,28.61420447,77.2101212,16.7,,
6.87,-6.196019479,-6.372529829,4.262543495,0.009358065156,0.002153263253,0.00287961254,0,,,,,,,,1,28.61420491,77.21012283,16.7,,
6.88,-6.119733893,-6.327527312,4.267317059,0.002588157253,0.002947101683,-0.0005282763377,0,,,,,,,,1,28.61420536,77.21012447,16.7,,
6.89,-6.147121068,-6.359686282,4.286042054,0.003285706305,0.007637336502,0.0007901290365,0,,,,,,,,1,28.6142058,77.2101261,16.7,,
6.9,-6.184482328,-6.254670438,4.198800588,0.01008406982,0.005361780557,0.004376206441,0,,,,,,,,1,28.61420624,77.21012774,16.7,,
6.91,-6.174496097,-6.254302228,4.280827114,0.001778665019,0.007239515033,0.0006020600939,0,,,,,,,,1,28.61420669,77.21012937,16.7,,
6.92,-6.193503238,-6.300855212,4.304074988,0.002090382806,0.008706263326,0.00728598494,0,,,,,,,,1,28.61420713,77.21013101,16.7,,
6.93,-6.139983733,-6.33852796,4.339785588,0.006739849969,0.008925529956,0.004460279636,0,,,,,,,,1,28.61420758,77.21013264,16.7,,
6.94,-6.192049636,-6.321822309,4.267073465,0.004182545142,0.003993240885,0.0002867503429,0,,,,,,,,1,28.61420802,77.21013427,16.7,,
6.95,-6.237181737,-6.340649272,4.216963595,0.009781382775,0.006539892985,-0.001537468768,0,,,,,,,,1,28.61420846,77.21013591,16.7,,
6.96,-6.119988935,-6.302312894,4.349372688,0.002013988267,0.007153722132,0.005983760938,0,,,,,,,,1,28.61420891,77.21013754,16.7,,
6.97,-6.184348223,-6.271660387,4.171941541,0.007814761676,0.007314780712,0.0007207216582,0,,,,,,,,1,28.61420935,77.21013918,16.7,,
6.98,-6.206206694,-6.257695358,4.24380327,0.00267218311,0.009270210188,0.003341750924,0,,,,,,,,1,28.61420979,77.21014081,16.7,,
6.99,-6.126685223,-6.368819386,4.174867583,-0.0005046825706,0.005787766164,0.00262895459,0,,,,,,,,1,28.61421024,77.21014245,16.7,,
7,-6.096875513,-6.368230363,4.314380918,0.004891498948,0.002415180156,0.002306908896,1,28.61420349,77.21017343,4.2,16.85885094,74.43647968,36.85629861,11,1,28.61421068,77.21014408,16.7,,
7.01,-6.148615506,-6.296656951,4.3882102,0.002677826158,0.005125203575,0.004727189494,0,,,,,,,,1,28.61421113,77.21014572,16.7,,
7.02,-6.129623333,-6.31916444,4.195375064,0.01230352826,0.009942531614,0.004641459278,0,,,,,,,,1,28.61421157,77.21014735,16.7,,
7.03,-6.110420041,-6.409518896,4.222491991,0.004170602259,0.008557946313,0.004778861971,0,,,,,,,,1,28.61421201,77.21014898,16.7,,
7.04,-6.175346917,-6.335754128,4.200248055,0.0088396686,0.009130719488,0.005834629563,0,,,,,,,,1,28.61421246,77.21015062,16.7,,
7.05,-6.112273231,-6.408919904,4.346223154,0.004802758201,0.004573052188,0.008111556082,0,,,,,,,,1,28.6142129,77.21015225,16.7,,
7.06,-6.134613488,-6.345298575,4.267040013,0.00589812374,0.004251788249,0.003211224289,0,,,,,,,,1,28.61421335,77.21015389,16.7,,
7.07,-6.157133001,-6.331588157,4.200104828,0.0007635285712,0.004876910095,0.005091822506,0,,,,,,,,1,28.61421379,77.21015552,16.7,,
7.08,-6.130357256,-6.280489363,4.131463975,0.002173728699,0.007981630706,0.007732226474,0,,,,,,,,1,28.61421423,77.21015716,16.7,,
7.09,-6.237778352,-6.249181081,4.289724658,0.004015133317,0.0001487766868,0.008671632196,0,,,,,,,,1,28.61421468,77.21015879,16.7,,
7.1,-6.195315128,-6.38398824,4.223013849,0.000508230699,0.001352059299,0.006902805072,0,,,,,,,,1,28.61421512,77.21016042,16.7,,
7.11,-6.195080525,-6.30197297,4.237249186,-0.0005906598244,0.003827440605,0.006016948421,0,,,,,,,,1,28.61421556,77.21016206,16.7,,
7.12,-6.20039788,-6.416382378,4.256799535,0.002522964363,0.007225339854,0.004371129778,0,,,,,,,,1,28.61421601,77.21016369,16.7,,
7.13,-6.126931752,-6.251674849,4.165846582,0.00510814138,-0.002363158477,0.008446758765,0,,,,,,,,1,28.61421645,77.21016533,16.7,,
7.14,-6.137003149,-6.417806806,4.327626072,0.006240853156,0.006858027271,0.007176763486,0,,,,,,,,1,28.6142169,77.21016696,16.7,,
7.15,-6.240695906,-6.329049326,4.303233731,0.005934953592,0.006980996178,0.002963481447,0,,,,,,,,1,28.61421734,77.2101686,16.7,,
7.16,-6.16281665,-6.379766904,4.281088634,0.006251053224,0.001736309873,0.000354602489,0,,,,,,,,1,28.61421778,77.21017023,16.7,,
7.17,-6.082491906,-6.300654389,4.286490939,0.001416611243,0.0001456518195,0.004485707917,0,,,,,,,,1,28.61421823,77.21017187,16.7,,
7.18,-6.041517457,-6.326815003,4.278325208,0.002961488207,0.002726083462,0.0006629597058,0,,,,,,,,1,28.61421867,77.2101735,16.7,,
7.19,-6.186107277,-6.347280405,4.300526174,0.002941526707,0.004568545003,0.0001279716257,0,,,,,,,,1,28.61421911,77.21017513,16.7,,
7.2,-6.182848857,-6.351870839,4.284198125,0.0106467472,0.006870218336,0.006811054606,0,,,,,,,,1,28.61421956,77.21017677,16.7,,
7.21,-6.16703888,-6.436136527,4.272103395,0.0005308228487,0.003704226335,0.0004526810577,0,,,,,,,,1,28.61422,77.2101784,16.7,,
7.22,-6.100179385,-6.351920112,4.284532788,0.009908991298,0.00234635275,0.00241715365,0,,,,,,,,1,28.61422045,77.21018004,16.7,,
7.23,-6.220159416,-6.293727047,4.239445394,0.006611000048,0.00757516761,0.001862903401,0,,,,,,,,1,28.61422089,77.21018167,16.7,,
7.24,-6.144245538,-6.3844663,4.345315433,0.003109141973,0.001884229518,0.005626637511,0,,,,,,,,1,28.61422133,77.21018331,16.7,,
7.25,-6.131877261,-6.228744263,4.239931841,0.005551590849,0.0002497705574,0.006783133103,0,,,,,,,,1,28.61422178,77.21018494,16.7,,
7.26,-6.121722902,-6.317211495,4.178085741,0.008286445251,0.008010815053,0.006223546384,0,,,,,,,,1,28.61422222,77.21018658,16.7,,
7.27,-6.169084599,-6.360005338,4.345858317,0.003747858675,0.005777250533,-0.001391971634,0,,,,,,,,1,28.61422267,77.21018821,16.7,,
7.28,-6.127292983,-6.381964302,4.284159798,0.007823222792,0.001591884797,0.003633196769,0,,,,,,,,1,28.61422311,77.21018984,16.7,,
7.29,-6.236428924,-6.327926334,4.26912532,0.007540870482,0.009378318893,0.002555083623,0,,,,,,,,1,28.61422355,77.21019148,16.7,,
7.3,-6.073511759,-6.341452761,4.179282112,-9.83813481e-05,0.007768217804,0.004188555525,0,,,,,,,,1,28.614224,77.21019311,16.7,,
7.31,-6.11258816,-6.228101906,4.231831881,0.004660886655,-0.000433559087,-0.002455753684,0,,,,,,,,1,28.61422444,77.21019475,16.7,,
7.32,-6.13882841,-6.376735812,4.270268792,0.003575532971,0.0054205116,0.0005573190527,0,,,,,,,,1,28.61422488,77.21019638,16.7,,
7.33,-6.221246332,-6.278485667,4.380644721,-0.003373825605,0.003560569715,0.0002966844689,0,,,,,,,,1,28.61422533,77.21019802,16.7,,
7.34,-6.192691709,-6.321692297,4.237319936,0.007567182553,0.006996864913,0.004007276735,0,,,,,,,,1,28.61422577,77.21019965,16.7,,
7.35,-6.138108388,-6.283111526,4.303039504,0.003684997358,0.00503230146,0.005138902151,0,,,,,,,,1,28.61422622,77.21020128,16.7,,
7.36,-6.063228416,-6.316351287,4.27936875,0.005091253984,0.005346527468,0.0035365856,0,,,,,,,,1,28.61422666,77.21020292,16.7,,
7.37,-5.998818954,-6.278528283,4.285588708,0.005751985995,0.00532466489,0.003545623213,0,,,,,,,,1,28.6142271,77.21020455,16.7,,
7.38,-6.163064077,-6.310355782,4.325636887,0.006799424679,0.0036339879,0.00674763758,0,,,,,,,,1,28.61422755,77.21020619,16.7,,
7.39,-6.105410513,-6.336594973,4.26846252,0.004325613531,0.003014014802,0.001771183167,0,,,,,,,,1,28.61422799,77.21020782,16.7,,
7.4,-6.137562245,-6.379657923,4.216755127,0.001738318819,0.00447009084,0.004658861315,0,,,,,,,,1,28.61422844,77.21020946,16.7,,
7.41,-6.217747625,-6.36457052,4.336119649,0.004489384351,0.005979782431,0.006529436116,0,,,,,,,,1,28.61422888,77.21021109,16.7,,
7.42,-6.136366979,-6.394430732,4.223814635,0.006023389177,0.008639769362,0.002147131032,0,,,,,,,,1,28.61422932,77.21021273,16.7,,
7.43,-6.237264708,-6.329146955,4.313597352,0.004026267978,0.002632772163,0.006669402104,0,,,,,,,,1,28.61422977,77.21021436,16.7,,
7.44,-6.191937831,-6.38322436,4.253519432,0.0006638697497,0.007481547053,0.005178124505,0,,,,,,,,1,28.61423021,77.21021599,16.7,,
7.45,-6.12073979,-6.320176695,4.26338102,0.002713613677,0.002751358011,0.0003811489089,0,,,,,,,,1,28.61423065,77.21021763,16.7,,
7.46,-6.11236825,-6.350908216,4.276466371,0.005317158962,0.002641775656,0.003124059227,0,,,,,,,,1,28.6142311,77.21021926,16.7,,
7.47,-6.069047603,-6.360225487,4.246379404,-0.003658256718,0.009861735388,0.01055967421,0,,,,,,,,1,28.61423154,77.2102209,16.7,,
7.48,-6.093968037,-6.355003823,4.26491434,0.0003350999071,0.004204040117,0.00242331026,0,,,,,,,,1,28.61423199,77.21022253,16.7,,
7.49,-6.219620706,-6.369597628,4.264877781,0.001736346205,0.002665691828,0.001321153427,0,,,,,,,,1,28.61423243,77.21022417,16.7,,
7.5,-6.127152112,-6.302548302,4.306447087,0.01150755642,0.006222531558,0.0006431099823,0,,,,,,,,1,28.61423287,77.2102258,16.7,,
7.51,-6.120251807,-6.330382739,4.294777794,0.01141906025,-0.0007454634996,0.006420520199,0,,,,,,,,1,28.61423332,77.21022744,16.7,,
7.52,-6.112202803,-6.265314511,4.261050585,0.004186222531,0.007291193674,0.004562206866,0,,,,,,,,1,28.61423376,77.21022907,16.7,,
7.53,-6.134571623,-6.258190805,4.308978639,0.005569543752,0.005852886139,0.001725986223,0,,,,,,,,1,28.61423421,77.2102307,16.7,,
7.54,-6.197168442,-6.349693903,4.2629252,0.008062948635,0.006323059137,0.008760312932,0,,,,,,,,1,28.61423465,77.21023234,16.7,,
7.55,-6.136955044,-6.395065504,4.182876777,0.009181172608,0.00620413743,0.005033320087,0,,,,,,,,1,28.61423509,77.21023397,16.7,,
7.56,-6.101913817,-6.338633758,4.275524396,0.003820177839,0.008777161133,0.008285546254,0,,,,,,,,1,28.61423554,77.21023561,16.7,,
7.57,-6.175562249,-6.287226288,4.230474749,0.005769872804,0.002802298187,0.00198312322,0,,,,,,,,1,28.61423598,77.21023724,16.7,,
7.58,-6.043281141,-6.344463887,4.358213546,0.003056341065,0.008777163478,0.001342812893,0,,,,,,,,1,28.61423642,77.21023888,16.7,,
7.59,-6.127147444,-6.325659896,4.328970464,0.002914641355,0.005240661402,0.008520433738,0,,,,,,,,1,28.61423687,77.21024051,16.7,,
7.6,-6.147420435,-6.320698377,4.306675011,0.005786925448,0.003879919788,0.008300996867,0,,,,,,,,1,28.61423731,77.21024214,16.7,,
7.61,-6.219432731,-6.326096749,4.251594963,0.005840375004,0.006197580669,0.001940908585,0,,,,,,,,1,28.61423776,77.21024378,16.7,,
7.62,-6.101359876,-6.362341438,4.304033553,0.009772737907,0.005060073283,0.003371027378,0,,,,,,,,1,28.6142382,77.21024541,16.7,,
7.63,-6.170800711,-6.382912554,4.245018056,0.008669373231,0.002043902974,0.004523885489,0,,,,,,,,1,28.61423864,77.21024705,16.7,,
7.64,-6.062954124,-6.399090784,4.223798956,0.001064472936,0.008362081329,0.002841467905,0,,,,,,,,1,28.61423909,77.21024868,16.7,,
7.65,-6.116876429,-6.404603767,4.302360616,0.00558406935,-0.001529036544,0.007478823815,0,,,,,,,,1,28.61423953,77.21025032,16.7,,
7.66,-6.171624343,-6.364819072,4.186067098,0.008354965666,0.00341629599,0.00289178819,0,,,,,,,,1,28.61423997,77.21025195,16.7,,
7.67,-6.164538439,-6.286620596,4.245741723,0.009791873544,0.002769962445,0.003575769394,0,,,,,,,,1,28.61424042,77.21025359,16.7,,
7.68,-6.129782874,-6.314240907,4.305708712,0.005481796588,0.002762166152,0.003247051921,0,,,,,,,,1,28.61424086,77.21025522,16.7,,
7.69,-6.177739188,-6.305886347,4.334598449,0.007020040499,0.008863664434,0.001968483214,0,,,,,,,,1,28.61424131,77.21025685,16.7,,
7.7,-6.137396385,-6.37891243,4.263258464,0.0006734921548,0.004282801726,0.004679934215,0,,,,,,,,1,28.61424175,77.21025849,16.7,,
7.71,-6.206625394,-6.313309802,4.198031939,0.001149091982,0.0126699663,0.005891626072,0,,,,,,,,1,28.61424219,77.21026012,16.7,,
7.72,-6.163721542,-6.29850569,4.207577978,0.005717136023,0.006291216936,0.001197509246,0,,,,,,,,1,28.61424264,77.21026176,16.7,,
7.73,-6.157265431,-6.293972544,4.202851401,0.00154416038,0.009264247964,-0.001576044869,0,,,,,,,,1,28.61424308,77.21026339,16.7,,
7.74,-6.165251692,-6.345383686,4.196464299,0.01077824842,0.002347050185,-0.003989910182,0,,,,,,,,1,28.61424353,77.21026503,16.7,,
7.75,-6.12375486,-6.29212373,4.304333847,0.0008123946056,0.009850698457,0.00278772027,0,,,,,,,,1,28.61424397,77.21026666,16.7,,
7.76,-6.183233502,-6.283011978,4.299825076,0.004202193394,0.002484236938,0.00493197942,0,,,,,,,,1,28.61424441,77.2102683,16.7,,
7.77,-6.151523901,-6.310624409,4.24691416,0.00614360747,0.00444709209,0.0009571153642,0,,,,,,,,1,28.61424486,77.21026993,16.7,,
7.78,-6.136160322,-6.28564651,4.281324119,0.004529270739,0.005262239019,0.005479313043,0,,,,,,,,1,28.6142453,77.21027156,16.7,,
7.79,-6.084610771,-6.356479105,4.259682077,0.00421128955,0.007593304311,0.0007771811297,0,,,,,,,,1,28.61424574,77.2102732,16.7,,
7.8,-6.187021994,-6.33175918,4.283721754,0.005529430649,0.00241468943,-7.335576073e-05,0,,,,,,,,1,28.61424619,77.21027483,16.7,,
7.81,-6.262432904,-6.40506608,4.274702259,0.005762675405,0.002898754878,0.007103261893,0,,,,,,,,1,28.61424663,77.21027647,16.7,,
7.82,-6.156412619,-6.423447934,4.244536275,0.003543407284,0.003524739292,-8.033515559e-05,0,,,,,,,,1,28.61424708,77.2102781,16.7,,
7.83,-6.071274036,-6.322918016,4.194355361,0.001491059509,0.0003904485702,0.01143213803,0,,,,,,,,1,28.61424752,77.21027974,16.7,,
7.84,-6.153679981,-6.431384667,4.253146418,0.004445026932,0.006265477977,0.00157312613,0,,,,,,,,1,28.61424796,77.21028137,16.7,,
7.85,-6.165913744,-6.300867806,4.23789674,0.005529639542,0.003149174824,0.006018158453,0,,,,,,,,1,28.61424841,77.210283,16.7,,
7.86,-6.189408257,-6.338399189,4.36361917,0.006181301607,0.002610378313,-2.761460054e-05,0,,,,,,,,1,28.61424885,77.21028464,16.7,,
7.87,-6.179457804,-6.30719323,4.222186147,0.009437119566,0.01104053172,-1.446368936e-05,0,,,,,,,,1,28.6142493,77.21028627,16.7,,
7.88,-6.190717574,-6.326481674,4.244097539,0.002071664997,-0.001452898892,0.004984732832,0,,,,,,,,1,28.61424974,77.21028791,16.7,,
7.89,-6.109035801,-6.309775093,4.296002499,0.008217308955,0.007389796561,0.006746008478,0,,,,,,,,1,28.61425018,77.21028954,16.7,,
7.9,-6.145382815,-6.295260915,4.264056263,0.005762328887,0.004051939107,0.003236947067,0,,,,,,,,1,28.61425063,77.21029118,16.7,,
7.91,-6.116400912,-6.421078582,4.264036736,0.005103787516,0.006887865259,0.005676733511,0,,,,,,,,1,28.61425107,77.21029281,16.7,,
7.92,-6.136610136,-6.31435671,4.26343228,0.007288924964,0.002342307991,0.007799028225,0,,,,,,,,1,28.61425151,77.21029445,16.7,,
7.93,-6.110172316,-6.366020996,4.21714075,0.005477105197,0.003737756577,0.005693628542,0,,,,,,,,1,28.61425196,77.21029608,16.7,,
7.94,-6.136386821,-6.350833497,4.267185044,0.007444816917,0.003508696267,0.003407167592,0,,,,,,,,1,28.6142524,77.21029771,16.7,,
7.95,-6.22927895,-6.406294758,4.332943301,0.002356484254,0.003003604591,0.008605023215,0,,,,,,,,1,28.61425285,77.21029935,16.7,,
7.96,-6.109181397,-6.319355081,4.337659554,0.002656855535,0.006796746735,0.003101402956,0,,,,,,,,1,28.61425329,77.21030098,16.7,,
7.97,-6.142220709,-6.281525794,4.243583215,0.003154670684,0.004413791216,0.002172041564,0,,,,,,,,1,28.61425373,77.21030262,16.7,,
7.98,-6.036697795,-6.452337391,4.262646128,0.006006786219,0.003318256386,0.01009748167,0,,,,,,,,1,28.61425418,77.21030425,16.7,,
7.99,-6.260852628,-6.326886839,4.306386841,0.003384716739,0.005478239546,0.0038714729,0,,,,,,,,1,28.61425462,77.21030589,16.7,,
8,-6.122120652,-6.328508343,4.268077359,0.009470159797,0.004190318035,0.0019502717,0,,,,,,,,0,28.61425507,77.21030752,16.7,,
8.01,-6.161373831,-6.364286761,4.274651307,0.002507536296,0.008319624938,0.003842531218,0,,,,,,,,0,28.61425551,77.21030916,16.7,,
8.02,-6.133718705,-6.264345076,4.282280595,0.008298531061,0.008053927657,0.002988743944,0,,,,,,,,0,28.61425595,77.21031079,16.7,,
8.03,-6.114335029,-6.320782754,4.236976468,0.004643766669,0.008642975878,0.001356967555,0,,,,,,,,0,28.6142564,77.21031242,16.7,,
8.04,-6.184753814,-6.27922908,4.209644334,0.002006414077,0.004020995206,0.004628001086,0,,,,,,,,0,28.61425684,77.21031406,16.7,,
8.05,-6.123510219,-6.297598294,4.230735976,0.003516346125,0.004835586542,0.006631376196,0,,,,,,,,0,28.61425728,77.21031569,16.7,,
8.06,-6.053441761,-6.311695156,4.262048964,0.007976934647,0.003034189776,0.004716793004,0,,,,,,,,0,28.61425773,77.21031733,16.7,,
8.07,-6.160756381,-6.264569526,4.196942088,0.006117416555,0.005580727345,0.008098689757,0,,,,,,,,0,28.61425817,77.21031896,16.7,,
8.08,-6.120376349,-6.35331393,4.340302498,0.002765615231,-0.001217303501,0.000296070202,0,,,,,,,,0,28.61425862,77.2103206,16.7,,
8.09,-6.134205301,-6.359212632,4.322726471,0.008465683928,0.0007864625177,0.004940265012,0,,,,,,,,0,28.61425906,77.21032223,16.7,,
8.1,-6.162596313,-6.272749576,4.302326366,0.007604904499,0.005641069908,0.003062313969,0,,,,,,,,0,28.6142595,77.21032386,16.7,,
8.11,-6.127326078,-6.289996039,4.246504939,0.003561512013,0.002045293095,0.002616033501,0,,,,,,,,0,28.61425995,77.2103255,16.7,,
8.12,-6.110853231,-6.361884526,4.279503235,0.007914387609,0.009580034463,0.00688670749,0,,,,,,,,0,28.61426039,77.21032713,16.7,,
8.13,-6.205604689,-6.276024604,4.167880804,0.004999444186,0.001011762631,0.009333659387,0,,,,,,,,0,28.61426083,77.21032877,16.7,,
8.14,-6.201652555,-6.318594108,4.271817537,0.007243299857,0.01243160867,0.004403623504,0,,,,,,,,0,28.61426128,77.2103304,16.7,,
8.15,-6.101122909,-6.413342342,4.238415021,0.002697961286,0.00496867538,0.0003845023758,0,,,,,,,,0,28.61426172,77.21033204,16.7,,
8.16,-6.128090202,-6.352644914,4.264702422,-0.002879755425,0.005452478652,0.00188564894,0,,,,,,,,0,28.61426217,77.21033367,16.7,,
8.17,-6.121443387,-6.337042908,4.216351457,0.008162890301,0.001672513082,-0.0005170641542,0,,,,,,,,0,28.61426261,77.21033531,16.7,,
8.18,-6.229202496,-6.367216923,4.208914148,0.009089615908,0.009813690661,0.0009474587507,0,,,,,,,,0,28.61426305,77.21033694,16.7,,
8.19,-6.230113115,-6.313342661,4.310625904,0.004880937077,0.006164004428,0.00154980655,0,,,,,,,,0,28.6142635,77.21033857,16.7,,
8.2,-6.151708754,-6.270597134,4.329560922,0.007631357767,0.005090923247,0.003039427915,0,,,,,,,,0,28.61426394,77.21034021,16.7,,
8.21,-6.119369234,-6.429863709,4.25266008,0.004735871676,0.01101825568,0.001152368998,0,,,,,,,,0,28.61426439,77.21034184,16.7,,
8.22,-6.072130671,-6.363350623,4.307762132,0.0003788587031,-0.0008904628425,0.004629067959,0,,,,,,,,0,28.61426483,77.21034348,16.7,,
8.23,-6.111603303,-6.368852661,4.237906063,0.009586804886,0.002978312987,0.001559510633,0,,,,,,,,0,28.61426527,77.21034511,16.7,,
8.24,-6.130537815,-6.406472269,4.272440775,0.005359458591,0.006841113334,0.005568198791,0,,,,,,,,0,28.61426572,77.21034675,16.7,,
8.25,-6.140421932,-6.370438574,4.238072394,0.009444778021,0.005670220725,0.005356245048,0,,,,,,,,0,28.61426616,77.21034838,16.7,,
8.26,-6.208751829,-6.426145981,4.210152429,0.009807911401,0.004732445489,-0.001302590069,0,,,,,,,,0,28.6142666,77.21035002,16.7,,
8.27,-6.02979937,-6.339793402,4.265222355,0.006486755915,0.006024843622,0.007338511887,0,,,,,,,,0,28.61426705,77.21035165,16.7,,
8.28,-6.166023703,-6.320566609,4.334140473,0.002653645689,0.002608646569,0.002365590221,0,,,,,,,,0,28.61426749,77.21035328,16.7,,
8.29,-6.169810936,-6.357267174,4.290963437,0.004453246895,0.003455417677,0.002465034002,0,,,,,,,,0,28.61426794,77.21035492,16.7,,
8.3,-6.129055094,-6.307861436,4.158495659,0.005125987959,0.008189822749,0.0003201484955,0,,,,,,,,0,28.61426838,77.21035655,16.7,,
8.31,-6.180288051,-6.240753214,4.228660595,-0.0004483214724,0.005440694385,-0.00175024845,0,,,,,,,,0,28.61426882,77.21035819,16.7,,
8.32,-6.114591219,-6.275402001,4.301504211,0.005538296167,0.005475962955,0.003654113406,0,,,,,,,,0,28.61426927,77.21035982,16.7,,
8.33,-6.108281583,-6.369378875,4.15248982,0.0068959164,0.0035812184,0.001409222786,0,,,,,,,,0,28.61426971,77.21036146,16.7,,
8.34,-6.153713404,-6.305692369,4.268790374,0.00513772376,0.008548440842,0.009987963338,0,,,,,,,,0,28.61427016,77.21036309,16.7,,
8.35,-6.127614648,-6.365900419,4.233164252,0.006625341415,0.005155984561,0.00465648699,0,,,,,,,,0,28.6142706,77.21036472,16.7,,
8.36,-6.156886088,-6.312254283,4.39629323,0.0004548524711,0.005595311139,0.001837667098,0,,,,,,,,0,28.61427104,77.21036636,16.7,,
8.37,-6.139475944,-6.354775221,4.272319772,0.005100069644,0.006124888204,0.0003447022921,0,,,,,,,,0,28.61427149,77.21036799,16.7,,
8.38,-6.110266882,-6.317419611,4.266283608,0.008506837296,0.005383589877,0.0005337716676,0,,,,,,,,0,28.61427193,77.21036963,16.7,,
8.39,-6.176546981,-6.352502244,4.310382479,0.005808149295,0.008095568176,0.002773384896,0,,,,,,,,0,28.61427237,77.21037126,16.7,,
8.4,-6.093730142,-6.390158465,4.308522754,0.01293971701,0.003501087746,0.004841366238,0,,,,,,,,0,28.61427282,77.2103729,16.7,,
8.41,-6.193868829,-6.229377733,4.289437855,0.001617263458,0.006961589681,0.00522545372,0,,,,,,,,0,28.61427326,77.21037453,16.7,,
8.42,-6.095043345,-6.338811105,4.273471429,-0.001647154355,0.003315184149,0.007167307306,0,,,,,,,,0,28.61427371,77.21037617,16.7,,
8.43,-6.067538864,-6.440283302,4.246813401,0.007981742659,-0.001472319104,7.054487155e-05,0,,,,,,,,0,28.61427415,77.2103778,16.7,,
8.44,-6.075325888,-6.359228368,4.271056714,0.004130121373,0.007868790402,0.002387792851,0,,,,,,,,0,28.61427459,77.21037943,16.7,,
8.45,-6.188214473,-6.268144259,4.173391124,0.004303424516,-0.001283166738,0.0005308190372,0,,,,,,,,0,28.61427504,77.21038107,16.7,,
8.46,-6.264525401,-6.329537205,4.284135326,0.00695851063,0.0081101567,0.003759363115,0,,,,,,,,0,28.61427548,77.2103827,16.7,,
8.47,-6.173817572,-6.431572195,4.275970682,0.001548388177,0.00634824098,0.007166024009,0,,,,,,,,0,28.61427593,77.21038434,16.7,,
8.48,-6.14666941,-6.341399901,4.226842048,0.006983398573,0.0005159830376,0.00482817066,0,,,,,,,,0,28.61427637,77.21038597,16.7,,
8.49,-6.179395884,-6.28491803,4.309645008,0.009723080872,0.004479457861,0.007924215418,0,,,,,,,,0,28.61427681,77.21038761,16.7,,
8.5,-6.142197178,-6.331003475,4.300123803,0.005341107534,0.003603536827,-0.001546337345,0,,,,,,,,0,28.61427726,77.21038924,16.7,,
8.51,-6.058506478,-6.440491331,4.318915457,0.007544137897,-0.003357871508,0.003645541459,0,,,,,,,,0,28.6142777,77.21039088,16.7,,
8.52,-6.152849283,-6.386342269,4.249118458,0.005113126518,0.00157754475,0.003926510166,0,,,,,,,,0,28.61427814,77.21039251,16.7,,
8.53,-6.128979768,-6.355394088,4.265141792,0.004280050041,0.004217099849,-0.0006866128977,0,,,,,,,,0,28.61427859,77.21039414,16.7,,
8.54,-6.146117779,-6.383364833,4.271979528,0.00543250531,0.005641241695,0.004123140447,0,,,,,,,,0,28.61427903,77.21039578,16.7,,
8.55,-6.14701565,-6.335770506,4.29107858,0.006864759067,-0.00144584837,0.006227985618,0,,,,,,,,0,28.61427948,77.21039741,16.7,,
8.56,-6.120017035,-6.341263346,4.280720448,0.003188566637,0.004580143979,0.0006979380086,0,,,,,,,,0,28.61427992,77.21039905,16.7,,
8.57,-6.109794689,-6.324191316,4.328990311,0.002800842545,0.001846185757,0.001805555889,0,,,,,,,,0,28.61428036,77.21040068,16.7,,
8.58,-6.178551734,-6.383600536,4.170054024,0.01123825149,0.01228567245,0.006683027376,0,,,,,,,,0,28.61428081,77.21040232,16.7,,
8.59,-6.110057247,-6.353370045,4.247546395,0.004960394788,0.006328687619,0.006335294301,0,,,,,,,,0,28.61428125,77.21040395,16.7,,
8.6,-6.070361658,-6.293418865,4.248699172,0.007858262104,0.007049542978,0.00281831462,0,,,,,,,,0,28.6142817,77.21040558,16.7,,
8.61,-6.156438255,-6.327493728,4.322937401,0.005356060011,-0.000179514308,0.002872660148,0,,,,,,,,0,28.61428214,77.21040722,16.7,,
8.62,-6.146931359,-6.330702615,4.177222027,0.004288263789,0.001526387273,0.011595564,0,,,,,,,,0,28.61428258,77.21040885,16.7,,
8.63,-6.120082666,-6.348389129,4.210890889,0.00329999438,0.002223487496,0.001006849689,0,,,,,,,,0,28.61428303,77.21041049,16.7,,
8.64,-6.221221489,-6.305795425,4.189409526,0.003594092631,0.002538927711,0.006103685969,0,,,,,,,,0,28.61428347,77.21041212,16.7,,
8.65,-6.031806967,-6.446844098,4.23815666,0.005757058985,0.003528370569,0.003068665628,0,,,,,,,,0,28.61428391,77.21041376,16.7,,
8.66,-6.222697764,-6.363112593,4.338083036,0.005723149989,0.0028178369,0.001522216404,0,,,,,,,,0,28.61428436,77.21041539,16.7,,
8.67,-6.190580474,-6.426215198,4.284439114,0.002472538935,0.004862367205,0.001706666985,0,,,,,,,,0,28.6142848,77.21041703,16.7,,
8.68,-6.110005705,-6.331430089,4.172383103,0.009391101184,0.009329366141,0.001425377109,0,,,,,,,,0,28.61428525,77.21041866,16.7,,
8.69,-6.122640001,-6.394349042,4.257487865,0.003305532698,0.00629281181,0.0004023125857,0,,,,,,,,0,28.61428569,77.21042029,16.7,,
8.7,-6.059053687,-6.396917795,4.320982172,0.01159028165,0.009285432022,0.002638587002,0,,,,,,,,0,28.61428613,77.21042193,16.7,,
8.71,-6.123237542,-6.418673035,4.361394334,0.003955573152,0.00490650247,0.006380444045,0,,,,,,,,0,28.61428658,77.21042356,16.7,,
8.72,-6.198740237,-6.34608617,4.241009227,0.01195551633,0.007441046943,0.003798702389,0,,,,,,,,0,28.61428702,77.2104252,16.7,,
8.73,-6.099970891,-6.374235186,4.206189862,0.003282471608,0.006160957661,0.00489680063,0,,,,,,,,0,28.61428746,77.21042683,16.7,,
8.74,-6.085496679,-6.361818338,4.278529729,0.001409316771,0.006940736933,0.00147233632,0,,,,,,,,0,28.61428791,77.21042847,16.7,,
8.75,-6.124771601,-6.290415959,4.250782916,0.005010239793,0.00497660447,0.003848415337,0,,,,,,,,0,28.61428835,77.2104301,16.7,,
8.76,-6.164135017,-6.344660273,4.252161965,0.002139584766,0.004952516253,0.001494171259,0,,,,,,,,0,28.6142888,77.21043174,16.7,,
8.77,-6.117306064,-6.348603687,4.21232083,0.004682939753,0.000515136853,0.006430958399,0,,,,,,,,0,28.61428924,77.21043337,16.7,,
8.78,-6.185644648,-6.336353559,4.269992868,0.000242817408,-0.003430311064,0.005135396926,0,,,,,,,,0,28.61428968,77.210435,16.7,,
8.79,-6.170882489,-6.355232707,4.270660563,0.002399414255,0.009716294047,0.004403978944,0,,,,,,,,0,28.61429013,77.21043664,16.7,,
8.8,-6.13229824,-6.367435634,4.230851067,0.005141807975,0.0004464237844,0.005475973721,0,,,,,,,,0,28.61429057,77.21043827,16.7,,
8.81,-6.08758938,-6.391780372,4.259941343,0.01306925133,0.003865316785,0.002848402028,0,,,,,,,,0,28.61429102,77.21043991,16.7,,
8.82,-6.129535463,-6.369607666,4.29802677,0.003912986143,0.006835797926,0.002896000378,0,,,,,,,,0,28.61429146,77.21044154,16.7,,
8.83,-6.198141405,-6.282996958,4.300290821,0.007998345268,0.004041810272,0.0001658334135,0,,,,,,,,0,28.6142919,77.21044318,16.7,,
8.84,-6.149659948,-6.316479244,4.243390814,0.005855310026,0.006345704749,0.003946210966,0,,,,,,,,0,28.61429235,77.21044481,16.7,,
8.85,-6.108844282,-6.287824089,4.229356669,0.006506068369,0.003952242184,0.006231464168,0,,,,,,,,0,28.61429279,77.21044644,16.7,,
8.86,-6.125341912,-6.346633827,4.326128248,0.0009751926023,0.00313857384,-0.0008831123661,0,,,,,,,,0,28.61429323,77.21044808,16.7,,
8.87,-6.18114586,-6.291379058,4.272814309,0.005669009926,0.005772150796,0.001126480418,0,,,,,,,,0,28.61429368,77.21044971,16.7,,
8.88,-6.133903758,-6.363903235,4.302741353,0.005671165789,0.003871720593,0.003531868485,0,,,,,,,,0,28.61429412,77.21045135,16.7,,
8.89,-6.070338959,-6.372961298,4.315581224,0.005466821126,0.005607780013,0.0007619947009,0,,,,,,,,0,28.61429457,77.21045298,16.7,,
8.9,-6.043585342,-6.444195142,4.328200286,0.005427512751,0.002597810883,0.003478087346,0,,,,,,,,0,28.61429501,77.21045462,16.7,,
8.91,-6.131625681,-6.363279275,4.199628189,0.004141418748,0.0056547711,0.0008210469811,0,,,,,,,,0,28.61429545,77.21045625,16.7,,
8.92,-6.163246756,-6.341619505,4.306815912,0.006020454836,0.001049136532,0.0009826976386,0,,,,,,,,0,28.6142959,77.21045789,16.7,,
8.93,-6.214578408,-6.293590229,4.226394687,0.003054446765,0.0005395383798,0.007594639568,0,,,,,,,,0,28.61429634,77.21045952,16.7,,
8.94,-6.080699039,-6.342221472,4.214566652,0.005660084872,0.00728610645,0.002338713186,0,,,,,,,,0,28.61429679,77.21046115,16.7,,
8.95,-6.145806831,-6.369600848,4.318547357,0.006668710443,0.004330221532,0.0005331776576,0,,,,,,,,0,28.61429723,77.21046279,16.7,,
8.96,-6.15731694,-6.3686798,4.273422696,0.01061183682,0.002904540206,0.004416965001,0,,,,,,,,0,28.61429767,77.21046442,16.7,,
8.97,-6.054311474,-6.352559935,4.243180511,0.006783717822,0.006748107991,0.006343024145,0,,,,,,,,0,28.61429812,77.21046606,16.7,,
8.98,-6.208607545,-6.291296163,4.211348357,0.005067987714,0.001283237714,0.004604179604,0,,,,,,,,0,28.61429856,77.21046769,16.7,,
8.99,-6.175169119,-6.360577106,4.278076162,0.007505174092,0.01170388435,0.004944657243,0,,,,,,,,0,28.614299,77.21046933,16.7,,
9,-6.101223711,-6.400025888,4.225190508,0.003636665124,0.004311898475,0.008740840145,0,,,,,,,,0,28.61429945,77.21047096,16.7,,
9.01,-6.117900423,-6.310027609,4.287564169,0.001982594264,0.007048246481,0.002216103131,0,,,,,,,,0,28.61429989,77.2104726,16.7,,
9.02,-6.076851357,-6.246298659,4.250076192,0.005619321126,0.01262657997,0.007867799148,0,,,,,,,,0,28.61430034,77.21047423,16.7,,
9.03,-6.208647219,-6.393912564,4.238098936,0.004100592938,-6.554805325e-05,0.008326343907,0,,,,,,,,0,28.61430078,77.21047586,16.7,,
9.04,-6.119677974,-6.39929817,4.250464468,0.006094171694,0.000356419042,0.004651682202,0,,,,,,,,0,28.61430122,77.2104775,16.7,,
9.05,-6.135119898,-6.311831482,4.346682639,0.004958729931,0.00250892043,0.001726898124,0,,,,,,,,0,28.61430167,77.21047913,16.7,,
9.06,-6.047930509,-6.459181796,4.224253262,0.005470060789,0.0002606812189,0.003345201868,0,,,,,,,,0,28.61430211,77.21048077,16.7,,
9.07,-6.091487441,-6.26730491,4.265144619,0.001852161498,0.003694036034,0.00928399206,0,,,,,,,,0,28.61430256,77.2104824,16.7,,
9.08,-6.129886468,-6.323620108,4.246954313,-0.0003311006522,0.006367385297,0.003121984598,0,,,,,,,,0,28.614303,77.21048404,16.7,,
9.09,-6.095062255,-6.398270243,4.215223413,0.01063574656,0.001678378532,0.004472143021,0,,,,,,,,0,28.61430344,77.21048567,16.7,,
9.1,-6.079817071,-6.331007768,4.208892271,0.01231336217,0.005152049116,0.004285172236,0,,,,,,,,0,28.61430389,77.2104873,16.7,,
9.11,-6.235079705,-6.246605332,4.293207352,0.002244067333,0.0008548665959,0.00187281998,0,,,,,,,,0,28.61430433,77.21048894,16.7,,
9.12,-6.202359506,-6.380110901,4.252469086,0.003429206231,0.008122463883,0.006977885199,0,,,,,,,,0,28.61430477,77.21049057,16.7,,
9.13,-6.099115439,-6.307797084,4.181738008,0.007893551297,0.003726338447,0.001839680397,0,,,,,,,,0,28.61430522,77.21049221,16.7,,
9.14,-6.065344576,-6.295294783,4.249400547,0.006265081696,0.004016248051,0.002882598538,0,,,,,,,,0,28.61430566,77.21049384,16.7,,
9.15,-6.222496495,-6.351093175,4.300538191,0.0005617527432,0.006664418759,0.006069380531,0,,,,,,,,0,28.61430611,77.21049548,16.7,,
9.16,-6.192889626,-6.297885295,4.289556376,0.007557488196,0.001907057181,0.0004271905499,0,,,,,,,,0,28.61430655,77.21049711,16.7,,
9.17,-6.167775262,-6.313603586,4.327661431,0.004984265803,0.001897187312,-0.0008636854587,0,,,,,,,,0,28.61430699,77.21049875,16.7,,
9.18,-6.129722545,-6.378833215,4.252203421,0.002017236974,0.004970870275,0.005765977415,0,,,,,,,,0,28.61430744,77.21050038,16.7,,
9.19,-6.175241938,-6.345854816,4.335913154,0.006635431903,0.00667796622,0.005196107935,0,,,,,,,,0,28.61430788,77.21050201,16.7,,
9.2,-6.191273361,-6.226546294,4.203403797,0.001310212898,0.005860180063,0.005051838664,0,,,,,,,,0,28.61430832,77.21050365,16.7,,
9.21,-5.993201345,-6.27171073,4.265348997,0.005463490738,0.003769444079,0.005220264186,0,,,,,,,,0,28.61430877,77.21050528,16.7,,
9.22,-6.179258827,-6.3160358,4.149257023,0.007727458939,0.00993370415,0.01297665651,0,,,,,,,,0,28.61430921,77.21050692,16.7,,
9.23,-6.195674568,-6.249862108,4.256771527,0.005858103857,0.006856701593,0.002458095158,0,,,,,,,,0,28.61430966,77.21050855,16.7,,
9.24,-6.138821155,-6.459959011,4.240834149,0.004507658562,0.008133787888,0.001216648687,0,,,,,,,,0,28.6143101,77.21051019,16.7,,
9.25,-6.226447463,-6.378014531,4.224905836,0.006064235888,0.001202002742,0.006628741951,0,,,,,,,,0,28.61431054,77.21051182,16.7,,
9.26,-6.195566787,-6.259772298,4.221550538,0.005905115668,0.007588093044,0.004532766391,0,,,,,,,,0,28.61431099,77.21051346,16.7,,
9.27,-6.136052724,-6.291782413,4.331851775,0.01177783539,0.003358777245,0.00714198703,0,,,,,,,,0,28.61431143,77.21051509,16.7,,
9.28,-6.120941579,-6.415915814,4.323688432,0.008973239671,0.005517965922,0.002148371798,0,,,,,,,,0,28.61431188,77.21051672,16.7,,
9.29,-6.137579846,-6.285625889,4.294678918,-0.0009315565065,0.005951929983,0.0009094174269,0,,,,,,,,0,28.61431232,77.21051836,16.7,,
9.3,-6.118195438,-6.336949868,4.25692511,8.048800997e-05,0.004373487739,0.00651107823,0,,,,,,,,0,28.61431276,77.21051999,16.7,,
9.31,-6.223362355,-6.403800236,4.272181417,0.01046167027,0.0004951451212,0.003327353281,0,,,,,,,,0,28.61431321,77.21052163,16.7,,
9.32,-6.136262778,-6.32583805,4.285291771,0.00947063718,0.004057766493,0.004109685697,0,,,,,,,,0,28.61431365,77.21052326,16.7,,
9.33,-6.149659917,-6.374630791,4.21184854,0.003315674852,0.005893275042,0.0007766103961,0,,,,,,,,0,28.61431409,77.2105249,16.7,,
9.34,-6.138579664,-6.36728372,4.2187315,0.00200489837,0.003481640688,0.00606943937,0,,,,,,,,0,28.61431454,77.21052653,16.7,,
9.35,-6.162404561,-6.329370325,4.210323767,0.00426444863,0.004090816743,0.004925600009,0,,,,,,,,0,28.61431498,77.21052816,16.7,,
9.36,-6.113323318,-6.243545056,4.254217506,0.002421125359,0.0008242302378,0.004761388248,0,,,,,,,,0,28.61431543,77.2105298,16.7,,
9.37,-6.091191103,-6.307859924,4.228078516,0.00926216762,0.005449019173,0.00532538936,0,,,,,,,,0,28.61431587,77.21053143,16.7,,
9.38,-6.037159804,-6.339826852,4.266465935,0.003452211335,0.00679914904,0.005928403828,0,,,,,,,,0,28.61431631,77.21053307,16.7,,
9.39,-6.141495145,-6.326300513,4.288403532,0.005932753371,0.001942465694,0.005744100777,0,,,,,,,,0,28.61431676,77.2105347,16.7,,
9.4,-6.116847683,-6.339065645,4.247765002,0.005840331625,0.0008651622313,0.003503059424,0,,,,,,,,0,28.6143172,77.21053634,16.7,,
9.41,-6.074369183,-6.332366142,4.202964693,0.004864387368,0.00929872426,0.01004329661,0,,,,,,,,0,28.61431765,77.21053797,16.7,,
9.42,-6.148753987,-6.312506754,4.284488528,0.0008690729608,0.004963703074,0.0003911616487,0,,,,,,,,0,28.61431809,77.21053961,16.7,,
9.43,-6.164507915,-6.347072273,4.207513429,0.001497078488,0.0008469358058,0.001203964221,0,,,,,,,,0,28.61431853,77.21054124,16.7,,
9.44,-6.129828548,-6.306276856,4.359976449,0.008672254827,0.003692320322,-0.001043010805,0,,,,,,,,0,28.61431898,77.21054287,16.7,,
9.45,-6.181982511,-6.324630717,4.268561564,0.001496998981,0.005302031773,0.003295503394,0,,,,,,,,0,28.61431942,77.21054451,16.7,,
9.46,-6.249610135,-6.271769903,4.32130462,0.008359804787,0.005888611263,0.00554872325,0,,,,,,,,0,28.61431986,77.21054614,16.7,,
9.47,-6.118888014,-6.319388561,4.255275197,0.001859223,0.00409841121,0.008667082908,0,,,,,,,,0,28.61432031,77.21054778,16.7,,
9.48,-6.125526858,-6.326895671,4.278064494,0.004766900175,0.004771241046,0.006869797667,0,,,,,,,,0,28.61432075,77.21054941,16.7,,
9.49,-6.189183019,-6.435811049,4.177786094,0.0007602364012,2.672755855e-05,0.00932786903,0,,,,,,,,0,28.6143212,77.21055105,16.7,,
9.5,-6.096287477,-6.244460189,4.320593548,0.008536667891,0.004953757319,0.008163643064,0,,,,,,,,0,28.61432164,77.21055268,16.7,,
9.51,-6.14436832,-6.400267496,4.271854206,0.005116063272,0.006677136697,-0.0009580623146,0,,,,,,,,0,28.61432208,77.21055432,16.7,,
9.52,-6.179486047,-6.32226806,4.268963557,-0.0001007407346,0.005926991832,0.0006477831237,0,,,,,,,,0,28.61432253,77.21055595,16.7,,
9.53,-6.206460142,-6.299660731,4.295186326,0.003899806574,0.0006674182245,0.005372045353,0,,,,,,,,0,28.61432297,77.21055758,16.7,,
9.54,-6.096278434,-6.333061308,4.240755647,0.002464765298,0.007944798459,-0.0006228186587,0,,,,,,,,0,28.61432342,77.21055922,16.7,,
9.55,-6.085746341,-6.335374359,4.303302553,0.008084129336,0.002434733436,0.006763861542,0,,,,,,,,0,28.61432386,77.21056085,16.7,,
9.56,-6.146236779,-6.39158241,4.243916467,0.003521719796,0.003332618052,0.006463663409,0,,,,,,,,0,28.6143243,77.21056249,16.7,,
9.57,-6.208496813,-6.384002434,4.242594867,0.001374819857,0.007147388414,0.003191548677,0,,,,,,,,0,28.61432475,77.21056412,16.7,,
9.58,-6.174304727,-6.225428143,4.217746373,0.00127801336,0.001844596634,-0.0006816739905,0,,,,,,,,0,28.61432519,77.21056576,16.7,,
9.59,-6.163497888,-6.318014611,4.366164716,0.002024981543,0.002493983769,0.003459111456,0,,,,,,,,0,28.61432563,77.21056739,16.7,,
9.6,-6.140124305,-6.309368192,4.252636865,0.002294942733,-0.00229832151,0.003935039103,0,,,,,,,,0,28.61432608,77.21056903,16.7,,
9.61,-6.189006314,-6.369824956,4.309348276,0.008285435095,0.001286793067,0.004635305454,0,,,,,,,,0,28.61432652,77.21057066,16.7,,
9.62,-6.148837339,-6.336749948,4.262587619,0.005657798844,0.009826683503,0.009672289213,0,,,,,,,,0,28.61432697,77.21057229,16.7,,
9.63,-6.080739873,-6.259041831,4.266375583,0.003595479853,0.006405820021,0.002831912708,0,,,,,,,,0,28.61432741,77.21057393,16.7,,
9.64,-6.16814875,-6.357360071,4.191141973,0.00579760747,0.008035375072,-0.0006026955227,0,,,,,,,,0,28.61432785,77.21057556,16.7,,
9.65,-6.157770161,-6.308644783,4.292011924,0.008352740052,0.00770156332,0.003415630686,0,,,,,,,,0,28.6143283,77.2105772,16.7,,
9.66,-6.17214095,-6.338903005,4.243954082,0.005951443892,0.01110192604,0.002041674643,0,,,,,,,,0,28.61432874,77.21057883,16.7,,
9.67,-6.141266234,-6.288201128,4.277186551,0.005611181224,-0.002694758396,0.002784986956,0,,,,,,,,0,28.61432919,77.21058047,16.7,,
9.68,-6.179835241,-6.357938781,4.229830371,0.007313624566,0.002630365183,0.0009284282903,0,,,,,,,,0,28.61432963,77.2105821,16.7,,
9.69,-6.13732487,-6.354537105,4.197815728,-0.0005360211008,0.001310248064,0.003421864245,0,,,,,,,,0,28.61433007,77.21058373,16.7,,
9.7,-6.172789405,-6.30340226,4.208126174,0.004244235738,0.002193672417,-0.0005440707969,0,,,,,,,,0,28.61433052,77.21058537,16.7,,
9.71,-6.193898587,-6.323947074,4.365118786,0.0008741634829,-0.001272845219,0.00461890563,0,,,,,,,,0,28.61433096,77.210587,16.7,,
9.72,-6.127905297,-6.379850665,4.248142,0.003330783308,0.004641697187,0.00454888029,0,,,,,,,,0,28.6143314,77.21058864,16.7,,
9.73,-6.119452263,-6.26415649,4.339265415,0.0002353553302,0.00374544285,0.007063815829,0,,,,,,,,0,28.61433185,77.21059027,16.7,,
9.74,-6.194264951,-6.362841826,4.252172227,0.005323845849,0.007475472977,0.00451188592,0,,,,,,,,0,28.61433229,77.21059191,16.7,,
9.75,-6.143159765,-6.307000503,4.281055522,0.002951650077,0.004986470471,0.00234567701,0,,,,,,,,0,28.61433274,77.21059354,16.7,,
9.76,-6.148846345,-6.263411368,4.268214145,0.005889188659,0.00730713393,0.0003707140156,0,,,,,,,,0,28.61433318,77.21059518,16.7,,
9.77,-6.215514081,-6.337421492,4.240880853,0.007183842128,-0.001956694129,0.008003640315,0,,,,,,,,0,28.61433362,77.21059681,16.7,,
9.78,-6.152543574,-6.245967815,4.288950739,0.002324426695,0.001688780175,0.005848413602,0,,,,,,,,0,28.61433407,77.21059844,16.7,,
9.79,-6.207785361,-6.330682768,4.287260156,0.006518967715,0.005766260576,0.00473426194,0,,,,,,,,0,28.61433451,77.21060008,16.7,,
9.8,-6.164623519,-6.29490644,4.240290857,-0.000251455471,0.002360941446,0.006305061432,0,,,,,,,,0,28.61433495,77.21060171,16.7,,
9.81,-6.108965886,-6.366511676,4.224232743,0.002160858092,0.006852751392,0.001753552491,0,,,,,,,,0,28.6143354,77.21060335,16.7,,
9.82,-6.100869298,-6.41168023,4.365406167,0.003104987553,0.003213942771,0.004516799142,0,,,,,,,,0,28.61433584,77.21060498,16.7,,
9.83,-6.150599262,-6.43949958,4.203413048,0.007092450315,0.004008117662,0.003158741917,0,,,,,,,,0,28.61433629,77.21060662,16.7,,
9.84,-6.187957224,-6.448093296,4.339805646,0.007561190583,0.01072465127,0.003591339604,0,,,,,,,,0,28.61433673,77.21060825,16.7,,
9.85,-6.011458136,-6.372893936,4.288730473,0.007016770489,0.00497185206,0.005056406201,0,,,,,,,,0,28.61433717,77.21060989,16.7,,
9.86,-6.042911793,-6.360458444,4.297509185,0.002453390366,0.007462747196,0.006099207596,0,,,,,,,,0,28.61433762,77.21061152,16.7,,
9.87,-6.094664378,-6.418865189,4.279802138,0.007235570797,0.00580383493,0.003231514946,0,,,,,,,,0,28.61433806,77.21061315,16.7,,
9.88,-6.087649458,-6.331826077,4.274420708,0.004681852774,0.00897362098,0.002421780884,0,,,,,,,,0,28.61433851,77.21061479,16.7,,
9.89,-6.081796192,-6.271000488,4.261530758,0.004926979137,0.001031445419,0.001769867322,0,,,,,,,,0,28.61433895,77.21061642,16.7,,
9.9,-6.238829006,-6.354057863,4.262261335,0.003722579283,0.004428391831,0.002936706051,0,,,,,,,,0,28.61433939,77.21061806,16.7,,
9.91,-6.141510318,-6.328605306,4.230110451,-0.004536330724,0.005793240758,-0.001761656965,0,,,,,,,,0,28.61433984,77.21061969,16.7,,
9.92,-6.14118244,-6.409736379,4.377951164,0.004091201868,0.003348766043,0.007845090667,0,,,,,,,,0,28.61434028,77.21062133,16.7,,
9.93,-6.159851753,-6.360246752,4.333114245,0.008920869191,0.00498748025,0.006445033652,0,,,,,,,,0,28.61434072,77.21062296,16.7,,
9.94,-6.150511414,-6.327772578,4.374667579,0.004930271506,0.006776511481,0.007030737261,0,,,,,,,,0,28.61434117,77.21062459,16.7,,
9.95,-6.187836607,-6.335704256,4.281763364,0.004595644971,0.0008210894883,-0.008169746205,0,,,,,,,,0,28.61434161,77.21062623,16.7,,
9.96,-6.098077093,-6.374865805,4.240463726,0.009145439186,0.005509585915,0.0002522570199,0,,,,,,,,0,28.61434206,77.21062786,16.7,,
9.97,-6.227961491,-6.294538619,4.246318303,0.004218242521,0.007429688793,0.002328588082,0,,,,,,,,0,28.6143425,77.2106295,16.7,,
9.98,-6.16996452,-6.32313485,4.319980033,0.003118592954,0.005026779543,0.001740446836,0,,,,,,,,0,28.61434294,77.21063113,16.7,,
9.99,-6.18073726,-6.433428269,4.215557158,0.002543315866,0.01221551283,0.004505509966,0,,,,,,,,0,28.61434339,77.21063277,16.7,,
10,-6.116828917,-6.327185134,4.223700972,0.003627178856,0.002230035484,0.0004723444244,0,,,,,,,,0,28.61434383,77.2106344,16.7,,
10.01,-6.127136167,-6.357537949,4.26537004,0.005067154732,0.009248459506,0.003631521314,0,,,,,,,,0,28.61434428,77.21063604,16.7,,
10.02,-6.185267589,-6.407222369,4.274074087,0.005563089501,0.001369327624,0.002735270709,0,,,,,,,,0,28.61434472,77.21063767,16.7,,
10.03,-6.120461887,-6.338721887,4.183409887,0.003785984155,0.001590738002,0.002851444824,0,,,,,,,,0,28.61434516,77.2106393,16.7,,
10.04,-6.111641401,-6.288632803,4.234291593,0.01079788117,0.009452351671,0.00832725522,0,,,,,,,,0,28.61434561,77.21064094,16.7,,
10.05,-6.150386893,-6.343756593,4.246580014,0.003958615723,0.006296304419,-0.0003048889461,0,,,,,,,,0,28.61434605,77.21064257,16.7,,
10.06,-6.144687269,-6.291572775,4.291518009,0.01054369684,0.002965516664,0.002162392746,0,,,,,,,,0,28.61434649,77.21064421,16.7,,
10.07,-6.233266434,-6.354457485,4.253653327,0.008147712871,0.006051119247,0.006396587851,0,,,,,,,,0,28.61434694,77.21064584,16.7,,
10.08,-6.199554774,-6.464524202,4.305951085,0.008326987038,0.004170863838,0.002270052351,0,,,,,,,,0,28.61434738,77.21064748,16.7,,
10.09,-6.124708514,-6.318289435,4.249010527,0.0009778319824,0.01017978527,0.008963347872,0,,,,,,,,0,28.61434783,77.21064911,16.7,,
10.1,-6.081997124,-6.254854389,4.323643302,0.002887217801,0.01324214602,-0.002688615363,0,,,,,,,,0,28.61434827,77.21065075,16.7,,
10.11,-6.108842413,-6.257654721,4.274306677,0.00793103283,0.007576581736,0.001731815939,0,,,,,,,,0,28.61434871,77.21065238,16.7,,
10.12,-6.113697204,-6.399500638,4.246156214,0.007950857663,0.007146414674,0.002852264057,0,,,,,,,,0,28.61434916,77.21065401,16.7,,
10.13,-6.0923842,-6.29301746,4.297144107,0.008280631028,0.004162761149,0.007358541138,0,,,,,,,,0,28.6143496,77.21065565,16.7,,
10.14,-6.146110353,-6.42222696,4.238611968,0.002352019212,0.002554887096,0.005914373859,0,,,,,,,,0,28.61435005,77.21065728,16.7,,
10.15,-6.101143776,-6.418562483,4.280879418,0.007683069494,0.007200329427,0.002323790027,0,,,,,,,,0,28.61435049,77.21065892,16.7,,
10.16,-6.181370861,-6.365083145,4.20655781,0.006054515607,0.002383876672,0.006415495623,0,,,,,,,,0,28.61435093,77.21066055,16.7,,
10.17,-6.077748184,-6.32989091,4.262906596,0.005557526941,0.002458052223,0.002968370273,0,,,,,,,,0,28.61435138,77.21066219,16.7,,
10.18,-6.020413038,-6.373104455,4.276262788,0.006195804435,-0.001137408373,0.001804806978,0,,,,,,,,0,28.61435182,77.21066382,16.7,,
10.19,-6.107722842,-6.327424311,4.271389701,0.008822752006,-0.001770774398,0.004885368121,0,,,,,,,,0,28.61435226,77.21066545,16.7,,
10.2,-6.214548042,-6.372607243,4.226379591,0.007186170439,-0.0007788193866,0.0002829272792,0,,,,,,,,0,28.61435271,77.21066709,16.7,,
10.21,-6.199098721,-6.323182938,4.190090085,0.0006694492131,0.0001870959901,0.002911172225,0,,,,,,,,0,28.61435315,77.21066872,16.7,,
10.22,-6.094903407,-6.291908094,4.253722343,-0.001261950277,0.00606522461,0.004074146029,0,,,,,,,,0,28.6143536,77.21067036,16.7,,
10.23,-6.140514563,-6.319139415,4.208805414,0.006152026921,0.002205051801,2.139426492e-05,0,,,,,,,,0,28.61435404,77.21067199,16.7,,
10.24,-6.153839761,-6.281996365,4.256370365,0.00545636648,0.003511894716,0.003674960517,0,,,,,,,,0,28.61435448,77.21067363,16.7,,
10.25,-6.072211524,-6.30494487,4.249517643,0.001034160489,0.002311224019,0.001339118073,0,,,,,,,,0,28.61435493,77.21067526,16.7,,
10.26,-6.159977416,-6.292828822,4.25786087,0.002382730458,0.003996990211,0.002723441091,0,,,,,,,,0,28.61435537,77.2106769,16.7,,
10.27,-6.099426468,-6.448538175,4.242043156,0.004941796162,0.003942889332,0.003052862233,0,,,,,,,,0,28.61435581,77.21067853,16.7,,
10.28,-6.221940733,-6.317761331,4.260044189,0.007495969102,0.004518956161,0.006856327437,0,,,,,,,,0,28.61435626,77.21068016,16.7,,
10.29,-6.08326671,-6.382797964,4.333539439,0.005461437529,0.003435744434,0.00419805632,0,,,,,,,,0,28.6143567,77.2106818,16.7,,
10.3,-6.090549093,-6.372706668,4.336433191,0.00583291832,0.004338644402,0.002722280092,0,,,,,,,,0,28.61435715,77.21068343,16.7,,
10.31,-6.091008522,-6.3864838,4.281946952,0.003027405222,0.004981216389,0.003106873838,0,,,,,,,,0,28.61435759,77.21068507,16.7,,
10.32,-6.137699876,-6.319199401,4.261455542,0.01292687384,0.003674652039,0.005316038797,0,,,,,,,,0,28.61435803,77.2106867,16.7,,
10.33,-6.088817949,-6.347163548,4.283363609,0.006439917539,0.008640744673,0.0023663565,0,,,,,,,,0,28.61435848,77.21068834,16.7,,
10.34,-6.15542455,-6.366172851,4.171790417,0.005311824225,0.008344400011,0.003804336731,0,,,,,,,,0,28.61435892,77.21068997,16.7,,
10.35,-6.123663652,-6.343433204,4.275999768,0.003068861723,0.004894872893,0.004080828336,0,,,,,,,,0,28.61435937,77.21069161,16.7,,
10.36,-6.142925914,-6.372112871,4.213056246,0.006144045322,-0.005086350974,0.004125991413,0,,,,,,,,0,28.61435981,77.21069324,16.7,,
10.37,-6.145571958,-6.41600239,4.223059663,0.005195260747,0.006800460585,0.003252997098,0,,,,,,,,0,28.61436025,77.21069487,16.7,,
10.38,-6.140950025,-6.348855894,4.264323913,0.002484519921,0.004083951283,0.0002324941227,0,,,,,,,,0,28.6143607,77.21069651,16.7,,
10.39,-6.208496367,-6.365213344,4.208986052,-0.0009750004204,0.003466519086,0.005649550514,0,,,,,,,,0,28.61436114,77.21069814,16.7,,
10.4,-6.09353963,-6.341166348,4.259391226,0.005994368192,0.001809161187,0.0105208381,0,,,,,,,,0,28.61436158,77.21069978,16.7,,
10.41,-6.111650265,-6.277663316,4.206345849,0.006106686543,0.009014387077,0.005981088125,0,,,,,,,,0,28.61436203,77.21070141,16.7,,
10.42,-6.12740291,-6.386291595,4.22147232,0.004788948087,0.003350200119,0.002029859859,0,,,,,,,,0,28.61436247,77.21070305,16.7,,
10.43,-6.166500513,-6.375166583,4.301487265,0.002664918405,0.004509219841,-0.002078956163,0,,,,,,,,0,28.61436292,77.21070468,16.7,,
10.44,-6.133661386,-6.395928859,4.231957109,0.005264542731,0.001840851245,0.001274792718,0,,,,,,,,0,28.61436336,77.21070631,16.7,,
10.45,-6.171723696,-6.283524235,4.326770415,0.000384633901,0.003532103033,0.002408379822,0,,,,,,,,0,28.6143638,77.21070795,16.7,,
10.46,-6.029182845,-6.420805293,4.251643866,0.005545044795,0.006677091527,9.980496107e-05,0,,,,,,,,0,28.61436425,77.21070958,16.7,,
10.47,-6.04427059,-6.33183606,4.284982363,0.002751421593,0.000778551722,0.008595014711,0,,,,,,,,0,28.61436469,77.21071122,16.7,,
10.48,-6.136092706,-6.349543855,4.365934026,-0.003053891703,0.006633964389,0.004455688503,0,,,,,,,,0,28.61436514,77.21071285,16.7,,
10.49,-6.199454427,-6.235466924,4.259151402,0.005762184389,0.004764887309,0.003287779983,0,,,,,,,,0,28.61436558,77.21071449,16.7,,
10.5,-6.042920825,-6.370433161,4.260256672,0.001815548395,0.008645711642,-4.134093804e-05,0,,,,,,,,0,28.61436602,77.21071612,16.7,,
10.51,-6.208166147,-6.342362498,4.291942609,0.0007662272677,0.005633195614,0.005728658183,0,,,,,,,,0,28.61436647,77.21071776,16.7,,
10.52,-6.130144415,-6.325142358,4.245046177,-0.0034942102,0.003064341068,0.005603814996,0,,,,,,,,0,28.61436691,77.21071939,16.7,,
10.53,-6.110672179,-6.301295228,4.395140868,0.0004267657117,0.005835084958,0.006236313341,0,,,,,,,,0,28.61436735,77.21072102,16.7,,
10.54,-6.175406362,-6.284032648,4.345354383,0.009728776082,0.0003629506492,0.005014976466,0,,,,,,,,0,28.6143678,77.21072266,16.7,,
10.55,-6.060696954,-6.321675986,4.272489791,0.004227745281,0.008488102972,0.006241389966,0,,,,,,,,0,28.61436824,77.21072429,16.7,,
10.56,-6.120897023,-6.296331172,4.251413722,0.007557100833,0.002408082795,0.007584762919,0,,,,,,,,0,28.61436869,77.21072593,16.7,,
10.57,-6.130422766,-6.286938752,4.318568297,0.005695924238,-0.002067216726,0.001686450503,0,,,,,,,,0,28.61436913,77.21072756,16.7,,
10.58,-6.132657988,-6.380302536,4.29952062,0.007352390354,0.006744870092,0.004434372376,0,,,,,,,,0,28.61436957,77.2107292,16.7,,
10.59,-6.153548719,-6.376928858,4.28714362,0.003265526164,0.003797254363,0.00482106728,0,,,,,,,,0,28.61437002,77.21073083,16.7,,
10.6,-6.168624143,-6.377836284,4.25841502,0.007259308115,0.003557575227,0.001103051857,0,,,,,,,,0,28.61437046,77.21073247,16.7,,
10.61,-6.234949644,-6.341353719,4.286761104,0.00305734962,0.007142890728,0.003745260824,0,,,,,,,,0,28.61437091,77.2107341,16.7,,
10.62,-6.157462999,-6.352042295,4.252045627,0.0009577648835,9.791173404e-05,0.005292988477,0,,,,,,,,0,28.61437135,77.21073573,16.7,,
10.63,-6.088922264,-6.223141437,4.217106292,0.0024037659,0.001367102595,0.003974358586,0,,,,,,,,0,28.61437179,77.21073737,16.7,,
10.64,-6.213040046,-6.287146257,4.199592581,0.001132453602,0.006074551285,0.005559700934,0,,,,,,,,0,28.61437224,77.210739,16.7,,
10.65,-6.187643217,-6.309851951,4.258057582,0.002850930774,0.003482144972,0.002985848737,0,,,,,,,,0,28.61437268,77.21074064,16.7,,
10.66,-6.18722665,-6.299295083,4.189024974,0.004530928752,0.004701411702,0.004419805198,0,,,,,,,,0,28.61437312,77.21074227,16.7,,
10.67,-6.071067713,-6.381560952,4.274111516,0.004535192343,0.00463593145,0.00363147691,0,,,,,,,,0,28.61437357,77.21074391,16.7,,
10.68,-6.159886765,-6.272162668,4.216809512,0.009781225579,0.004068910878,0.006820761324,0,,,,,,,,0,28.61437401,77.21074554,16.7,,
10.69,-6.183529656,-6.304271139,4.33998346,0.006182011737,0.003331700965,0.005514076563,0,,,,,,,,0,28.61437446,77.21074717,16.7,,
10.7,-6.146973808,-6.32534422,4.310852713,0.004362801221,0.006777928095,0.002679172252,0,,,,,,,,0,28.6143749,77.21074881,16.7,,
10.71,-6.145521583,-6.303384543,4.186712185,0.005182434368,0.002616690866,0.0007076719855,0,,,,,,,,0,28.61437534,77.21075044,16.7,,
10.72,-6.184999792,-6.304877467,4.271353841,0.007283392655,0.002680368416,0.006513665036,0,,,,,,,,0,28.61437579,77.21075208,16.7,,
10.73,-6.189745877,-6.367199046,4.320507688,0.00642403008,0.006279288821,0.006167060941,0,,,,,,,,0,28.61437623,77.21075371,16.7,,
10.74,-6.213751263,-6.37551794,4.329791965,0.01310925442,0.007371134152,0.002292637413,0,,,,,,,,0,28.61437667,77.21075535,16.7,,
10.75,-6.110244586,-6.36011363,4.252715644,0.002313689765,0.008751154057,0.0006742566318,0,,,,,,,,0,28.61437712,77.21075698,16.7,,
10.76,-6.121627541,-6.416056218,4.339028047,0.001108985527,4.868329388e-05,0.01025402721,0,,,,,,,,0,28.61437756,77.21075862,16.7,,
10.77,-6.196145407,-6.349200253,4.293797139,0.009765324594,0.007094536854,0.008900434093,0,,,,,,,,0,28.61437801,77.21076025,16.7,,
10.78,-6.164335397,-6.265533635,4.257434336,0.002185320187,0.007426520179,0.008015848365,0,,,,,,,,0,28.61437845,77.21076188,16.7,,
10.79,-6.143161506,-6.25349373,4.229856078,0.008230750724,0.008469210001,0.004592949381,0,,,,,,,,0,28.61437889,77.21076352,16.7,,
10.8,-6.16876446,-6.285742385,4.214561313,0.007791359652,0.003336037037,0.006251848065,0,,,,,,,,0,28.61437934,77.21076515,16.7,,
10.81,-6.145635921,-6.307166452,4.275911539,0.002082325571,0.003627155807,0.007205458637,0,,,,,,,,0,28.61437978,77.21076679,16.7,,
10.82,-6.103887219,-6.338945021,4.290307044,0.002536424967,0.005905730165,0.006334691356,0,,,,,,,,0,28.61438023,77.21076842,16.7,,
10.83,-6.200116486,-6.408667362,4.36980131,0.007860649267,0.001402658413,0.01719561197,0,,,,,,,,0,28.61438067,77.21077006,16.7,,
10.84,-6.1501277,-6.253365772,4.201908028,0.006198823641,0.002286833647,0.003594451398,0,,,,,,,,0,28.61438111,77.21077169,16.7,,
10.85,-6.150473516,-6.310696441,4.373844972,0.000859984298,0.004651983655,0.002194374703,0,,,,,,,,0,28.61438156,77.21077333,16.7,,
10.86,-6.067728216,-6.373016962,4.336050773,0.002371899608,0.007815079874,0.008474164418,0,,,,,,,,0,28.614382,77.21077496,16.7,,
10.87,-6.104531623,-6.314681087,4.361879774,0.008225895958,0.004521754479,0.003119888751,0,,,,,,,,0,28.61438244,77.21077659,16.7,,
10.88,-6.134497911,-6.340974185,4.160861818,0.005504507462,0.01012331607,0.007005524429,0,,,,,,,,0,28.61438289,77.21077823,16.7,,
10.89,-6.111768656,-6.410967216,4.312188267,0.003367660852,0.004446222004,0.004609342347,0,,,,,,,,0,28.61438333,77.21077986,16.7,,
10.9,-6.226406537,-6.367000628,4.349800156,0.000457834777,0.007533244774,-0.001246309274,0,,,,,,,,0,28.61438378,77.2107815,16.7,,
10.91,-6.152537349,-6.363829029,4.304422583,0.003571194294,0.003111652542,0.004703502538,0,,,,,,,,0,28.61438422,77.21078313,16.7,,
10.92,-6.226299666,-6.293006631,4.278508874,0.002721987545,0.003530033624,-0.002604084599,0,,,,,,,,0,28.61438466,77.21078477,16.7,,
10.93,-6.104777846,-6.374796581,4.244119828,0.001578157671,0.008291908617,0.01032589785,0,,,,,,,,0,28.61438511,77.2107864,16.7,,
10.94,-6.227984116,-6.243892564,4.261743113,0.003376194097,0.00359178689,0.005921390292,0,,,,,,,,0,28.61438555,77.21078803,16.7,,
10.95,-6.212633206,-6.35971236,4.188582935,0.005585938404,0.003634265684,0.00123757142,0,,,,,,,,0,28.614386,77.21078967,16.7,,
10.96,-6.220980237,-6.357180056,4.244869773,0.01242438496,0.004659338316,0.005745946688,0,,,,,,,,0,28.61438644,77.2107913,16.7,,
10.97,-6.17737172,-6.263252992,4.224351243,0.002910851565,0.002799857766,0.002151002553,0,,,,,,,,0,28.61438688,77.21079294,16.7,,
10.98,-6.1155553,-6.377857262,4.268690432,0.003209622446,0.003669557494,0.005824425552,0,,,,,,,,0,28.61438733,77.21079457,16.7,,
10.99,-6.240762312,-6.371707177,4.197021954,0.007541260517,0.002766541118,0.005039495947,0,,,,,,,,0,28.61438777,77.21079621,16.7,,
11,-6.081220265,-6.351445302,4.218201543,0.0008777719539,9.411931597e-05,0.001646357317,0,,,,,,,,0,28.61438821,77.21079784,16.7,,
11.01,-6.08956353,-6.254205965,4.26025628,0.0004312551129,0.008655047215,0.006908737768,0,,,,,,,,0,28.61438866,77.21079948,16.7,,
11.02,-6.166020833,-6.314535236,4.282491721,0.006267419102,0.007968454938,0.006290371041,0,,,,,,,,0,28.6143891,77.21080111,16.7,,
11.03,-6.19465755,-6.386090986,4.419454254,-0.002093401583,0.004684175671,0.005742537398,0,,,,,,,,0,28.61438955,77.21080274,16.7,,
11.04,-6.172358594,-6.309207762,4.25115959,0.001938355424,0.005787806666,0.00395092946,0,,,,,,,,0,28.61438999,77.21080438,16.7,,
11.05,-6.212128672,-6.321523379,4.238784863,0.002189614447,0.01097116226,0.004518407948,0,,,,,,,,0,28.61439043,77.21080601,16.7,,
11.06,-6.17087396,-6.265235917,4.269472107,0.00598126291,0.002471273566,0.005848027304,0,,,,,,,,0,28.61439088,77.21080765,16.7,,
11.07,-6.136867743,-6.453644314,4.280251423,0.006688624102,0.005016651783,0.002990248802,0,,,,,,,,0,28.61439132,77.21080928,16.7,,
11.08,-6.143608722,-6.374599647,4.24236074,0.002781011496,0.0008860382558,0.00317730455,0,,,,,,,,0,28.61439177,77.21081092,16.7,,
11.09,-6.11690081,-6.38507794,4.2605375,0.0005233278992,0.002270009152,0.001722779959,0,,,,,,,,0,28.61439221,77.21081255,16.7,,
11.1,-6.237679546,-6.375993048,4.23070355,0.008259674985,0.003771545753,0.003772725598,0,,,,,,,,0,28.61439265,77.21081419,16.7,,
11.11,-6.147774575,-6.211181854,4.425938949,0.004830849189,0.005475362476,0.003800544139,0,,,,,,,,0,28.6143931,77.21081582,16.7,,
11.12,-6.210246674,-6.264858163,4.315645336,0.005876864869,0.002002696973,0.005552264033,0,,,,,,,,0,28.61439354,77.21081745,16.7,,
11.13,-6.072342318,-6.28249466,4.263120098,0.008037967792,0.0008273254626,-0.0007354968128,0,,,,,,,,0,28.61439398,77.21081909,16.7,,
11.14,-6.114058143,-6.285696588,4.214529275,0.0038636727,0.004407912664,0.00290492856,0,,,,,,,,0,28.61439443,77.21082072,16.7,,
11.15,-6.143458469,-6.317959041,4.356464025,0.005164033426,0.009980934337,0.002410985698,0,,,,,,,,0,28.61439487,77.21082236,16.7,,
11.16,-6.095350413,-6.385468379,4.28921604,-0.001795944779,0.005401749096,0.004693579386,0,,,,,,,,0,28.61439532,77.21082399,16.7,,
11.17,-6.143324638,-6.348288271,4.265511648,0.005370476265,0.009313833982,0.006650342842,0,,,,,,,,0,28.61439576,77.21082563,16.7,,
11.18,-6.159549714,-6.302424969,4.294645109,0.003892793317,0.003490728721,0.002789826993,0,,,,,,,,0,28.6143962,77.21082726,16.7,,
11.19,-6.135881354,-6.309878069,4.217544536,0.006610053173,0.007776226598,-0.00272243605,0,,,,,,,,0,28.61439665,77.21082889,16.7,,
11.2,-6.113669613,-6.309760114,4.254663935,0.009400707653,0.001309758475,0.002375709893,0,,,,,,,,0,28.61439709,77.21083053,16.7,,
11.21,-6.126092017,-6.374277158,4.277964267,0.005611966347,0.001694528862,0.003185950983,0,,,,,,,,0,28.61439754,77.21083216,16.7,,
11.22,-6.180849089,-6.241713303,4.238398624,0.006630911414,0.007206582456,0.005595715783,0,,,,,,,,0,28.61439798,77.2108338,16.7,,
11.23,-6.108895081,-6.342847921,4.314165161,0.004314619012,0.004047598628,0.004669986389,0,,,,,,,,0,28.61439842,77.21083543,16.7,,
11.24,-6.168484885,-6.331399677,4.247307657,0.007242471109,0.004605197255,0.004257454632,0,,,,,,,,0,28.61439887,77.21083707,16.7,,
11.25,-6.141966992,-6.318666413,4.384503873,-0.0009912235502,0.007720928184,0.002056696267,0,,,,,,,,0,28.61439931,77.2108387,16.7,,
11.26,-6.062252685,-6.381573962,4.277835354,0.00623410034,0.004076809566,-0.001104064608,0,,,,,,,,0,28.61439975,77.21084034,16.7,,
11.27,-6.082777311,-6.267869755,4.306886828,0.001817520284,0.006491791359,0.0006346323497,0,,,,,,,,0,28.6144002,77.21084197,16.7,,
11.28,-6.129280096,-6.324694206,4.3051063,0.003959871988,0.004432576897,0.00395031785,0,,,,,,,,0,28.61440064,77.2108436,16.7,,
11.29,-6.157524494,-6.2976155,4.303605059,0.00691520594,0.002819054082,0.0002185942621,0,,,,,,,,0,28.61440109,77.21084524,16.7,,
11.3,-6.142017115,-6.405689699,4.282891795,0.004720831551,0.002581164018,0.001110425507,0,,,,,,,,0,28.61440153,77.21084687,16.7,,
11.31,-6.163280013,-6.321018551,4.25234625,0.003073121135,0.004306524885,-0.0005824007223,0,,,,,,,,0,28.61440197,77.21084851,16.7,,
11.32,-6.132437093,-6.349717547,4.319010687,0.008464231507,0.005515351525,0.006514664262,0,,,,,,,,0,28.61440242,77.21085014,16.7,,
11.33,-6.184518987,-6.268363925,4.278762412,0.01075993577,0.007466728109,0.003991115519,0,,,,,,,,0,28.61440286,77.21085178,16.7,,
11.34,-6.157040337,-6.279052162,4.387612723,0.002686905855,0.005027661394,0.006078944064,0,,,,,,,,0,28.6144033,77.21085341,16.7,,
11.35,-6.188885001,-6.365523019,4.27520286,0.004298353618,0.00228152386,0.008742870258,0,,,,,,,,0,28.61440375,77.21085505,16.7,,
11.36,-6.109054959,-6.319808842,4.302866668,0.008111841592,0.002047654892,0.005405862162,0,,,,,,,,0,28.61440419,77.21085668,16.7,,
11.37,-6.158603077,-6.271107771,4.275374032,0.006520168824,0.006702556707,0.01090669514,0,,,,,,,,0,28.61440464,77.21085831,16.7,,
11.38,-6.019953868,-6.363554511,4.267625643,0.002487445212,0.0003974750773,0.0007041758656,0,,,,,,,,0,28.61440508,77.21085995,16.7,,
11.39,-6.126618609,-6.351798952,4.315958316,0.003823480672,0.005668153067,0.002365947738,0,,,,,,,,0,28.61440552,77.21086158,16.7,,
11.4,-6.198778011,-6.365816073,4.370196997,0.007411875385,-0.0006928126649,0.01431717899,0,,,,,,,,0,28.61440597,77.21086322,16.7,,
11.41,-6.146154113,-6.339228297,4.336598318,0.006150669002,0.004426726272,0.007135729399,0,,,,,,,,0,28.61440641,77.21086485,16.7,,
11.42,-6.172766403,-6.421428219,4.244912403,0.003218848678,0.001889424191,0.006346964078,0,,,,,,,,0,28.61440686,77.21086649,16.7,,
11.43,-6.198310787,-6.251565818,4.285595431,0.005898583108,0.007529780557,0.006383100167,0,,,,,,,,0,28.6144073,77.21086812,16.7,,
11.44,-6.164163862,-6.288325883,4.312581766,-0.00211195591,0.002542100493,0.008498788707,0,,,,,,,,0,28.61440774,77.21086975,16.7,,
11.45,-6.207346417,-6.316549286,4.223680641,0.007639813514,0.0004307279474,0.004022290373,0,,,,,,,,0,28.61440819,77.21087139,16.7,,
11.46,-6.092297656,-6.272646642,4.312619839,0.003937574885,0.005647057026,0.008198783287,0,,,,,,,,0,28.61440863,77.21087302,16.7,,
11.47,-6.126606452,-6.343038946,4.339533339,0.002902514076,0.006279794492,0.00730902728,0,,,,,,,,0,28.61440907,77.21087466,16.7,,
11.48,-6.164367183,-6.223059448,4.249234428,0.0009199428604,0.003894211585,0.003761872076,0,,,,,,,,0,28.61440952,77.21087629,16.7,,
11.49,-6.146308219,-6.41457738,4.31696726,0.007556647417,0.004562907152,0.004857616008,0,,,,,,,,0,28.61440996,77.21087793,16.7,,
11.5,-6.160758237,-6.344592669,4.248442073,0.00621399486,0.009077529857,0.006168768815,0,,,,,,,,0,28.61441041,77.21087956,16.7,,
11.51,-6.110473598,-6.386400093,4.207878324,0.007129340897,0.004852221573,0.003517418621,0,,,,,,,,0,28.61441085,77.2108812,16.7,,
11.52,-6.146452689,-6.331889987,4.253580845,0.002153373688,0.0002419545349,-0.0001288784128,0,,,,,,,,0,28.61441129,77.21088283,16.7,,
11.53,-6.169208006,-6.217747754,4.22958203,0.00816909733,0.00273308791,0.002095692811,0,,,,,,,,0,28.61441174,77.21088446,16.7,,
11.54,-6.147600625,-6.320985075,4.330870774,0.002988398586,0.0009606697019,0.005925569642,0,,,,,,,,0,28.61441218,77.2108861,16.7,,
11.55,-6.125177813,-6.476299986,4.338626721,0.007785584675,0.004229785478,0.005152806275,0,,,,,,,,0,28.61441263,77.21088773,16.7,,
11.56,-6.152795763,-6.345981883,4.243912199,0.0087876777,0.004995523199,0.006162685159,0,,,,,,,,0,28.61441307,77.21088937,16.7,,
11.57,-6.160753899,-6.289338436,4.288723501,0.003797075496,0.005272603321,0.006041720884,0,,,,,,,,0,28.61441351,77.210891,16.7,,
11.58,-6.12361531,-6.348100173,4.295898107,0.006411131269,0.001313658588,0.0006061060557,0,,,,,,,,0,28.61441396,77.21089264,16.7,,
11.59,-6.107759229,-6.347028118,4.21483786,0.006280462762,0.005118874445,0.005377711024,0,,,,,,,,0,28.6144144,77.21089427,16.7,,
11.6,-6.056612713,-6.288303296,4.211903307,0.001990492147,0.0009640113589,-0.0001520913549,0,,,,,,,,0,28.61441484,77.21089591,16.7,,
11.61,-6.12725284,-6.303823779,4.318495195,0.005716706401,0.007605814804,0.01007399538,0,,,,,,,,0,28.61441529,77.21089754,16.7,,
11.62,-6.097217032,-6.34654606,4.287600703,0.009927452395,0.008324302089,0.006858343731,0,,,,,,,,0,28.61441573,77.21089917,16.7,,
11.63,-6.038633992,-6.327070981,4.311530491,0.007272228932,0.003441981836,0.005948210552,0,,,,,,,,0,28.61441618,77.21090081,16.7,,
11.64,-6.082612664,-6.310550136,4.239269793,0.00490728954,0.002336595182,0.001998512376,0,,,,,,,,0,28.61441662,77.21090244,16.7,,
11.65,-6.185483189,-6.315797607,4.276222371,0.002577719501,0.006135081102,0.004055531529,0,,,,,,,,0,28.61441706,77.21090408,16.7,,
11.66,-6.144117524,-6.413818723,4.208584278,0.004834383207,0.01159943195,0.007749135504,0,,,,,,,,0,28.61441751,77.21090571,16.7,,
11.67,-6.139276198,-6.256539891,4.233676787,0.001320034248,0.004041134254,0.0005278803108,0,,,,,,,,0,28.61441795,77.21090735,16.7,,
11.68,-6.15412059,-6.380573654,4.355095355,0.008864799062,0.00320395482,0.001603405194,0,,,,,,,,0,28.6144184,77.21090898,16.7,,
11.69,-6.091572051,-6.395316927,4.251012778,0.009888786583,0.001564035776,0.004625820939,0,,,,,,,,0,28.61441884,77.21091061,16.7,,
11.7,-6.184566149,-6.334424562,4.256185551,0.01036294193,0.001503501158,0.0002025709453,0,,,,,,,,0,28.61441928,77.21091225,16.7,,
11.71,-6.058061334,-6.390818038,4.234278581,0.01256071978,0.004470009741,0.007771548793,0,,,,,,,,0,28.61441973,77.21091388,16.7,,
11.72,-6.153499487,-6.351835579,4.274367035,0.007787868533,0.005252233093,0.002129972527,0,,,,,,,,0,28.61442017,77.21091552,16.7,,
11.73,-6.140645351,-6.301454851,4.177477845,0.01007623111,0.002434995355,0.007326157596,0,,,,,,,,0,28.61442061,77.21091715,16.7,,
11.74,-6.149444089,-6.341123886,4.366889267,0.002484322078,0.008235923609,0.005142343891,0,,,,,,,,0,28.61442106,77.21091879,16.7,,
11.75,-6.126049453,-6.40034813,4.26784733,0.006294684333,0.004435083786,0.0005687625925,0,,,,,,,,0,28.6144215,77.21092042,16.7,,
11.76,-6.187141393,-6.320603613,4.212127922,0.008319349312,0.005979817008,0.003749614532,0,,,,,,,,0,28.61442195,77.21092206,16.7,,
11.77,-6.10946758,-6.348729542,4.206124544,0.003475380563,0.008640614853,0.001933577339,0,,,,,,,,0,28.61442239,77.21092369,16.7,,
11.78,-6.161512825,-6.253686903,4.190439683,0.002881088085,0.003057102859,0.005211978004,0,,,,,,,,0,28.61442283,77.21092532,16.7,,
11.79,-6.156263231,-6.307862034,4.308158258,0.008810578403,0.006698266579,0.008005236467,0,,,,,,,,0,28.61442328,77.21092696,16.7,,
11.8,-6.176736764,-6.308203387,4.316341031,2.028716855e-05,0.003995979884,-0.0005868037926,0,,,,,,,,0,28.61442372,77.21092859,16.7,,
11.81,-6.16226595,-6.291403923,4.198633691,0.008952342579,0.00359467957,0.005816893743,0,,,,,,,,0,28.61442416,77.21093023,16.7,,
11.82,-6.09286734,-6.314982655,4.21084752,0.006462086501,0.004598115273,0.004885846299,0,,,,,,,,0,28.61442461,77.21093186,16.7,,
11.83,-6.223336589,-6.269183924,4.230613678,0.001795667014,0.003988569492,0.003320430954,0,,,,,,,,0,28.61442505,77.2109335,16.7,,
11.84,-6.065920844,-6.303525443,4.282544808,0.0008888596307,0.003142693844,0.008229661592,0,,,,,,,,0,28.6144255,77.21093513,16.7,,
11.85,-6.125925873,-6.309610046,4.263591455,0.006299960535,0.005496572473,0.002935738912,0,,,,,,,,0,28.61442594,77.21093677,16.7,,
11.86,-6.197488354,-6.328741234,4.277442733,0.004114287213,0.005494236189,0.0006019365375,0,,,,,,,,0,28.61442638,77.2109384,16.7,,
11.87,-6.148496303,-6.38854795,4.214861278,0.005657187412,0.006190728287,0.004364831662,0,,,,,,,,0,28.61442683,77.21094003,16.7,,
11.88,-6.168994683,-6.343223206,4.224123387,0.006683140128,0.007784261087,0.0008649477554,0,,,,,,,,0,28.61442727,77.21094167,16.7,,
11.89,-6.078108712,-6.358456836,4.280578198,0.001650819683,0.004507624806,0.00400570127,0,,,,,,,,0,28.61442772,77.2109433,16.7,,
11.9,-6.188858553,-6.322738294,4.279575426,0.009752193116,0.005029739492,0.00304879097,0,,,,,,,,0,28.61442816,77.21094494,16.7,,
11.91,-6.134088568,-6.390218007,4.296500815,0.009148414475,0.001737794589,0.001288101506,0,,,,,,,,0,28.6144286,77.21094657,16.7,,
11.92,-6.167817112,-6.303377922,4.241798134,0.005133241583,0.009714980023,0.004508087454,0,,,,,,,,0,28.61442905,77.21094821,16.7,,
11.93,-6.153573794,-6.294605139,4.264804944,0.008007252325,0.0005747920392,0.007394393295,0,,,,,,,,0,28.61442949,77.21094984,16.7,,
11.94,-6.13938741,-6.387601094,4.290373928,0.006088329596,0.007184614477,0.007637606004,0,,,,,,,,0,28.61442993,77.21095147,16.7,,
11.95,-6.121480349,-6.294849274,4.296628581,0.008101852358,0.006408004239,0.002613822623,0,,,,,,,,0,28.61443038,77.21095311,16.7,,
11.96,-6.113173283,-6.298379112,4.268556847,0.003786490988,0.007005123201,0.003014383331,0,,,,,,,,0,28.61443082,77.21095474,16.7,,
11.97,-6.177580764,-6.362668639,4.247643073,0.007356378094,0.009293735736,0.001531774084,0,,,,,,,,0,28.61443127,77.21095638,16.7,,
11.98,-6.167754647,-6.382750659,4.292721334,0.006665324227,0.005443444694,0.008748285892,0,,,,,,,,0,28.61443171,77.21095801,16.7,,
11.99,-6.244395622,-6.296378495,4.240882855,0.004292772676,0.003220071727,0.0004876962011,0,,,,,,,,0,28.61443215,77.21095965,16.7,,
12,-6.118919377,-6.352592085,4.244605061,0.002168440528,0.003608253258,0.005778877058,0,,,,,,,,0,28.6144326,77.21096128,16.7,,
12.01,-6.249122467,-6.392761232,4.249786053,0.008209505482,0.001919405686,0.006030974956,0,,,,,,,,0,28.61443304,77.21096292,16.7,,
12.02,-6.155207032,-6.320874719,4.249382227,0.005688058677,0.007954911723,0.00915479579,0,,,,,,,,0,28.61443349,77.21096455,16.7,,
12.03,-6.096210792,-6.266140035,4.229098535,0.008724554217,0.004035118702,0.00698994182,0,,,,,,,,0,28.61443393,77.21096618,16.7,,
12.04,-6.217513439,-6.370230915,4.294386715,0.007800880226,0.006135378416,0.004198384759,0,,,,,,,,0,28.61443437,77.21096782,16.7,,
12.05,-6.08602907,-6.348748575,4.28964196,0.004601468439,0.0008071795011,0.004870388114,0,,,,,,,,0,28.61443482,77.21096945,16.7,,
12.06,-6.156512309,-6.461821443,4.203500167,0.005258949212,0.005159802826,0.0009342819552,0,,,,,,,,0,28.61443526,77.21097109,16.7,,
12.07,-6.162018113,-6.265424783,4.207820982,0.006774367795,0.0012968313,0.004301265685,0,,,,,,,,0,28.6144357,77.21097272,16.7,,
12.08,-6.162378751,-6.344801748,4.245309891,0.00433953615,0.004600757091,0.004853500889,0,,,,,,,,0,28.61443615,77.21097436,16.7,,
12.09,-6.14365087,-6.2513481,4.192288353,0.004739042683,0.002402210769,0.003155513979,0,,,,,,,,0,28.61443659,77.21097599,16.7,,
12.1,-6.105722351,-6.323595718,4.257812304,0.00567183482,0.005752542297,0.00495297156,0,,,,,,,,0,28.61443704,77.21097763,16.7,,
12.11,-6.174813476,-6.368651261,4.33954312,0.009810923883,0.003099082977,0.002870892387,0,,,,,,,,0,28.61443748,77.21097926,16.7,,
12.12,-6.073953074,-6.363816766,4.230442284,0.001261056674,0.006986965599,0.005561409983,0,,,,,,,,0,28.61443792,77.21098089,16.7,,
12.13,-6.138432347,-6.317080074,4.287878154,0.005615066255,0.007949614951,0.004189843244,0,,,,,,,,0,28.61443837,77.21098253,16.7,,
12.14,-6.167961607,-6.404939542,4.185325084,0.00603681445,0.005798461548,0.004197714808,0,,,,,,,,0,28.61443881,77.21098416,16.7,,
12.15,-6.171543667,-6.277074125,4.228806023,0.001508032639,0.001843216896,0.003999506793,0,,,,,,,,0,28.61443926,77.2109858,16.7,,
12.16,-6.129400504,-6.364053121,4.262534793,0.003992888546,-0.0003650786041,-0.002219239921,0,,,,,,,,0,28.6144397,77.21098743,16.7,,
12.17,-6.090682037,-6.305985896,4.258801812,0.004751692647,-0.0005809884934,0.005593688606,0,,,,,,,,0,28.61444014,77.21098907,16.7,,
12.18,-6.128373928,-6.389701594,4.186537325,0.006018041718,0.002264794147,0.003799714509,0,,,,,,,,0,28.61444059,77.2109907,16.7,,
12.19,-6.135863335,-6.384832376,4.254009204,0.006104875083,0.002574687424,0.003558330487,0,,,,,,,,0,28.61444103,77.21099233,16.7,,
12.2,-6.16566378,-6.346284191,4.343776935,0.003556363304,0.006161507904,0.004780818231,0,,,,,,,,0,28.61444147,77.21099397,16.7,,
12.21,-6.116679339,-6.239753657,4.270182162,0.004535057566,0.009892866046,0.003124703287,0,,,,,,,,0,28.61444192,77.2109956,16.7,,
12.22,-6.145172887,-6.345989563,4.375376865,0.008100929778,0.003473976336,0.006030745726,0,,,,,,,,0,28.61444236,77.21099724,16.7,,
12.23,-6.10619715,-6.259713081,4.333099062,-6.712177912e-05,0.01002521394,0.004586109103,0,,,,,,,,0,28.61444281,77.21099887,16.7,,
12.24,-6.120273628,-6.34613069,4.220920388,0.004017346757,0.009043185122,0.008427453466,0,,,,,,,,0,28.61444325,77.21100051,16.7,,
12.25,-6.148284016,-6.282356876,4.30820745,0.0006719839853,0.007055769942,0.003097193237,0,,,,,,,,0,28.61444369,77.21100214,16.7,,
12.26,-6.168681019,-6.370955414,4.275350264,0.004984761167,0.002590245129,0.002318008038,0,,,,,,,,0,28.61444414,77.21100378,16.7,,
12.27,-6.110723416,-6.274778313,4.37910526,0.001868990593,0.004245476827,0.00526278415,0,,,,,,,,0,28.61444458,77.21100541,16.7,,
12.28,-6.203861142,-6.395397098,4.21233851,0.006551432778,0.005196924294,0.004197176446,0,,,,,,,,0,28.61444503,77.21100704,16.7,,
12.29,-6.118056256,-6.290485542,4.276321642,0.006077800521,0.003037879441,0.005118892414,0,,,,,,,,0,28.61444547,77.21100868,16.7,,
12.3,-6.135159166,-6.371200136,4.247695932,0.008825836697,0.003334820428,0.0008172819061,0,,,,,,,,0,28.61444591,77.21101031,16.7,,
12.31,-6.165081184,-6.312577678,4.215527818,0.005218967115,0.00275732366,0.005712673881,0,,,,,,,,0,28.61444636,77.21101195,16.7,,
12.32,-6.123640331,-6.331347327,4.212978102,0.002861529412,0.001524425755,0.003452591931,0,,,,,,,,0,28.6144468,77.21101358,16.7,,
12.33,-6.157108653,-6.272400783,4.324944971,0.004128264253,0.009941214815,-0.001002973273,0,,,,,,,,0,28.61444724,77.21101522,16.7,,
12.34,-6.111066693,-6.307197503,4.162748074,0.007471153117,0.008644547213,0.009930118089,0,,,,,,,,0,28.61444769,77.21101685,16.7,,
12.35,-6.176744058,-6.266607441,4.263104269,0.004257220609,0.004130913995,0.004561823769,0,,,,,,,,0,28.61444813,77.21101849,16.7,,
12.36,-6.093032298,-6.26588873,4.143971245,0.004346130062,0.01170642246,0.006982365889,0,,,,,,,,0,28.61444858,77.21102012,16.7,,
12.37,-6.132632412,-6.292366525,4.252528145,0.008126934295,0.005423305926,0.005326460501,0,,,,,,,,0,28.61444902,77.21102175,16.7,,
12.38,-6.082063654,-6.34367727,4.261917611,0.007064512204,0.008445574555,0.006562389248,0,,,,,,,,0,28.61444946,77.21102339,16.7,,
12.39,-6.127620976,-6.292906407,4.248027033,0.0029934223,0.007352549668,0.003095743226,0,,,,,,,,0,28.61444991,77.21102502,16.7,,
12.4,-6.117063936,-6.330458498,4.257353467,0.006009653344,0.01032161881,-0.002467454871,0,,,,,,,,0,28.61445035,77.21102666,16.7,,
12.41,-6.183052511,-6.35553904,4.262938104,0.006697697153,-0.0003619053787,0.002770173507,0,,,,,,,,0,28.61445079,77.21102829,16.7,,
12.42,-6.221658186,-6.402605378,4.258987277,0.004552565653,0.005326447759,0.004336744286,0,,,,,,,,0,28.61445124,77.21102993,16.7,,
12.43,-6.13102373,-6.298644107,4.22321153,0.007453506468,0.003972182863,0.001336588782,0,,,,,,,,0,28.61445168,77.21103156,16.7,,
12.44,-6.164882384,-6.309205781,4.28439539,0.002975684415,0.004397203302,0.008799849246,0,,,,,,,,0,28.61445213,77.21103319,16.7,,
12.45,-6.163862994,-6.249733247,4.192414781,0.001392458251,0.004900752456,0.002042649168,0,,,,,,,,0,28.61445257,77.21103483,16.7,,
12.46,-6.150848903,-6.327920786,4.226095489,0.001958860074,0.007195201087,0.004400181556,0,,,,,,,,0,28.61445301,77.21103646,16.7,,
12.47,-6.107683585,-6.266164099,4.292546403,0.006149129481,0.002207560712,0.005955219996,0,,,,,,,,0,28.61445346,77.2110381,16.7,,
12.48,-6.13803783,-6.303351182,4.246894831,0.008595063684,0.005415865472,0.006134132268,0,,,,,,,,0,28.6144539,77.21103973,16.7,,
12.49,-6.11928402,-6.300256523,4.314761472,0.005280850014,0.00299637905,0.002421924241,0,,,,,,,,0,28.61445435,77.21104137,16.7,,
12.5,-6.232116748,-6.374170985,4.286135977,0.003607021838,0.006981591269,0.000799642696,0,,,,,,,,0,28.61445479,77.211043,16.7,,
12.51,-6.107853104,-6.335152643,4.237028142,0.006007747525,0.005284496619,-0.002204084498,0,,,,,,,,0,28.61445523,77.21104464,16.7,,
12.52,-6.149149535,-6.385588172,4.209541203,0.008495465187,0.008975492128,0.007239259683,0,,,,,,,,0,28.61445568,77.21104627,16.7,,
12.53,-6.117419074,-6.370227022,4.21382919,0.0109258811,0.01141802017,0.004474484969,0,,,,,,,,0,28.61445612,77.2110479,16.7,,
12.54,-6.043037555,-6.352630271,4.220892487,0.005504514358,0.009594287959,0.004803721933,0,,,,,,,,0,28.61445656,77.21104954,16.7,,
12.55,-6.140924319,-6.184843004,4.258715566,0.006102242093,0.006980587458,2.51333033e-05,0,,,,,,,,0,28.61445701,77.21105117,16.7,,
12.56,-6.090090402,-6.248898548,4.306473493,0.001742788975,0.004349370224,0.004362939989,0,,,,,,,,0,28.61445745,77.21105281,16.7,,
12.57,-6.17541267,-6.346764955,4.322800428,0.005403545591,0.004152245239,0.0077018497,0,,,,,,,,0,28.6144579,77.21105444,16.7,,
12.58,-6.064295522,-6.462767793,4.320146431,0.001745140799,0.001237011545,0.008679758516,0,,,,,,,,0,28.61445834,77.21105608,16.7,,
12.59,-6.152614617,-6.317705011,4.312335369,0.0009740207334,0.002671697671,0.007138980412,0,,,,,,,,0,28.61445878,77.21105771,16.7,,
12.6,-6.163022648,-6.31165705,4.385606461,0.001869005884,0.00298274753,0.004842884825,0,,,,,,,,0,28.61445923,77.21105935,16.7,,
12.61,-6.049444243,-6.401363676,4.293674205,0.00440556999,0.002589160556,0.005447582162,0,,,,,,,,0,28.61445967,77.21106098,16.7,,
12.62,-6.220180352,-6.400591786,4.302303884,0.002099663617,0.008440764951,0.001077324703,0,,,,,,,,0,28.61446012,77.21106261,16.7,,
12.63,-6.189949543,-6.361704494,4.274309483,-0.002137625429,0.003010457691,0.006210352054,0,,,,,,,,0,28.61446056,77.21106425,16.7,,
12.64,-6.108334164,-6.398978003,4.220127215,0.007725945681,0.001732338503,0.00513326566,0,,,,,,,,0,28.614461,77.21106588,16.7,,
12.65,-6.145288882,-6.404410229,4.301452762,0.003978594257,0.003748582071,0.003598092249,0,,,,,,,,0,28.61446145,77.21106752,16.7,,
12.66,-6.098935657,-6.274951391,4.223350073,0.0062695032,0.006180753214,0.005206199087,0,,,,,,,,0,28.61446189,77.21106915,16.7,,
12.67,-6.114875768,-6.407959648,4.261326897,0.006438508252,0.006128324997,0.005998116625,0,,,,,,,,0,28.61446233,77.21107079,16.7,,
12.68,-6.186325767,-6.322603059,4.248043272,0.01106961668,-0.0004469654133,0.007682138493,0,,,,,,,,0,28.61446278,77.21107242,16.7,,
12.69,-6.222590905,-6.284515822,4.174700347,0.0003234171609,0.006909511727,0.005183097681,0,,,,,,,,0,28.61446322,77.21107405,16.7,,
12.7,-6.069198398,-6.284431547,4.310756549,0.004912921357,0.005104171471,0.004818054231,0,,,,,,,,0,28.61446367,77.21107569,16.7,,
12.71,-6.131077748,-6.304572936,4.229503917,0.006650253981,0.006941857675,0.007019288464,0,,,,,,,,0,28.61446411,77.21107732,16.7,,
12.72,-6.184893313,-6.456314404,4.286915237,0.01012383981,0.005957864197,0.008652328216,0,,,,,,,,0,28.61446455,77.21107896,16.7,,
12.73,-6.209625638,-6.367280936,4.220391842,0.004496223623,0.004345115147,0.003076628686,0,,,,,,,,0,28.614465,77.21108059,16.7,,
12.74,-6.102088724,-6.32672974,4.161646903,0.00228714119,0.007961990568,0.01059772567,0,,,,,,,,0,28.61446544,77.21108223,16.7,,
12.75,-6.125454095,-6.30522017,4.228554726,0.002605193507,0.003220932225,-0.0008239990791,0,,,,,,,,0,28.61446589,77.21108386,16.7,,
12.76,-6.203123269,-6.324099695,4.207948007,0.007949248376,-0.0006694883694,0.002934103666,0,,,,,,,,0,28.61446633,77.2110855,16.7,,
12.77,-6.144043847,-6.3182987,4.326742137,0.008543089534,0.006386901431,0.001532145701,0,,,,,,,,0,28.61446677,77.21108713,16.7,,
12.78,-6.248819051,-6.360335824,4.18470069,0.008498988042,0.004075328274,-0.0006491663068,0,,,,,,,,0,28.61446722,77.21108876,16.7,,
12.79,-6.151194676,-6.397666664,4.184433297,0.0005090276694,0.00637609964,0.004749779251,0,,,,,,,,0,28.61446766,77.2110904,16.7,,
12.8,-6.176230554,-6.315380951,4.215587712,0.004222982309,0.006493249978,0.004350480257,0,,,,,,,,0,28.6144681,77.21109203,16.7,,
12.81,-6.167994476,-6.357464748,4.371579024,0.0105791438,0.003319739658,5.638976476e-05,0,,,,,,,,0,28.61446855,77.21109367,16.7,,
12.82,-6.089914871,-6.428375115,4.241546855,0.003532680774,0.002380597087,0.005587082743,0,,,,,,,,0,28.61446899,77.2110953,16.7,,
12.83,-6.116062776,-6.288930653,4.338147733,0.008435421441,0.004583956231,0.006703657764,0,,,,,,,,0,28.61446944,77.21109694,16.7,,
12.84,-6.085507403,-6.373654837,4.244526275,0.008105749402,0.008550320827,0.001334189712,0,,,,,,,,0,28.61446988,77.21109857,16.7,,
12.85,-6.062989216,-6.383245095,4.197694835,0.002990993328,0.005719115528,0.007387994764,0,,,,,,,,0,28.61447032,77.21110021,16.7,,
12.86,-6.142384981,-6.373067456,4.238423121,0.006584067511,0.001459812507,0.01085505922,0,,,,,,,,0,28.61447077,77.21110184,16.7,,
12.87,-6.161495161,-6.311306964,4.334974561,0.0090590157,0.003815600186,0.001914017894,0,,,,,,,,0,28.61447121,77.21110347,16.7,,
12.88,-6.175386261,-6.357186973,4.238009409,0.002510398622,0.007820579452,0.003223496096,0,,,,,,,,0,28.61447165,77.21110511,16.7,,
12.89,-6.174123948,-6.310455164,4.221650666,0.003336692466,0.008071679436,0.002188202284,0,,,,,,,,0,28.6144721,77.21110674,16.7,,
12.9,-6.059059112,-6.402455329,4.307474333,0.007608459788,0.00563338871,0.005160181323,0,,,,,,,,0,28.61447254,77.21110838,16.7,,
12.91,-6.038445716,-6.297678246,4.242676571,0.01192069787,0.002759109656,0.005639549159,0,,,,,,,,0,28.61447299,77.21111001,16.7,,
12.92,-6.184924578,-6.404862365,4.243139157,0.007227023193,7.862429351e-05,0.007677987827,0,,,,,,,,0,28.61447343,77.21111165,16.7,,
12.93,-6.148153596,-6.374579495,4.314871943,0.006769287307,0.002913359972,0.00275794283,0,,,,,,,,0,28.61447387,77.21111328,16.7,,
12.94,-6.16724049,-6.341883906,4.239356659,0.0037634606,0.00700620772,0.005530021773,0,,,,,,,,0,28.61447432,77.21111491,16.7,,
12.95,-6.127504821,-6.333965549,4.191360885,0.003341001235,0.009366859243,0.004354125359,0,,,,,,,,0,28.61447476,77.21111655,16.7,,
12.96,-6.212604675,-6.306487352,4.288294968,0.008256535167,0.006808146834,0.004362763571,0,,,,,,,,0,28.61447521,77.21111818,16.7,,
12.97,-6.155151818,-6.430404071,4.288912553,0.002058419517,0.002798820764,0.005384079243,0,,,,,,,,0,28.61447565,77.21111982,16.7,,
12.98,-6.10690662,-6.236070909,4.253227144,0.002964286606,0.00537347909,0.002070347357,0,,,,,,,,0,28.61447609,77.21112145,16.7,,
12.99,-6.14963076,-6.275515015,4.233863569,0.002379299595,0.009335592084,0.002237778803,0,,,,,,,,0,28.61447654,77.21112309,16.7,,
13,-6.102664496,-6.356908957,4.285176553,0.005145039119,0.0007919683951,0.004995898801,0,,,,,,,,0,28.61447698,77.21112472,16.7,,
13.01,-6.095923262,-6.378427274,4.277976905,0.005587986458,0.001782435877,0.001586084986,0,,,,,,,,0,28.61447742,77.21112636,16.7,,
13.02,-6.112556339,-6.372209369,4.293630394,0.002958075025,0.001598525566,0.002728345225,0,,,,,,,,0,28.61447787,77.21112799,16.7,,
13.03,-6.111788678,-6.360395792,4.213774007,0.006879175856,-0.0008003772977,-0.0006578396696,0,,,,,,,,0,28.61447831,77.21112962,16.7,,
13.04,-6.109577476,-6.353634798,4.271970849,4.197570125e-05,0.00571550573,0.003321653091,0,,,,,,,,0,28.61447876,77.21113126,16.7,,
13.05,-6.046197834,-6.35733386,4.333060084,0.005566620637,0.007946698463,0.002980932738,0,,,,,,,,0,28.6144792,77.21113289,16.7,,
13.06,-6.092649977,-6.318018443,4.208156918,0.005601684148,0.002717609994,-0.000119698062,0,,,,,,,,0,28.61447964,77.21113453,16.7,,
13.07,-6.150916609,-6.330742302,4.267253968,0.005350471491,0.003142116562,0.004999408884,0,,,,,,,,0,28.61448009,77.21113616,16.7,,
13.08,-6.150817248,-6.411254776,4.13714176,0.001865876853,0.0003623164851,0.006254271152,0,,,,,,,,0,28.61448053,77.2111378,16.7,,
13.09,-6.173935928,-6.433916743,4.208085619,0.005513955864,-0.001498005821,-0.0004404673058,0,,,,,,,,0,28.61448098,77.21113943,16.7,,
13.1,-6.16710057,-6.315414115,4.245194858,0.008992083845,0.001779685322,0.002284654597,0,,,,,,,,0,28.61448142,77.21114107,16.7,,
13.11,-6.181174424,-6.344192933,4.160303535,0.007546981005,0.001902253393,0.003055375234,0,,,,,,,,0,28.61448186,77.2111427,16.7,,
13.12,-6.139210511,-6.377712389,4.260256093,0.00335429,0.01031337438,0.000620617581,0,,,,,,,,0,28.61448231,77.21114433,16.7,,
13.13,-6.14342368,-6.359183351,4.349933493,0.00257218034,0.004395444548,0.003517780826,0,,,,,,,,0,28.61448275,77.21114597,16.7,,
13.14,-6.1693714,-6.331145271,4.296132507,0.008691014909,0.005770079912,-0.001047813676,0,,,,,,,,0,28.61448319,77.2111476,16.7,,
13.15,-6.133722861,-6.219554016,4.237383799,0.007121587161,0.001013776977,0.005398434239,0,,,,,,,,0,28.61448364,77.21114924,16.7,,
13.16,-6.154412545,-6.350783202,4.305213729,0.005196422516,3.728916697e-05,0.003146051582,0,,,,,,,,0,28.61448408,77.21115087,16.7,,
13.17,-6.185454373,-6.361210842,4.239901785,0.001915449243,0.001400034774,0.00876656795,0,,,,,,,,0,28.61448453,77.21115251,16.7,,
13.18,-6.110684005,-6.314273564,4.27640877,0.007813677996,0.002353066344,0.0038003553,0,,,,,,,,0,28.61448497,77.21115414,16.7,,
13.19,-6.108587001,-6.300464045,4.246841742,0.001831874305,0.005429264946,-0.002141521396,0,,,,,,,,0,28.61448541,77.21115577,16.7,,
13.2,-6.142879697,-6.311993032,4.353519227,0.01014668029,0.008955552344,0.007069596672,0,,,,,,,,0,28.61448586,77.21115741,16.7,,
13.21,-6.181380555,-6.330012577,4.232100885,0.002943321756,0.005945336503,0.003882935194,0,,,,,,,,0,28.6144863,77.21115904,16.7,,
13.22,-6.140723237,-6.319649469,4.256353819,0.0008020214249,0.00741111742,0.003392938292,0,,,,,,,,0,28.61448675,77.21116068,16.7,,
13.23,-6.026470817,-6.31397924,4.149535392,0.003745034947,0.006217922704,0.003836827794,0,,,,,,,,0,28.61448719,77.21116231,16.7,,
13.24,-6.158739653,-6.380363436,4.387001878,0.00335517155,0.005719502707,0.01122550746,0,,,,,,,,0,28.61448763,77.21116395,16.7,,
13.25,-6.168908743,-6.319882152,4.232705006,0.003971886895,0.001690464162,0.002789512606,0,,,,,,,,0,28.61448808,77.21116558,16.7,,
13.26,-6.148261766,-6.355394392,4.243895475,0.004415508137,0.005607664263,-0.0007671453495,0,,,,,,,,0,28.61448852,77.21116722,16.7,,
13.27,-6.18820171,-6.276042314,4.285791794,0.006272325542,0.004468722256,0.006218229983,0,,,,,,,,0,28.61448896,77.21116885,16.7,,
13.28,-6.134967009,-6.287542556,4.296011991,0.004455387429,0.0001157865525,0.001595142842,0,,,,,,,,0,28.61448941,77.21117048,16.7,,
13.29,-6.150917277,-6.321334054,4.282796491,0.006726329407,0.004563460556,0.004955519943,0,,,,,,,,0,28.61448985,77.21117212,16.7,,
13.3,-6.199456505,-6.402592586,4.25662533,0.010515152,0.00632651689,0.006054156903,0,,,,,,,,0,28.6144903,77.21117375,16.7,,
13.31,-6.193615873,-6.29238551,4.290790611,0.009198723325,0.0006620827519,0.01259944519,0,,,,,,,,0,28.61449074,77.21117539,16.7,,
13.32,-6.183188071,-6.312072936,4.239057728,0.003859576707,0.00534227679,0.005076273224,0,,,,,,,,0,28.61449118,77.21117702,16.7,,
13.33,-6.084703254,-6.373388157,4.206963512,0.001726110469,0.01016489107,0.001325235493,0,,,,,,,,0,28.61449163,77.21117866,16.7,,
13.34,-6.045869451,-6.428005779,4.268226357,0.007082346856,0.0001418087299,0.002637179871,0,,,,,,,,0,28.61449207,77.21118029,16.7,,
13.35,-6.198416146,-6.316211572,4.255080417,0.006078335502,0.003435007951,0.006297599888,0,,,,,,,,0,28.61449251,77.21118193,16.7,,
13.36,-6.09713435,-6.29597995,4.188806465,0.004724430825,0.002622612629,0.003039021362,0,,,,,,,,0,28.61449296,77.21118356,16.7,,
13.37,-6.175680221,-6.402661596,4.151171011,0.004850212036,0.006139668511,0.004791217113,0,,,,,,,,0,28.6144934,77.21118519,16.7,,
13.38,-6.177431426,-6.384881876,4.191411114,-4.633285352e-05,0.003134423781,-0.0004791595098,0,,,,,,,,0,28.61449385,77.21118683,16.7,,
13.39,-6.076344187,-6.274728466,4.24240687,0.0113644663,0.005522218163,0.002602713381,0,,,,,,,,0,28.61449429,77.21118846,16.7,,
13.4,-6.113607352,-6.24950005,4.259753913,0.006435190774,0.01004553668,0.002393137797,0,,,,,,,,0,28.61449473,77.2111901,16.7,,
13.41,-6.16953134,-6.325744699,4.261723071,0.001202959735,0.008903401008,0.008381456894,0,,,,,,,,0,28.61449518,77.21119173,16.7,,
13.42,-6.091892431,-6.335439665,4.211739772,0.006216180429,0.004349398683,0.00501102734,0,,,,,,,,0,28.61449562,77.21119337,16.7,,
13.43,-6.17372049,-6.350543332,4.208774345,0.002062514416,0.008490622277,0.003275943342,0,,,,,,,,0,28.61449607,77.211195,16.7,,
13.44,-6.164135186,-6.445536749,4.283610412,0.004580677452,0.01450803279,0.008170227715,0,,,,,,,,0,28.61449651,77.21119664,16.7,,
13.45,-6.104566089,-6.312091462,4.181032072,0.003460795374,0.01247326607,0.007369311913,0,,,,,,,,0,28.61449695,77.21119827,16.7,,
13.46,-6.186078536,-6.326884411,4.121851897,0.004250817407,0.00831889181,0.0014997535,0,,,,,,,,0,28.6144974,77.2111999,16.7,,
13.47,-6.141743821,-6.307709111,4.295520672,0.007480345876,0.003201782016,0.006768840068,0,,,,,,,,0,28.61449784,77.21120154,16.7,,
13.48,-6.20012801,-6.284955905,4.336069348,0.007574998447,0.002491987725,0.002680004686,0,,,,,,,,0,28.61449828,77.21120317,16.7,,
13.49,-6.131168075,-6.293822337,4.317200016,0.003230927592,0.002312649756,0.003901762888,0,,,,,,,,0,28.61449873,77.21120481,16.7,,
13.5,-6.092972862,-6.399842536,4.324861354,0.004680144409,0.003697532365,0.006717189084,0,,,,,,,,0,28.61449917,77.21120644,16.7,,
13.51,-6.160596453,-6.359816315,4.208457061,0.002103364705,0.0003794404533,0.00185699229,0,,,,,,,,0,28.61449962,77.21120808,16.7,,
13.52,-6.169987604,-6.382598875,4.2529683,0.006772845443,0.005372876535,-0.001713968034,0,,,,,,,,0,28.61450006,77.21120971,16.7,,
13.53,-6.102906271,-6.369040229,4.199731324,0.00552675939,0.00501858655,0.004938344656,0,,,,,,,,0,28.6145005,77.21121134,16.7,,
13.54,-6.110540433,-6.227540279,4.23538484,0.002234674119,0.004637536573,0.003345313841,0,,,,,,,,0,28.61450095,77.21121298,16.7,,
13.55,-6.214013,-6.361851605,4.294883854,0.00903116191,0.0005830156752,0.003298880413,0,,,,,,,,0,28.61450139,77.21121461,16.7,,
13.56,-6.138502644,-6.377230638,4.246348237,0.005888410199,0.001626868323,0.006464787667,0,,,,,,,,0,28.61450184,77.21121625,16.7,,
13.57,-6.153269026,-6.286328951,4.209847755,0.002195791392,0.00247302645,0.002209833347,0,,,,,,,,0,28.61450228,77.21121788,16.7,,
13.58,-6.088853551,-6.369171091,4.30120761,0.00303883115,0.003940151209,0.002528712834,0,,,,,,,,0,28.61450272,77.21121952,16.7,,
13.59,-6.114501178,-6.363877715,4.262010052,0.004883634933,0.004163995183,0.0007356331195,0,,,,,,,,0,28.61450317,77.21122115,16.7,,
13.6,-6.154977364,-6.333124872,4.263205115,0.003581802251,0.006659227382,0.004805997101,0,,,,,,,,0,28.61450361,77.21122279,16.7,,
13.61,-6.109726317,-6.417467203,4.230413359,0.005777413211,-0.0008856051092,0.005233408332,0,,,,,,,,0,28.61450405,77.21122442,16.7,,
13.62,-6.062108928,-6.384184742,4.254846088,0.007268766566,0.007106633333,0.008521311278,0,,,,,,,,0,28.6145045,77.21122605,16.7,,
13.63,-6.236493046,-6.230450657,4.314573861,0.01047889159,-0.0006989382203,0.002047049726,0,,,,,,,,0,28.61450494,77.21122769,16.7,,
13.64,-6.089082837,-6.299890124,4.336459997,0.007841964836,0.006488525379,0.002401385636,0,,,,,,,,0,28.61450539,77.21122932,16.7,,
13.65,-6.098982156,-6.408352383,4.2121455,0.004799942286,0.007712131708,-0.003491392283,0,,,,,,,,0,28.61450583,77.21123096,16.7,,
13.66,-6.219279349,-6.38634861,4.298658116,0.007173055736,0.004519125305,0.00201578063,0,,,,,,,,0,28.61450627,77.21123259,16.7,,
13.67,-6.162569302,-6.340243803,4.259707172,0.006199697557,0.002878410007,0.00559223384,0,,,,,,,,0,28.61450672,77.21123423,16.7,,
13.68,-6.078824594,-6.313982608,4.359902449,0.008893562939,0.003429513844,0.0006396016579,0,,,,,,,,0,28.61450716,77.21123586,16.7,,
13.69,-6.087438089,-6.373443373,4.213210668,0.001230425981,0.0005467155429,0.004467786185,0,,,,,,,,0,28.61450761,77.2112375,16.7,,
13.7,-6.169887871,-6.326465425,4.232816503,-0.001595552913,0.005644069849,0.001331795644,0,,,,,,,,0,28.61450805,77.21123913,16.7,,
13.71,-6.20493381,-6.299115227,4.254111415,0.007579336434,0.004528943126,0.004692830382,0,,,,,,,,0,28.61450849,77.21124076,16.7,,
13.72,-6.051932389,-6.354349066,4.343227353,0.007269269901,-3.831709732e-05,0.0027722617,0,,,,,,,,0,28.61450894,77.2112424,16.7,,
13.73,-6.173148149,-6.432461943,4.231602682,0.001469284962,0.007509623355,0.002892557832,0,,,,,,,,0,28.61450938,77.21124403,16.7,,
13.74,-6.032026212,-6.287186198,4.301566847,0.005587753189,0.006144738037,0.005860939529,0,,,,,,,,0,28.61450982,77.21124567,16.7,,
13.75,-6.135546884,-6.376393796,4.3487175,0.004472996254,0.00619086325,0.00512579553,0,,,,,,,,0,28.61451027,77.2112473,16.7,,
13.76,-6.141991581,-6.33003969,4.237781628,0.006238972359,0.006590457462,0.004208752262,0,,,,,,,,0,28.61451071,77.21124894,16.7,,
13.77,-6.147678454,-6.330755974,4.29394304,0.002735565929,0.005895498672,0.005093735736,0,,,,,,,,0,28.61451116,77.21125057,16.7,,
13.78,-6.106845709,-6.332564208,4.288282095,0.005897768912,0.003916718689,0.003259054353,0,,,,,,,,0,28.6145116,77.2112522,16.7,,
13.79,-6.21514473,-6.336955632,4.225807901,0.005949362938,0.002139579304,0.005241724026,0,,,,,,,,0,28.61451204,77.21125384,16.7,,
13.8,-6.158355488,-6.255555904,4.244936986,0.003012044064,0.01099580026,0.008805012338,0,,,,,,,,0,28.61451249,77.21125547,16.7,,
13.81,-6.18035186,-6.310328444,4.2072988,0.004069700427,0.004312084009,0.007108824282,0,,,,,,,,0,28.61451293,77.21125711,16.7,,
13.82,-6.214222108,-6.318094294,4.267121084,0.002973264724,0.007975556967,0.005562600364,0,,,,,,,,0,28.61451338,77.21125874,16.7,,
13.83,-6.181595471,-6.389063295,4.203965325,0.008781402814,-0.001062359892,0.003825522048,0,,,,,,,,0,28.61451382,77.21126038,16.7,,
13.84,-6.175459974,-6.210404379,4.226318868,0.007477510197,0.008614395356,-0.002130970736,0,,,,,,,,0,28.61451426,77.21126201,16.7,,
13.85,-6.189861395,-6.333237088,4.323819828,-0.001379974053,0.001852414601,0.00182355786,0,,,,,,,,0,28.61451471,77.21126365,16.7,,
13.86,-6.252773553,-6.387269683,4.288400631,0.009168848033,0.008908071897,0.006992950214,0,,,,,,,,0,28.61451515,77.21126528,16.7,,
13.87,-6.172808167,-6.318797258,4.236775814,0.005411700123,0.005149370727,0.006186178923,0,,,,,,,,0,28.61451559,77.21126691,16.7,,
13.88,-6.1460592,-6.387804001,4.243770364,0.003495590918,0.003215587409,-0.001593064839,0,,,,,,,,0,28.61451604,77.21126855,16.7,,
13.89,-6.137218617,-6.345411501,4.349385878,0.003757911998,0.007995105248,0.006312920067,0,,,,,,,,0,28.61451648,77.21127018,16.7,,
13.9,-6.137947498,-6.380742554,4.210632583,0.003740914879,0.0091331692,0.001604182263,0,,,,,,,,0,28.61451693,77.21127182,16.7,,
13.91,-6.213117469,-6.33608198,4.282295792,-0.0005114557255,-0.0008375122084,0.002848284577,0,,,,,,,,0,28.61451737,77.21127345,16.7,,
13.92,-6.11229781,-6.445940139,4.174259417,0.002477850266,0.003809844861,0.003254959613,0,,,,,,,,0,28.61451781,77.21127509,16.7,,
13.93,-6.101031087,-6.204405267,4.310996091,0.001932508144,0.006489537733,0.002799353103,0,,,,,,,,0,28.61451826,77.21127672,16.7,,
13.94,-6.102194696,-6.364479483,4.236996653,-0.0002558735972,0.0008300480462,0.002375340657,0,,,,,,,,0,28.6145187,77.21127836,16.7,,
13.95,-6.124168899,-6.38019744,4.189398544,0.001998610784,0.009359225394,0.003445134806,0,,,,,,,,0,28.61451914,77.21127999,16.7,,
13.96,-6.131877032,-6.398116655,4.206536088,0.001754495782,-0.0008886374736,0.003041449809,0,,,,,,,,0,28.61451959,77.21128162,16.7,,
13.97,-6.264591527,-6.313478717,4.285462665,0.006474455608,0.002075965124,0.001227929993,0,,,,,,,,0,28.61452003,77.21128326,16.7,,
13.98,-6.142482597,-6.386471703,4.22299963,0.008806239989,0.004168646219,0.003333050987,0,,,,,,,,0,28.61452048,77.21128489,16.7,,
13.99,-6.16021251,-6.334293215,4.239155842,0.003411560821,0.002540210578,0.002847205531,0,,,,,,,,0,28.61452092,77.21128653,16.7,,
14,-6.174120691,-6.360917644,4.209161899,0.005787631067,0.00737269462,0.006595078177,0,,,,,,,,0,28.61452136,77.21128816,16.7,,
14.01,-6.200270613,-6.332575483,4.228459216,0.006237357667,0.000375552092,0.007456945776,0,,,,,,,,0,28.61452181,77.2112898,16.7,,
14.02,-6.142329633,-6.308225363,4.218941765,0.002741735155,0.006353615756,0.001781517211,0,,,,,,,,0,28.61452225,77.21129143,16.7,,
14.03,-6.130445164,-6.324487804,4.256588588,0.009672232893,0.002214854814,3.475016109e-05,0,,,,,,,,0,28.6145227,77.21129306,16.7,,
14.04,-6.052888199,-6.357011372,4.347280039,0.004675586175,0.005547641558,0.0001896359532,0,,,,,,,,0,28.61452314,77.2112947,16.7,,
14.05,-6.092699314,-6.337759488,4.305171131,0.003297241588,0.0008538270104,0.002810189299,0,,,,,,,,0,28.61452358,77.21129633,16.7,,
14.06,-6.148140863,-6.253974249,4.291440427,0.00220086687,0.001323412239,0.005980646003,0,,,,,,,,0,28.61452403,77.21129797,16.7,,
14.07,-6.050212892,-6.373946235,4.230046196,0.00656925477,0.007054439965,0.002526921971,0,,,,,,,,0,28.61452447,77.2112996,16.7,,
14.08,-6.011026331,-6.330095362,4.240963965,0.004664634046,0.00731275821,0.004334593564,0,,,,,,,,0,28.61452491,77.21130124,16.7,,
14.09,-6.196509079,-6.319708341,4.309084934,0.00348674985,0.006656370423,0.00296180469,0,,,,,,,,0,28.61452536,77.21130287,16.7,,
14.1,-6.085807172,-6.3290651,4.221328863,0.0003640373572,0.002601460545,0.003873423269,0,,,,,,,,0,28.6145258,77.21130451,16.7,,
14.11,-6.126128786,-6.354873486,4.181328706,0.005865398233,0.001611877738,0.003222973291,0,,,,,,,,0,28.61452625,77.21130614,16.7,,
14.12,-6.111777918,-6.378619759,4.230058478,0.003440492715,0.006207036276,0.005143816388,0,,,,,,,,0,28.61452669,77.21130777,16.7,,
14.13,-6.112454849,-6.346616664,4.227722785,0.003344291892,0.000861791891,0.004675522206,0,,,,,,,,0,28.61452713,77.21130941,16.7,,
14.14,-6.216531913,-6.246695973,4.183066824,0.00303837261,0.005128356673,0.0049415028,0,,,,,,,,0,28.61452758,77.21131104,16.7,,
14.15,-6.120968817,-6.339783892,4.208184149,0.001970221411,0.001060059221,0.00340623208,0,,,,,,,,0,28.61452802,77.21131268,16.7,,
14.16,-6.15361648,-6.345136017,4.285185374,0.003676702748,0.004822033927,0.005594159037,0,,,,,,,,0,28.61452847,77.21131431,16.7,,
14.17,-6.130647397,-6.271708208,4.296852401,0.006669689492,0.005764943858,0.006865971993,0,,,,,,,,0,28.61452891,77.21131595,16.7,,
14.18,-6.191396868,-6.273299369,4.274675338,0.006746663119,0.005677505464,0.007439289064,0,,,,,,,,0,28.61452935,77.21131758,16.7,,
14.19,-6.225762527,-6.263859215,4.22392865,-0.001291412436,0.001206967956,0.005424824232,0,,,,,,,,0,28.6145298,77.21131922,16.7,,
14.2,-6.157532044,-6.322706109,4.302177535,0.009359282675,0.002554081539,0.0002072914273,0,,,,,,,,0,28.61453024,77.21132085,16.7,,
14.21,-6.131072572,-6.25374534,4.214725816,0.0006057795333,0.006088318386,0.001350543616,0,,,,,,,,0,28.61453068,77.21132248,16.7,,
14.22,-6.162929742,-6.350638811,4.353757167,0.007491361555,0.0008776745984,0.01120825228,0,,,,,,,,0,28.61453113,77.21132412,16.7,,
14.23,-6.062738721,-6.400729253,4.315230698,-0.0003470430794,0.005088295367,0.006124580617,0,,,,,,,,0,28.61453157,77.21132575,16.7,,
14.24,-6.150461851,-6.468641672,4.305605049,0.004651094368,0.002998474558,0.00229406459,0,,,,,,,,0,28.61453202,77.21132739,16.7,,
14.25,-6.232516647,-6.439780667,4.299233708,0.002411292198,0.00710233525,0.007261298034,0,,,,,,,,0,28.61453246,77.21132902,16.7,,
14.26,-6.109845266,-6.355153558,4.206802304,0.002252634359,0.002182941373,0.002486107768,0,,,,,,,,0,28.6145329,77.21133066,16.7,,
14.27,-6.142908936,-6.381455832,4.249194648,0.003076900244,0.004938670032,0.003691707237,0,,,,,,,,0,28.61453335,77.21133229,16.7,,
14.28,-6.169755538,-6.347509725,4.20310114,0.002592757228,0.004867276313,0.0006638555233,0,,,,,,,,0,28.61453379,77.21133392,16.7,,
14.29,-6.181277403,-6.312946664,4.183804371,0.002812628673,-0.001267421638,0.004720098816,0,,,,,,,,0,28.61453424,77.21133556,16.7,,
14.3,-6.118085668,-6.333879602,4.210923563,0.007171757141,0.0006075925244,0.004261848371,0,,,,,,,,0,28.61453468,77.21133719,16.7,,
14.31,-6.199551258,-6.388175567,4.239551348,0.002851134877,0.008997597944,0.0007362759976,0,,,,,,,,0,28.61453512,77.21133883,16.7,,
14.32,-6.184488421,-6.297013827,4.215141943,0.007265683548,0.004376115658,0.006067829409,0,,,,,,,,0,28.61453557,77.21134046,16.7,,
14.33,-6.129412715,-6.369111873,4.287154846,0.003311806633,0.006125305783,0.006405425858,0,,,,,,,,0,28.61453601,77.2113421,16.7,,
14.34,-6.110966907,-6.392599751,4.235423747,0.004584456885,0.001815334935,0.008920655228,0,,,,,,,,0,28.61453645,77.21134373,16.7,,
14.35,-6.138265524,-6.295364311,4.26597192,0.002120503109,0.007224918884,0.004548692375,0,,,,,,,,0,28.6145369,77.21134537,16.7,,
14.36,-6.111077804,-6.354598383,4.248201614,0.003901588751,0.001831001474,0.002099518832,0,,,,,,,,0,28.61453734,77.211347,16.7,,
14.37,-6.205538785,-6.437644793,4.213787281,0.00635802789,0.004592178453,0.003915396968,0,,,,,,,,0,28.61453779,77.21134863,16.7,,
14.38,-6.114575123,-6.319064964,4.238955037,0.003170344002,0.008853088532,0.007902109009,0,,,,,,,,0,28.61453823,77.21135027,16.7,,
14.39,-6.093065872,-6.315261275,4.179844978,0.005010175668,0.002208642128,0.005805956734,0,,,,,,,,0,28.61453867,77.2113519,16.7,,
14.4,-6.104027986,-6.340694285,4.242269151,0.002975447129,-0.001061275332,0.005831320269,0,,,,,,,,0,28.61453912,77.21135354,16.7,,
14.41,-6.177437372,-6.326068236,4.295540315,0.0091592699,0.006528473393,0.006942998989,0,,,,,,,,0,28.61453956,77.21135517,16.7,,
14.42,-6.175490691,-6.323052561,4.188913178,-0.0002631970584,0.002338570823,0.004262482348,0,,,,,,,,0,28.61454,77.21135681,16.7,,
14.43,-6.166716072,-6.300397884,4.309419998,0.006418939283,0.00304137658,0.005102987598,0,,,,,,,,0,28.61454045,77.21135844,16.7,,
14.44,-6.169115445,-6.295937386,4.243845625,0.006876950872,0.006223031681,0.002275848599,0,,,,,,,,0,28.61454089,77.21136008,16.7,,
14.45,-6.143255758,-6.372164096,4.441918403,0.004987376085,5.810276637e-05,0.002328086032,0,,,,,,,,0,28.61454134,77.21136171,16.7,,
14.46,-6.150888585,-6.351034742,4.235919274,0.004150469856,-0.001644910245,-0.002727862648,0,,,,,,,,0,28.61454178,77.21136334,16.7,,
14.47,-6.083173321,-6.238694173,4.218143242,0.009504404337,0.006068063377,0.004835480742,0,,,,,,,,0,28.61454222,77.21136498,16.7,,
14.48,-6.133454634,-6.361430908,4.276655502,0.003230636064,0.004427328311,0.005121725327,0,,,,,,,,0,28.61454267,77.21136661,16.7,,
14.49,-6.163642665,-6.24757521,4.242337403,0.003702105851,0.005531250353,0.009551040624,0,,,,,,,,0,28.61454311,77.21136825,16.7,,
14.5,-6.092904283,-6.2850289,4.243289484,-0.002686825602,2.504208148e-05,0.003955822595,0,,,,,,,,0,28.61454356,77.21136988,16.7,,
14.51,-6.07303242,-6.3383036,4.237967809,0.001212017648,0.0006586563495,0.006512616834,0,,,,,,,,0,28.614544,77.21137152,16.7,,
14.52,-6.187856126,-6.320482744,4.28531773,0.009614284565,0.004622213377,-0.003026404044,0,,,,,,,,0,28.61454444,77.21137315,16.7,,
14.53,-6.199683969,-6.342643234,4.190881187,0.01005370794,0.004424388138,-0.0001466491649,0,,,,,,,,0,28.61454489,77.21137478,16.7,,
14.54,-6.239753665,-6.269100723,4.19606677,0.004353638138,0.005361101607,-0.001738580487,0,,,,,,,,0,28.61454533,77.21137642,16.7,,
14.55,-6.210362489,-6.327174057,4.222416988,0.008066808825,0.007652336529,0.006838304869,0,,,,,,,,0,28.61454577,77.21137805,16.7,,
14.56,-6.160842009,-6.361539686,4.239434518,0.004918344445,0.001275805455,0.001598242867,0,,,,,,,,0,28.61454622,77.21137969,16.7,,
14.57,-6.105057924,-6.303808936,4.286741752,0.005375500708,0.007550497524,0.006219209468,0,,,,,,,,0,28.61454666,77.21138132,16.7,,
14.58,-6.068598955,-6.384392313,4.264765047,0.005810788491,0.001835556863,0.00862848763,0,,,,,,,,0,28.61454711,77.21138296,16.7,,
14.59,-6.064319009,-6.345348219,4.350589898,0.009922896623,0.01270705452,0.003565293803,0,,,,,,,,0,28.61454755,77.21138459,16.7,,
14.6,-6.119821358,-6.409642403,4.237557704,0.007966628409,0.001641637766,0.006029943892,0,,,,,,,,0,28.61454799,77.21138623,16.7,,
14.61,-6.124517665,-6.326853632,4.276555122,0.005140742822,0.005557755005,0.007982512691,0,,,,,,,,0,28.61454844,77.21138786,16.7,,
14.62,-6.128466021,-6.398376345,4.26394748,0.002167427426,0.007885379215,0.002444088563,0,,,,,,,,0,28.61454888,77.21138949,16.7,,
14.63,-6.122700526,-6.32797917,4.326517364,0.01197549728,0.01107037212,0.003001673373,0,,,,,,,,0,28.61454933,77.21139113,16.7,,
14.64,-6.171201427,-6.244284921,4.323112292,0.001622546999,0.005406325863,0.006212541053,0,,,,,,,,0,28.61454977,77.21139276,16.7,,
14.65,-6.099748738,-6.361628732,4.2846522,0.005368708493,0.003339925725,-0.001556655342,0,,,,,,,,0,28.61455021,77.2113944,16.7,,
14.66,-6.072164886,-6.292145951,4.362548264,0.005590798776,0.01019653169,0.00959040151,0,,,,,,,,0,28.61455066,77.21139603,16.7,,
14.67,-6.227000107,-6.373084773,4.145235344,0.003747745851,0.003909514485,-0.001821891443,0,,,,,,,,0,28.6145511,77.21139767,16.7,,
14.68,-6.147512781,-6.316473691,4.257511907,0.002704003367,0.002618746531,0.005456323113,0,,,,,,,,0,28.61455154,77.2113993,16.7,,
14.69,-6.088481963,-6.281199847,4.184395177,-0.0003809030639,0.002260444737,0.002937588452,0,,,,,,,,0,28.61455199,77.21140094,16.7,,
14.7,-6.142554541,-6.336700453,4.167345112,0.01122511691,0.0009461550907,0.003058253976,0,,,,,,,,0,28.61455243,77.21140257,16.7,,
14.71,-6.09825822,-6.364918241,4.167919343,0.006074783697,0.0050788235,0.005127568228,0,,,,,,,,0,28.61455288,77.2114042,16.7,,
14.72,-6.154966204,-6.319820299,4.253686484,0.003709038473,0.003555285901,0.005966350089,0,,,,,,,,0,28.61455332,77.21140584,16.7,,
14.73,-6.128284053,-6.323731243,4.214628167,-0.001576358675,0.006055779743,0.002928348667,0,,,,,,,,0,28.61455376,77.21140747,16.7,,
14.74,-6.111005785,-6.411878536,4.219172154,0.004733606159,0.002457305548,0.006233767742,0,,,,,,,,0,28.61455421,77.21140911,16.7,,
14.75,-6.217181855,-6.291786636,4.394538201,0.008948876486,0.003227246294,0.00557939591,0,,,,,,,,0,28.61455465,77.21141074,16.7,,
14.76,-6.171551302,-6.279931574,4.25507021,0.00653750222,0.002391007867,0.00749427798,0,,,,,,,,0,28.6145551,77.21141238,16.7,,
14.77,-6.177866247,-6.362828495,4.228428608,0.006403011824,-0.0033689851,0.006019505881,0,,,,,,,,0,28.61455554,77.21141401,16.7,,
14.78,-6.160877883,-6.385005691,4.235061287,0.009260495232,0.004075146901,-0.0007607390732,0,,,,,,,,0,28.61455598,77.21141564,16.7,,
14.79,-6.166196723,-6.280664998,4.299353214,0.006943162589,0.00242351411,0.004659551464,0,,,,,,,,0,28.61455643,77.21141728,16.7,,
14.8,-6.070080548,-6.210750883,4.149002789,0.002321699918,0.006735723652,0.00759671774,0,,,,,,,,0,28.61455687,77.21141891,16.7,,
14.81,-6.277187663,-6.311258025,4.284785547,0.002555936881,0.001190171218,0.001146590089,0,,,,,,,,0,28.61455731,77.21142055,16.7,,
14.82,-6.178468678,-6.345210319,4.183934492,0.002077187349,0.006418668933,-0.002170172081,0,,,,,,,,0,28.61455776,77.21142218,16.7,,
14.83,-6.149116981,-6.383644704,4.395248533,0.007692315263,0.005195545178,-0.0004205193638,0,,,,,,,,0,28.6145582,77.21142382,16.7,,
14.84,-6.143535704,-6.307423258,4.365720546,0.00561537017,0.006450304628,0.002408378905,0,,,,,,,,0,28.61455865,77.21142545,16.7,,
14.85,-6.129215443,-6.356049977,4.267752199,0.002858076363,0.008767990135,0.00153508867,0,,,,,,,,0,28.61455909,77.21142709,16.7,,
14.86,-6.187696511,-6.273593237,4.181069596,0.00447540413,-0.001390712893,0.006100418218,0,,,,,,,,0,28.61455953,77.21142872,16.7,,
14.87,-6.199422237,-6.278563241,4.206582653,-0.001536306024,0.003527646587,0.007269870034,0,,,,,,,,0,28.61455998,77.21143035,16.7,,
14.88,-6.212152525,-6.360181182,4.246811944,-0.001137524563,0.008473042529,0.004621051492,0,,,,,,,,0,28.61456042,77.21143199,16.7,,
14.89,-6.120603332,-6.332948676,4.284339608,0.003720372619,0.005170437983,0.007708351989,0,,,,,,,,0,28.61456087,77.21143362,16.7,,
14.9,-6.080744774,-6.3947714,4.296464284,0.005911537098,0.004609978936,0.003587880186,0,,,,,,,,0,28.61456131,77.21143526,16.7,,
14.91,-6.049401745,-6.313256959,4.291708417,0.007789243805,0.007224465619,0.00479934572,0,,,,,,,,0,28.61456175,77.21143689,16.7,,
14.92,-6.142053754,-6.349114434,4.218427571,0.005954808919,0.006137294372,0.006324276719,0,,,,,,,,0,28.6145622,77.21143853,16.7,,
14.93,-6.20457142,-6.290965779,4.27035305,0.006686364154,0.00817565595,0.0007722717729,0,,,,,,,,0,28.61456264,77.21144016,16.7,,
14.94,-6.112383582,-6.372882806,4.279106762,0.002109475778,-0.0006156643712,0.003327198064,0,,,,,,,,0,28.61456308,77.2114418,16.7,,
14.95,-6.107935744,-6.336149311,4.293316603,0.007098578511,0.006238302756,0.002380639413,0,,,,,,,,0,28.61456353,77.21144343,16.7,,
14.96,-6.222238248,-6.330388588,4.172556799,0.0009361906211,0.004833338223,0.001778330687,0,,,,,,,,0,28.61456397,77.21144506,16.7,,
14.97,-6.165625538,-6.322117841,4.318348942,0.005288731816,0.003441458159,0.007385627483,0,,,,,,,,0,28.61456442,77.2114467,16.7,,
14.98,-6.077820582,-6.34766622,4.241008336,0.008827251599,0.003386667535,0.006925087145,0,,,,,,,,0,28.61456486,77.21144833,16.7,,
14.99,-6.124684923,-6.28280378,4.300229166,0.006248319032,0.007832801462,-0.001313775551,0,,,,,,,,0,28.6145653,77.21144997,16.7,,
15,-6.128920698,-6.353859814,4.218008547,0.01395713892,-0.001220738283,0.006539274021,0,,,,,,,,0,28.61456575,77.2114516,16.7,,
15.01,-6.172050088,-6.327803027,4.289909527,0.001977686444,0.006179344707,0.002924621504,0,,,,,,,,0,28.61456619,77.21145324,16.7,,
15.02,-6.257095183,-6.323588147,4.253073803,0.003889980819,0.003553851415,-0.001057803604,0,,,,,,,,0,28.61456663,77.21145487,16.7,,
15.03,-6.106796656,-6.347001354,4.31379708,-0.0001416529989,0.005946473808,0.004903806466,0,,,,,,,,0,28.61456708,77.2114565,16.7,,
15.04,-6.166132137,-6.373446584,4.297934574,0.0009036898699,0.004670439101,0.006934616038,0,,,,,,,,0,28.61456752,77.21145814,16.7,,
15.05,-6.156271195,-6.366639774,4.14752911,0.003994825445,-0.002645440077,0.002762169058,0,,,,,,,,0,28.61456797,77.21145977,16.7,,
15.06,-6.194316424,-6.224820847,4.27066206,0.006041130407,0.005839854085,0.01161986179,0,,,,,,,,0,28.61456841,77.21146141,16.7,,
15.07,-6.138772967,-6.383700914,4.26379404,0.009100623335,0.004776959542,0.008049397131,0,,,,,,,,0,28.61456885,77.21146304,16.7,,
15.08,-6.152158392,-6.305921078,4.29353759,0.00522499098,0.007245999538,0.001447032407,0,,,,,,,,0,28.6145693,77.21146468,16.7,,
15.09,-6.186897645,-6.390732825,4.231570587,0.009673074296,0.001486279274,0.005819778816,0,,,,,,,,0,28.61456974,77.21146631,16.7,,
15.1,-6.098367486,-6.371125994,4.278671736,0.00586488432,0.002035380757,0.007199134596,0,,,,,,,,0,28.61457019,77.21146795,16.7,,
15.11,-6.089530204,-6.404012105,4.185205081,0.007927264925,-0.0007021233098,0.00500039127,0,,,,,,,,0,28.61457063,77.21146958,16.7,,
15.12,-6.194560303,-6.373152957,4.335505446,0.002126212287,0.002037971006,0.009894908771,0,,,,,,,,0,28.61457107,77.21147121,16.7,,
15.13,-6.18299339,-6.324270165,4.291093103,0.0006815568381,0.000432550381,0.005445044667,0,,,,,,,,0,28.61457152,77.21147285,16.7,,
15.14,-6.108851255,-6.402869603,4.26540116,0.004341253989,0.0005955763866,0.003617316474,0,,,,,,,,0,28.61457196,77.21147448,16.7,,
15.15,-6.191326301,-6.404836265,4.19200272,0.003980597219,0.006882484253,0.0003619408972,0,,,,,,,,0,28.6145724,77.21147612,16.7,,
15.16,-6.172402232,-6.35596622,4.356083135,0.004844384713,0.006209020411,0.001596613469,0,,,,,,,,0,28.61457285,77.21147775,16.7,,
15.17,-6.070304583,-6.44089518,4.243161723,0.0009381612567,0.006106434264,0.004316266946,0,,,,,,,,0,28.61457329,77.21147939,16.7,,
15.18,-6.11348511,-6.289237305,4.362276406,0.003841466247,0.005298760974,0.003215723845,0,,,,,,,,0,28.61457374,77.21148102,16.7,,
15.19,-6.137649181,-6.301598458,4.285107859,-3.468269255e-06,0.007497128134,0.003455469892,0,,,,,,,,0,28.61457418,77.21148266,16.7,,
15.2,-6.094801133,-6.382520321,4.192390116,0.004761774394,0.0007484094251,0.002217790479,0,,,,,,,,0,28.61457462,77.21148429,16.7,,
15.21,-6.061357767,-6.40158971,4.268559663,0.005992933572,0.001180597336,0.00217734615,0,,,,,,,,0,28.61457507,77.21148592,16.7,,
15.22,-6.186239647,-6.331631783,4.237130599,0.006586398564,0.004858858186,-0.002875003496,0,,,,,,,,0,28.61457551,77.21148756,16.7,,
15.23,-6.086586901,-6.376446395,4.234743939,0.01086421824,0.007359112874,0.004839675243,0,,,,,,,,0,28.61457596,77.21148919,16.7,,
15.24,-6.154325756,-6.385588162,4.223295512,0.004932669418,0.005961050262,0.006884728971,0,,,,,,,,0,28.6145764,77.21149083,16.7,,
15.25,-6.128887559,-6.309709988,4.346900339,0.003133242538,0.002609343374,0.003028838815,0,,,,,,,,0,28.61457684,77.21149246,16.7,,
15.26,-6.186540036,-6.278059516,4.2894867,0.004184429709,0.003503534027,0.004833450832,0,,,,,,,,0,28.61457729,77.2114941,16.7,,
15.27,-6.101807238,-6.297665658,4.288053312,-0.002017783882,0.00111971433,0.00723740322,0,,,,,,,,0,28.61457773,77.21149573,16.7,,
15.28,-6.114851994,-6.254618252,4.261531713,0.009306381996,0.005655075808,0.007349731753,0,,,,,,,,0,28.61457817,77.21149736,16.7,,
15.29,-6.136220751,-6.344415673,4.302853847,0.003969348055,0.005702664677,0.006617846413,0,,,,,,,,0,28.61457862,77.211499,16.7,,
15.3,-6.057130537,-6.426253999,4.331276507,0.005895136063,0.004331877696,0.005868251293,0,,,,,,,,0,28.61457906,77.21150063,16.7,,
15.31,-6.107637226,-6.233989852,4.265643114,0.003230009719,0.000650731661,0.002786911223,0,,,,,,,,0,28.61457951,77.21150227,16.7,,
15.32,-6.203242015,-6.283320521,4.255020399,-0.001746365841,0.004466223013,0.0001154658766,0,,,,,,,,0,28.61457995,77.2115039,16.7,,
15.33,-6.119388448,-6.301404476,4.351168969,0.00362040975,0.006061379381,0.001542518676,0,,,,,,,,0,28.61458039,77.21150554,16.7,,
15.34,-6.176054632,-6.455115938,4.318322137,-0.0001984041695,0.009243760075,0.00808834701,0,,,,,,,,0,28.61458084,77.21150717,16.7,,
15.35,-6.165916967,-6.354356048,4.262302169,0.002724134628,0.007514966896,0.004108618196,0,,,,,,,,0,28.61458128,77.21150881,16.7,,
15.36,-6.187868119,-6.324692157,4.262074247,0.007020518743,0.005111939341,0.002751232716,0,,,,,,,,0,28.61458173,77.21151044,16.7,,
15.37,-6.126880245,-6.447990153,4.201380456,0.002572284376,0.008305012149,0.01300798474,0,,,,,,,,0,28.61458217,77.21151207,16.7,,
15.38,-6.011426811,-6.413194525,4.329557822,0.00258674145,0.003844261613,0.007218950346,0,,,,,,,,0,28.61458261,77.21151371,16.7,,
15.39,-6.090352791,-6.367028131,4.263716583,0.0004999623023,0.001641568793,0.00464871634,0,,,,,,,,0,28.61458306,77.21151534,16.7,,
15.4,-6.152811311,-6.437951118,4.154082463,0.004511773297,0.008674960086,0.005307333901,0,,,,,,,,0,28.6145835,77.21151698,16.7,,
15.41,-6.100520877,-6.363908965,4.220521928,0.003756140228,0.007264768728,0.002746669147,0,,,,,,,,0,28.61458394,77.21151861,16.7,,
15.42,-6.189535798,-6.30818923,4.268968607,0.006509733723,0.003251790183,0.007645201767,0,,,,,,,,0,28.61458439,77.21152025,16.7,,
15.43,-6.140751545,-6.34202391,4.256548295,0.00362489383,0.005750473865,0.007635128909,0,,,,,,,,0,28.61458483,77.21152188,16.7,,
15.44,-6.199048936,-6.327692316,4.321670064,0.007166500417,0.002373216961,0.004543156336,0,,,,,,,,0,28.61458528,77.21152352,16.7,,
15.45,-6.177016725,-6.335447404,4.253673125,0.007244528822,0.008923414695,0.003735900702,0,,,,,,,,0,28.61458572,77.21152515,16.7,,
15.46,-6.146873078,-6.309234045,4.246545733,0.002017610785,0.004269012134,0.002719645489,0,,,,,,,,0,28.61458616,77.21152678,16.7,,
15.47,-6.212093764,-6.297615779,4.194995996,0.005395346299,0.006967778636,0.002201293593,0,,,,,,,,0,28.61458661,77.21152842,16.7,,
15.48,-6.179948471,-6.353313568,4.280983091,0.006621176421,-0.0003087451294,0.002876024612,0,,,,,,,,0,28.61458705,77.21153005,16.7,,
15.49,-6.161802986,-6.318262706,4.293870635,0.0008442196138,6.238620791e-05,0.0005174861643,0,,,,,,,,0,28.61458749,77.21153169,16.7,,
15.5,-6.166131295,-6.382646701,4.245747601,0.00578263611,0.0008659314659,0.0002767781655,0,,,,,,,,0,28.61458794,77.21153332,16.7,,
15.51,-6.183543577,-6.35044917,4.37090893,0.005138887552,0.002009906626,0.004506868591,0,,,,,,,,0,28.61458838,77.21153496,16.7,,
15.52,-6.149320474,-6.390167299,4.317203797,0.004145185821,0.005203485036,0.0002134715646,0,,,,,,,,0,28.61458883,77.21153659,16.7,,
15.53,-6.111827157,-6.286919902,4.193936843,-0.0001363358038,0.002838855241,-0.000345588532,0,,,,,,,,0,28.61458927,77.21153822,16.7,,
15.54,-6.156661314,-6.359683117,4.29913093,0.004259551051,0.004559400734,0.003363122311,0,,,,,,,,0,28.61458971,77.21153986,16.7,,
15.55,-6.21765281,-6.286740376,4.220445217,0.004192118192,0.005699014768,0.003611359192,0,,,,,,,,0,28.61459016,77.21154149,16.7,,
15.56,-6.055697189,-6.355919865,4.309563464,0.01073208371,-0.0007489542624,0.002414894097,0,,,,,,,,0,28.6145906,77.21154313,16.7,,
15.57,-6.116761001,-6.373676477,4.202590518,0.005700942991,0.00168082582,0.002446804478,0,,,,,,,,0,28.61459105,77.21154476,16.7,,
15.58,-6.143782678,-6.33897584,4.26935607,0.006482357147,0.00304405516,0.003418114654,0,,,,,,,,0,28.61459149,77.2115464,16.7,,
15.59,-6.195595928,-6.386982562,4.179564764,0.005503768466,0.003471599448,0.002897662539,0,,,,,,,,0,28.61459193,77.21154803,16.7,,
15.6,-6.145337478,-6.283373578,4.273363197,0.006439239981,6.54519392e-05,0.006059478311,0,,,,,,,,0,28.61459238,77.21154967,16.7,,
15.61,-6.19307593,-6.358072937,4.283764185,0.00760906552,0.007913816704,0.007383179996,0,,,,,,,,0,28.61459282,77.2115513,16.7,,
15.62,-6.071287969,-6.402285648,4.29398926,0.004757247909,0.007117647247,0.001461826148,0,,,,,,,,0,28.61459326,77.21155293,16.7,,
15.63,-6.151103729,-6.364900274,4.308280692,-0.0001806819942,-0.001719665933,0.006656661176,0,,,,,,,,0,28.61459371,77.21155457,16.7,,
15.64,-6.129282485,-6.371800547,4.225714945,0.006560964145,0.005436807023,0.0004745491816,0,,,,,,,,0,28.61459415,77.2115562,16.7,,
15.65,-6.035116465,-6.379821421,4.239545376,0.00174197078,0.01041539665,0.0001248511831,0,,,,,,,,0,28.6145946,77.21155784,16.7,,
15.66,-6.01840883,-6.348892656,4.284409857,0.004218359317,0.003484994525,0.003646682316,0,,,,,,,,0,28.61459504,77.21155947,16.7,,
15.67,-6.111667657,-6.317451807,4.257473204,0.006291668307,0.00890225754,0.00568088426,0,,,,,,,,0,28.61459548,77.21156111,16.7,,
15.68,-6.038786206,-6.385999017,4.161566946,0.005352978993,0.00424083618,0.001629426358,0,,,,,,,,0,28.61459593,77.21156274,16.7,,
15.69,-6.025466935,-6.370891046,4.208226815,0.002076471015,0.002640169048,0.006485108807,0,,,,,,,,0,28.61459637,77.21156438,16.7,,
15.7,-6.084518807,-6.284473375,4.291957056,0.003883412386,0.00620344374,0.004162272955,0,,,,,,,,0,28.61459682,77.21156601,16.7,,
15.71,-6.131126133,-6.376574735,4.306753354,0.006766155522,0.001553348302,0.002485207518,0,,,,,,,,0,28.61459726,77.21156764,16.7,,
15.72,-6.122882006,-6.392048023,4.245107942,0.01022982088,0.009660242007,0.003512557269,0,,,,,,,,0,28.6145977,77.21156928,16.7,,
15.73,-6.159797259,-6.365997529,4.168532251,0.007294569186,0.007321958112,0.002740301001,0,,,,,,,,0,28.61459815,77.21157091,16.7,,
15.74,-6.236232555,-6.344723979,4.278586241,0.001401466568,0.004964952939,0.003839467089,0,,,,,,,,0,28.61459859,77.21157255,16.7,,
15.75,-6.164294511,-6.287290101,4.172566828,0.0009487079204,0.006154297451,-0.005110497244,0,,,,,,,,0,28.61459903,77.21157418,16.7,,
15.76,-6.154524228,-6.305742661,4.249375034,0.005368815624,0.007525105982,0.00354115211,0,,,,,,,,0,28.61459948,77.21157582,16.7,,
15.77,-6.206327277,-6.298125747,4.271333787,0.001147194606,0.002465196943,-0.0007571246374,0,,,,,,,,0,28.61459992,77.21157745,16.7,,
15.78,-6.155415891,-6.262024244,4.18284923,0.007236426334,0.004609788669,0.004222499517,0,,,,,,,,0,28.61460037,77.21157908,16.7,,
15.79,-6.178891866,-6.356704808,4.302574698,0.00606345079,0.007019555246,-8.941217181e-06,0,,,,,,,,0,28.61460081,77.21158072,16.7,,
15.8,-6.183879987,-6.339646091,4.174318258,0.0003841714058,0.008352847164,0.00132694057,0,,,,,,,,0,28.61460125,77.21158235,16.7,,
15.81,-6.144748284,-6.381220238,4.191021113,0.00333629686,0.005972067258,0.005371274901,0,,,,,,,,0,28.6146017,77.21158399,16.7,,
15.82,-6.14833766,-6.380055815,4.238218527,0.007332243175,0.002586385935,0.006300791878,0,,,,,,,,0,28.61460214,77.21158562,16.7,,
15.83,-6.159211787,-6.329762535,4.253933178,0.003333430717,0.001189339919,0.007813754027,0,,,,,,,,0,28.61460259,77.21158726,16.7,,
15.84,-6.192666821,-6.353909822,4.186350229,0.004771430582,0.00370954605,0.000944599938,0,,,,,,,,0,28.61460303,77.21158889,16.7,,
15.85,-6.194145661,-6.370533387,4.282366269,0.009161967718,0.00343066035,0.001154409289,0,,,,,,,,0,28.61460347,77.21159053,16.7,,
15.86,-6.072499922,-6.226202878,4.253014891,0.003507681256,0.003905823106,0.002663058338,0,,,,,,,,0,28.61460392,77.21159216,16.7,,
15.87,-6.238401104,-6.36785376,4.33497432,0.005394542978,0.008893375289,0.00626496679,0,,,,,,,,0,28.61460436,77.21159379,16.7,,
15.88,-6.10277596,-6.322220689,4.263504115,0.009995667373,0.004564175405,0.007876013754,0,,,,,,,,0,28.6146048,77.21159543,16.7,,
15.89,-6.11590938,-6.414104191,4.196490785,0.006669588499,0.002544241698,0.0003696483774,0,,,,,,,,0,28.61460525,77.21159706,16.7,,
15.9,-6.136559037,-6.375955578,4.237325065,0.007320092493,0.006311212774,0.004021033626,0,,,,,,,,0,28.61460569,77.2115987,16.7,,
15.91,-6.135828686,-6.388168661,4.283461503,0.005527190303,0.002130992274,-7.245093771e-05,0,,,,,,,,0,28.61460614,77.21160033,16.7,,
15.92,-6.155226899,-6.330293414,4.290678086,0.01078693884,0.009637231676,0.007104020521,0,,,,,,,,0,28.61460658,77.21160197,16.7,,
15.93,-6.152786316,-6.330543652,4.231401532,0.006945816685,0.004681650692,-0.0004204774652,0,,,,,,,,0,28.61460702,77.2116036,16.7,,
15.94,-6.206205846,-6.375744524,4.277857943,0.000879031652,0.003041800161,0.003644725746,0,,,,,,,,0,28.61460747,77.21160524,16.7,,
15.95,-6.166187803,-6.323853923,4.380878882,0.005772446266,0.005589755493,0.007505189801,0,,,,,,,,0,28.61460791,77.21160687,16.7,,
15.96,-6.158483437,-6.321690951,4.250338619,0.006326704752,0.007737891805,0.002451758472,0,,,,,,,,0,28.61460836,77.2116085,16.7,,
15.97,-6.106444251,-6.340713813,4.222769198,0.006933590836,0.003120800201,0.001074263811,0,,,,,,,,0,28.6146088,77.21161014,16.7,,
15.98,-6.14337305,-6.336129405,4.256226051,0.004694779921,0.001321949274,0.003292361987,0,,,,,,,,0,28.61460924,77.21161177,16.7,,
15.99,-6.146552726,-6.347206168,4.280419197,0.008562200557,0.005073952249,0.008415221079,0,,,,,,,,0,28.61460969,77.21161341,16.7,,
16,-6.175015589,-6.307952533,4.27411329,0.005499986939,0.004194052893,0.004827476679,0,,,,,,,,0,28.61461013,77.21161504,16.7,,
16.01,-6.189578079,-6.394403479,4.278719873,0.003703601741,-0.001361647612,0.003117047138,0,,,,,,,,0,28.61461057,77.21161668,16.7,,
16.02,-6.141240268,-6.307050181,4.256237678,0.003869548506,0.007564064816,0.00208881335,0,,,,,,,,0,28.61461102,77.21161831,16.7,,
16.03,-6.149518603,-6.417221434,4.203551898,0.004201742676,0.004496006025,0.001735050351,0,,,,,,,,0,28.61461146,77.21161994,16.7,,
16.04,-6.126323667,-6.357635906,4.251201152,0.005870086137,0.003544165539,0.003842729786,0,,,,,,,,0,28.61461191,77.21162158,16.7,,
16.05,-6.119717024,-6.393068195,4.216666682,0.001842941146,0.0006561546157,0.006799028972,0,,,,,,,,0,28.61461235,77.21162321,16.7,,
16.06,-6.210468457,-6.335050897,4.25298217,0.008899314701,0.00273260081,0.005331037588,0,,,,,,,,0,28.61461279,77.21162485,16.7,,
16.07,-6.234925064,-6.228190481,4.292282648,0.006965842893,0.007477580118,0.003740886236,0,,,,,,,,0,28.61461324,77.21162648,16.7,,
16.08,-6.094432671,-6.332908453,4.314931136,0.004730310628,0.004702176109,0.00357208279,0,,,,,,,,0,28.61461368,77.21162812,16.7,,
16.09,-6.192561079,-6.407448105,4.241753769,-0.002079651056,0.002261557527,0.0002838790466,0,,,,,,,,0,28.61461412,77.21162975,16.7,,
16.1,-6.181416644,-6.330321879,4.30164191,0.004779868763,0.006797527859,0.00655100632,0,,,,,,,,0,28.61461457,77.21163139,16.7,,
16.11,-6.168105695,-6.343491015,4.240174101,0.007731334669,0.003611378575,0.002481987818,0,,,,,,,,0,28.61461501,77.21163302,16.7,,
16.12,-6.147906073,-6.29032567,4.290149947,0.009018246133,-3.914956174e-05,0.002617791074,0,,,,,,,,0,28.61461546,77.21163465,16.7,,
16.13,-6.099004205,-6.226101738,4.271108035,0.002747205781,0.002819613184,0.0008700153651,0,,,,,,,,0,28.6146159,77.21163629,16.7,,
16.14,-6.126231193,-6.31838391,4.242656392,0.007233121326,0.004180153155,0.005172989367,0,,,,,,,,0,28.61461634,77.21163792,16.7,,
16.15,-6.126484621,-6.407928617,4.199715494,0.005287987953,0.005334467318,0.002215402694,0,,,,,,,,0,28.61461679,77.21163956,16.7,,
16.16,-6.142961785,-6.341789925,4.255072777,0.006360382085,0.002766811541,0.00313897659,0,,,,,,,,0,28.61461723,77.21164119,16.7,,
16.17,-6.113363263,-6.313630631,4.297284123,0.00331487413,0.004906435061,0.004779736858,0,,,,,,,,0,28.61461768,77.21164283,16.7,,
16.18,-6.143769657,-6.366710115,4.2625273,0.00975538816,0.001256031658,0.006575468452,0,,,,,,,,0,28.61461812,77.21164446,16.7,,
16.19,-6.226678313,-6.37189965,4.24283857,0.002937887093,0.003304799535,0.001733118788,0,,,,,,,,0,28.61461856,77.2116461,16.7,,
16.2,-6.210709489,-6.384305879,4.2231706,-0.0009310167985,0.008168745492,0.0009281518996,0,,,,,,,,0,28.61461901,77.21164773,16.7,,
16.21,-6.222769226,-6.327108046,4.238380964,0.004151991032,0.008400153784,0.01088520255,0,,,,,,,,0,28.61461945,77.21164936,16.7,,
16.22,-6.091343092,-6.380787737,4.318943158,0.006194676801,0.008175500167,0.002542135026,0,,,,,,,,0,28.61461989,77.211651,16.7,,
16.23,-6.178769703,-6.3507264,4.189821104,0.004897373406,0.004450272746,0.003976606161,0,,,,,,,,0,28.61462034,77.21165263,16.7,,
16.24,-6.241146134,-6.30349725,4.237085605,0.0006890913243,-0.0007683879618,0.005162216191,0,,,,,,,,0,28.61462078,77.21165427,16.7,,
16.25,-6.183585449,-6.326307847,4.181518159,0.005900241494,0.004347128586,0.006182038437,0,,,,,,,,0,28.61462123,77.2116559,16.7,,
16.26,-6.123978007,-6.335690219,4.268074971,0.005433475078,0.005369421211,0.0009013807011,0,,,,,,,,0,28.61462167,77.21165754,16.7,,
16.27,-6.198762233,-6.413241816,4.277294027,0.00621174603,0.007999872434,0.007344203308,0,,,,,,,,0,28.61462211,77.21165917,16.7,,
16.28,-6.101037323,-6.31406344,4.302744572,0.005138848167,0.001328754556,0.006080680972,0,,,,,,,,0,28.61462256,77.2116608,16.7,,
16.29,-6.138833173,-6.371024023,4.316843309,0.002041110496,0.00732963319,0.003130647845,0,,,,,,,,0,28.614623,77.21166244,16.7,,
16.3,-6.118298113,-6.277715159,4.228157639,0.0001559832443,0.01105092919,0.004152220629,0,,,,,,,,0,28.61462345,77.21166407,16.7,,
16.31,-6.138166703,-6.293491155,4.21468691,0.00659796311,0.004749235743,0.001472934918,0,,,,,,,,0,28.61462389,77.21166571,16.7,,
16.32,-6.113527759,-6.348753345,4.194533996,0.003116898792,0.001499205221,0.005112149691,0,,,,,,,,0,28.61462433,77.21166734,16.7,,
16.33,-6.238651687,-6.314081252,4.194341539,-0.0006187580431,0.007750402529,0.004287290719,0,,,,,,,,0,28.61462478,77.21166898,16.7,,
16.34,-6.10079704,-6.335961972,4.239930548,0.01025169525,0.008130163986,0.01076367091,0,,,,,,,,0,28.61462522,77.21167061,16.7,,
16.35,-6.108455443,-6.31546096,4.253199575,0.008073313194,0.006602879269,0.002587437014,0,,,,,,,,0,28.61462566,77.21167225,16.7,,
16.36,-6.187536257,-6.42549501,4.269726483,0.003308276145,0.002398608451,0.003583660523,0,,,,,,,,0,28.61462611,77.21167388,16.7,,
16.37,-6.187795717,-6.409703202,4.263642203,0.01140896327,0.006476443532,0.004548821122,0,,,,,,,,0,28.61462655,77.21167551,16.7,,
16.38,-6.199100105,-6.258531804,4.139999478,0.00254084759,0.003589711114,0.005320725457,0,,,,,,,,0,28.614627,77.21167715,16.7,,
16.39,-6.104165554,-6.37560543,4.143656652,0.009073071646,0.000481541212,0.006246000605,0,,,,,,,,0,28.61462744,77.21167878,16.7,,
16.4,-6.099294232,-6.396455095,4.386569137,0.002463020727,0.003110981315,0.003874688811,0,,,,,,,,0,28.61462788,77.21168042,16.7,,
16.41,-6.223566991,-6.369470504,4.31130746,-5.553703199e-05,0.003979905002,-0.002275722376,0,,,,,,,,0,28.61462833,77.21168205,16.7,,
16.42,-6.184511457,-6.211780547,4.279920969,0.006201290546,0.002612026985,0.005941281217,0,,,,,,,,0,28.61462877,77.21168369,16.7,,
16.43,-6.214618395,-6.339463254,4.204240205,0.009085572039,0.0007630744816,0.007344925821,0,,,,,,,,0,28.61462922,77.21168532,16.7,,
16.44,-6.086859675,-6.281166606,4.291773637,0.004588851787,0.0062964816,0.00666291054,0,,,,,,,,0,28.61462966,77.21168696,16.7,,
16.45,-6.200867844,-6.343886515,4.331717624,0.009354670891,0.006877404422,0.000394983349,0,,,,,,,,0,28.6146301,77.21168859,16.7,,
16.46,-6.179448742,-6.403553903,4.208129531,0.008375161518,0.004766341555,0.007835712848,0,,,,,,,,0,28.61463055,77.21169022,16.7,,
16.47,-6.092897942,-6.281328733,4.188298548,0.006313803013,0.003694220293,0.005427243753,0,,,,,,,,0,28.61463099,77.21169186,16.7,,
16.48,-6.201332777,-6.412664129,4.294909882,0.00799481408,-0.0009912334563,0.005777534093,0,,,,,,,,0,28.61463143,77.21169349,16.7,,
16.49,-6.184555354,-6.309845594,4.293048855,0.005266219008,0.003123615196,0.002930947542,0,,,,,,,,0,28.61463188,77.21169513,16.7,,
16.5,-6.1563108,-6.257559012,4.228523095,-0.001164663354,0.003788245279,-0.001063035428,0,,,,,,,,0,28.61463232,77.21169676,16.7,,
16.51,-6.097041227,-6.371678835,4.232304153,0.0002504814028,0.007755345267,0.004061929568,0,,,,,,,,0,28.61463277,77.2116984,16.7,,
16.52,-6.18318522,-6.279923909,4.301150317,0.004401848801,0.009300287316,0.00295110938,0,,,,,,,,0,28.61463321,77.21170003,16.7,,
16.53,-6.110847801,-6.315898111,4.249648139,0.005230114371,0.003742502843,0.006700661669,0,,,,,,,,0,28.61463365,77.21170166,16.7,,
16.54,-6.084557497,-6.297968238,4.270208498,0.00267750968,0.004864154706,0.001738119122,0,,,,,,,,0,28.6146341,77.2117033,16.7,,
16.55,-6.000089293,-6.328445978,4.208179143,0.007962239641,0.005021540312,0.0002504079075,0,,,,,,,,0,28.61463454,77.21170493,16.7,,
16.56,-6.176813076,-6.293757143,4.332385479,0.007449217371,0.003004048034,-0.0003292791546,0,,,,,,,,0,28.61463498,77.21170657,16.7,,
16.57,-6.056595172,-6.282011155,4.231352251,0.003074918709,-0.0009772510626,0.003791480507,0,,,,,,,,0,28.61463543,77.2117082,16.7,,
16.58,-6.141556613,-6.265195269,4.252966453,0.009385865886,0.007132410519,0.002519705488,0,,,,,,,,0,28.61463587,77.21170984,16.7,,
16.59,-6.085154878,-6.260075779,4.317777549,0.005438114561,0.006781913037,0.00434896781,0,,,,,,,,0,28.61463632,77.21171147,16.7,,
16.6,-6.066947068,-6.325674682,4.30703865,0.01119176015,0.006222625798,0.008274015077,0,,,,,,,,0,28.61463676,77.21171311,16.7,,
16.61,-6.267028059,-6.287505762,4.324068773,0.004976121512,0.006766046551,0.003099189637,0,,,,,,,,0,28.6146372,77.21171474,16.7,,
16.62,-6.153105106,-6.284134286,4.332472973,0.004427787855,0.00194872545,-0.002135502921,0,,,,,,,,0,28.61463765,77.21171637,16.7,,
16.63,-6.12700032,-6.319747883,4.232539566,0.005244529976,0.004690544809,0.002787313942,0,,,,,,,,0,28.61463809,77.21171801,16.7,,
16.64,-6.148592208,-6.357787746,4.252559216,0.001484952547,-0.004020712542,0.006343495573,0,,,,,,,,0,28.61463854,77.21171964,16.7,,
16.65,-6.190551639,-6.289724765,4.288401008,0.009914107746,0.004347334941,0.007694237959,0,,,,,,,,0,28.61463898,77.21172128,16.7,,
16.66,-6.182018665,-6.338789108,4.279950765,0.004653461849,0.002753202325,0.0007839996476,0,,,,,,,,0,28.61463942,77.21172291,16.7,,
16.67,-6.124908397,-6.364707545,4.257057298,0.002543683471,-0.001376509658,-0.001252552639,0,,,,,,,,0,28.61463987,77.21172455,16.7,,
16.68,-6.125715565,-6.356474533,4.222006769,0.007455910445,0.0001531388546,0.002352069616,0,,,,,,,,0,28.61464031,77.21172618,16.7,,
16.69,-6.168670521,-6.302775166,4.260657335,0.01095543895,0.008222191134,0.001323812463,0,,,,,,,,0,28.61464075,77.21172782,16.7,,
16.7,-6.132549816,-6.308494838,4.258469528,0.004260407189,0.006442449521,0.0005556573837,0,,,,,,,,0,28.6146412,77.21172945,16.7,,
16.71,-6.128897736,-6.384555102,4.182796454,0.005185847779,0.001580472341,0.009197611779,0,,,,,,,,0,28.61464164,77.21173108,16.7,,
16.72,-6.092006803,-6.405641401,4.209753234,0.004251730474,0.006663051125,0.008555002635,0,,,,,,,,0,28.61464209,77.21173272,16.7,,
16.73,-6.144572148,-6.303324057,4.244130035,0.002125739791,0.003815640323,-0.002902462371,0,,,,,,,,0,28.61464253,77.21173435,16.7,,
16.74,-6.15661249,-6.345919486,4.213231235,0.004908374179,0.001462077114,-0.0009853737597,0,,,,,,,,0,28.61464297,77.21173599,16.7,,
16.75,-6.088957857,-6.256521547,4.268522645,0.004517129858,0.002972589753,0.003293300305,0,,,,,,,,0,28.61464342,77.21173762,16.7,,
16.76,-6.151069588,-6.320129123,4.270034083,0.008982341748,0.00328900592,0.007183414664,0,,,,,,,,0,28.61464386,77.21173926,16.7,,
16.77,-6.17509133,-6.344997681,4.27407022,0.006542973837,0.0119785103,0.004974248482,0,,,,,,,,0,28.61464431,77.21174089,16.7,,
16.78,-6.113500872,-6.426420847,4.230692367,0.002852480051,0.001233851869,0.008407542777,0,,,,,,,,0,28.61464475,77.21174252,16.7,,
16.79,-6.148797591,-6.373320266,4.304345002,0.003107052918,0.007507163709,0.004204933376,0,,,,,,,,0,28.61464519,77.21174416,16.7,,
16.8,-6.130612871,-6.405951054,4.309969715,0.007425970976,0.008882284601,0.003736946602,0,,,,,,,,0,28.61464564,77.21174579,16.7,,
16.81,-6.200063816,-6.334837931,4.269814532,0.006105669243,0.007735632691,0.001292149573,0,,,,,,,,0,28.61464608,77.21174743,16.7,,
16.82,-6.116481503,-6.369075459,4.231420694,0.004649109931,0.00660530832,0.006809180479,0,,,,,,,,0,28.61464652,77.21174906,16.7,,
16.83,-6.13121206,-6.381912312,4.224851836,0.01043827022,0.002700334988,0.0005122855778,0,,,,,,,,0,28.61464697,77.2117507,16.7,,
16.84,-6.118310056,-6.444406698,4.316279311,-0.0006214399322,0.002495880621,0.002658335654,0,,,,,,,,0,28.61464741,77.21175233,16.7,,
16.85,-6.197397845,-6.297275209,4.246145268,0.007579715138,-0.001440605529,0.003195419642,0,,,,,,,,0,28.61464786,77.21175397,16.7,,
16.86,-6.171029858,-6.421157508,4.30012399,0.008957849031,0.007613059881,1.681149255e-05,0,,,,,,,,0,28.6146483,77.2117556,16.7,,
16.87,-6.232452421,-6.390186871,4.225019069,0.003972629088,-5.962055605e-05,0.006150036502,0,,,,,,,,0,28.61464874,77.21175723,16.7,,
16.88,-6.263913217,-6.309293823,4.312912492,0.003557528761,0.008010601022,0.008901832938,0,,,,,,,,0,28.61464919,77.21175887,16.7,,
16.89,-6.133780294,-6.373362572,4.34229829,0.002349044354,0.004417748043,0.004077010269,0,,,,,,,,0,28.61464963,77.2117605,16.7,,
16.9,-6.140183925,-6.332707143,4.272814141,0.003944411094,0.003384940898,0.003230252265,0,,,,,,,,0,28.61465008,77.21176214,16.7,,
16.91,-6.171454252,-6.337627335,4.164997869,0.005178164713,0.01031675701,0.0008450197207,0,,,,,,,,0,28.61465052,77.21176377,16.7,,
16.92,-6.142079281,-6.400334752,4.31591582,0.009775610484,0.006595169529,0.001944961734,0,,,,,,,,0,28.61465096,77.21176541,16.7,,
16.93,-6.142185789,-6.317882526,4.230672311,0.005319967884,0.007600845217,0.004837402124,0,,,,,,,,0,28.61465141,77.21176704,16.7,,
16.94,-6.104951606,-6.34129077,4.251442358,0.006446343419,0.004324196124,0.00131425956,0,,,,,,,,0,28.61465185,77.21176868,16.7,,
16.95,-6.125052707,-6.381812897,4.350302713,0.004904913003,0.003699240276,0.00349082137,0,,,,,,,,0,28.61465229,77.21177031,16.7,,
16.96,-6.207735488,-6.339044027,4.293476837,0.00533875789,0.006356999142,0.003988656314,0,,,,,,,,0,28.61465274,77.21177194,16.7,,
16.97,-6.074494278,-6.401552842,4.179181013,0.00788047578,0.002623790241,0.0059713036,0,,,,,,,,0,28.61465318,77.21177358,16.7,,
16.98,-6.174917438,-6.290852121,4.241081653,0.003311231564,0.004670437246,0.001681871741,0,,,,,,,,0,28.61465363,77.21177521,16.7,,
16.99,-6.141252742,-6.355046181,4.261817707,0.0002788324533,-0.0001997911725,0.004295405379,0,,,,,,,,0,28.61465407,77.21177685,16.7,,
17,-6.163970788,-6.304099352,4.222617102,0.008168005485,0.006959444451,0.004565514414,0,,,,,,,,0,28.61465451,77.21177848,16.7,,
17.01,-6.037801871,-6.395568932,4.258360308,0.005529515312,0.007056400741,0.004083209781,0,,,,,,,,0,28.61465496,77.21178012,16.7,,
17.02,-6.136887661,-6.353850244,4.225331191,0.001304505227,0.007622030997,0.004253688432,0,,,,,,,,0,28.6146554,77.21178175,16.7,,
17.03,-6.065606958,-6.397278657,4.111577621,0.007402086323,0.00374414929,0.003223360925,0,,,,,,,,0,28.61465584,77.21178338,16.7,,
17.04,-6.0802991,-6.359397835,4.301694894,0.001516334542,0.007307437198,0.00134618168,0,,,,,,,,0,28.61465629,77.21178502,16.7,,
17.05,-6.086218259,-6.280338703,4.24000832,0.006265876464,0.0006445207444,0.005926281864,0,,,,,,,,0,28.61465673,77.21178665,16.7,,
17.06,-6.212412528,-6.342510622,4.311148654,0.002959956367,0.005902866138,0.005334029095,0,,,,,,,,0,28.61465718,77.21178829,16.7,,
17.07,-6.070818475,-6.444268423,4.299102902,0.006824325075,0.003709169017,0.008089038795,0,,,,,,,,0,28.61465762,77.21178992,16.7,,
17.08,-6.049705681,-6.23330277,4.365900195,0.004733509317,0.004947730823,0.000606455604,0,,,,,,,,0,28.61465806,77.21179156,16.7,,
17.09,-6.171105867,-6.391051437,4.263321062,0.006728286944,0.001600207545,0.003845102417,0,,,,,,,,0,28.61465851,77.21179319,16.7,,
17.1,-6.12670085,-6.356483909,4.239901061,0.007378229709,0.001190815178,0.006789681661,0,,,,,,,,0,28.61465895,77.21179483,16.7,,
17.11,-6.114818692,-6.344049958,4.27257011,0.008404824446,0.006950272384,0.002475023374,0,,,,,,,,0,28.6146594,77.21179646,16.7,,
17.12,-6.066702042,-6.309278865,4.213402225,0.001480541966,0.009640498096,0.001291415207,0,,,,,,,,0,28.61465984,77.21179809,16.7,,
17.13,-6.031732598,-6.325178049,4.323331986,0.001972369082,0.003322614902,0.0004609071597,0,,,,,,,,0,28.61466028,77.21179973,16.7,,
17.14,-6.169447936,-6.401520104,4.318262798,0.006307607319,0.0007582761556,0.006709597563,0,,,,,,,,0,28.61466073,77.21180136,16.7,,
17.15,-6.181953638,-6.353891374,4.239290399,0.008633551291,0.005536376516,0.006696354756,0,,,,,,,,0,28.61466117,77.211803,16.7,,
17.16,-6.1090584,-6.318085048,4.232322131,0.002375931958,0.006096760124,0.004929587129,0,,,,,,,,0,28.61466161,77.21180463,16.7,,
17.17,-6.18983677,-6.382133411,4.393457495,0.00244771572,0.006420252169,0.001148675871,0,,,,,,,,0,28.61466206,77.21180627,16.7,,
17.18,-6.103734847,-6.372172422,4.265459752,0.01134184217,0.002684556877,0.003344735443,0,,,,,,,,0,28.6146625,77.2118079,16.7,,
17.19,-6.15410138,-6.344358906,4.281236182,0.006736977648,0.004399844506,0.00569943116,0,,,,,,,,0,28.61466295,77.21180954,16.7,,
17.2,-6.157175749,-6.408341943,4.267942335,0.0007288964231,0.01101882708,0.009305089105,0,,,,,,,,0,28.61466339,77.21181117,16.7,,
17.21,-6.045311548,-6.289420716,4.306732316,0.001907947637,0.005805083799,0.003413408834,0,,,,,,,,0,28.61466383,77.2118128,16.7,,
17.22,-6.12814799,-6.331794199,4.26448273,0.001881447515,0.006520698986,0.005510683379,0,,,,,,,,0,28.61466428,77.21181444,16.7,,
17.23,-6.102988419,-6.316216419,4.250789692,0.01462327131,0.009555954791,0.005068610937,0,,,,,,,,0,28.61466472,77.21181607,16.7,,
17.24,-6.161631276,-6.351047934,4.258192451,0.01257574162,0.003136199376,0.003606169404,0,,,,,,,,0,28.61466517,77.21181771,16.7,,
17.25,-6.118341422,-6.382171412,4.316993831,0.006425964942,0.004057454205,0.007466665232,0,,,,,,,,0,28.61466561,77.21181934,16.7,,
17.26,-6.075603909,-6.329617905,4.360109414,0.007659052391,-0.001060411193,0.001872618496,0,,,,,,,,0,28.61466605,77.21182098,16.7,,
17.27,-6.190619642,-6.453581243,4.229052849,0.005005895795,0.005401557778,0.003449492231,0,,,,,,,,0,28.6146665,77.21182261,16.7,,
17.28,-6.15040413,-6.420656094,4.325760946,0.009435624729,0.00152442064,0.002676669911,0,,,,,,,,0,28.61466694,77.21182425,16.7,,
17.29,-6.201691897,-6.462853755,4.345887633,0.007890174532,0.005883884371,0.005516374746,0,,,,,,,,0,28.61466738,77.21182588,16.7,,
17.3,-6.197801902,-6.342701837,4.284260688,0.000624303672,0.007608455793,0.001326520866,0,,,,,,,,0,28.61466783,77.21182751,16.7,,
17.31,-6.226604539,-6.354681623,4.151915868,0.007530556279,0.004718865904,0.007582900446,0,,,,,,,,0,28.61466827,77.21182915,16.7,,
17.32,-6.156241736,-6.335508713,4.230477459,0.00340358626,0.002084215063,0.005701301032,0,,,,,,,,0,28.61466872,77.21183078,16.7,,
17.33,-6.142605936,-6.401057743,4.180634398,0.0006608443126,0.007993362687,0.00230554039,0,,,,,,,,0,28.61466916,77.21183242,16.7,,
17.34,-6.126754489,-6.314554108,4.265061425,9.910007209e-05,0.005954740328,0.002534528825,0,,,,,,,,0,28.6146696,77.21183405,16.7,,
17.35,-6.192171234,-6.388453747,4.264686773,0.004567367183,0.01002484684,0.002581999899,0,,,,,,,,0,28.61467005,77.21183569,16.7,,
17.36,-6.146169734,-6.390493815,4.182049545,0.005078916751,0.0009853974135,0.00252697501,0,,,,,,,,0,28.61467049,77.21183732,16.7,,
17.37,-6.12688323,-6.274318869,4.330874833,0.005078738997,0.007547137953,0.001958010883,0,,,,,,,,0,28.61467094,77.21183895,16.7,,
17.38,-6.155204088,-6.391935758,4.250397821,0.006741660236,-0.000160149078,0.002149740039,0,,,,,,,,0,28.61467138,77.21184059,16.7,,
17.39,-6.256038629,-6.352265093,4.212371697,0.001658114913,0.00208010846,-0.0001841258954,0,,,,,,,,0,28.61467182,77.21184222,16.7,,
17.4,-6.186091153,-6.403778242,4.30931184,0.004712004079,0.0137593847,-0.0001229426876,0,,,,,,,,0,28.61467227,77.21184386,16.7,,
17.41,-6.24364946,-6.347708697,4.203822834,-0.0003934635948,0.002595065109,0.001057936434,0,,,,,,,,0,28.61467271,77.21184549,16.7,,
17.42,-6.192142367,-6.318923459,4.263269547,0.004878503263,0.00185283836,0.00947104441,0,,,,,,,,0,28.61467315,77.21184713,16.7,,
17.43,-6.184260144,-6.304876647,4.245392653,0.002465637606,0.005269918097,0.007095211084,0,,,,,,,,0,28.6146736,77.21184876,16.7,,
17.44,-6.138968279,-6.341002378,4.233107991,0.004309549531,0.006084051953,0.006892602099,0,,,,,,,,0,28.61467404,77.2118504,16.7,,
17.45,-6.147700159,-6.350745996,4.263206986,0.001348867045,0.004778895577,0.003897564427,0,,,,,,,,0,28.61467449,77.21185203,16.7,,
17.46,-6.182362153,-6.290144026,4.294169435,0.002494355524,0.002616232812,0.007303211436,0,,,,,,,,0,28.61467493,77.21185366,16.7,,
17.47,-6.166092169,-6.294902098,4.240844177,0.010137313,0.004358971909,0.00319838568,0,,,,,,,,0,28.61467537,77.2118553,16.7,,
17.48,-6.186093004,-6.337706112,4.250354322,0.007915527731,0.004371939998,0.00705506791,0,,,,,,,,0,28.61467582,77.21185693,16.7,,
17.49,-6.182499301,-6.338796726,4.254722829,0.001011617198,0.0004369682536,0.006186328188,0,,,,,,,,0,28.61467626,77.21185857,16.7,,
17.5,-6.199201238,-6.370546981,4.353784707,0.0001219957896,0.003915215936,0.0004938771067,0,,,,,,,,0,28.61467671,77.2118602,16.7,,
17.51,-6.155293898,-6.333651838,4.199470139,0.006174888192,0.005351215255,0.004451689223,0,,,,,,,,0,28.61467715,77.21186184,16.7,,
17.52,-6.091453673,-6.364332971,4.218030363,0.002707214412,0.003643511579,0.002957321124,0,,,,,,,,0,28.61467759,77.21186347,16.7,,
17.53,-6.179520173,-6.30244014,4.228875185,0.006781206416,0.004370859767,0.005585602622,0,,,,,,,,0,28.61467804,77.21186511,16.7,,
17.54,-6.22228739,-6.29217778,4.242459532,0.005128712941,0.002819212679,0.002677226964,0,,,,,,,,0,28.61467848,77.21186674,16.7,,
17.55,-6.252680652,-6.31765437,4.24927418,0.0004950290949,-0.002822591072,0.0005757465792,0,,,,,,,,0,28.61467892,77.21186837,16.7,,
17.56,-6.175901128,-6.408435074,4.291663582,0.006404964799,0.008360707548,0.006644116493,0,,,,,,,,0,28.61467937,77.21187001,16.7,,
17.57,-6.113323167,-6.370283096,4.281385994,0.0006304645261,0.0006898434507,0.009671713769,0,,,,,,,,0,28.61467981,77.21187164,16.7,,
17.58,-6.086044935,-6.290346115,4.280892659,0.008321959976,0.004586580274,0.003649311171,0,,,,,,,,0,28.61468026,77.21187328,16.7,,
17.59,-6.204661715,-6.334561683,4.230991489,0.002267285591,-0.000789237683,0.004058477684,0,,,,,,,,0,28.6146807,77.21187491,16.7,,
17.6,-6.105836511,-6.281733732,4.255352542,0.003364026064,0.004152040387,0.002221475144,0,,,,,,,,0,28.61468114,77.21187655,16.7,,
17.61,-6.084027473,-6.238129863,4.267355419,0.007956055054,0.008370498042,0.001360405005,0,,,,,,,,0,28.61468159,77.21187818,16.7,,
17.62,-6.131540801,-6.353929104,4.313954138,0.008900630368,0.004803001597,0.00375910775,0,,,,,,,,0,28.61468203,77.21187981,16.7,,
17.63,-6.171145971,-6.411371572,4.338608777,0.006787162735,0.003549020751,0.0003858016942,0,,,,,,,,0,28.61468247,77.21188145,16.7,,
17.64,-6.17587407,-6.274257734,4.283271575,0.005289427528,0.008157392873,0.003949456649,0,,,,,,,,0,28.61468292,77.21188308,16.7,,
17.65,-6.126481728,-6.259226488,4.249904184,0.01209564972,-0.0003857126078,0.0008795931588,0,,,,,,,,0,28.61468336,77.21188472,16.7,,
17.66,-6.075504987,-6.246647234,4.216224255,0.006199022211,-0.001758876886,0.003782458336,0,,,,,,,,0,28.61468381,77.21188635,16.7,,
17.67,-6.016180595,-6.31327473,4.327840928,0.004533484482,0.0107505903,0.00576721371,0,,,,,,,,0,28.61468425,77.21188799,16.7,,
17.68,-6.208784576,-6.386428494,4.285967399,0.003094113292,-0.0009239744377,0.005440996054,0,,,,,,,,0,28.61468469,77.21188962,16.7,,
17.69,-6.233339997,-6.37877409,4.24178399,0.004231873598,0.00803568964,0.006886402902,0,,,,,,,,0,28.61468514,77.21189126,16.7,,
17.7,-5.981076379,-6.347437506,4.221827289,0.003760996424,0.004653849894,0.005223352608,0,,,,,,,,0,28.61468558,77.21189289,16.7,,
17.71,-6.234181159,-6.372433357,4.237470472,0.006790001447,-0.002024428124,0.002437091401,0,,,,,,,,0,28.61468603,77.21189452,16.7,,
17.72,-6.231958278,-6.295795524,4.303910632,0.002453403822,0.0006803172519,0.0005832247432,0,,,,,,,,0,28.61468647,77.21189616,16.7,,
17.73,-6.172011378,-6.343285669,4.403978766,0.008044416669,0.006609518073,0.003976464646,0,,,,,,,,0,28.61468691,77.21189779,16.7,,
17.74,-6.209039883,-6.251123858,4.24066933,0.007796406418,0.0008027871018,0.003490280384,0,,,,,,,,0,28.61468736,77.21189943,16.7,,
17.75,-6.187860728,-6.437730052,4.305596107,0.008734360295,0.001609539085,0.008862136611,0,,,,,,,,0,28.6146878,77.21190106,16.7,,
17.76,-6.194267791,-6.341525812,4.261163933,0.01109592703,0.003121341134,0.006106311072,0,,,,,,,,0,28.61468824,77.2119027,16.7,,
17.77,-6.198041427,-6.38339654,4.176668768,0.00341676932,0.002854819599,0.002045346717,0,,,,,,,,0,28.61468869,77.21190433,16.7,,
17.78,-6.04006213,-6.378229472,4.289737629,0.005788464567,0.009036348,0.004656733645,0,,,,,,,,0,28.61468913,77.21190597,16.7,,
17.79,-6.137475988,-6.324338302,4.352600027,0.0003728824074,0.001114486703,0.005596129662,0,,,,,,,,0,28.61468958,77.2119076,16.7,,
17.8,-6.207514714,-6.381312216,4.202357967,0.004733957189,0.005673054655,0.003053695221,0,,,,,,,,0,28.61469002,77.21190923,16.7,,
17.81,-6.061258289,-6.394992343,4.247035142,0.007438557427,0.001788149628,0.007018741141,0,,,,,,,,0,28.61469046,77.21191087,16.7,,
17.82,-6.069886307,-6.379893714,4.26707858,0.005294654808,0.009622783343,0.00351658673,0,,,,,,,,0,28.61469091,77.2119125,16.7,,
17.83,-6.156834145,-6.43055177,4.29456375,-0.001961435441,0.003277050782,0.002702759377,0,,,,,,,,0,28.61469135,77.21191414,16.7,,
17.84,-6.138175209,-6.398975257,4.257350387,0.005156719804,0.003992530775,0.00732248627,0,,,,,,,,0,28.6146918,77.21191577,16.7,,
17.85,-6.193532464,-6.2944978,4.294123274,0.005148272478,0.00831067007,0.004834790459,0,,,,,,,,0,28.61469224,77.21191741,16.7,,
17.86,-6.187352415,-6.467753524,4.271664135,0.007270879735,0.002382559867,0.000114791103,0,,,,,,,,0,28.61469268,77.21191904,16.7,,
17.87,-6.092042614,-6.325458063,4.305011472,0.004151886942,0.004685280248,0.002085953289,0,,,,,,,,0,28.61469313,77.21192067,16.7,,
17.88,-6.139920963,-6.376151493,4.232462042,0.008234774571,0.00489411653,0.006576630608,0,,,,,,,,0,28.61469357,77.21192231,16.7,,
17.89,-6.139660993,-6.280855697,4.285233554,0.01124552415,0.008112240206,0.004562012166,0,,,,,,,,0,28.61469401,77.21192394,16.7,,
17.9,-6.133332151,-6.280170666,4.265554632,0.006872816349,0.005873547233,0.004525556116,0,,,,,,,,0,28.61469446,77.21192558,16.7,,
17.91,-6.11617282,-6.267279676,4.229597931,0.008027960971,0.004899352378,0.001578366959,0,,,,,,,,0,28.6146949,77.21192721,16.7,,
17.92,-6.179349343,-6.296023809,4.23834321,0.005976004447,0.004386301473,0.00450066902,0,,,,,,,,0,28.61469535,77.21192885,16.7,,
17.93,-6.208335531,-6.345069247,4.340994226,0.006321200144,0.004243153331,0.004761635681,0,,,,,,,,0,28.61469579,77.21193048,16.7,,
17.94,-6.198530628,-6.386929036,4.275994064,0.009105419702,0.000216761102,0.004241601191,0,,,,,,,,0,28.61469623,77.21193212,16.7,,
17.95,-6.130965016,-6.35917188,4.26512193,0.001484197615,0.0008225935688,0.006740613818,0,,,,,,,,0,28.61469668,77.21193375,16.7,,
17.96,-6.192588419,-6.243324448,4.275678317,-0.002447445898,0.005510058675,0.006244544709,0,,,,,,,,0,28.61469712,77.21193538,16.7,,
17.97,-6.203648511,-6.244690329,4.321737999,0.0002885080782,0.001555906857,0.003480498446,0,,,,,,,,0,28.61469757,77.21193702,16.7,,
17.98,-6.141840165,-6.306132132,4.31062863,0.004699687318,0.005368128151,-0.0009858752531,0,,,,,,,,0,28.61469801,77.21193865,16.7,,
17.99,-6.165800957,-6.340385709,4.306883313,0.003893694814,0.001766058782,0.004415196683,0,,,,,,,,0,28.61469845,77.21194029,16.7,,
18,-6.185772183,-6.382463135,4.212111607,0.00347095039,0.008806537272,0.006930973049,0,,,,,,,,0,28.6146989,77.21194192,16.7,,
18.01,-6.140516469,-6.383015647,4.260404661,0.004254807586,0.006491925796,0.003209320092,0,,,,,,,,0,28.61469934,77.21194356,16.7,,
18.02,-6.146441772,-6.29838114,4.148655501,0.01106567584,0.001084717592,0.01090013257,0,,,,,,,,0,28.61469978,77.21194519,16.7,,
18.03,-6.077406158,-6.255551511,4.296998337,-0.0005007731093,0.001665689237,0.0007994927154,0,,,,,,,,0,28.61470023,77.21194683,16.7,,
18.04,-6.245671942,-6.321313889,4.26718528,0.007939293244,0.003354809525,0.007053089085,0,,,,,,,,0,28.61470067,77.21194846,16.7,,
18.05,-6.262347712,-6.39040117,4.271808337,0.01110771574,0.004585044078,0.007382072961,0,,,,,,,,0,28.61470112,77.21195009,16.7,,
18.06,-6.279267736,-6.298549108,4.245054337,0.004274437727,0.00255700012,0.001987042692,0,,,,,,,,0,28.61470156,77.21195173,16.7,,
18.07,-6.06344937,-6.322652014,4.220372845,0.00533250453,0.009199112783,0.002785542783,0,,,,,,,,0,28.614702,77.21195336,16.7,,
18.08,-6.115451172,-6.396841853,4.207477724,0.004004231868,0.004672266697,0.00354206853,0,,,,,,,,0,28.61470245,77.211955,16.7,,
18.09,-6.075299159,-6.314822012,4.252115648,0.008868699239,0.0005716658899,0.004767856197,0,,,,,,,,0,28.61470289,77.21195663,16.7,,
18.1,-6.166409383,-6.273722033,4.216869191,0.01313641915,0.002104557548,0.007996628305,0,,,,,,,,0,28.61470333,77.21195827,16.7,,
18.11,-6.129166197,-6.32197208,4.387042924,0.007042364923,0.001714095592,0.007626564865,0,,,,,,,,0,28.61470378,77.2119599,16.7,,
18.12,-6.165473117,-6.235289703,4.341537902,0.002695753333,0.004394684999,0.003472166477,0,,,,,,,,0,28.61470422,77.21196153,16.7,,
18.13,-6.184023369,-6.358918896,4.263093054,0.003497126146,0.002359522559,0.002413750815,0,,,,,,,,0,28.61470467,77.21196317,16.7,,
18.14,-6.160653146,-6.354508159,4.285584979,0.003479296196,0.006450077583,0.004531707933,0,,,,,,,,0,28.61470511,77.2119648,16.7,,
18.15,-6.241593612,-6.419663279,4.309958581,0.003137147093,0.0018739719,0.001631287764,0,,,,,,,,0,28.61470555,77.21196644,16.7,,
18.16,-6.049836444,-6.396462067,4.24213591,0.001234034149,0.005266540424,0.00354969183,0,,,,,,,,0,28.614706,77.21196807,16.7,,
18.17,-6.16051204,-6.396746001,4.319503721,0.004506736528,-0.001827886351,0.003813615737,0,,,,,,,,0,28.61470644,77.21196971,16.7,,
18.18,-6.033927718,-6.363822681,4.275787168,0.005000490194,0.002669259364,0.002662562034,0,,,,,,,,0,28.61470689,77.21197134,16.7,,
18.19,-6.158888106,-6.329570894,4.166641014,0.001366761764,0.002097338446,0.001948175351,0,,,,,,,,0,28.61470733,77.21197298,16.7,,
18.2,-6.063426985,-6.32994997,4.280735823,0.001968465304,0.003592731847,0.007076281943,0,,,,,,,,0,28.61470777,77.21197461,16.7,,
18.21,-6.140525145,-6.245195459,4.212116727,0.0056137009,-0.0002786470653,0.008528604942,0,,,,,,,,0,28.61470822,77.21197624,16.7,,
18.22,-6.200469715,-6.391637978,4.299218402,0.01112940405,0.002713730945,0.002267671986,0,,,,,,,,0,28.61470866,77.21197788,16.7,,
18.23,-6.067633516,-6.261374605,4.327850821,0.005562865931,0.002147262274,-0.0001178861979,0,,,,,,,,0,28.6147091,77.21197951,16.7,,
18.24,-6.250573064,-6.271345329,4.32170967,0.006636392039,0.005811002664,-8.630724965e-05,0,,,,,,,,0,28.61470955,77.21198115,16.7,,
18.25,-6.129154619,-6.382439223,4.20054398,-0.0004677646795,0.00366514736,0.004476419854,0,,,,,,,,0,28.61470999,77.21198278,16.7,,
18.26,-6.118325972,-6.341415655,4.189113583,0.002877413716,0.003526057051,0.004978981775,0,,,,,,,,0,28.61471044,77.21198442,16.7,,
18.27,-6.124305642,-6.289027822,4.196536527,0.001811784624,0.004837236827,0.002065551223,0,,,,,,,,0,28.61471088,77.21198605,16.7,,
18.28,-6.162694034,-6.399237559,4.282147408,0.002769868795,0.001157669817,0.0001090441099,0,,,,,,,,0,28.61471132,77.21198769,16.7,,
18.29,-6.169518711,-6.345743547,4.241575914,0.009640544378,-0.0006980212314,0.007472383336,0,,,,,,,,0,28.61471177,77.21198932,16.7,,
18.3,-6.111285057,-6.297775166,4.320302089,0.004845555954,0.006015112744,0.004018603149,0,,,,,,,,0,28.61471221,77.21199095,16.7,,
18.31,-6.156180231,-6.340969023,4.251146589,0.004469918619,0.004850158486,0.003985696726,0,,,,,,,,0,28.61471266,77.21199259,16.7,,
18.32,-6.152364715,-6.340043083,4.192634051,0.009207832893,0.002463948531,0.004659112461,0,,,,,,,,0,28.6147131,77.21199422,16.7,,
18.33,-6.20789532,-6.330810492,4.148480932,0.005208898719,0.004072673307,0.001306366451,0,,,,,,,,0,28.61471354,77.21199586,16.7,,
18.34,-6.194186415,-6.314034675,4.265979641,0.004805964782,0.008222620008,0.005097085502,0,,,,,,,,0,28.61471399,77.21199749,16.7,,
18.35,-6.11358404,-6.367176003,4.272629469,0.003446059224,0.006100071787,0.003653537534,0,,,,,,,,0,28.61471443,77.21199913,16.7,,
18.36,-6.18754507,-6.31347097,4.282766273,-0.0007310544716,0.007346170516,0.005757864167,0,,,,,,,,0,28.61471487,77.21200076,16.7,,
18.37,-6.174390311,-6.412901852,4.203230649,0.007268567802,0.005038334468,0.0005779128401,0,,,,,,,,0,28.61471532,77.21200239,16.7,,
18.38,-6.134290659,-6.328767985,4.251364796,0.00642643755,-0.001735035161,0.008497760183,0,,,,,,,,0,28.61471576,77.21200403,16.7,,
18.39,-6.17123494,-6.367828121,4.214720542,0.002276853535,0.006174723601,0.006055493496,0,,,,,,,,0,28.61471621,77.21200566,16.7,,
18.4,-6.23608941,-6.29299661,4.290671708,0.004506774301,-0.0008437562106,0.002437871588,0,,,,,,,,0,28.61471665,77.2120073,16.7,,
18.41,-6.102935777,-6.391010923,4.344418333,0.004151916171,0.008562403345,0.009350453385,0,,,,,,,,0,28.61471709,77.21200893,16.7,,
18.42,-6.139805677,-6.313342841,4.217516645,0.004552906123,0.005453111657,0.007180187798,0,,,,,,,,0,28.61471754,77.21201057,16.7,,
18.43,-6.185231117,-6.325127717,4.264592435,-0.001232517306,0.004740277041,-0.003726133442,0,,,,,,,,0,28.61471798,77.2120122,16.7,,
18.44,-6.162007492,-6.306733712,4.191858647,0.003696460849,-0.0001261561009,0.0007505442875,0,,,,,,,,0,28.61471843,77.21201384,16.7,,
18.45,-6.167119075,-6.29088722,4.281421548,0.004345582915,0.002628111677,0.001222981669,0,,,,,,,,0,28.61471887,77.21201547,16.7,,
18.46,-6.08877835,-6.359877972,4.293297179,0.002834198571,-0.0008150867848,0.004262205661,0,,,,,,,,0,28.61471931,77.2120171,16.7,,
18.47,-6.102482539,-6.377242799,4.266067304,0.005022939086,0.008485992996,0.003655356251,0,,,,,,,,0,28.61471976,77.21201874,16.7,,
18.48,-6.099418405,-6.293885056,4.304500951,0.006996283782,0.009589125349,0.0005488935015,0,,,,,,,,0,28.6147202,77.21202037,16.7,,
18.49,-6.262173802,-6.328056214,4.30225499,0.003961256389,0.002201568851,-0.003474631879,0,,,,,,,,0,28.61472064,77.21202201,16.7,,
18.5,-6.218022676,-6.333040457,4.28913976,0.002287859438,0.003042596778,0.006503422714,0,,,,,,,,0,28.61472109,77.21202364,16.7,,
18.51,-6.090597364,-6.348066372,4.259781962,0.005634529479,0.0033152781,0.002458426156,0,,,,,,,,0,28.61472153,77.21202528,16.7,,
18.52,-6.107901172,-6.354644219,4.308470166,0.009388460103,0.005140281836,0.003071008113,0,,,,,,,,0,28.61472198,77.21202691,16.7,,
18.53,-6.122398355,-6.321415948,4.237199021,0.008946307964,0.004984440044,0.005236389261,0,,,,,,,,0,28.61472242,77.21202855,16.7,,
18.54,-6.138062227,-6.348591007,4.318836211,0.01283992633,0.002561663898,0.004172675652,0,,,,,,,,0,28.61472286,77.21203018,16.7,,
18.55,-6.182562195,-6.400204913,4.221661866,0.003608286775,0.008694163441,0.0003210217718,0,,,,,,,,0,28.61472331,77.21203181,16.7,,
18.56,-6.075328837,-6.311991854,4.293777571,0.001528180542,-0.002487886544,-0.002480747573,0,,,,,,,,0,28.61472375,77.21203345,16.7,,
18.57,-6.166630498,-6.29969726,4.279743979,0.001744567538,0.005118258964,-0.0007178577775,0,,,,,,,,0,28.6147242,77.21203508,16.7,,
18.58,-6.21348724,-6.360259467,4.278134954,0.0007661675492,0.001318187076,0.007096821285,0,,,,,,,,0,28.61472464,77.21203672,16.7,,
18.59,-6.119743391,-6.388850336,4.186109176,0.006025566481,0.005713940457,-0.001063668074,0,,,,,,,,0,28.61472508,77.21203835,16.7,,
18.6,-6.1276754,-6.272514887,4.244227092,0.002902376674,0.002784802788,3.835116855e-05,0,,,,,,,,0,28.61472553,77.21203999,16.7,,
18.61,-6.117434691,-6.272677285,4.222374253,0.003513603445,0.002020565749,0.001253079737,0,,,,,,,,0,28.61472597,77.21204162,16.7,,
18.62,-6.155613835,-6.305990443,4.28534243,-0.0002136269713,0.001628614121,0.005103038121,0,,,,,,,,0,28.61472641,77.21204325,16.7,,
18.63,-6.157060391,-6.334453431,4.265441829,0.007264912518,0.007320326049,0.004146581922,0,,,,,,,,0,28.61472686,77.21204489,16.7,,
18.64,-6.229838472,-6.371507182,4.34416395,0.005981418792,0.004687202271,0.002489550925,0,,,,,,,,0,28.6147273,77.21204652,16.7,,
18.65,-6.130001809,-6.372509104,4.239932062,0.00237838925,0.006870358289,0.004258877618,0,,,,,,,,0,28.61472775,77.21204816,16.7,,
18.66,-6.104149743,-6.317362126,4.257994284,0.002085582356,0.004112085312,-0.001471423593,0,,,,,,,,0,28.61472819,77.21204979,16.7,,
18.67,-6.113473862,-6.351388695,4.311967788,0.005712631986,0.00288838913,0.003368154573,0,,,,,,,,0,28.61472863,77.21205143,16.7,,
18.68,-6.100698639,-6.349206669,4.336809913,0.009870961642,0.002211812819,0.002701369852,0,,,,,,,,0,28.61472908,77.21205306,16.7,,
18.69,-6.187797201,-6.294188814,4.339338532,0.01000927722,0.001848653468,0.002902309018,0,,,,,,,,0,28.61472952,77.2120547,16.7,,
18.7,-6.164911281,-6.384495394,4.191464357,0.002867622321,0.002645461448,0.004700953566,0,,,,,,,,0,28.61472996,77.21205633,16.7,,
18.71,-6.198411896,-6.364129084,4.213126229,0.004814304689,0.002097582109,0.008375624791,0,,,,,,,,0,28.61473041,77.21205796,16.7,,
18.72,-6.175097276,-6.264752676,4.221108362,0.009146231062,0.007057011202,0.008149909853,0,,,,,,,,0,28.61473085,77.2120596,16.7,,
18.73,-6.132497493,-6.293307569,4.251146156,0.00666086592,0.003201724539,0.003330175641,0,,,,,,,,0,28.6147313,77.21206123,16.7,,
18.74,-6.170258131,-6.297795347,4.325319608,0.0004116316342,0.004466247123,0.004951761551,0,,,,,,,,0,28.61473174,77.21206287,16.7,,
18.75,-6.177836802,-6.38187839,4.362596683,0.006176657584,0.003964595335,0.006288825421,0,,,,,,,,0,28.61473218,77.2120645,16.7,,
18.76,-6.134047245,-6.252356778,4.238140943,0.006003380568,0.006539824996,0.002087366373,0,,,,,,,,0,28.61473263,77.21206614,16.7,,
18.77,-6.13648888,-6.386927729,4.215946285,0.001783089513,0.005848389405,0.009524669956,0,,,,,,,,0,28.61473307,77.21206777,16.7,,
18.78,-6.15513234,-6.390801462,4.31739327,0.009657286805,0.004412152927,0.00660071141,0,,,,,,,,0,28.61473352,77.21206941,16.7,,
18.79,-6.047772699,-6.340407138,4.25724252,0.007748786316,-0.001140027301,0.004254622697,0,,,,,,,,0,28.61473396,77.21207104,16.7,,
18.8,-6.116045172,-6.387502336,4.227703644,0.004825087568,0.0009882570202,0.003635229152,0,,,,,,,,0,28.6147344,77.21207267,16.7,,
18.81,-6.095546831,-6.394023536,4.338015048,0.007798325926,0.002896903288,0.005337308643,0,,,,,,,,0,28.61473485,77.21207431,16.7,,
18.82,-6.12511442,-6.421221513,4.344639252,0.006721332987,0.005407052374,0.002759954741,0,,,,,,,,0,28.61473529,77.21207594,16.7,,
18.83,-6.125357517,-6.405766321,4.228750632,0.006864071984,0.005957989893,0.0035339622,0,,,,,,,,0,28.61473573,77.21207758,16.7,,
18.84,-6.174211945,-6.496744438,4.345049873,0.004365693529,0.004223446501,0.006780025132,0,,,,,,,,0,28.61473618,77.21207921,16.7,,
18.85,-6.156784094,-6.274878108,4.239019979,0.004407465095,0.008258283794,0.007552475656,0,,,,,,,,0,28.61473662,77.21208085,16.7,,
18.86,-6.152600076,-6.356538335,4.267179243,0.007998689611,0.008446571705,0.008202361838,0,,,,,,,,0,28.61473707,77.21208248,16.7,,
18.87,-6.096291791,-6.372236619,4.24728399,0.003469865032,0.002842986923,0.00137043531,0,,,,,,,,0,28.61473751,77.21208411,16.7,,
18.88,-6.237568837,-6.439506027,4.322087392,0.009986093647,0.006956150465,0.003013736658,0,,,,,,,,0,28.61473795,77.21208575,16.7,,
18.89,-6.15639248,-6.430280675,4.286710396,0.004325550759,0.006434334638,0.0003053130629,0,,,,,,,,0,28.6147384,77.21208738,16.7,,
18.9,-6.124000675,-6.338306485,4.229097522,0.002047190949,-0.0008569147475,0.004986791877,0,,,,,,,,0,28.61473884,77.21208902,16.7,,
18.91,-6.176608226,-6.356583664,4.41061705,0.005246128085,0.006777840266,0.00640955892,0,,,,,,,,0,28.61473929,77.21209065,16.7,,
18.92,-6.175215205,-6.380991445,4.30304455,0.0009667922963,0.00505399461,0.002902008517,0,,,,,,,,0,28.61473973,77.21209229,16.7,,
18.93,-6.073884469,-6.321335596,4.238937743,0.006291890498,0.002634440693,0.003719372661,0,,,,,,,,0,28.61474017,77.21209392,16.7,,
18.94,-6.152148792,-6.369062425,4.221023809,0.0001456879793,0.002719076037,-0.00077014762,0,,,,,,,,0,28.61474062,77.21209556,16.7,,
18.95,-6.115191353,-6.286285802,4.249703136,0.006259757815,0.002300256085,-0.0004734112178,0,,,,,,,,0,28.61474106,77.21209719,16.7,,
18.96,-6.103970426,-6.312010943,4.256061231,0.004311040525,0.008899971154,0.004320001231,0,,,,,,,,0,28.6147415,77.21209882,16.7,,
18.97,-6.078429584,-6.288799212,4.214430105,0.001656399429,0.002707886586,0.004089878105,0,,,,,,,,0,28.61474195,77.21210046,16.7,,
18.98,-6.095225232,-6.32202942,4.294138165,0.006077897256,0.003707451567,0.001705774518,0,,,,,,,,0,28.61474239,77.21210209,16.7,,
18.99,-6.221366477,-6.404054624,4.224761509,0.003333344353,0.006622054443,0.0006951571948,0,,,,,,,,0,28.61474284,77.21210373,16.7,,
19,-6.10020495,-6.292561566,4.188934124,0.002573619362,0.004472732589,0.01330381881,0,,,,,,,,0,28.61474328,77.21210536,16.7,,
19.01,-6.098515662,-6.306028675,4.256716409,0.009982082479,0.002327481166,0.004803045705,0,,,,,,,,0,28.61474372,77.212107,16.7,,
19.02,-6.002186137,-6.402452376,4.21972946,0.004648366258,0.00477597342,0.007437861978,0,,,,,,,,0,28.61474417,77.21210863,16.7,,
19.03,-6.162952684,-6.321070413,4.174607612,0.001588217479,0.003827938004,0.005873703953,0,,,,,,,,0,28.61474461,77.21211027,16.7,,
19.04,-6.204620671,-6.326220472,4.183454835,0.00834639009,-0.0005722216099,0.007189452034,0,,,,,,,,0,28.61474506,77.2121119,16.7,,
19.05,-6.161161703,-6.284927445,4.190715474,0.001365371541,0.003864316011,0.003956886966,0,,,,,,,,0,28.6147455,77.21211353,16.7,,
19.06,-6.202136035,-6.316390987,4.330229531,0.005562524537,0.002607922613,0.005479812313,0,,,,,,,,0,28.61474594,77.21211517,16.7,,
19.07,-6.081695476,-6.386180831,4.331828318,0.003012440585,0.002146380888,0.007381388112,0,,,,,,,,0,28.61474639,77.2121168,16.7,,
19.08,-6.102712438,-6.369819123,4.258739553,0.006357573979,0.007528654614,0.006185403407,0,,,,,,,,0,28.61474683,77.21211844,16.7,,
19.09,-6.129132748,-6.38432892,4.291520919,0.005381326307,0.01126091717,0.001408103824,0,,,,,,,,0,28.61474727,77.21212007,16.7,,
19.1,-6.152683858,-6.306484913,4.288710983,0.0004560661647,0.009366988346,-0.001054562505,0,,,,,,,,0,28.61474772,77.21212171,16.7,,
19.11,-6.147256128,-6.334026861,4.331576212,0.007438727394,0.001524415926,-0.001027036792,0,,,,,,,,0,28.61474816,77.21212334,16.7,,
19.12,-6.12201242,-6.351126895,4.295904422,0.007879686992,0.004939804084,0.004280394344,0,,,,,,,,0,28.61474861,77.21212497,16.7,,
19.13,-6.179487216,-6.310596946,4.327655636,0.002276984359,0.004633033504,0.005653314671,0,,,,,,,,0,28.61474905,77.21212661,16.7,,
19.14,-6.061468163,-6.341704732,4.281052771,0.007108182787,0.005940383846,0.00046192829,0,,,,,,,,0,28.61474949,77.21212824,16.7,,
19.15,-6.101485259,-6.456424998,4.167021784,0.004755099735,-0.001362814824,0.004842622991,0,,,,,,,,0,28.61474994,77.21212988,16.7,,
19.16,-6.167346747,-6.352176912,4.340462422,0.003689532035,0.0008892204614,0.003937474825,0,,,,,,,,0,28.61475038,77.21213151,16.7,,
19.17,-6.047579739,-6.330317933,4.26642099,0.002757853627,0.00403060848,0.00145711162,0,,,,,,,,0,28.61475082,77.21213315,16.7,,
19.18,-6.165154391,-6.329876037,4.215145058,0.006160735247,0.003493944346,-0.001948027229,0,,,,,,,,0,28.61475127,77.21213478,16.7,,
19.19,-6.14915793,-6.320004406,4.214089867,0.008402059402,0.005283880227,0.00248562431,0,,,,,,,,0,28.61475171,77.21213642,16.7,,
19.2,-6.155388357,-6.366532557,4.261730157,0.005737814982,0.006294649994,-0.00375227301,0,,,,,,,,0,28.61475216,77.21213805,16.7,,
19.21,-6.125876664,-6.298521709,4.295577577,0.001967573818,0.006270279936,0.003947280171,0,,,,,,,,0,28.6147526,77.21213968,16.7,,
19.22,-6.177790284,-6.329769184,4.279883071,0.001079685639,0.004361440177,-0.0003508513706,0,,,,,,,,0,28.61475304,77.21214132,16.7,,
19.23,-6.122630437,-6.314356889,4.241140443,0.007519312621,0.006216595829,0.003035999726,0,,,,,,,,0,28.61475349,77.21214295,16.7,,
19.24,-6.138459376,-6.427181775,4.292498518,0.004538274564,0.004263938283,0.005728329962,0,,,,,,,,0,28.61475393,77.21214459,16.7,,
19.25,-6.118423425,-6.333974294,4.314656926,0.00406138669,0.006807848467,0.008226608395,0,,,,,,,,0,28.61475438,77.21214622,16.7,,
19.26,-6.162958319,-6.343637633,4.324831496,0.01054540611,0.004990329734,0.0004852904188,0,,,,,,,,0,28.61475482,77.21214786,16.7,,
19.27,-6.082987075,-6.305494567,4.251481866,0.006409894133,0.004208173281,0.001129026941,0,,,,,,,,0,28.61475526,77.21214949,16.7,,
19.28,-6.075323462,-6.298143441,4.195175726,0.003755708114,0.0007757598508,0.002727581305,0,,,,,,,,0,28.61475571,77.21215113,16.7,,
19.29,-6.253288073,-6.334293717,4.363106959,0.004338947554,0.0017439304,0.001732595054,0,,,,,,,,0,28.61475615,77.21215276,16.7,,
19.3,-6.101110372,-6.464663041,4.2218806,0.003299200822,0.005237661597,0.0009572392484,0,,,,,,,,0,28.61475659,77.21215439,16.7,,
19.31,-6.157854526,-6.406487494,4.344054518,0.003949137287,0.005884508835,-0.001146768997,0,,,,,,,,0,28.61475704,77.21215603,16.7,,
19.32,-6.133153773,-6.334776783,4.30592431,0.004338300925,0.008549558378,-0.003566261703,0,,,,,,,,0,28.61475748,77.21215766,16.7,,
19.33,-6.128842028,-6.391454147,4.243568535,0.00672354214,0.009191379377,0.003845579785,0,,,,,,,,0,28.61475793,77.2121593,16.7,,
19.34,-6.135583331,-6.322590363,4.229040445,0.003001291665,0.007506830256,0.006497677487,0,,,,,,,,0,28.61475837,77.21216093,16.7,,
19.35,-6.076359516,-6.223053532,4.266129146,0.006227945697,0.00945640187,9.107691666e-05,0,,,,,,,,0,28.61475881,77.21216257,16.7,,
19.36,-6.137225884,-6.332408859,4.294906233,0.009094932496,0.004225570415,0.007869289294,0,,,,,,,,0,28.61475926,77.2121642,16.7,,
19.37,-6.125029366,-6.467656179,4.375513531,0.009819198311,0.006154925542,0.004530906852,0,,,,,,,,0,28.6147597,77.21216583,16.7,,
19.38,-6.122329405,-6.487466154,4.17861778,0.003523109694,0.003688067157,-0.0003015359587,0,,,,,,,,0,28.61476015,77.21216747,16.7,,
19.39,-6.234166797,-6.235193598,4.222929157,0.008398737956,0.005924011185,0.004569479907,0,,,,,,,,0,28.61476059,77.2121691,16.7,,
19.4,-6.152028202,-6.312187984,4.204751429,0.005702484659,0.005732955864,0.009864033183,0,,,,,,,,0,28.61476103,77.21217074,16.7,,
19.41,-6.13701014,-6.377311199,4.265397847,0.006321980085,0.003673013055,0.005880947046,0,,,,,,,,0,28.61476148,77.21217237,16.7,,
19.42,-6.14471454,-6.284030914,4.198741423,0.003478394258,0.004790877787,0.004761398968,0,,,,,,,,0,28.61476192,77.21217401,16.7,,
19.43,-6.092986829,-6.312555983,4.306829906,0.007718593177,0.003924103235,0.006249469531,0,,,,,,,,0,28.61476236,77.21217564,16.7,,
19.44,-6.160538459,-6.367162026,4.262675538,0.005553385681,0.001221051143,0.002335047072,0,,,,,,,,0,28.61476281,77.21217728,16.7,,
19.45,-6.163355577,-6.307783117,4.20382007,0.005445628992,0.0107222696,0.003937231414,0,,,,,,,,0,28.61476325,77.21217891,16.7,,
19.46,-6.101884049,-6.325121346,4.188047331,0.005176874773,0.004643852018,-0.001401462291,0,,,,,,,,0,28.6147637,77.21218054,16.7,,
19.47,-6.102670733,-6.283830155,4.263654113,0.0001787357764,0.004443597979,0.004206849774,0,,,,,,,,0,28.61476414,77.21218218,16.7,,
19.48,-6.19846972,-6.411707292,4.24272073,0.003484166388,0.005963789919,0.002893390845,0,,,,,,,,0,28.61476458,77.21218381,16.7,,
19.49,-6.133212683,-6.340210595,4.256188087,0.007482062701,-0.00206894908,0.005905479333,0,,,,,,,,0,28.61476503,77.21218545,16.7,,
19.5,-6.211058153,-6.367506987,4.221238632,0.009432044249,0.004523677387,-0.002446525837,0,,,,,,,,0,28.61476547,77.21218708,16.7,,
19.51,-6.196867454,-6.371880121,4.386487255,0.004164933766,-0.003402130208,0.007353011364,0,,,,,,,,0,28.61476592,77.21218872,16.7,,
19.52,-6.236892289,-6.33546017,4.264104777,0.003547272453,0.007621414991,-0.0002439778549,0,,,,,,,,0,28.61476636,77.21219035,16.7,,
19.53,-6.208769093,-6.258811937,4.242154862,0.004519313025,0.003243081553,0.005487033809,0,,,,,,,,0,28.6147668,77.21219199,16.7,,
19.54,-6.177144557,-6.362439858,4.267537551,0.009631105475,0.004844170864,0.003078973441,0,,,,,,,,0,28.61476725,77.21219362,16.7,,
19.55,-6.15116106,-6.418189242,4.306367243,0.002254114983,0.005295244524,0.005819077953,0,,,,,,,,0,28.61476769,77.21219525,16.7,,
19.56,-6.14320354,-6.271107278,4.325427651,0.003469936914,0.005267269001,0.005353668051,0,,,,,,,,0,28.61476813,77.21219689,16.7,,
19.57,-6.178946404,-6.391477365,4.313991699,0.005638964963,0.004521844195,0.004118916239,0,,,,,,,,0,28.61476858,77.21219852,16.7,,
19.58,-6.169374333,-6.381272415,4.220152269,0.01200363664,0.007723479672,0.006205999924,0,,,,,,,,0,28.61476902,77.21220016,16.7,,
19.59,-6.172171684,-6.409412643,4.217164946,0.005570327707,0.003918186956,0.00398334004,0,,,,,,,,0,28.61476947,77.21220179,16.7,,
19.6,-6.119361715,-6.27373088,4.21505021,0.005277293298,-0.001458505756,0.003166193589,0,,,,,,,,0,28.61476991,77.21220343,16.7,,
19.61,-6.106059629,-6.31801078,4.248836666,0.004523313697,0.000538702477,0.004814437245,0,,,,,,,,0,28.61477035,77.21220506,16.7,,
19.62,-6.064893667,-6.260322063,4.294795653,0.003591723265,0.004427758346,0.009541186239,0,,,,,,,,0,28.6147708,77.21220669,16.7,,
19.63,-6.211486481,-6.393842077,4.331128195,0.003697334403,0.009432029804,0.001129538992,0,,,,,,,,0,28.61477124,77.21220833,16.7,,
19.64,-6.146207499,-6.316746206,4.362879074,0.006451924987,0.006711821206,0.003587134479,0,,,,,,,,0,28.61477168,77.21220996,16.7,,
19.65,-6.090166694,-6.326579927,4.327194304,0.004951214866,0.00279030839,0.0005437348881,0,,,,,,,,0,28.61477213,77.2122116,16.7,,
19.66,-6.091920135,-6.336803055,4.197244799,0.002771997631,-0.0003635119899,0.003877783751,0,,,,,,,,0,28.61477257,77.21221323,16.7,,
19.67,-6.055087158,-6.391346263,4.257938677,0.01104922224,0.007924107242,0.003118541298,0,,,,,,,,0,28.61477302,77.21221487,16.7,,
19.68,-6.10183688,-6.285695775,4.325218319,-0.001526340709,0.008496168342,0.003897937414,0,,,,,,,,0,28.61477346,77.2122165,16.7,,
19.69,-6.174267733,-6.346294973,4.262266466,0.008682862599,0.0003326409023,-0.002459513678,0,,,,,,,,0,28.6147739,77.21221814,16.7,,
19.7,-6.227825081,-6.387382683,4.20222442,0.006099345426,0.006367434303,0.005751323903,0,,,,,,,,0,28.61477435,77.21221977,16.7,,
19.71,-6.178607625,-6.33384277,4.239681267,0.001507041443,-0.0006608161218,0.003166639206,0,,,,,,,,0,28.61477479,77.2122214,16.7,,
19.72,-6.159938615,-6.391592736,4.230108367,0.007932492277,0.0001453830884,0.005734555833,0,,,,,,,,0,28.61477524,77.21222304,16.7,,
19.73,-6.187543415,-6.336471096,4.309294927,0.002288543341,-0.0009237538458,0.004561787273,0,,,,,,,,0,28.61477568,77.21222467,16.7,,
19.74,-6.197074262,-6.376233185,4.253870893,0.0009944737703,0.006931009737,0.002943117444,0,,,,,,,,0,28.61477612,77.21222631,16.7,,
19.75,-6.184500955,-6.322263606,4.337448893,0.01129340444,0.003974211825,0.001170215997,0,,,,,,,,0,28.61477657,77.21222794,16.7,,
19.76,-6.140839328,-6.288498041,4.360817093,0.004476447388,0.001574979141,0.001341968965,0,,,,,,,,0,28.61477701,77.21222958,16.7,,
19.77,-6.070708392,-6.401368023,4.273697156,0.006919217832,0.006928982505,0.01008603497,0,,,,,,,,0,28.61477745,77.21223121,16.7,,
19.78,-6.128728356,-6.348896248,4.273017919,0.003614832732,0.002083614026,0.006377992731,0,,,,,,,,0,28.6147779,77.21223285,16.7,,
19.79,-6.159435362,-6.41604113,4.180210633,0.01217635765,0.001267215252,0.0004390936047,0,,,,,,,,0,28.61477834,77.21223448,16.7,,
19.8,-6.245381359,-6.314922894,4.2042124,0.003061567841,0.00923068379,0.004517953858,0,,,,,,,,0,28.61477879,77.21223611,16.7,,
19.81,-6.097382656,-6.367138186,4.277976611,0.006105928212,0.001302201705,0.006154147827,0,,,,,,,,0,28.61477923,77.21223775,16.7,,
19.82,-6.03400547,-6.403178344,4.287339937,0.007224126293,0.003998038173,0.003796726996,0,,,,,,,,0,28.61477967,77.21223938,16.7,,
19.83,-6.151735957,-6.340411679,4.260444972,0.004719961811,-0.0002578549108,0.006274166217,0,,,,,,,,0,28.61478012,77.21224102,16.7,,
19.84,-6.105912269,-6.334238305,4.300497239,0.007018606319,0.004582703141,-0.0007340705921,0,,,,,,,,0,28.61478056,77.21224265,16.7,,
19.85,-6.205844834,-6.278787286,4.258641327,0.003362003021,0.004606656616,0.0006794943937,0,,,,,,,,0,28.61478101,77.21224429,16.7,,
19.86,-6.202383704,-6.329431148,4.317706396,-0.001171626074,0.004035385529,0.00151089058,0,,,,,,,,0,28.61478145,77.21224592,16.7,,
19.87,-6.120768353,-6.324596208,4.291888085,0.002643383931,0.002407608944,0.004589848719,0,,,,,,,,0,28.61478189,77.21224755,16.7,,
19.88,-6.095021459,-6.370091976,4.295549553,0.005639335923,0.005725467858,0.002923991506,0,,,,,,,,0,28.61478234,77.21224919,16.7,,
19.89,-6.173642884,-6.279798223,4.229335296,0.004122847042,0.005324214714,0.006596671934,0,,,,,,,,0,28.61478278,77.21225082,16.7,,
19.9,-6.070939708,-6.346110411,4.249353575,0.009568358885,0.001475284034,0.004733261238,0,,,,,,,,0,28.61478322,77.21225246,16.7,,
19.91,-6.176729925,-6.419854773,4.203094711,0.004562948927,0.006253498044,-0.002054551766,0,,,,,,,,0,28.61478367,77.21225409,16.7,,
19.92,-6.073119418,-6.377081832,4.273351229,0.00468776999,-0.0005447338914,0.01000386493,0,,,,,,,,0,28.61478411,77.21225573,16.7,,
19.93,-6.162976316,-6.395193261,4.168461213,0.01099138712,0.005395067792,0.009347273804,0,,,,,,,,0,28.61478456,77.21225736,16.7,,
19.94,-6.135577337,-6.313306008,4.204791022,0.007000365003,0.005440738539,0.002674770052,0,,,,,,,,0,28.614785,77.212259,16.7,,
19.95,-6.239340635,-6.222181673,4.230574106,0.004459809095,0.001875587816,0.00926268174,0,,,,,,,,0,28.61478544,77.21226063,16.7,,
19.96,-6.197247051,-6.365708701,4.270917525,0.007259993599,0.002040342874,0.004908903469,0,,,,,,,,0,28.61478589,77.21226226,16.7,,
19.97,-6.102014102,-6.240689662,4.276020123,0.005826898634,0.0074211986,0.003518970684,0,,,,,,,,0,28.61478633,77.2122639,16.7,,
19.98,-6.192032869,-6.32863028,4.326516107,0.004128734684,0.007699973965,0.00331173407,0,,,,,,,,0,28.61478678,77.21226553,16.7,,
19.99,-6.167930438,-6.294446989,4.19693674,0.009216407849,0.006326948323,0.0009529999601,0,,,,,,,,0,28.61478722,77.21226717,16.7,,
20,-6.116364136,-6.315425975,4.336920054,0.005640132402,0.00260737972,0.007986064236,0,,,,,,,,0,28.61478766,77.2122688,16.7,,
20.01,-6.165984085,-6.326222716,4.352003999,0.00428890697,-0.0002556187451,0.005101439337,0,,,,,,,,0,28.61478811,77.21227044,16.7,,
20.02,-6.086362227,-6.358595436,4.231033613,0.009128938296,0.004334819473,0.00691399408,0,,,,,,,,0,28.61478855,77.21227207,16.7,,
20.03,-6.152779893,-6.347786456,4.236447536,0.003382597182,0.003117516186,0.001004077399,0,,,,,,,,0,28.61478899,77.21227371,16.7,,
20.04,-6.092376069,-6.32922204,4.35415965,0.002498975095,0.003642793476,0.003594438799,0,,,,,,,,0,28.61478944,77.21227534,16.7,,
20.05,-6.172885346,-6.286754524,4.299351348,0.003603200301,0.007154258228,-0.003654435832,0,,,,,,,,0,28.61478988,77.21227697,16.7,,
20.06,-6.124758226,-6.340541058,4.330092187,0.007373245488,0.005794007586,0.003701985347,0,,,,,,,,0,28.61479033,77.21227861,16.7,,
20.07,-6.215911844,-6.403901103,4.280505171,0.007329717659,0.002813179309,0.005187034848,0,,,,,,,,0,28.61479077,77.21228024,16.7,,
20.08,-5.985008189,-6.280479898,4.213346473,0.005123142173,0.001357317347,-0.001389034357,0,,,,,,,,0,28.61479121,77.21228188,16.7,,
20.09,-6.047967071,-6.301568194,4.221941337,0.004242349816,0.003020714854,0.007787180675,0,,,,,,,,0,28.61479166,77.21228351,16.7,,
20.1,-6.217995539,-6.336243167,4.245627476,0.00194298528,0.006709165439,0.004011603373,0,,,,,,,,0,28.6147921,77.21228515,16.7,,
20.11,-6.099108007,-6.393520551,4.289918904,0.003873740458,0.005308447483,0.002635560674,0,,,,,,,,0,28.61479255,77.21228678,16.7,,
20.12,-6.087494012,-6.366471679,4.208488164,0.01000415002,-0.0006677439052,0.007380460176,0,,,,,,,,0,28.61479299,77.21228841,16.7,,
20.13,-6.077988614,-6.373803733,4.303933033,0.005915461171,0.004646457802,0.003972462761,0,,,,,,,,0,28.61479343,77.21229005,16.7,,
20.14,-6.040774586,-6.329037333,4.305913926,0.004308086885,0.004246491432,0.007727657942,0,,,,,,,,0,28.61479388,77.21229168,16.7,,
20.15,-6.115225485,-6.331148683,4.312446342,0.010746765,0.003483780915,0.00459210929,0,,,,,,,,0,28.61479432,77.21229332,16.7,,
20.16,-6.046682403,-6.31583509,4.313481845,0.004288969613,0.003577517136,-0.00123304897,0,,,,,,,,0,28.61479476,77.21229495,16.7,,
20.17,-6.151591191,-6.330440934,4.295245199,0.004449237835,0.006601701952,0.005820756818,0,,,,,,,,0,28.61479521,77.21229659,16.7,,
20.18,-6.127292546,-6.323338738,4.223518019,0.004517682314,0.004721912157,0.01181893393,0,,,,,,,,0,28.61479565,77.21229822,16.7,,
20.19,-6.108418073,-6.30895448,4.331927114,0.006272636032,0.004438301028,0.007917561245,0,,,,,,,,0,28.6147961,77.21229986,16.7,,
20.2,-6.170133707,-6.362932673,4.289539559,0.001912334553,0.01082437752,0.007203867568,0,,,,,,,,0,28.61479654,77.21230149,16.7,,
20.21,-6.136427756,-6.330292772,4.269761431,0.006061060605,0.01031856048,0.004316604611,0,,,,,,,,0,28.61479698,77.21230312,16.7,,
20.22,-6.190637414,-6.342764561,4.221306431,0.002012620621,0.0009292493646,0.001167698141,0,,,,,,,,0,28.61479743,77.21230476,16.7,,
20.23,-6.123711309,-6.375215624,4.306623446,0.006737821195,0.005780413009,-0.002052836945,0,,,,,,,,0,28.61479787,77.21230639,16.7,,
20.24,-6.188562631,-6.29250234,4.254740372,0.008088239282,0.0058082423,0.008699849928,0,,,,,,,,0,28.61479831,77.21230803,16.7,,
20.25,-6.13415508,-6.381569329,4.239397113,0.01054384239,0.003975895239,0.001881132486,0,,,,,,,,0,28.61479876,77.21230966,16.7,,
20.26,-6.250130663,-6.325536958,4.300753603,0.002686592126,0.008370317838,0.003649850052,0,,,,,,,,0,28.6147992,77.2123113,16.7,,
20.27,-6.154992344,-6.432806267,4.226560042,-0.0002222962295,0.001400578211,0.009621240007,0,,,,,,,,0,28.61479965,77.21231293,16.7,,
20.28,-6.076496758,-6.298939718,4.247054761,0.006305548918,0.008180316277,0.004480127282,0,,,,,,,,0,28.61480009,77.21231457,16.7,,
20.29,-6.21844811,-6.275392613,4.29917026,0.004067254294,0.0005347124514,0.006618224859,0,,,,,,,,0,28.61480053,77.2123162,16.7,,
20.3,-6.206187641,-6.327757333,4.289012737,-0.001832089242,0.009654505254,-0.0002435866422,0,,,,,,,,0,28.61480098,77.21231783,16.7,,
20.31,-6.09252487,-6.345676161,4.260663466,0.002597908497,0.00582427247,0.0007913879521,0,,,,,,,,0,28.61480142,77.21231947,16.7,,
20.32,-6.060402833,-6.292275597,4.187850366,0.002437526899,0.009417646389,0.004689445102,0,,,,,,,,0,28.61480187,77.2123211,16.7,,
20.33,-6.154076635,-6.308864438,4.239060672,0.005839515713,0.001037791656,0.003340236853,0,,,,,,,,0,28.61480231,77.21232274,16.7,,
20.34,-6.187042594,-6.364520277,4.239756776,0.007300148609,0.006894424474,0.00012515732,0,,,,,,,,0,28.61480275,77.21232437,16.7,,
20.35,-6.155251822,-6.369753752,4.162230071,0.003427204753,-0.0009642342631,0.002642056325,0,,,,,,,,0,28.6148032,77.21232601,16.7,,
20.36,-6.071544915,-6.338661395,4.272573612,0.001248242934,0.004123085578,0.008959629084,0,,,,,,,,0,28.61480364,77.21232764,16.7,,
20.37,-6.162990738,-6.444827247,4.250898974,0.006757463987,0.006884059553,0.008333714742,0,,,,,,,,0,28.61480408,77.21232927,16.7,,
20.38,-6.148158233,-6.322201775,4.324737107,0.005893954254,0.005404763032,-0.003948801925,0,,,,,,,,0,28.61480453,77.21233091,16.7,,
20.39,-6.152403877,-6.251315359,4.22663005,0.006069683803,0.006608430896,0.006873417523,0,,,,,,,,0,28.61480497,77.21233254,16.7,,
20.4,-6.11659781,-6.454952853,4.348209831,0.005968521996,0.00486812943,0.003416817412,0,,,,,,,,0,28.61480542,77.21233418,16.7,,
20.41,-6.139741314,-6.380587105,4.249566409,0.009279018937,0.005805298196,0.006121817867,0,,,,,,,,0,28.61480586,77.21233581,16.7,,
20.42,-6.145227565,-6.218800199,4.270637305,0.0003961086925,0.008446726382,0.009240539006,0,,,,,,,,0,28.6148063,77.21233745,16.7,,
20.43,-6.162070084,-6.275627988,4.246265441,0.00497697553,0.003023487916,0.006405666455,0,,,,,,,,0,28.61480675,77.21233908,16.7,,
20.44,-6.155179543,-6.29550876,4.248637081,0.00503844176,0.008692846625,0.005469344074,0,,,,,,,,0,28.61480719,77.21234072,16.7,,
20.45,-6.14024525,-6.308031336,4.224375085,0.006043628543,0.001949724908,0.004516821112,0,,,,,,,,0,28.61480764,77.21234235,16.7,,
20.46,-6.108810913,-6.320427945,4.244265025,0.006008380653,0.006825322168,0.004886824658,0,,,,,,,,0,28.61480808,77.21234398,16.7,,
20.47,-6.153418211,-6.337333388,4.208497027,0.0083996487,0.008553460065,0.00321288285,0,,,,,,,,0,28.61480852,77.21234562,16.7,,
20.48,-6.172556799,-6.320866947,4.298923332,0.006576932341,0.004447005878,0.00640557361,0,,,,,,,,0,28.61480897,77.21234725,16.7,,
20.49,-6.184966596,-6.315247375,4.253940711,0.002297486933,0.008497980145,0.001869672462,0,,,,,,,,0,28.61480941,77.21234889,16.7,,
20.5,-6.182645697,-6.321463218,4.221444377,0.007708472213,0.001005298868,0.008779346804,0,,,,,,,,0,28.61480985,77.21235052,16.7,,
20.51,-6.030789196,-6.350596863,4.268092446,0.006298961808,0.004669152152,-0.002024184951,0,,,,,,,,0,28.6148103,77.21235216,16.7,,
20.52,-6.207721414,-6.356591631,4.273500751,0.0007501513475,0.004229180536,0.0006115657472,0,,,,,,,,0,28.61481074,77.21235379,16.7,,
20.53,-6.059925158,-6.354558458,4.327106198,0.002443934966,-0.0006710245942,0.004945509678,0,,,,,,,,0,28.61481119,77.21235543,16.7,,
20.54,-6.221978458,-6.352422498,4.282555201,0.006088833653,0.0066614029,0.001315378846,0,,,,,,,,0,28.61481163,77.21235706,16.7,,
20.55,-6.14026274,-6.345680621,4.297058726,0.009509658264,0.003215417226,0.004669658028,0,,,,,,,,0,28.61481207,77.21235869,16.7,,
20.56,-6.238038057,-6.384290255,4.36614748,0.004233383672,0.002893270875,0.003435247801,0,,,,,,,,0,28.61481252,77.21236033,16.7,,
20.57,-6.062102676,-6.303883057,4.182352738,0.005673094964,0.008208521504,0.005090710825,0,,,,,,,,0,28.61481296,77.21236196,16.7,,
20.58,-6.103143962,-6.417210764,4.298566955,0.005561956692,0.003864216668,0.01534833556,0,,,,,,,,0,28.61481341,77.2123636,16.7,,
20.59,-6.137808238,-6.385164219,4.34896036,0.004527759026,0.004419859687,0.006911307646,0,,,,,,,,0,28.61481385,77.21236523,16.7,,
20.6,-6.122097626,-6.311160041,4.267855117,0.01010994889,0.005313343405,0.002672031035,0,,,,,,,,0,28.61481429,77.21236687,16.7,,
20.61,-6.192933343,-6.384359495,4.275535314,0.007739964189,0.009350808254,-0.0009231355063,0,,,,,,,,0,28.61481474,77.2123685,16.7,,
20.62,-6.107863001,-6.275595108,4.312679038,0.006552554021,0.009988144911,0.002701294203,0,,,,,,,,0,28.61481518,77.21237013,16.7,,
20.63,-6.147430135,-6.421245898,4.276735465,0.008127449325,0.003275998997,0.003065563575,0,,,,,,,,0,28.61481562,77.21237177,16.7,,
20.64,-6.163304991,-6.361715307,4.292514318,0.01023055172,0.005846210699,0.004432681248,0,,,,,,,,0,28.61481607,77.2123734,16.7,,
20.65,-6.121733333,-6.276977008,4.2675831,0.005531253156,0.009456084123,0.002250519884,0,,,,,,,,0,28.61481651,77.21237504,16.7,,
20.66,-6.103826169,-6.24741024,4.346714893,0.003937580753,0.008812604259,0.009064017802,0,,,,,,,,0,28.61481696,77.21237667,16.7,,
20.67,-6.166768681,-6.34825302,4.20076707,0.0009370386819,0.00413959734,0.00342520866,0,,,,,,,,0,28.6148174,77.21237831,16.7,,
20.68,-6.153540774,-6.439222615,4.169067229,0.0007282948725,0.009375124573,0.004913414818,0,,,,,,,,0,28.61481784,77.21237994,16.7,,
20.69,-6.132177539,-6.299652242,4.318054584,0.004075723861,0.00134679301,0.003746294323,0,,,,,,,,0,28.61481829,77.21238158,16.7,,
20.7,-6.156185888,-6.339787314,4.304177941,0.008276152455,0.0004311732405,0.00157684714,0,,,,,,,,0,28.61481873,77.21238321,16.7,,
20.71,-6.049036799,-6.399798789,4.18947063,0.003518205845,0.008421602843,0.004270314839,0,,,,,,,,0,28.61481917,77.21238484,16.7,,
20.72,-6.163280938,-6.446061294,4.253103802,0.008683471753,0.001504485273,0.007247420206,0,,,,,,,,0,28.61481962,77.21238648,16.7,,
20.73,-6.133150213,-6.358116184,4.233685252,0.009673542168,0.0007863187509,0.003398993432,0,,,,,,,,0,28.61482006,77.21238811,16.7,,
20.74,-6.170134975,-6.339042191,4.282269545,0.00693135027,0.006049851002,-0.001457825281,0,,,,,,,,0,28.61482051,77.21238975,16.7,,
20.75,-6.16583575,-6.347299833,4.270510949,0.01105327114,0.003545036922,0.008148791201,0,,,,,,,,0,28.61482095,77.21239138,16.7,,
20.76,-6.093311922,-6.356874842,4.259251638,0.004820681568,0.003297447786,0.002411406289,0,,,,,,,,0,28.61482139,77.21239302,16.7,,
20.77,-6.021320867,-6.370491864,4.218774772,0.003122017038,0.003203826373,0.00701460259,0,,,,,,,,0,28.61482184,77.21239465,16.7,,
20.78,-6.127235819,-6.262642052,4.242680461,0.002215583137,0.007956961404,0.005744468507,0,,,,,,,,0,28.61482228,77.21239629,16.7,,
20.79,-6.097502574,-6.341123914,4.286814095,0.003149221979,0.004402725901,0.005819735156,0,,,,,,,,0,28.61482273,77.21239792,16.7,,
20.8,-6.240493043,-6.306420623,4.35552184,0.00681524738,0.00207882144,0.001992771846,0,,,,,,,,0,28.61482317,77.21239955,16.7,,
20.81,-6.103610737,-6.362107524,4.322212863,0.00840536816,0.00413088356,-1.285889226e-05,0,,,,,,,,0,28.61482361,77.21240119,16.7,,
20.82,-6.172504426,-6.359543642,4.284891295,0.005174482033,0.008899588663,0.00351222371,0,,,,,,,,0,28.61482406,77.21240282,16.7,,
20.83,-6.114567894,-6.34372915,4.343397668,0.0009368414525,0.008288716646,0.002988370633,0,,,,,,,,0,28.6148245,77.21240446,16.7,,
20.84,-6.122803682,-6.413394712,4.349164653,-0.0004705528367,0.006375022322,-0.0007215024336,0,,,,,,,,0,28.61482494,77.21240609,16.7,,
20.85,-6.102701439,-6.368591348,4.188584776,0.007091512832,0.005910537436,0.006201663816,0,,,,,,,,0,28.61482539,77.21240773,16.7,,
20.86,-6.117626489,-6.289894048,4.340244159,0.005955948856,0.003683395935,0.01123316028,0,,,,,,,,0,28.61482583,77.21240936,16.7,,
20.87,-6.096254555,-6.379738113,4.21407755,-0.0001616841184,0.005293978737,0.001507811774,0,,,,,,,,0,28.61482628,77.21241099,16.7,,
20.88,-6.117169867,-6.277144539,4.257220881,0.004162158211,0.006053206605,0.003196248645,0,,,,,,,,0,28.61482672,77.21241263,16.7,,
20.89,-6.114755685,-6.2400368,4.224943989,0.00695499869,0.001645049837,0.001582222374,0,,,,,,,,0,28.61482716,77.21241426,16.7,,
20.9,-6.146893792,-6.218572258,4.286087086,0.009630403221,0.01008450803,0.005512518007,0,,,,,,,,0,28.61482761,77.2124159,16.7,,
20.91,-6.126510599,-6.350290196,4.209765105,0.005037433412,0.01037764607,-0.003832984152,0,,,,,,,,0,28.61482805,77.21241753,16.7,,
20.92,-6.217318116,-6.390724893,4.28152842,0.007474305868,0.01053746557,0.007490505054,0,,,,,,,,0,28.6148285,77.21241917,16.7,,
20.93,-6.099514976,-6.374988066,4.274601772,0.009977394514,0.005584988007,0.002275215433,0,,,,,,,,0,28.61482894,77.2124208,16.7,,
20.94,-6.135130858,-6.384321635,4.24315999,-0.001764571,0.005394671104,0.005919343078,0,,,,,,,,0,28.61482938,77.21242244,16.7,,
20.95,-6.097330564,-6.344938729,4.223297224,0.003268042602,0.001233301646,0.003607380308,0,,,,,,,,0,28.61482983,77.21242407,16.7,,
20.96,-6.110578388,-6.35596701,4.237203953,0.004713291837,0.006908975242,0.00129163859,0,,,,,,,,0,28.61483027,77.2124257,16.7,,
20.97,-6.146364411,-6.324330206,4.20966622,0.00776557592,0.004340661451,0.007225081506,0,,,,,,,,0,28.61483071,77.21242734,16.7,,
20.98,-6.072197512,-6.343590912,4.227368857,0.002638721374,0.006877970762,0.002863036238,0,,,,,,,,0,28.61483116,77.21242897,16.7,,
20.99,-6.127322971,-6.233549023,4.237094371,0.01008584755,0.004524901785,-0.0005743902028,0,,,,,,,,0,28.6148316,77.21243061,16.7,,
21,-6.113288075,-6.31581422,4.223342943,0.003266670515,0.004801057795,0.005555929619,0,,,,,,,,0,28.61483205,77.21243224,16.7,,
21.01,-6.164373476,-6.344026933,4.233782243,0.004000254107,0.002917747502,0.00820216942,0,,,,,,,,0,28.61483249,77.21243388,16.7,,
21.02,-6.170915977,-6.30976312,4.315119338,0.006394733023,0.005619845252,0.00309449335,0,,,,,,,,0,28.61483293,77.21243551,16.7,,
21.03,-6.221846227,-6.353829023,4.356138635,0.003193145244,0.005642211504,0.001888200026,0,,,,,,,,0,28.61483338,77.21243715,16.7,,
21.04,-6.167112839,-6.344489302,4.24277565,0.005152587484,0.003321132606,-0.000795971767,0,,,,,,,,0,28.61483382,77.21243878,16.7,,
21.05,-6.090215783,-6.284032807,4.290575886,0.0001104979974,0.00814857992,0.004671914827,0,,,,,,,,0,28.61483427,77.21244041,16.7,,
21.06,-6.09354501,-6.278093345,4.286406758,0.007274519152,0.0002878719384,0.004345561263,0,,,,,,,,0,28.61483471,77.21244205,16.7,,
21.07,-6.145203348,-6.38674623,4.207544592,0.003372680469,0.0009275775949,-0.0007565482283,0,,,,,,,,0,28.61483515,77.21244368,16.7,,
21.08,-6.211392236,-6.319705864,4.242122622,0.006800036715,0.005099595593,0.005398466987,0,,,,,,,,0,28.6148356,77.21244532,16.7,,
21.09,-6.123393287,-6.321754305,4.384450858,0.008515845105,0.004304472209,0.004809048108,0,,,,,,,,0,28.61483604,77.21244695,16.7,,
21.1,-6.151620215,-6.374561782,4.283163079,0.001889246707,0.004021700348,0.004134425682,0,,,,,,,,0,28.61483648,77.21244859,16.7,,
21.11,-6.156251953,-6.330813775,4.22864419,0.006004673429,0.006971231249,0.009209550116,0,,,,,,,,0,28.61483693,77.21245022,16.7,,
21.12,-6.068740275,-6.318322414,4.277629301,0.002699622544,0.0007301562776,0.009281002732,0,,,,,,,,0,28.61483737,77.21245186,16.7,,
21.13,-6.129713097,-6.360778108,4.205593595,0.007323972533,0.007675224496,0.00127577704,0,,,,,,,,0,28.61483782,77.21245349,16.7,,
21.14,-6.18710823,-6.358408141,4.317361406,0.007387429257,0.005590173985,0.007825464258,0,,,,,,,,0,28.61483826,77.21245512,16.7,,
21.15,-6.090304681,-6.41108797,4.32337357,0.007928095967,0.009763702224,-0.002506166013,0,,,,,,,,0,28.6148387,77.21245676,16.7,,
21.16,-6.03703347,-6.358052502,4.282976706,0.004207095478,0.009152134523,0.003817896196,0,,,,,,,,0,28.61483915,77.21245839,16.7,,
21.17,-6.111312601,-6.306609335,4.223348926,0.005749212462,0.0007698238072,0.003580462103,0,,,,,,,,0,28.61483959,77.21246003,16.7,,
21.18,-6.153314371,-6.327041251,4.240294582,0.002007178945,0.004912110067,0.0002877049843,0,,,,,,,,0,28.61484004,77.21246166,16.7,,
21.19,-6.174868113,-6.324306932,4.316845164,0.003761429822,0.006330871974,0.0006771753748,0,,,,,,,,0,28.61484048,77.2124633,16.7,,
21.2,-6.270472917,-6.370411547,4.255445678,0.0027792942,0.001896173894,0.002302761668,0,,,,,,,,0,28.61484092,77.21246493,16.7,,
21.21,-6.121125138,-6.367206606,4.196458574,0.006378548238,0.002520857512,0.003180007737,0,,,,,,,,0,28.61484137,77.21246656,16.7,,
21.22,-6.10756503,-6.330153922,4.264333906,0.006696847925,-0.003134556889,0.004870403668,0,,,,,,,,0,28.61484181,77.2124682,16.7,,
21.23,-6.130131165,-6.352320782,4.341537024,0.006035021661,0.002586152901,0.002564709758,0,,,,,,,,0,28.61484225,77.21246983,16.7,,
21.24,-6.125798931,-6.405772412,4.301765567,0.006540962984,0.006297842355,0.004509543749,0,,,,,,,,0,28.6148427,77.21247147,16.7,,
21.25,-6.19841383,-6.342364407,4.262568043,0.007667606012,-0.001599857445,-0.001655922007,0,,,,,,,,0,28.61484314,77.2124731,16.7,,
21.26,-6.217975521,-6.393667623,4.309252973,0.006799470292,0.006962496786,0.006392548892,0,,,,,,,,0,28.61484359,77.21247474,16.7,,
21.27,-6.149047402,-6.263885318,4.171498488,0.003807140701,0.003628621659,0.009387642034,0,,,,,,,,0,28.61484403,77.21247637,16.7,,
21.28,-6.101159751,-6.352644948,4.29851516,0.0004030289263,0.004719630689,0.0009283046411,0,,,,,,,,0,28.61484447,77.21247801,16.7,,
21.29,-6.141727563,-6.390066055,4.206361553,0.003542747172,0.005270555169,0.005229449817,0,,,,,,,,0,28.61484492,77.21247964,16.7,,
21.3,-6.087573517,-6.423334952,4.188006974,0.002798048341,0.007557488645,0.008507045936,0,,,,,,,,0,28.61484536,77.21248127,16.7,,
21.31,-6.087681495,-6.273535226,4.253058508,0.002705565184,0.005139466561,6.538279032e-05,0,,,,,,,,0,28.6148458,77.21248291,16.7,,
21.32,-6.21759534,-6.263440914,4.193019177,0.007038910487,0.007358745263,0.001650973403,0,,,,,,,,0,28.61484625,77.21248454,16.7,,
21.33,-6.107502726,-6.271673638,4.188676093,0.007709255332,0.004113434421,-0.003433984785,0,,,,,,,,0,28.61484669,77.21248618,16.7,,
21.34,-6.204894877,-6.379526469,4.233431381,0.008348176742,0.005038270662,0.003378243783,0,,,,,,,,0,28.61484714,77.21248781,16.7,,
21.35,-6.065504173,-6.361833495,4.290443678,0.005276832883,0.005595660502,0.000734481502,0,,,,,,,,0,28.61484758,77.21248945,16.7,,
21.36,-6.045262956,-6.419929495,4.191436742,0.004223535666,0.006066365699,0.005405527515,0,,,,,,,,0,28.61484802,77.21249108,16.7,,
21.37,-6.181834183,-6.371038473,4.282054778,0.003977791578,0.003201637213,0.006907435955,0,,,,,,,,0,28.61484847,77.21249272,16.7,,
21.38,-6.192082626,-6.321843919,4.289927739,0.003558818175,0.008216618277,-0.003207380794,0,,,,,,,,0,28.61484891,77.21249435,16.7,,
21.39,-6.169155193,-6.343414422,4.250310191,0.0008468751556,0.0100410172,-0.0007313616326,0,,,,,,,,0,28.61484936,77.21249598,16.7,,
21.4,-6.211227311,-6.291610863,4.334242916,0.001247659198,-0.0003703683749,0.009475082254,0,,,,,,,,0,28.6148498,77.21249762,16.7,,
21.41,-6.091580573,-6.365924253,4.229200631,0.004579467047,0.005530363072,0.001201569708,0,,,,,,,,0,28.61485024,77.21249925,16.7,,
21.42,-6.139639697,-6.388500579,4.250188066,0.004335407819,0.002692254744,0.005883437536,0,,,,,,,,0,28.61485069,77.21250089,16.7,,
21.43,-6.177112344,-6.338629557,4.203342651,0.009526992604,0.008996336571,-0.001087297468,0,,,,,,,,0,28.61485113,77.21250252,16.7,,
21.44,-6.105426287,-6.352930366,4.212994792,0.003438267358,0.006369868167,0.008134146894,0,,,,,,,,0,28.61485157,77.21250416,16.7,,
21.45,-6.090452987,-6.350753293,4.237461479,0.003984837849,0.004387049951,0.006633746307,0,,,,,,,,0,28.61485202,77.21250579,16.7,,
21.46,-6.177499096,-6.31314558,4.203801806,0.005036507717,0.009010478579,0.0007907838962,0,,,,,,,,0,28.61485246,77.21250742,16.7,,
21.47,-6.10091394,-6.279538376,4.303354188,0.002027806901,0.0008074683461,0.0022150731,0,,,,,,,,0,28.61485291,77.21250906,16.7,,
21.48,-6.146905992,-6.390649861,4.290591134,0.003745618751,0.005808632894,0.001541565771,0,,,,,,,,0,28.61485335,77.21251069,16.7,,
21.49,-6.155079012,-6.395160342,4.326380372,0.005770337404,0.003517284969,0.001869215799,0,,,,,,,,0,28.61485379,77.21251233,16.7,,
21.5,-6.170950569,-6.33910887,4.267918418,0.006560794927,0.01219336965,0.0006337483269,0,,,,,,,,0,28.61485424,77.21251396,16.7,,
21.51,-6.046496942,-6.346130965,4.186751824,0.004108418404,0.0009580032447,0.005191703539,0,,,,,,,,0,28.61485468,77.2125156,16.7,,
21.52,-6.173032961,-6.371466014,4.165326666,0.002934871674,0.01132690019,0.004392639403,0,,,,,,,,0,28.61485513,77.21251723,16.7,,
21.53,-6.091803896,-6.216263313,4.308284855,0.001860425307,-0.0003675720445,0.008030062456,0,,,,,,,,0,28.61485557,77.21251887,16.7,,
21.54,-6.179841613,-6.303093281,4.200866751,0.007712628149,0.009157430023,0.0004658942652,0,,,,,,,,0,28.61485601,77.2125205,16.7,,
21.55,-6.079624931,-6.377600765,4.225185513,0.005579263286,0.001510172537,0.009329511756,0,,,,,,,,0,28.61485646,77.21252213,16.7,,
21.56,-6.111156248,-6.319722755,4.295010499,0.0008733037843,0.007734960053,0.004938021247,0,,,,,,,,0,28.6148569,77.21252377,16.7,,
21.57,-6.104134742,-6.277553498,4.260757893,0.005680654905,0.004888559528,0.00507529891,0,,,,,,,,0,28.61485734,77.2125254,16.7,,
21.58,-6.196100436,-6.415100007,4.276615796,0.007036246888,0.002571489042,0.001986233458,0,,,,,,,,0,28.61485779,77.21252704,16.7,,
21.59,-6.037541347,-6.288214896,4.271437398,0.004188995375,0.004673424616,0.004840037857,0,,,,,,,,0,28.61485823,77.21252867,16.7,,
21.6,-6.09819825,-6.278995935,4.220761689,0.004949456454,0.00578636882,0.005173605963,0,,,,,,,,0,28.61485868,77.21253031,16.7,,
21.61,-6.086045978,-6.308694159,4.233362693,0.007852571849,0.005584958571,-0.0005419135101,0,,,,,,,,0,28.61485912,77.21253194,16.7,,
21.62,-6.17017323,-6.370033173,4.290913329,0.001876244807,0.003427812625,0.005537353271,0,,,,,,,,0,28.61485956,77.21253358,16.7,,
21.63,-6.011507908,-6.402904445,4.241029953,0.0003740757627,0.007024689974,0.001109855687,0,,,,,,,,0,28.61486001,77.21253521,16.7,,
21.64,-6.216972403,-6.361076216,4.186783452,0.00948463661,0.007380679189,0.005128132324,0,,,,,,,,0,28.61486045,77.21253684,16.7,,
21.65,-6.102848546,-6.338483159,4.232328095,0.00937231559,0.007358156715,0.001955717944,0,,,,,,,,0,28.6148609,77.21253848,16.7,,
21.66,-6.152148876,-6.287070099,4.285754414,0.008841735785,-0.002356691946,0.001994793739,0,,,,,,,,0,28.61486134,77.21254011,16.7,,
21.67,-6.190158061,-6.349019993,4.16000622,0.0006824773092,0.005954993884,0.006844549909,0,,,,,,,,0,28.61486178,77.21254175,16.7,,
21.68,-6.16351759,-6.422366226,4.221681949,0.0009236001709,0.0004274790201,0.002084459593,0,,,,,,,,0,28.61486223,77.21254338,16.7,,
21.69,-6.111004118,-6.36754097,4.219280529,0.003815091373,0.003195266725,0.005043298387,0,,,,,,,,0,28.61486267,77.21254502,16.7,,
21.7,-6.147500191,-6.351056714,4.251037532,0.009110647563,0.01057966921,0.01105907546,0,,,,,,,,0,28.61486311,77.21254665,16.7,,
21.71,-6.214586098,-6.281049304,4.291172788,0.007217474657,0.00369483737,0.003451372172,0,,,,,,,,0,28.61486356,77.21254828,16.7,,
21.72,-6.132897419,-6.359737335,4.190754031,0.003427155199,0.003864264146,0.007238064716,0,,,,,,,,0,28.614864,77.21254992,16.7,,
21.73,-6.058829399,-6.324826642,4.154226631,0.004004535882,0.002457207932,0.004695064712,0,,,,,,,,0,28.61486445,77.21255155,16.7,,
21.74,-6.125483115,-6.402372575,4.274775462,0.002506311807,0.00184280745,0.005403827075,0,,,,,,,,0,28.61486489,77.21255319,16.7,,
21.75,-6.268884473,-6.367284556,4.204866936,0.001772795894,0.008577512886,0.0002167999303,0,,,,,,,,0,28.61486533,77.21255482,16.7,,
21.76,-6.114445075,-6.302541622,4.237240162,0.003076245423,0.005435305024,0.002922714451,0,,,,,,,,0,28.61486578,77.21255646,16.7,,
21.77,-6.081560194,-6.312297901,4.326912856,0.00721454222,0.00537328001,0.003010281833,0,,,,,,,,0,28.61486622,77.21255809,16.7,,
21.78,-6.207131385,-6.366084955,4.172441845,0.002535405095,0.01005935381,0.005246387636,0,,,,,,,,0,28.61486666,77.21255973,16.7,,
21.79,-6.166660207,-6.315284742,4.28157394,0.004416290143,0.00288693637,0.003080651766,0,,,,,,,,0,28.61486711,77.21256136,16.7,,
21.8,-6.092080004,-6.288699435,4.23173055,0.005077011527,0.006717680816,0.004686697023,0,,,,,,,,0,28.61486755,77.21256299,16.7,,
21.81,-6.123446583,-6.320090743,4.338332222,0.00406937652,0.000824811639,0.001715704269,0,,,,,,,,0,28.614868,77.21256463,16.7,,
21.82,-6.15951548,-6.389853445,4.245230414,-0.001330173725,0.006235785854,0.005273058425,0,,,,,,,,0,28.61486844,77.21256626,16.7,,
21.83,-6.184604538,-6.33725153,4.275852352,0.008910817003,0.0009809614737,0.007669009471,0,,,,,,,,0,28.61486888,77.2125679,16.7,,
21.84,-6.017700483,-6.348100193,4.278297492,0.007733181164,0.011414147,-0.003247419189,0,,,,,,,,0,28.61486933,77.21256953,16.7,,
21.85,-6.23966676,-6.302584788,4.247947643,0.000389140149,-0.0001939949091,0.004142459374,0,,,,,,,,0,28.61486977,77.21257117,16.7,,
21.86,-6.173422798,-6.420521289,4.280802965,0.004801226034,0.00459336127,0.003261358688,0,,,,,,,,0,28.61487022,77.2125728,16.7,,
21.87,-6.23243233,-6.342920769,4.277946404,0.004856257494,0.006043351519,0.002509029536,0,,,,,,,,0,28.61487066,77.21257444,16.7,,
21.88,-6.179464944,-6.251943543,4.275101747,0.003506189361,0.003199937043,-0.001970294303,0,,,,,,,,0,28.6148711,77.21257607,16.7,,
21.89,-6.209869483,-6.259388235,4.383777045,0.006610259833,0.00260194154,0.003240402968,0,,,,,,,,0,28.61487155,77.2125777,16.7,,
21.9,-6.217377298,-6.341677529,4.283025725,0.00499098818,0.00713171302,0.007131382339,0,,,,,,,,0,28.61487199,77.21257934,16.7,,
21.91,-6.140145827,-6.287023766,4.274902083,0.009245163935,0.004429257706,0.003580918635,0,,,,,,,,0,28.61487243,77.21258097,16.7,,
21.92,-6.126276744,-6.297712607,4.196525102,0.005515117137,0.004314974012,0.005539701326,0,,,,,,,,0,28.61487288,77.21258261,16.7,,
21.93,-6.149215029,-6.452783407,4.214025852,0.00340616107,0.002460922335,2.785697809e-05,0,,,,,,,,0,28.61487332,77.21258424,16.7,,
21.94,-6.196087717,-6.363812663,4.295076695,0.005142799228,-0.001181391419,0.003560617476,0,,,,,,,,0,28.61487377,77.21258588,16.7,,
21.95,-6.170045991,-6.317433468,4.234427105,0.003926642768,0.01185021387,0.008105801124,0,,,,,,,,0,28.61487421,77.21258751,16.7,,
21.96,-6.248883441,-6.392122082,4.222853468,0.00429161036,0.007584544524,0.00528484641,0,,,,,,,,0,28.61487465,77.21258914,16.7,,
21.97,-6.162514747,-6.303345043,4.261728083,0.004825286648,0.001386313082,0.004632569116,0,,,,,,,,0,28.6148751,77.21259078,16.7,,
21.98,-6.128338551,-6.41093492,4.302496087,-0.0007709011344,0.003122912217,0.003758331057,0,,,,,,,,0,28.61487554,77.21259241,16.7,,
21.99,-6.060126876,-6.349216612,4.30217048,0.003510452528,0.00525066947,7.163542004e-05,0,,,,,,,,0,28.61487599,77.21259405,16.7,,
22,-6.143391715,-6.348427931,4.257113385,0.004436815322,0.002751936934,0.002157523279,0,,,,,,,,0,28.61487643,77.21259568,16.7,,
22.01,-6.113555212,-6.397035286,4.278526625,0.008348363416,0.001022932604,0.006605438931,0,,,,,,,,0,28.61487687,77.21259732,16.7,,
22.02,-6.171490797,-6.283448041,4.231582708,0.0011474314,0.002291950807,0.006177330636,0,,,,,,,,0,28.61487732,77.21259895,16.7,,
22.03,-6.150389799,-6.38855066,4.28479272,0.00487700103,0.002944506838,0.004941456771,0,,,,,,,,0,28.61487776,77.21260059,16.7,,
22.04,-6.078949785,-6.460757685,4.279452158,1.800341528e-05,0.003604265382,0.007367367221,0,,,,,,,,0,28.6148782,77.21260222,16.7,,
22.05,-6.154990306,-6.33690704,4.239658516,6.672506727e-05,0.002980296147,0.001801539832,0,,,,,,,,0,28.61487865,77.21260385,16.7,,
22.06,-6.183643121,-6.279487306,4.263489007,0.006447135872,0.0003207241483,0.00464868139,0,,,,,,,,0,28.61487909,77.21260549,16.7,,
22.07,-6.195355166,-6.378279864,4.192620824,0.001434038232,0.0005480221284,0.001119071799,0,,,,,,,,0,28.61487954,77.21260712,16.7,,
22.08,-6.094725997,-6.314792905,4.169012425,0.006537307261,0.002694894214,-0.0004616082121,0,,,,,,,,0,28.61487998,77.21260876,16.7,,
22.09,-6.187615712,-6.34657643,4.26810966,0.003181360649,0.005256729384,0.004211323675,0,,,,,,,,0,28.61488042,77.21261039,16.7,,
22.1,-6.15238043,-6.381639055,4.265332319,0.002498494829,0.004134220466,0.01001678749,0,,,,,,,,0,28.61488087,77.21261203,16.7,,
22.11,-6.146066621,-6.376711901,4.286779488,0.007618268976,0.00945036307,0.007398640355,0,,,,,,,,0,28.61488131,77.21261366,16.7,,
22.12,-6.190040298,-6.416729685,4.214108799,0.00335253675,0.006740929382,0.005172473285,0,,,,,,,,0,28.61488176,77.2126153,16.7,,
22.13,-6.056569603,-6.372621628,4.248472748,0.00447734165,0.003963092016,0.001514399722,0,,,,,,,,0,28.6148822,77.21261693,16.7,,
22.14,-6.192187243,-6.329446418,4.19760503,-0.0005314302812,0.005290232717,0.004388295879,0,,,,,,,,0,28.61488264,77.21261856,16.7,,
22.15,-6.209371775,-6.383480452,4.163992034,0.0002919730812,0.005798853033,0.01018893691,0,,,,,,,,0,28.61488309,77.2126202,16.7,,
22.16,-6.213976934,-6.289516495,4.281021272,0.003852420146,0.004389889064,0.003669244617,0,,,,,,,,0,28.61488353,77.21262183,16.7,,
22.17,-6.120404662,-6.365597392,4.274450308,0.004742031052,0.00459653475,0.006609939998,0,,,,,,,,0,28.61488397,77.21262347,16.7,,
22.18,-6.218899791,-6.331967694,4.266648809,0.006824305847,0.0007912732552,-0.0003955893115,0,,,,,,,,0,28.61488442,77.2126251,16.7,,
22.19,-6.197667876,-6.374192138,4.223133532,0.009883049673,0.006472612554,0.0006944478914,0,,,,,,,,0,28.61488486,77.21262674,16.7,,
22.2,-6.077085859,-6.385554112,4.204735802,0.005173983915,0.002577947866,0.006383218171,0,,,,,,,,0,28.61488531,77.21262837,16.7,,
22.21,-6.084045938,-6.306965715,4.209842483,0.005949887897,0.004824952486,0.003847389785,0,,,,,,,,0,28.61488575,77.21263,16.7,,
22.22,-6.105988182,-6.31307904,4.309171872,0.01158060608,0.006231000762,0.004557746557,0,,,,,,,,0,28.61488619,77.21263164,16.7,,
22.23,-6.17620968,-6.323538292,4.241754116,0.003387388292,0.001929773007,0.007820587202,0,,,,,,,,0,28.61488664,77.21263327,16.7,,
22.24,-6.055676357,-6.411780386,4.210421316,0.004496039353,0.006019996305,0.006777386758,0,,,,,,,,0,28.61488708,77.21263491,16.7,,
22.25,-6.151328684,-6.375024954,4.243324405,0.004030839728,0.005027520485,0.00245584874,0,,,,,,,,0,28.61488752,77.21263654,16.7,,
22.26,-6.092315675,-6.339063072,4.275352622,-0.00122621795,0.003427444868,0.00170857665,0,,,,,,,,0,28.61488797,77.21263818,16.7,,
22.27,-6.05148622,-6.397744243,4.368862095,0.004173922006,0.0088414748,0.004778767179,0,,,,,,,,0,28.61488841,77.21263981,16.7,,
22.28,-6.19997225,-6.367013244,4.29167576,0.007959148201,0.005037290162,0.002864455832,0,,,,,,,,0,28.61488886,77.21264145,16.7,,
22.29,-6.086813568,-6.337739746,4.362095306,0.001919413714,0.002866138696,0.003360351647,0,,,,,,,,0,28.6148893,77.21264308,16.7,,
22.3,-6.289916537,-6.310145194,4.312960428,0.002716107407,0.004077026415,0.002599233909,0,,,,,,,,0,28.61488974,77.21264471,16.7,,
22.31,-6.043161136,-6.284408257,4.30199992,0.003798626004,0.00258827236,0.007479869473,0,,,,,,,,0,28.61489019,77.21264635,16.7,,
22.32,-6.07090996,-6.374783593,4.219850901,0.004575529453,0.001139843713,-0.0007308703018,0,,,,,,,,0,28.61489063,77.21264798,16.7,,
22.33,-6.139416356,-6.352125123,4.166693726,0.008239049534,0.0049392119,0.003804498065,0,,,,,,,,0,28.61489108,77.21264962,16.7,,
22.34,-6.14559497,-6.311467966,4.313787197,0.007411337903,-0.001733879843,0.001627644782,0,,,,,,,,0,28.61489152,77.21265125,16.7,,
22.35,-6.094247181,-6.34665968,4.257237211,0.002094958243,-0.0004309825304,0.0005117419159,0,,,,,,,,0,28.61489196,77.21265289,16.7,,
22.36,-6.182298079,-6.333637068,4.151153797,0.006203551116,0.0004871948295,0.002740415778,0,,,,,,,,0,28.61489241,77.21265452,16.7,,
22.37,-6.097830559,-6.360749945,4.275632173,0.004656681317,0.004637655348,0.00898715134,0,,,,,,,,0,28.61489285,77.21265616,16.7,,
22.38,-6.123111657,-6.298789788,4.278011148,0.01074682318,0.008839270942,0.0008920444391,0,,,,,,,,0,28.61489329,77.21265779,16.7,,
22.39,-6.039879636,-6.388524418,4.219281579,-0.001221776498,0.008530126217,0.008287637621,0,,,,,,,,0,28.61489374,77.21265942,16.7,,
22.4,-6.155435029,-6.341718326,4.248700751,0.0009635911953,0.002586694203,0.004772479204,0,,,,,,,,0,28.61489418,77.21266106,16.7,,
22.41,-6.139561016,-6.386048596,4.398714106,0.002253231049,0.001276105042,7.068986771e-05,0,,,,,,,,0,28.61489463,77.21266269,16.7,,
22.42,-6.096334498,-6.378781742,4.25260557,0.004837276627,0.002047985729,0.004444188694,0,,,,,,,,0,28.61489507,77.21266433,16.7,,
22.43,-6.139210507,-6.388715143,4.29507571,0.001931683389,0.004251390406,-0.002036763328,0,,,,,,,,0,28.61489551,77.21266596,16.7,,
22.44,-6.225305049,-6.289823439,4.260350497,0.006888931941,0.006691497101,0.005967253603,0,,,,,,,,0,28.61489596,77.2126676,16.7,,
22.45,-6.156301403,-6.27633627,4.206266704,0.008814145514,-0.0006659860303,0.00878687762,0,,,,,,,,0,28.6148964,77.21266923,16.7,,
22.46,-6.088917193,-6.349068141,4.308214699,0.001634192846,0.002203060227,0.0005711322941,0,,,,,,,,0,28.61489685,77.21267086,16.7,,
22.47,-6.128695173,-6.319361306,4.275376966,0.005943303877,0.008442191811,0.009824795782,0,,,,,,,,0,28.61489729,77.2126725,16.7,,
22.48,-6.080321417,-6.383587228,4.250507788,0.005376642485,0.0009017841898,0.003602296532,0,,,,,,,,0,28.61489773,77.21267413,16.7,,
22.49,-6.09685515,-6.314509497,4.267078173,0.002434844045,0.004267142228,0.005638513318,0,,,,,,,,0,28.61489818,77.21267577,16.7,,
22.5,-6.171814558,-6.354171887,4.187012127,0.00897553068,-0.002744648738,0.004377738357,0,,,,,,,,0,28.61489862,77.2126774,16.7,,
22.51,-6.134940713,-6.291430421,4.259462417,0.009456633008,0.003464061737,0.006228053388,0,,,,,,,,0,28.61489906,77.21267904,16.7,,
22.52,-6.120509127,-6.331750286,4.286126789,0.004010058836,0.004908989126,0.003767852194,0,,,,,,,,0,28.61489951,77.21268067,16.7,,
22.53,-6.101402422,-6.403988513,4.220545483,0.007108388937,0.006362400089,0.001567250859,0,,,,,,,,0,28.61489995,77.21268231,16.7,,
22.54,-6.109374799,-6.398030888,4.309674735,0.006566441499,0.003084633563,0.001570296474,0,,,,,,,,0,28.6149004,77.21268394,16.7,,
22.55,-6.188943977,-6.307541319,4.300947995,0.003457383776,-1.056211171e-05,0.00246428178,0,,,,,,,,0,28.61490084,77.21268557,16.7,,
22.56,-6.174555475,-6.34574655,4.165176372,0.003309719002,0.005249695721,0.002557672202,0,,,,,,,,0,28.61490128,77.21268721,16.7,,
22.57,-6.089124962,-6.371416551,4.196862972,0.005174538733,0.004017014737,0.001902552305,0,,,,,,,,0,28.61490173,77.21268884,16.7,,
22.58,-6.076366676,-6.367142543,4.304512926,0.002867786785,0.002874851081,-0.002294194803,0,,,,,,,,0,28.61490217,77.21269048,16.7,,
22.59,-6.153828737,-6.342152086,4.263961983,0.007568217291,0.004631931381,0.00654342467,0,,,,,,,,0,28.61490262,77.21269211,16.7,,
22.6,-6.256883804,-6.353671209,4.30237829,0.005523645027,0.006985338766,0.005938285475,0,,,,,,,,0,28.61490306,77.21269375,16.7,,
22.61,-6.22912786,-6.336005584,4.262838121,-0.002363855293,0.00315939852,0.007566859124,0,,,,,,,,0,28.6149035,77.21269538,16.7,,
22.62,-6.212401291,-6.425023233,4.286257491,0.004333686303,0.008359716718,0.006722926827,0,,,,,,,,0,28.61490395,77.21269702,16.7,,
22.63,-6.149505063,-6.281950773,4.249864756,0.001236828004,0.002178142063,0.003271841386,0,,,,,,,,0,28.61490439,77.21269865,16.7,,
22.64,-6.144897754,-6.322467749,4.309384526,0.00179544991,0.003454464142,0.004262550618,0,,,,,,,,0,28.61490483,77.21270028,16.7,,
22.65,-6.113006043,-6.250396383,4.301979262,0.005310133297,0.004994852106,0.00353425057,0,,,,,,,,0,28.61490528,77.21270192,16.7,,
22.66,-6.080308376,-6.316255638,4.24356693,0.004686907397,0.01402527238,0.006125160068,0,,,,,,,,0,28.61490572,77.21270355,16.7,,
22.67,-6.140508749,-6.289686925,4.156343809,0.003185391362,0.006428713244,0.0004864306379,0,,,,,,,,0,28.61490617,77.21270519,16.7,,
22.68,-6.065215172,-6.392516303,4.265395652,-0.0002028042772,0.0001986388096,0.005807213825,0,,,,,,,,0,28.61490661,77.21270682,16.7,,
22.69,-6.237255764,-6.319007798,4.301818589,0.008850180764,-0.001787690504,0.007125004645,0,,,,,,,,0,28.61490705,77.21270846,16.7,,
22.7,-6.142784128,-6.374752032,4.260528085,0.001477986895,0.01040953272,0.00627975178,0,,,,,,,,0,28.6149075,77.21271009,16.7,,
22.71,-6.166652792,-6.352927122,4.292460935,0.005756155737,0.004802974912,0.004286780419,0,,,,,,,,0,28.61490794,77.21271172,16.7,,
22.72,-6.129470112,-6.270450806,4.269227598,0.003610023786,0.003742587241,0.004601268263,0,,,,,,,,0,28.61490839,77.21271336,16.7,,
22.73,-6.136269117,-6.376947036,4.251629469,0.005265653285,0.003184750284,0.0003079627178,0,,,,,,,,0,28.61490883,77.21271499,16.7,,
22.74,-6.122331099,-6.420633139,4.318299319,0.00644959072,0.00127650494,0.004329375812,0,,,,,,,,0,28.61490927,77.21271663,16.7,,
22.75,-6.158918162,-6.283016026,4.289490046,0.004462914165,0.005686132004,0.003867928459,0,,,,,,,,0,28.61490972,77.21271826,16.7,,
22.76,-6.082227635,-6.384986586,4.302550502,0.002620010252,0.007209219324,0.001142994531,0,,,,,,,,0,28.61491016,77.2127199,16.7,,
22.77,-6.138620316,-6.443234878,4.19492931,0.002257497495,-0.0002819161748,0.003450873677,0,,,,,,,,0,28.6149106,77.21272153,16.7,,
22.78,-6.126250821,-6.374514001,4.257861539,0.00265813841,0.006452865333,0.003365496578,0,,,,,,,,0,28.61491105,77.21272317,16.7,,
22.79,-6.240168677,-6.28040415,4.286190401,0.006164911145,0.005949898048,0.005759154722,0,,,,,,,,0,28.61491149,77.2127248,16.7,,
22.8,-6.095862972,-6.367744448,4.260326714,0.006443344366,0.005375201806,0.005095257769,0,,,,,,,,0,28.61491194,77.21272643,16.7,,
22.81,-6.141020094,-6.300747466,4.280140552,0.004502486143,0.002863862372,-0.002725799949,0,,,,,,,,0,28.61491238,77.21272807,16.7,,
22.82,-6.185882963,-6.186153623,4.318146865,0.00627410819,0.00762532039,0.004800745175,0,,,,,,,,0,28.61491282,77.2127297,16.7,,
22.83,-6.04984294,-6.329629085,4.281902269,0.001847004178,0.005890203044,-0.001880264261,0,,,,,,,,0,28.61491327,77.21273134,16.7,,
22.84,-6.18745946,-6.39889917,4.2604347,0.00312965411,0.0118754254,0.006487734021,0,,,,,,,,0,28.61491371,77.21273297,16.7,,
22.85,-6.197003507,-6.266561709,4.301077012,0.005433518058,0.005179742053,-0.002793198982,0,,,,,,,,0,28.61491415,77.21273461,16.7,,
22.86,-6.135427261,-6.27842273,4.258241112,0.002461602966,0.009381455563,0.005305677557,0,,,,,,,,0,28.6149146,77.21273624,16.7,,
22.87,-6.228734545,-6.288666193,4.337831265,0.006539635573,0.008217068095,0.004340995583,0,,,,,,,,0,28.61491504,77.21273788,16.7,,
22.88,-6.145167027,-6.362164021,4.211163036,0.004261674954,0.003929931728,0.006834197235,0,,,,,,,,0,28.61491549,77.21273951,16.7,,
22.89,-6.048528773,-6.39060249,4.329679779,0.001756784482,0.009481748369,0.002945907876,0,,,,,,,,0,28.61491593,77.21274114,16.7,,
22.9,-6.213690789,-6.388041882,4.242684202,0.006766242195,0.01285139263,0.004837599406,0,,,,,,,,0,28.61491637,77.21274278,16.7,,
22.91,-6.107984614,-6.286401114,4.288598079,0.004138619621,0.000846569454,0.0046603288,0,,,,,,,,0,28.61491682,77.21274441,16.7,,
22.92,-6.203099158,-6.414787182,4.290344242,0.00861142919,0.007183788672,-0.0006740853623,0,,,,,,,,0,28.61491726,77.21274605,16.7,,
22.93,-6.090027581,-6.358594453,4.21265575,0.007972095546,0.006641401321,0.003386142842,0,,,,,,,,0,28.61491771,77.21274768,16.7,,
22.94,-6.132076575,-6.428861075,4.194485398,-0.001771697853,0.004671000327,0.0005458652865,0,,,,,,,,0,28.61491815,77.21274932,16.7,,
22.95,-6.193278676,-6.426892909,4.208756394,0.008434185522,0.002376318732,0.003363078362,0,,,,,,,,0,28.61491859,77.21275095,16.7,,
22.96,-6.127020599,-6.301488621,4.27228487,0.007235130461,0.00727417007,0.002380638656,0,,,,,,,,0,28.61491904,77.21275258,16.7,,
22.97,-6.172030217,-6.3281227,4.216527073,0.00501305841,0.005130765665,0.002270427341,0,,,,,,,,0,28.61491948,77.21275422,16.7,,
22.98,-6.141805597,-6.312569126,4.324153361,0.002651960963,0.003245773665,0.002851152134,0,,,,,,,,0,28.61491992,77.21275585,16.7,,
22.99,-6.133140032,-6.380951114,4.297404768,0.005319851189,0.008089696634,0.003542123791,0,,,,,,,,0,28.61492037,77.21275749,16.7,,
23,-6.134923399,-6.295332212,4.243673652,0.005021995766,0.004460272076,0.00157646081,0,,,,,,,,0,28.61492081,77.21275912,16.7,,
23.01,-6.201064983,-6.361906861,4.263351077,0.002812721915,0.003517239175,0.01112972069,0,,,,,,,,0,28.61492126,77.21276076,16.7,,
23.02,-6.144003769,-6.431454373,4.326880771,0.005367734876,0.006944402718,0.00563339513,0,,,,,,,,0,28.6149217,77.21276239,16.7,,
23.03,-6.161864316,-6.366511508,4.208772611,0.008380166436,0.002776067161,0.001035577978,0,,,,,,,,0,28.61492214,77.21276403,16.7,,
23.04,-6.181908983,-6.295626153,4.382138788,0.005738894062,0.005319650932,0.007977323505,0,,,,,,,,0,28.61492259,77.21276566,16.7,,
23.05,-6.171449556,-6.277078228,4.225412889,0.004564537875,-0.000511461344,0.002086267202,0,,,,,,,,0,28.61492303,77.21276729,16.7,,
23.06,-6.115819337,-6.348753765,4.351654173,0.006906205353,0.007742490993,0.004477626143,0,,,,,,,,0,28.61492348,77.21276893,16.7,,
23.07,-6.200648991,-6.438107456,4.277398289,0.00590415425,0.003962762396,0.003599303625,0,,,,,,,,0,28.61492392,77.21277056,16.7,,
23.08,-6.092152574,-6.341559004,4.217721061,0.006368947802,0.003602861096,-0.003817465432,0,,,,,,,,0,28.61492436,77.2127722,16.7,,
23.09,-6.144835114,-6.308407974,4.211116478,0.007499550853,0.002899009812,-0.001987961656,0,,,,,,,,0,28.61492481,77.21277383,16.7,,
23.1,-6.120098392,-6.322019966,4.349407373,0.001301225086,0.005718331623,0.0109903215,0,,,,,,,,0,28.61492525,77.21277547,16.7,,
23.11,-6.125179419,-6.267938467,4.212552356,0.008968922455,0.005066241959,0.002019088869,0,,,,,,,,0,28.61492569,77.2127771,16.7,,
23.12,-6.128312872,-6.287492255,4.2803934,0.002285480689,0.009084166453,0.002891766563,0,,,,,,,,0,28.61492614,77.21277874,16.7,,
23.13,-6.066611446,-6.236051461,4.230406854,0.007053273751,0.002875694367,0.002519620597,0,,,,,,,,0,28.61492658,77.21278037,16.7,,
23.14,-6.085428396,-6.379515559,4.26734746,0.004402894593,0.005721592246,0.001816910792,0,,,,,,,,0,28.61492703,77.212782,16.7,,
23.15,-6.101663028,-6.290753768,4.284898432,0.01033970843,0.002689491046,0.007307364687,0,,,,,,,,0,28.61492747,77.21278364,16.7,,
23.16,-6.118671525,-6.392440344,4.233531018,0.006920706672,0.00571793814,0.006201097082,0,,,,,,,,0,28.61492791,77.21278527,16.7,,
23.17,-6.104673348,-6.328994966,4.265383803,0.006485732321,0.0007718768179,0.00545925943,0,,,,,,,,0,28.61492836,77.21278691,16.7,,
23.18,-6.213313838,-6.299349676,4.193918808,0.01135149091,0.00563472629,-0.003593698867,0,,,,,,,,0,28.6149288,77.21278854,16.7,,
23.19,-6.056023184,-6.234562621,4.219463472,0.00497957933,0.008456177375,0.00613525048,0,,,,,,,,0,28.61492925,77.21279018,16.7,,
23.2,-6.150016494,-6.321742135,4.188091646,0.0008878391969,0.006164973989,0.006366589215,0,,,,,,,,0,28.61492969,77.21279181,16.7,,
23.21,-6.092850978,-6.442977803,4.265680361,-0.002068842982,0.005736479652,0.007916758461,0,,,,,,,,0,28.61493013,77.21279344,16.7,,
23.22,-6.164710282,-6.302634139,4.216830852,0.002344343437,0.009068780671,0.001039588067,0,,,,,,,,0,28.61493058,77.21279508,16.7,,
23.23,-6.159027389,-6.227588413,4.254963919,0.008551828523,0.003996182074,0.00508942798,0,,,,,,,,0,28.61493102,77.21279671,16.7,,
23.24,-6.114312707,-6.401599838,4.239117753,0.00583861006,0.00848291308,0.004253787214,0,,,,,,,,0,28.61493146,77.21279835,16.7,,
23.25,-6.170885963,-6.363620248,4.285907147,0.002732991788,0.003805387806,0.003018036912,0,,,,,,,,0,28.61493191,77.21279998,16.7,,
23.26,-6.140873575,-6.33572521,4.320208863,0.01096097251,0.0006733588554,0.005110075534,0,,,,,,,,0,28.61493235,77.21280162,16.7,,
23.27,-6.114248123,-6.329078436,4.275530451,0.0071545744,0.003696389128,0.001510677293,0,,,,,,,,0,28.6149328,77.21280325,16.7,,
23.28,-6.078685322,-6.362057967,4.225390454,0.008018973056,0.00518528169,0.003896385655,0,,,,,,,,0,28.61493324,77.21280489,16.7,,
23.29,-6.105165635,-6.286745749,4.29931364,0.008323178329,0.00681782802,0.005202636672,0,,,,,,,,0,28.61493368,77.21280652,16.7,,
23.3,-6.118711891,-6.311561981,4.336314573,0.003413465562,0.005647693761,-8.400588596e-05,0,,,,,,,,0,28.61493413,77.21280815,16.7,,
23.31,-6.192761363,-6.376214176,4.269660922,0.004921023842,0.009919666688,0.007490559851,0,,,,,,,,0,28.61493457,77.21280979,16.7,,
23.32,-6.115232571,-6.279391704,4.267329381,0.006887489403,0.003289341759,0.00631708389,0,,,,,,,,0,28.61493501,77.21281142,16.7,,
23.33,-6.135589375,-6.344866355,4.30367561,0.00685339071,0.005030701903,0.008244099302,0,,,,,,,,0,28.61493546,77.21281306,16.7,,
23.34,-6.098411058,-6.300284471,4.319956275,0.006750204281,0.006585399892,0.001657927886,0,,,,,,,,0,28.6149359,77.21281469,16.7,,
23.35,-6.071095503,-6.346971157,4.321339404,0.008391195275,0.002493402296,0.003573315333,0,,,,,,,,0,28.61493635,77.21281633,16.7,,
23.36,-6.239282519,-6.36221871,4.283538342,0.007295454548,0.005674412713,0.002080630098,0,,,,,,,,0,28.61493679,77.21281796,16.7,,
23.37,-6.074225387,-6.326042301,4.293638423,0.00129762728,0.009604226839,0.0006199961796,0,,,,,,,,0,28.61493723,77.2128196,16.7,,
23.38,-6.15845119,-6.266495271,4.232705066,0.0008482631692,0.0005308633414,0.006084300864,0,,,,,,,,0,28.61493768,77.21282123,16.7,,
23.39,-6.187438253,-6.375974603,4.204480886,0.0059524012,0.007390268762,0.00414488142,0,,,,,,,,0,28.61493812,77.21282286,16.7,,
23.4,-6.087209148,-6.253738999,4.31277629,-0.00213539829,0.00581267425,0.005126134095,0,,,,,,,,0,28.61493857,77.2128245,16.7,,
23.41,-6.141301687,-6.381574475,4.288960379,0.01030031059,0.003295559094,0.002456611727,0,,,,,,,,0,28.61493901,77.21282613,16.7,,
23.42,-6.108593757,-6.436757177,4.314021317,0.003218781042,0.003465514564,0.003748444911,0,,,,,,,,0,28.61493945,77.21282777,16.7,,
23.43,-6.17120368,-6.364601774,4.2094486,0.006657156872,0.006110958256,0.0006135283428,0,,,,,,,,0,28.6149399,77.2128294,16.7,,
23.44,-6.07652978,-6.285129762,4.252773403,0.003124223253,0.008134791251,0.004944525501,0,,,,,,,,0,28.61494034,77.21283104,16.7,,
23.45,-6.162860592,-6.249108596,4.197154701,0.00503663579,0.006049823349,0.001501540604,0,,,,,,,,0,28.61494078,77.21283267,16.7,,
23.46,-6.153159859,-6.412018038,4.313689998,0.002584336366,0.006070192855,0.001888105917,0,,,,,,,,0,28.61494123,77.2128343,16.7,,
23.47,-6.227070155,-6.317983623,4.316961705,0.004910919963,-0.0004146242639,0.004754279969,0,,,,,,,,0,28.61494167,77.21283594,16.7,,
23.48,-6.243343657,-6.327900543,4.285538734,0.001075141062,0.002814744027,0.001560290993,0,,,,,,,,0,28.61494212,77.21283757,16.7,,
23.49,-6.110614316,-6.336894997,4.293519288,0.00499656102,-4.305049683e-06,0.007496351182,0,,,,,,,,0,28.61494256,77.21283921,16.7,,
23.5,-6.18497222,-6.250013097,4.275108939,0.004146355249,0.007142206469,0.001299146991,0,,,,,,,,0,28.614943,77.21284084,16.7,,
23.51,-6.15381742,-6.357857787,4.281921234,0.00440592307,0.004704874144,0.003654128389,0,,,,,,,,0,28.61494345,77.21284248,16.7,,
23.52,-6.142406834,-6.269367068,4.234420128,0.00185883787,0.007084189607,0.001646935538,0,,,,,,,,0,28.61494389,77.21284411,16.7,,
23.53,-6.15867738,-6.294283578,4.287425272,0.00816167803,0.003146423711,0.007597241302,0,,,,,,,,0,28.61494434,77.21284575,16.7,,
23.54,-6.095373838,-6.313186052,4.230794832,0.006218621818,0.006230825441,0.003295370387,0,,,,,,,,0,28.61494478,77.21284738,16.7,,
23.55,-6.215163913,-6.300353274,4.285338493,-0.002102087478,0.003013606218,0.005480401163,0,,,,,,,,0,28.61494522,77.21284901,16.7,,
23.56,-6.093543268,-6.369948386,4.303474119,0.0009524081925,0.002597942573,0.005776017924,0,,,,,,,,0,28.61494567,77.21285065,16.7,,
23.57,-6.120317965,-6.35523971,4.284373368,0.001123829117,0.003805455682,-0.001070664437,0,,,,,,,,0,28.61494611,77.21285228,16.7,,
23.58,-6.21960597,-6.233033268,4.211728143,0.002963648839,0.007615550759,0.005340561273,0,,,,,,,,0,28.61494655,77.21285392,16.7,,
23.59,-6.190192778,-6.260890514,4.275941943,0.007782998372,0.0005504418946,0.007693983756,0,,,,,,,,0,28.614947,77.21285555,16.7,,
23.6,-6.088944378,-6.359937649,4.237372368,0.004770949471,-0.0005017643368,0.002838166895,0,,,,,,,,0,28.61494744,77.21285719,16.7,,
23.61,-6.076407685,-6.339185178,4.292108245,0.009257902571,0.00313644942,0.0002423033133,0,,,,,,,,0,28.61494789,77.21285882,16.7,,
23.62,-6.133472388,-6.206518711,4.304880863,0.00181193211,0.005942882645,0.005599400369,0,,,,,,,,0,28.61494833,77.21286046,16.7,,
23.63,-6.033255966,-6.284241742,4.221892281,0.004743983996,0.00573262497,0.00477592,0,,,,,,,,0,28.61494877,77.21286209,16.7,,
23.64,-6.108967298,-6.303801319,4.360464354,0.004197781385,0.002518088415,0.004321763278,0,,,,,,,,0,28.61494922,77.21286372,16.7,,
23.65,-6.078627174,-6.305165677,4.235457832,0.01086730442,7.498960235e-05,0.0007984162831,0,,,,,,,,0,28.61494966,77.21286536,16.7,,
23.66,-6.130812787,-6.283325422,4.249976497,0.004568585242,0.005545141682,0.01363897577,0,,,,,,,,0,28.61495011,77.21286699,16.7,,
23.67,-6.154524281,-6.380023143,4.22686224,0.01103677931,0.006838157362,0.003173556277,0,,,,,,,,0,28.61495055,77.21286863,16.7,,
23.68,-6.138886047,-6.351170932,4.267979298,0.003064163446,0.002950011867,0.001560457079,0,,,,,,,,0,28.61495099,77.21287026,16.7,,
23.69,-6.12252231,-6.364581518,4.200214745,0.003928889059,0.004849860886,0.01056167064,0,,,,,,,,0,28.61495144,77.2128719,16.7,,
23.7,-6.15311169,-6.31310306,4.228754511,0.001763874657,0.005654487472,0.003549749982,0,,,,,,,,0,28.61495188,77.21287353,16.7,,
23.71,-6.117999595,-6.421835484,4.277404553,0.008770166838,0.001536249882,0.001978545818,0,,,,,,,,0,28.61495232,77.21287516,16.7,,
23.72,-6.1951385,-6.350878049,4.25490985,0.003471369291,0.003970178959,0.002733703301,0,,,,,,,,0,28.61495277,77.2128768,16.7,,
23.73,-6.070156004,-6.376864474,4.304003637,0.006424838452,0.002133650737,0.007220144674,0,,,,,,,,0,28.61495321,77.21287843,16.7,,
23.74,-6.130321874,-6.302514127,4.254130023,0.003784657067,0.0007914714079,0.007387089941,0,,,,,,,,0,28.61495366,77.21288007,16.7,,
23.75,-6.083950684,-6.410175721,4.2932749,0.003509850101,0.0006347120685,0.002647995357,0,,,,,,,,0,28.6149541,77.2128817,16.7,,
23.76,-6.121649538,-6.335219924,4.325335134,0.005071279773,-0.0009601916282,0.007590210463,0,,,,,,,,0,28.61495454,77.21288334,16.7,,
23.77,-6.165382368,-6.282408731,4.276258428,0.007720535056,0.005508591219,0.0067952364,0,,,,,,,,0,28.61495499,77.21288497,16.7,,
23.78,-6.187533025,-6.324324755,4.319353542,0.002806437915,0.005252598448,0.00315667052,0,,,,,,,,0,28.61495543,77.21288661,16.7,,
23.79,-6.063759803,-6.270604684,4.289332655,0.007272624694,0.00518597015,0.005756168281,0,,,,,,,,0,28.61495588,77.21288824,16.7,,
23.8,-6.168920442,-6.343022774,4.182472767,0.004700338283,0.000499867963,0.004724189143,0,,,,,,,,0,28.61495632,77.21288987,16.7,,
23.81,-6.06203037,-6.261113498,4.311608544,0.004950703078,0.003190746394,0.002930504643,0,,,,,,,,0,28.61495676,77.21289151,16.7,,
23.82,-6.151384579,-6.295916934,4.198530033,0.007902658885,0.003519818323,0.003951692008,0,,,,,,,,0,28.61495721,77.21289314,16.7,,
23.83,-6.077828611,-6.332401978,4.2900646,0.005728303551,0.002083404679,0.008742098368,0,,,,,,,,0,28.61495765,77.21289478,16.7,,
23.84,-6.202019884,-6.305507198,4.184699632,0.01020600528,0.003032325962,0.001849741212,0,,,,,,,,0,28.61495809,77.21289641,16.7,,
23.85,-6.203338572,-6.294540992,4.28856859,-0.0002820971239,-0.0009843072113,-0.001340392921,0,,,,,,,,0,28.61495854,77.21289805,16.7,,
23.86,-6.220074206,-6.343890565,4.209821002,0.002789121424,0.001448981466,0.00815122841,0,,,,,,,,0,28.61495898,77.21289968,16.7,,
23.87,-6.154708889,-6.323465078,4.337411966,0.001735041783,0.006597135848,0.004664668313,0,,,,,,,,0,28.61495943,77.21290132,16.7,,
23.88,-6.168408307,-6.379059233,4.292812321,0.006877563709,0.008082540677,0.002287038492,0,,,,,,,,0,28.61495987,77.21290295,16.7,,
23.89,-6.142408983,-6.3049814,4.204479648,0.002147254963,0.001097520086,-0.0006163382424,0,,,,,,,,0,28.61496031,77.21290458,16.7,,
23.9,-6.143058137,-6.276640321,4.231258298,0.0001160616789,-0.003487656342,0.007194437151,0,,,,,,,,0,28.61496076,77.21290622,16.7,,
23.91,-6.215022468,-6.291732773,4.235293873,-0.003143897069,0.005556840104,0.003149500509,0,,,,,,,,0,28.6149612,77.21290785,16.7,,
23.92,-6.093544891,-6.389078986,4.22932743,0.004856860019,0.006951231807,0.005181649728,0,,,,,,,,0,28.61496164,77.21290949,16.7,,
23.93,-6.095876371,-6.360537288,4.176597886,0.001986219071,0.001899339595,0.003229427374,0,,,,,,,,0,28.61496209,77.21291112,16.7,,
23.94,-6.229450633,-6.365519757,4.209450464,0.00704549144,0.004691608761,0.0009610310368,0,,,,,,,,0,28.61496253,77.21291276,16.7,,
23.95,-6.174893196,-6.324320939,4.302878213,0.004916139502,0.01424771801,-0.001174604746,0,,,,,,,,0,28.61496298,77.21291439,16.7,,
23.96,-6.103298805,-6.388969076,4.242433039,0.0003390613453,0.003267339306,0.008460035584,0,,,,,,,,0,28.61496342,77.21291602,16.7,,
23.97,-6.166283776,-6.372096695,4.176618885,0.005493873157,0.008685391553,0.002574202158,0,,,,,,,,0,28.61496386,77.21291766,16.7,,
23.98,-6.161649162,-6.264907271,4.204106254,0.004090547416,0.0040252186,0.008046131558,0,,,,,,,,0,28.61496431,77.21291929,16.7,,
23.99,-6.19326359,-6.340448711,4.259577761,0.002695837637,0.00391240032,0.00383045059,0,,,,,,,,0,28.61496475,77.21292093,16.7,,
24,-6.222413984,-6.288477083,4.318293637,0.002412147451,0.004472631821,0.001466259126,1,28.61495728,77.21289974,4.2,16.50176824,75.00426708,41.31012036,12,1,28.6149652,77.21292256,16.7,,
24.01,-6.144963934,-6.286550907,4.211782161,0.006906490896,0.005076942323,0.0004593792364,0,,,,,,,,1,28.61496564,77.2129242,16.7,,
24.02,-6.111581465,-6.452231428,4.238008845,0.006969481128,0.00915270363,0.008511994972,0,,,,,,,,1,28.61496608,77.21292583,16.7,,
24.03,-6.178656086,-6.395360797,4.277775031,-0.0007671211975,0.002778882969,0.005292133143,0,,,,,,,,1,28.61496653,77.21292747,16.7,,
24.04,-6.142674845,-6.258931139,4.290236661,0.006478413312,0.01132415968,0.001007480181,0,,,,,,,,1,28.61496697,77.2129291,16.7,,
24.05,-6.246104897,-6.358053897,4.214556683,0.001483423119,0.007985113472,-0.003068091827,0,,,,,,,,1,28.61496741,77.21293073,16.7,,
24.06,-6.155038551,-6.288373057,4.280440303,0.00460760915,0.005284290446,0.01255187082,0,,,,,,,,1,28.61496786,77.21293237,16.7,,
24.07,-6.133020016,-6.320923033,4.271533761,0.004191613309,0.01000248197,0.007561953604,0,,,,,,,,1,28.6149683,77.212934,16.7,,
24.08,-6.124998342,-6.322236431,4.231222531,0.007561373639,-0.001543551882,0.01135811281,0,,,,,,,,1,28.61496875,77.21293564,16.7,,
24.09,-6.167706176,-6.388458237,4.265478307,0.002170452334,0.007109352823,0.004229019154,0,,,,,,,,1,28.61496919,77.21293727,16.7,,
24.1,-6.151035785,-6.312812127,4.291496491,0.009174340179,0.002961332669,0.005745755985,0,,,,,,,,1,28.61496963,77.21293891,16.7,,
24.11,-6.057426228,-6.336728303,4.237936331,0.00709663169,0.01025055256,0.003414540768,0,,,,,,,,1,28.61497008,77.21294054,16.7,,
24.12,-6.275047436,-6.293583141,4.222648125,-0.002348034144,0.004137833377,0.0004694960643,0,,,,,,,,1,28.61497052,77.21294218,16.7,,
24.13,-6.111937744,-6.287506076,4.227244048,0.002846542707,0.008433027722,-0.0009827014642,0,,,,,,,,1,28.61497097,77.21294381,16.7,,
24.14,-6.097371875,-6.446180284,4.302662463,0.005159769428,0.007058577104,0.001070431936,0,,,,,,,,1,28.61497141,77.21294544,16.7,,
24.15,-6.14200988,-6.393832455,4.307228188,0.005064033477,0.003167712751,0.003536721913,0,,,,,,,,1,28.61497185,77.21294708,16.7,,
24.16,-6.099061848,-6.263806456,4.225438401,0.002718638503,0.005719155,0.003272346053,0,,,,,,,,1,28.6149723,77.21294871,16.7,,
24.17,-6.07440457,-6.430290816,4.276768208,0.006265498837,-0.0004379983255,0.002623495,0,,,,,,,,1,28.61497274,77.21295035,16.7,,
24.18,-6.139398426,-6.36735474,4.303418869,0.006813332514,0.007145087113,0.0004526564207,0,,,,,,,,1,28.61497318,77.21295198,16.7,,
24.19,-6.093170041,-6.404717239,4.277110564,0.006353001325,0.004122756922,0.001601756315,0,,,,,,,,1,28.61497363,77.21295362,16.7,,
24.2,-6.170620451,-6.299895171,4.243748836,0.0009891165978,0.002930595141,0.005332779585,0,,,,,,,,1,28.61497407,77.21295525,16.7,,
24.21,-6.070418939,-6.399948851,4.336162163,0.00575469087,0.0002897604593,0.004500259891,0,,,,,,,,1,28.61497452,77.21295688,16.7,,
24.22,-6.066596709,-6.334709791,4.274768911,0.00580591953,0.00317295687,0.0004119133499,0,,,,,,,,1,28.61497496,77.21295852,16.7,,
24.23,-6.213020438,-6.313487705,4.257316267,0.004480954522,0.001538299054,0.002805732677,0,,,,,,,,1,28.6149754,77.21296015,16.7,,
24.24,-6.167697886,-6.31837252,4.310287521,0.008090410742,0.005546628206,0.001506192397,0,,,,,,,,1,28.61497585,77.21296179,16.7,,
24.25,-6.152768015,-6.307356036,4.259306894,0.00373145996,0.01017693098,0.005957744763,0,,,,,,,,1,28.61497629,77.21296342,16.7,,
24.26,-6.07829353,-6.396360078,4.267575205,0.01090461548,0.001332643588,0.007441618263,0,,,,,,,,1,28.61497674,77.21296506,16.7,,
24.27,-6.240320589,-6.311674272,4.287213496,0.00131836798,0.006910703475,0.009462391573,0,,,,,,,,1,28.61497718,77.21296669,16.7,,
24.28,-6.065725729,-6.377880545,4.239726984,0.005793059087,0.003614642669,0.009559899963,0,,,,,,,,1,28.61497762,77.21296833,16.7,,
24.29,-6.18495374,-6.275873286,4.368974378,0.004158502359,0.007526171662,0.005933877671,0,,,,,,,,1,28.61497807,77.21296996,16.7,,
24.3,-6.174845908,-6.344820509,4.25260016,0.004915415774,0.005514634581,-0.0004248910432,0,,,,,,,,1,28.61497851,77.21297159,16.7,,
24.31,-6.171644113,-6.29808274,4.283853065,0.004129776309,0.007707231201,0.0001253906462,0,,,,,,,,1,28.61497895,77.21297323,16.7,,
24.32,-6.133936307,-6.292950885,4.305395788,0.004695647585,0.002054890287,0.001539626211,0,,,,,,,,1,28.6149794,77.21297486,16.7,,
24.33,-6.206904113,-6.276129306,4.189343523,0.0058648234,0.008388429329,0.005056569319,0,,,,,,,,1,28.61497984,77.2129765,16.7,,
24.34,-6.090892025,-6.362961898,4.30174558,0.007763701633,0.007296099368,0.001385139258,0,,,,,,,,1,28.61498029,77.21297813,16.7,,
24.35,-6.185886947,-6.304415395,4.315630878,-0.0005714438695,0.0007893942537,0.008560093031,0,,,,,,,,1,28.61498073,77.21297977,16.7,,
24.36,-6.07585121,-6.370936109,4.266886281,0.01196826048,0.006501740287,0.002535730997,0,,,,,,,,1,28.61498117,77.2129814,16.7,,
24.37,-6.165744598,-6.327658297,4.270692866,0.005359213757,-0.001000529542,0.001234271317,0,,,,,,,,1,28.61498162,77.21298304,16.7,,
24.38,-6.20622821,-6.291423843,4.301154419,0.006289222284,0.002706975024,0.001535512907,0,,,,,,,,1,28.61498206,77.21298467,16.7,,
24.39,-6.17084304,-6.347881616,4.240278009,0.002456774372,0.001133377317,0.00363204712,0,,,,,,,,1,28.6149825,77.2129863,16.7,,
24.4,-6.196078736,-6.319852839,4.263883043,0.005935515205,0.004763838627,0.007749530109,0,,,,,,,,1,28.61498295,77.21298794,16.7,,
24.41,-6.144825733,-6.287146565,4.272124177,0.002146019323,0.001289665038,0.005293592197,0,,,,,,,,1,28.61498339,77.21298957,16.7,,
24.42,-6.095410597,-6.352904275,4.331881663,0.007527661348,0.003540467938,0.00426161398,0,,,,,,,,1,28.61498384,77.21299121,16.7,,
24.43,-6.229187106,-6.374719371,4.300014491,0.003596667911,0.001207593922,-0.0005572279373,0,,,,,,,,1,28.61498428,77.21299284,16.7,,
24.44,-6.127572924,-6.356162116,4.247442196,0.003460584081,0.009955987119,0.002299531921,0,,,,,,,,1,28.61498472,77.21299448,16.7,,
24.45,-6.17181003,-6.304435107,4.257542036,0.00867840637,0.004555735977,0.002781038398,0,,,,,,,,1,28.61498517,77.21299611,16.7,,
24.46,-6.193653434,-6.31796731,4.303613946,0.006021181161,0.004199490384,0.003030831663,0,,,,,,,,1,28.61498561,77.21299774,16.7,,
24.47,-6.104086381,-6.29232098,4.309773439,0.00688726932,-0.0007985998001,0.001655352555,0,,,,,,,,1,28.61498606,77.21299938,16.7,,
24.48,-6.138183154,-6.352081214,4.328755105,0.005521635927,0.005074694296,0.003834211932,0,,,,,,,,1,28.6149865,77.21300101,16.7,,
24.49,-6.046019553,-6.346754527,4.317164321,0.007120957044,0.003479717952,0.006942913973,0,,,,,,,,1,28.61498694,77.21300265,16.7,,
24.5,-6.105514116,-6.423679217,4.209650139,0.005363488244,0.0008036385214,0.003397235227,0,,,,,,,,1,28.61498739,77.21300428,16.7,,
24.51,-6.171974818,-6.379038144,4.359619157,0.006194878608,0.006553842535,0.002370111101,0,,,,,,,,1,28.61498783,77.21300592,16.7,,
24.52,-6.158354271,-6.307134276,4.281891385,-0.001481564635,0.002087364592,0.004991757931,0,,,,,,,,1,28.61498827,77.21300755,16.7,,
24.53,-6.067501347,-6.392011691,4.333054767,0.009043927321,0.004439449151,0.003291751256,0,,,,,,,,1,28.61498872,77.21300919,16.7,,
24.54,-6.178054648,-6.37002973,4.280723428,0.003149288894,-0.0008722011229,0.005912509091,0,,,,,,,,1,28.61498916,77.21301082,16.7,,
24.55,-6.073742241,-6.354107592,4.322773086,0.01320930295,0.005308707152,0.002123904965,0,,,,,,,,1,28.61498961,77.21301245,16.7,,
24.56,-6.124734852,-6.367097838,4.239276134,0.00543702689,0.002227034903,0.00773056256,0,,,,,,,,1,28.61499005,77.21301409,16.7,,
24.57,-6.150480373,-6.263156967,4.162749054,0.004766480989,0.002287410804,0.004880320629,0,,,,,,,,1,28.61499049,77.21301572,16.7,,
24.58,-6.115980998,-6.367155435,4.227726399,0.002144698622,0.0058388346,0.00351112069,0,,,,,,,,1,28.61499094,77.21301736,16.7,,
24.59,-6.146231154,-6.311601547,4.168421359,0.001816095347,0.001699281248,0.004942660208,0,,,,,,,,1,28.61499138,77.21301899,16.7,,
24.6,-6.104327768,-6.31248957,4.340441679,0.00531718018,0.009727896693,0.007422142553,0,,,,,,,,1,28.61499183,77.21302063,16.7,,
24.61,-6.22558364,-6.277655031,4.230119792,0.003870928183,0.0009360530807,0.00486934731,0,,,,,,,,1,28.61499227,77.21302226,16.7,,
24.62,-6.206617798,-6.307489336,4.276127485,0.004994977615,0.004659092899,0.001931209293,0,,,,,,,,1,28.61499271,77.2130239,16.7,,
24.63,-6.230141445,-6.457554211,4.189477081,0.001063993193,0.004481287539,-0.00221700625,0,,,,,,,,1,28.61499316,77.21302553,16.7,,
24.64,-6.157105728,-6.278844683,4.296287739,0.003762635005,-0.0003513576409,0.0009011708953,0,,,,,,,,1,28.6149936,77.21302716,16.7,,
24.65,-6.157411527,-6.368369018,4.27730376,0.006594514592,0.0006865601614,0.00201613201,0,,,,,,,,1,28.61499404,77.2130288,16.7,,
24.66,-6.178929015,-6.360598662,4.304579587,0.009519863582,0.006669288754,0.001393653693,0,,,,,,,,1,28.61499449,77.21303043,16.7,,
24.67,-6.175218956,-6.282176977,4.255886119,0.006303678438,0.004164076432,0.003076700294,0,,,,,,,,1,28.61499493,77.21303207,16.7,,
24.68,-6.065993383,-6.307270888,4.29988319,0.006361156944,-0.0002237942474,0.003453401868,0,,,,,,,,1,28.61499538,77.2130337,16.7,,
24.69,-6.152350224,-6.381780271,4.225116834,0.00848589978,0.00617923985,0.005640247711,0,,,,,,,,1,28.61499582,77.21303534,16.7,,
24.7,-6.109012892,-6.33065179,4.308195837,-0.0001394439797,0.007767591722,0.004581680208,0,,,,,,,,1,28.61499626,77.21303697,16.7,,
24.71,-6.116728672,-6.328150029,4.227544957,-0.0003747678968,0.002791720154,0.004815422028,0,,,,,,,,1,28.61499671,77.2130386,16.7,,
24.72,-6.188165053,-6.343387096,4.245918698,0.008029717746,0.002829331515,-0.002472394924,0,,,,,,,,1,28.61499715,77.21304024,16.7,,
24.73,-6.110128893,-6.337885449,4.245688329,0.005479016972,0.00254140299,0.0009712392343,0,,,,,,,,1,28.6149976,77.21304187,16.7,,
24.74,-6.223915431,-6.38516129,4.372154443,0.003157167612,0.005987214811,0.006788183316,0,,,,,,,,1,28.61499804,77.21304351,16.7,,
24.75,-6.116554204,-6.33668737,4.278870732,0.009338607999,0.005087892599,-0.0008606977533,0,,,,,,,,1,28.61499848,77.21304514,16.7,,
24.76,-6.162302625,-6.331098344,4.19681842,0.004610333524,0.006227623123,0.005056798015,0,,,,,,,,1,28.61499893,77.21304678,16.7,,
24.77,-6.124174385,-6.278321805,4.283098281,0.007707621624,-0.0002653880555,0.003743049944,0,,,,,,,,1,28.61499937,77.21304841,16.7,,
24.78,-6.211381618,-6.298987962,4.284300373,0.007858374703,0.004756843665,-0.0009288876429,0,,,,,,,,1,28.61499981,77.21305005,16.7,,
24.79,-6.132410313,-6.324214051,4.208414248,0.005482474418,0.002054374674,0.0006663363855,0,,,,,,,,1,28.61500026,77.21305168,16.7,,
24.8,-6.077135279,-6.383211358,4.288383695,0.00564287706,0.006939283153,-0.003831661529,0,,,,,,,,1,28.6150007,77.21305331,16.7,,
24.81,-6.116756863,-6.394539834,4.27275311,0.01043189776,0.002706833305,0.007867837578,0,,,,,,,,1,28.61500115,77.21305495,16.7,,
24.82,-6.212618517,-6.41452635,4.244563514,0.006676045527,0.004010127066,0.001487043879,0,,,,,,,,1,28.61500159,77.21305658,16.7,,
24.83,-6.05599871,-6.309720475,4.208299829,0.006170007018,0.007134750459,0.001371491208,0,,,,,,,,1,28.61500203,77.21305822,16.7,,
24.84,-6.125580582,-6.25375061,4.204003475,0.00972618975,0.004713522771,0.00576042734,0,,,,,,,,1,28.61500248,77.21305985,16.7,,
24.85,-6.136550788,-6.358588763,4.272048049,0.003497673145,0.002451162017,0.007397798924,0,,,,,,,,1,28.61500292,77.21306149,16.7,,
24.86,-6.128277931,-6.353967795,4.257983841,0.006228809859,0.004092662249,0.004879019371,0,,,,,,,,1,28.61500337,77.21306312,16.7,,
24.87,-6.125195385,-6.303681804,4.306941005,0.007054324701,0.005532075272,0.002033527756,0,,,,,,,,1,28.61500381,77.21306476,16.7,,
24.88,-6.125742781,-6.313868346,4.338260066,0.005738832952,0.007923103757,0.005610571967,0,,,,,,,,1,28.61500425,77.21306639,16.7,,
24.89,-6.104553216,-6.367327607,4.217646313,0.006538794862,0.004746438102,0.002056173564,0,,,,,,,,1,28.6150047,77.21306802,16.7,,
24.9,-6.152996112,-6.290380529,4.293882409,0.002899941055,0.002207025081,-0.0001616220916,0,,,,,,,,1,28.61500514,77.21306966,16.7,,
24.91,-6.142749702,-6.348618441,4.259925873,-0.0009264987437,0.0008687227421,0.005659718498,0,,,,,,,,1,28.61500558,77.21307129,16.7,,
24.92,-6.177570648,-6.39713263,4.236506123,0.0104577014,0.009960879306,0.002125419894,0,,,,,,,,1,28.61500603,77.21307293,16.7,,
24.93,-6.235597826,-6.365615088,4.242177569,-0.0001378005182,0.006292894269,0.006402596961,0,,,,,,,,1,28.61500647,77.21307456,16.7,,
24.94,-6.137441773,-6.338826881,4.291099445,0.008429290261,0.006127235467,0.001971998859,0,,,,,,,,1,28.61500692,77.2130762,16.7,,
24.95,-6.102822044,-6.383358243,4.228901499,0.002572301434,-0.004884354783,-0.00412576172,0,,,,,,,,1,28.61500736,77.21307783,16.7,,
24.96,-6.140389231,-6.369648963,4.298427368,0.002379208461,0.003417718111,0.002908675814,0,,,,,,,,1,28.6150078,77.21307947,16.7,,
24.97,-6.09249165,-6.402335089,4.302609749,0.0005103813966,0.008377989899,0.008619477027,0,,,,,,,,1,28.61500825,77.2130811,16.7,,
24.98,-6.211117823,-6.363770252,4.28501571,0.007304377493,0.004464752121,0.001852358658,0,,,,,,,,1,28.61500869,77.21308273,16.7,,
24.99,-6.086778331,-6.281526774,4.195067435,0.00718367566,0.005307728607,0.002686734891,0,,,,,,,,1,28.61500913,77.21308437,16.7,,
25,-6.174258578,-6.300348172,4.279903357,0.004237122824,0.01029988331,-0.001998904082,1,28.61498936,77.21303829,4.2,16.8035215,68.47957607,38.2825898,14,1,28.61500958,77.213086,16.7,,
25.01,-6.111017571,-6.366497408,4.332196721,0.005403953253,0.006056790341,0.004444128991,0,,,,,,,,1,28.61501002,77.21308764,16.7,,
25.02,-6.068650798,-6.340644958,4.327491236,0.004513791018,0.003607433095,0.004799572813,0,,,,,,,,1,28.61501047,77.21308927,16.7,,
25.03,-6.139332998,-6.383522578,4.26675857,0.004677586275,0.002808800852,0.007194038741,0,,,,,,,,1,28.61501091,77.21309091,16.7,,
25.04,-6.134171508,-6.308071878,4.259563845,0.00632599862,0.002200328112,-0.002941170149,0,,,,,,,,1,28.61501135,77.21309254,16.7,,
25.05,-6.157238167,-6.309757764,4.244459344,0.007537633873,0.01172509408,0.007537376531,0,,,,,,,,1,28.6150118,77.21309417,16.7,,
25.06,-6.1505036,-6.360619362,4.231441938,0.005172005292,0.003288695949,-0.004771672974,0,,,,,,,,1,28.61501224,77.21309581,16.7,,
25.07,-6.141515152,-6.411614974,4.245540508,0.002798445026,0.008890368539,-0.002491021924,0,,,,,,,,1,28.61501269,77.21309744,16.7,,
25.08,-6.079693905,-6.360721852,4.280825737,0.01017470803,0.0004585666593,0.004638196004,0,,,,,,,,1,28.61501313,77.21309908,16.7,,
25.09,-6.202670128,-6.319165132,4.308743285,0.006366358507,0.005055988141,0.004521641083,0,,,,,,,,1,28.61501357,77.21310071,16.7,,
25.1,-6.110499536,-6.417679838,4.214678216,0.004287845363,0.001626617596,0.008699965577,0,,,,,,,,1,28.61501402,77.21310235,16.7,,
25.11,-6.118475881,-6.350297145,4.297396552,0.005859187126,0.006281359354,0.003562288679,0,,,,,,,,1,28.61501446,77.21310398,16.7,,
25.12,-6.183335034,-6.288072183,4.25308252,0.005181456257,-0.001512295428,0.002093928573,0,,,,,,,,1,28.6150149,77.21310562,16.7,,
25.13,-6.217509762,-6.301609541,4.18365845,0.008593782665,0.004222163991,0.004332924094,0,,,,,,,,1,28.61501535,77.21310725,16.7,,
25.14,-6.139429129,-6.412680849,4.271906564,-0.0002524887838,0.0007605314775,0.002748534955,0,,,,,,,,1,28.61501579,77.21310888,16.7,,
25.15,-6.164949979,-6.342420439,4.378733584,0.0006392547427,0.002106606209,0.003943383316,0,,,,,,,,1,28.61501624,77.21311052,16.7,,
25.16,-6.129040565,-6.372752741,4.26482709,0.003608799489,0.009472193918,0.00555922541,0,,,,,,,,1,28.61501668,77.21311215,16.7,,
25.17,-6.204991481,-6.374450938,4.281395907,0.005400458758,0.005881257251,0.004585097943,0,,,,,,,,1,28.61501712,77.21311379,16.7,,
25.18,-6.097454478,-6.376772456,4.3723195,0.007993519162,0.009203295266,0.005419582928,0,,,,,,,,1,28.61501757,77.21311542,16.7,,
25.19,-6.1688912,-6.310045875,4.255831678,0.0003549291096,-0.0005056181431,0.006724030053,0,,,,,,,,1,28.61501801,77.21311706,16.7,,
25.2,-6.11642453,-6.344030986,4.275735867,0.008697294443,0.001113132698,-0.0005358470365,0,,,,,,,,1,28.61501846,77.21311869,16.7,,
25.21,-6.11863743,-6.337114694,4.277791965,0.00597804517,-0.001524488128,0.00607421502,0,,,,,,,,1,28.6150189,77.21312033,16.7,,
25.22,-6.147378139,-6.348683951,4.259925212,0.002993402648,-0.001302705017,0.004956989184,0,,,,,,,,1,28.61501934,77.21312196,16.7,,
25.23,-6.130347311,-6.331268324,4.29334859,0.00960167541,0.0009760558413,0.01129693339,0,,,,,,,,1,28.61501979,77.21312359,16.7,,
25.24,-6.15117851,-6.239052803,4.265609133,0.00437696848,0.006322139629,0.00299874576,0,,,,,,,,1,28.61502023,77.21312523,16.7,,
25.25,-6.149040709,-6.38716036,4.220396699,0.006153379548,0.005065691928,0.001846656901,0,,,,,,,,1,28.61502067,77.21312686,16.7,,
25.26,-6.154790701,-6.250676379,4.248921507,0.001998825654,0.005147832003,0.0009700683987,0,,,,,,,,1,28.61502112,77.2131285,16.7,,
25.27,-6.154163515,-6.283247072,4.267709849,0.008294865575,0.003287859702,0.002119166164,0,,,,,,,,1,28.61502156,77.21313013,16.7,,
25.28,-6.063617296,-6.410103757,4.300274104,0.006644589476,0.002715424153,-0.003322121297,0,,,,,,,,1,28.61502201,77.21313177,16.7,,
25.29,-6.104973963,-6.387019595,4.280076991,0.003517314131,0.005118243174,0.003687872096,0,,,,,,,,1,28.61502245,77.2131334,16.7,,
25.3,-6.18140205,-6.31754225,4.312177558,0.007369766219,0.005881269631,0.005280726092,0,,,,,,,,1,28.61502289,77.21313503,16.7,,
25.31,-6.160822716,-6.411504498,4.135952886,0.005046487518,-0.004065084113,0.00755917756,0,,,,,,,,1,28.61502334,77.21313667,16.7,,
25.32,-6.212682363,-6.354500969,4.269670718,0.008053431734,0.006301954504,0.003683498712,0,,,,,,,,1,28.61502378,77.2131383,16.7,,
25.33,-6.223937094,-6.323186603,4.397114472,0.006216376065,0.002922862048,0.009004176671,0,,,,,,,,1,28.61502423,77.21313994,16.7,,
25.34,-6.065369056,-6.224070994,4.321691303,0.003333486672,0.004419434365,0.004323463983,0,,,,,,,,1,28.61502467,77.21314157,16.7,,
25.35,-6.042839141,-6.35115082,4.324501314,0.006071076059,0.005779492429,0.002281958104,0,,,,,,,,1,28.61502511,77.21314321,16.7,,
25.36,-6.1604696,-6.428216012,4.263267749,0.006176474418,0.004642111663,0.003224866191,0,,,,,,,,1,28.61502556,77.21314484,16.7,,
25.37,-6.154132627,-6.335777569,4.281832003,0.007509171421,0.0004120523842,0.005859430027,0,,,,,,,,1,28.615026,77.21314648,16.7,,
25.38,-6.150260593,-6.337785358,4.182179372,0.00449126969,0.006012491128,0.003711508225,0,,,,,,,,1,28.61502644,77.21314811,16.7,,
25.39,-6.160472031,-6.380805806,4.245279252,0.004556558758,0.004553746068,0.006454883393,0,,,,,,,,1,28.61502689,77.21314974,16.7,,
25.4,-6.099682433,-6.397589664,4.313263427,-0.0002812064461,0.004586040706,0.0001884429987,0,,,,,,,,1,28.61502733,77.21315138,16.7,,
25.41,-6.093491424,-6.426014593,4.251089054,0.007185858986,0.005556122193,0.001180400544,0,,,,,,,,1,28.61502778,77.21315301,16.7,,
25.42,-6.088010757,-6.338227725,4.251152423,0.003698779977,0.003370149349,0.005653854829,0,,,,,,,,1,28.61502822,77.21315465,16.7,,
25.43,-6.180523734,-6.3842113,4.29250234,0.004539416636,0.002735149526,0.006242901309,0,,,,,,,,1,28.61502866,77.21315628,16.7,,
25.44,-6.136285848,-6.327921211,4.262734379,0.00433464655,0.0007576295963,0.003467510195,0,,,,,,,,1,28.61502911,77.21315792,16.7,,
25.45,-6.187965045,-6.256800686,4.236616195,0.002104753693,-0.0006774141923,0.006522028503,0,,,,,,,,1,28.61502955,77.21315955,16.7,,
25.46,-6.092016498,-6.346890023,4.336963767,0.001332218135,0.006418957135,0.002076538269,0,,,,,,,,1,28.61502999,77.21316119,16.7,,
25.47,-6.134800306,-6.404677785,4.267794326,0.006273943161,0.00251150678,0.0003899701165,0,,,,,,,,1,28.61503044,77.21316282,16.7,,
25.48,-6.144922786,-6.27087921,4.185725278,0.005052612064,0.008567942992,0.003102266012,0,,,,,,,,1,28.61503088,77.21316445,16.7,,
25.49,-6.207434786,-6.411008611,4.311114319,-0.0007534695986,0.002416723052,0.008225587675,0,,,,,,,,1,28.61503133,77.21316609,16.7,,
25.5,-6.196007814,-6.311166617,4.27089952,0.001560284398,-0.0005487977634,0.001690920995,0,,,,,,,,1,28.61503177,77.21316772,16.7,,
25.51,-6.240311065,-6.318595724,4.298170745,0.0009284942183,0.006196293571,0.004525167661,0,,,,,,,,1,28.61503221,77.21316936,16.7,,
25.52,-6.240507841,-6.404513912,4.266175862,0.00404938503,0.006018809386,0.00202455193,0,,,,,,,,1,28.61503266,77.21317099,16.7,,
25.53,-6.157816948,-6.3640179,4.256316562,0.007386167975,0.004116392994,0.007416232877,0,,,,,,,,1,28.6150331,77.21317263,16.7,,
25.54,-6.121848985,-6.402467694,4.202352733,0.001484531725,0.001679785764,0.001153973679,0,,,,,,,,1,28.61503355,77.21317426,16.7,,
25.55,-6.085271037,-6.325664871,4.187646584,0.002496802871,-0.0005823316634,0.004543435235,0,,,,,,,,1,28.61503399,77.21317589,16.7,,
25.56,-6.008481209,-6.308919144,4.185101684,0.00485267448,0.008555655935,0.007162142186,0,,,,,,,,1,28.61503443,77.21317753,16.7,,
25.57,-6.21287198,-6.313417655,4.3309363,0.001174268029,0.0001262455591,0.006080512353,0,,,,,,,,1,28.61503488,77.21317916,16.7,,
25.58,-6.170912374,-6.356177344,4.245578137,0.005450128375,0.0007757534047,0.003450624022,0,,,,,,,,1,28.61503532,77.2131808,16.7,,
25.59,-6.247575023,-6.302942258,4.306717597,0.00238366865,0.01138409967,0.003195688097,0,,,,,,,,1,28.61503576,77.21318243,16.7,,
25.6,-6.083381632,-6.365588507,4.216057454,0.005569172501,0.00510641717,0.004752297728,0,,,,,,,,1,28.61503621,77.21318407,16.7,,
25.61,-6.125061229,-6.256777468,4.261079626,0.008363020474,0.007992025272,0.001269705097,0,,,,,,,,1,28.61503665,77.2131857,16.7,,
25.62,-6.127955323,-6.333764438,4.168984438,0.001110339167,0.009292726093,0.004718000903,0,,,,,,,,1,28.6150371,77.21318734,16.7,,
25.63,-6.111247321,-6.290405508,4.219990451,-0.002670150444,0.003015380297,0.004308391464,0,,,,,,,,1,28.61503754,77.21318897,16.7,,
25.64,-6.249335867,-6.359045391,4.292519732,-0.001601144437,0.00771595836,0.0014079581,0,,,,,,,,1,28.61503798,77.2131906,16.7,,
25.65,-6.115950866,-6.29056651,4.207782119,0.001343629374,0.002521462556,0.0001811489026,0,,,,,,,,1,28.61503843,77.21319224,16.7,,
25.66,-6.110348492,-6.366123923,4.225813268,0.00695595843,0.000706180244,0.006180508853,0,,,,,,,,1,28.61503887,77.21319387,16.7,,
25.67,-6.21583797,-6.271566337,4.235445935,0.009801400768,0.001695554976,0.003871026229,0,,,,,,,,1,28.61503932,77.21319551,16.7,,
25.68,-6.151642427,-6.424897387,4.303096395,0.009406438022,0.00377372829,0.001354381567,0,,,,,,,,1,28.61503976,77.21319714,16.7,,
25.69,-6.131355853,-6.349819317,4.308643133,0.006680901817,0.00845506762,0.007588510153,0,,,,,,,,1,28.6150402,77.21319878,16.7,,
25.7,-6.166577572,-6.3469254,4.226129001,0.006333441841,0.004735273635,0.005082436907,0,,,,,,,,1,28.61504065,77.21320041,16.7,,
25.71,-6.165070365,-6.319927976,4.22281814,0.005683240403,0.002008803592,0.002899945354,0,,,,,,,,1,28.61504109,77.21320205,16.7,,
25.72,-6.017108543,-6.352701298,4.175836379,0.008514824587,0.004766240383,0.003958882483,0,,,,,,,,1,28.61504153,77.21320368,16.7,,
25.73,-6.119877193,-6.371372053,4.252840659,0.0007530465188,0.004169374253,0.004196714585,0,,,,,,,,1,28.61504198,77.21320531,16.7,,
25.74,-6.118130439,-6.397027923,4.284874678,0.004551388129,0.000959045544,0.003061242451,0,,,,,,,,1,28.61504242,77.21320695,16.7,,
25.75,-6.238444285,-6.24427463,4.294570672,0.004355704601,0.004021052272,0.003697470678,0,,,,,,,,1,28.61504287,77.21320858,16.7,,
25.76,-6.134027144,-6.369966136,4.221788743,0.007321609313,0.00377376859,0.007713996935,0,,,,,,,,1,28.61504331,77.21321022,16.7,,
25.77,-6.095731456,-6.360305077,4.217348502,0.004032695569,0.005404618355,0.002085017437,0,,,,,,,,1,28.61504375,77.21321185,16.7,,
25.78,-6.19029152,-6.379240339,4.241625975,0.008345410541,0.002985775766,0.008911280224,0,,,,,,,,1,28.6150442,77.21321349,16.7,,
25.79,-6.102420037,-6.343317478,4.22569174,0.006203169473,0.007686072065,0.005784419228,0,,,,,,,,1,28.61504464,77.21321512,16.7,,
25.8,-6.159883227,-6.40720491,4.195725106,0.002294300884,0.002474645496,0.004032774838,0,,,,,,,,1,28.61504509,77.21321675,16.7,,
25.81,-6.235577655,-6.379291294,4.262022228,-0.0003101100614,0.006335186585,-0.001287897592,0,,,,,,,,1,28.61504553,77.21321839,16.7,,
25.82,-6.1364003,-6.324228252,4.310694942,0.007132347258,0.002410932886,0.007564021433,0,,,,,,,,1,28.61504597,77.21322002,16.7,,
25.83,-6.191033785,-6.304178672,4.346809256,0.007033631427,0.005781914822,0.01150952229,0,,,,,,,,1,28.61504642,77.21322166,16.7,,
25.84,-6.076836934,-6.321166202,4.322992717,0.002035609885,0.001329552109,0.002721546295,0,,,,,,,,1,28.61504686,77.21322329,16.7,,
25.85,-6.059679433,-6.36179084,4.261592488,0.002400924507,0.004676427218,0.007323322594,0,,,,,,,,1,28.6150473,77.21322493,16.7,,
25.86,-6.153339428,-6.429373933,4.21239699,0.005513380053,0.008990537967,0.002895635496,0,,,,,,,,1,28.61504775,77.21322656,16.7,,
25.87,-6.098415284,-6.334148634,4.25638395,0.005928598563,0.003255017695,0.0004278585758,0,,,,,,,,1,28.61504819,77.2132282,16.7,,
25.88,-6.180013271,-6.387375996,4.364732585,0.007023174003,0.008839282354,0.004952563011,0,,,,,,,,1,28.61504864,77.21322983,16.7,,
25.89,-6.133766394,-6.359301648,4.302702575,0.003548311023,-0.002835303843,0.001744498635,0,,,,,,,,1,28.61504908,77.21323146,16.7,,
25.9,-6.094936164,-6.393113436,4.180725725,0.007281996732,0.009130200586,-0.0002368365048,0,,,,,,,,1,28.61504952,77.2132331,16.7,,
25.91,-6.146633309,-6.327379955,4.286765653,0.007252392737,0.006831589908,-0.001129297812,0,,,,,,,,1,28.61504997,77.21323473,16.7,,
25.92,-6.142056657,-6.392582443,4.286405693,0.001960171193,0.00640844214,0.004191018585,0,,,,,,,,1,28.61505041,77.21323637,16.7,,
25.93,-6.130592273,-6.321421024,4.220861317,0.005760617185,0.005954520658,0.002184234004,0,,,,,,,,1,28.61505085,77.213238,16.7,,
25.94,-6.101232462,-6.379701498,4.30121576,-0.001606057549,0.002913836418,-0.0001384464226,0,,,,,,,,1,28.6150513,77.21323964,16.7,,
25.95,-6.153815668,-6.330799764,4.232247184,0.004013662953,0.008181202067,0.005356215045,0,,,,,,,,1,28.61505174,77.21324127,16.7,,
25.96,-6.118064441,-6.291369427,4.1908309,0.006494736544,0.01038569187,-0.005506842407,0,,,,,,,,1,28.61505219,77.21324291,16.7,,
25.97,-6.12058218,-6.397556885,4.284406991,0.01013746789,0.001995360295,-0.001625603658,0,,,,,,,,1,28.61505263,77.21324454,16.7,,
25.98,-6.16781938,-6.396782382,4.240794363,0.008485193986,0.003527706351,0.002663037956,0,,,,,,,,1,28.61505307,77.21324617,16.7,,
25.99,-6.141673682,-6.310511514,4.197953792,0.006571694081,0.004252635555,0.007236886953,0,,,,,,,,1,28.61505352,77.21324781,16.7,,
26,-6.179805633,-6.25954462,4.252714652,0.001444830449,-0.0006749943002,-3.569815221e-05,1,28.61509247,77.21327267,4.2,16.57191342,69.28563592,35.13698969,10,1,28.61505396,77.21324944,16.7,,
26.01,-6.109820467,-6.418623786,4.353308823,0.003310570041,0.009594100927,0.001613356753,0,,,,,,,,1,28.61505441,77.21325108,16.7,,
26.02,-6.193142269,-6.376359946,4.306800792,0.005410402334,0.002962831158,0.002337370125,0,,,,,,,,1,28.61505485,77.21325271,16.7,,
26.03,-6.076478225,-6.357175242,4.304960973,0.003289583938,0.003289865663,0.004398854542,0,,,,,,,,1,28.61505529,77.21325435,16.7,,
26.04,-6.173946504,-6.324223284,4.272338562,0.00978533096,0.008227958245,-0.004542480424,0,,,,,,,,1,28.61505574,77.21325598,16.7,,
26.05,-6.1700026,-6.358939769,4.264893474,0.005504558068,0.0007470497064,0.001856841071,0,,,,,,,,1,28.61505618,77.21325761,16.7,,
26.06,-6.197770812,-6.404608022,4.311531518,-5.417621959e-06,0.001571354602,0.008458423363,0,,,,,,,,1,28.61505662,77.21325925,16.7,,
26.07,-6.082712055,-6.332074965,4.272191285,0.01136449348,0.001104231647,0.005142625116,0,,,,,,,,1,28.61505707,77.21326088,16.7,,
26.08,-6.131968185,-6.315382084,4.200703289,0.001671160113,0.007567396518,0.003985182475,0,,,,,,,,1,28.61505751,77.21326252,16.7,,
26.09,-6.179862473,-6.309385606,4.259062095,0.004512107571,0.008514082643,0.002016375713,0,,,,,,,,1,28.61505796,77.21326415,16.7,,
26.1,-6.113383033,-6.263996483,4.157825265,0.005518332307,0.003807531722,0.004800575008,0,,,,,,,,1,28.6150584,77.21326579,16.7,,
26.11,-6.173283876,-6.425699365,4.260789248,0.005424182612,0.003888957935,0.003224270424,0,,,,,,,,1,28.61505884,77.21326742,16.7,,
26.12,-6.086355785,-6.361024126,4.255276032,0.004394780366,0.001138466036,0.003525713763,0,,,,,,,,1,28.61505929,77.21326906,16.7,,
26.13,-6.117960365,-6.406442986,4.299991513,0.006291472721,0.006386166329,0.006898631828,0,,,,,,,,1,28.61505973,77.21327069,16.7,,
26.14,-6.190726208,-6.427007156,4.274250304,0.006871217099,0.005951905198,0.002049508662,0,,,,,,,,1,28.61506018,77.21327232,16.7,,
26.15,-6.053123126,-6.395759258,4.280361827,0.008663131057,-0.001191641995,0.003539051083,0,,,,,,,,1,28.61506062,77.21327396,16.7,,
26.16,-6.196208426,-6.273311417,4.229550073,0.01092459006,0.0001176302891,0.005118753545,0,,,,,,,,1,28.61506106,77.21327559,16.7,,
26.17,-6.104477015,-6.336955931,4.259595422,0.005560988774,0.0005545835638,-0.00172036273,0,,,,,,,,1,28.61506151,77.21327723,16.7,,
26.18,-6.108164103,-6.351235596,4.272899734,0.008272346735,0.005832059348,0.005461590206,0,,,,,,,,1,28.61506195,77.21327886,16.7,,
26.19,-6.197391002,-6.373841141,4.227068908,0.004941126814,-0.0004485743098,0.007586228987,0,,,,,,,,1,28.61506239,77.2132805,16.7,,
26.2,-6.113952434,-6.468306205,4.251903581,0.007686588393,0.005174168088,0.008813930493,0,,,,,,,,1,28.61506284,77.21328213,16.7,,
26.21,-6.236132259,-6.289129404,4.239132628,0.004550615803,0.006410967222,0.001736460652,0,,,,,,,,1,28.61506328,77.21328377,16.7,,
26.22,-6.148676809,-6.330759328,4.315869391,0.003738622463,0.00973495143,0.009681322621,0,,,,,,,,1,28.61506373,77.2132854,16.7,,
26.23,-6.170224587,-6.365992676,4.246355675,0.005617299591,0.006994937726,0.008624272861,0,,,,,,,,1,28.61506417,77.21328703,16.7,,
26.24,-6.154195023,-6.32576882,4.284557323,0.005135176464,0.005052240784,0.003751847793,0,,,,,,,,1,28.61506461,77.21328867,16.7,,
26.25,-6.140555187,-6.386367782,4.272095151,0.0111440674,0.004295177146,0.008549565771,0,,,,,,,,1,28.61506506,77.2132903,16.7,,
26.26,-6.108902191,-6.383408823,4.259260421,0.001977510288,0.001854801161,0.003060319374,0,,,,,,,,1,28.6150655,77.21329194,16.7,,
26.27,-6.163952578,-6.386434465,4.251055735,0.007309248961,0.00634735149,0.002823747992,0,,,,,,,,1,28.61506595,77.21329357,16.7,,
26.28,-6.080221617,-6.339096696,4.316089792,0.004630739431,0.007271819868,0.004386830601,0,,,,,,,,1,28.61506639,77.21329521,16.7,,
26.29,-6.218890311,-6.316959084,4.25417342,0.004311072395,0.006154184381,0.00359517838,0,,,,,,,,1,28.61506683,77.21329684,16.7,,
26.3,-6.213696798,-6.425540614,4.260500564,0.00704925834,0.005737106002,0.0002306226348,0,,,,,,,,1,28.61506728,77.21329847,16.7,,
26.31,-6.183900453,-6.374164523,4.320618996,0.004312159,0.001629559928,0.003597242053,0,,,,,,,,1,28.61506772,77.21330011,16.7,,
26.32,-6.148959064,-6.425039185,4.341251089,0.003104231116,0.003415870731,0.001885628806,0,,,,,,,,1,28.61506816,77.21330174,16.7,,
26.33,-6.059714967,-6.376573635,4.239872696,0.006306687541,0.003559328735,0.006963786443,0,,,,,,,,1,28.61506861,77.21330338,16.7,,
26.34,-6.139422936,-6.338381956,4.19752887,0.006658510691,0.004009739307,0.001222067464,0,,,,,,,,1,28.61506905,77.21330501,16.7,,
26.35,-6.045669766,-6.300013204,4.288021857,0.009750655656,0.005224721628,0.006683210594,0,,,,,,,,1,28.6150695,77.21330665,16.7,,
26.36,-6.155535045,-6.36205126,4.369142647,0.0079319284,0.003041114825,0.005460782147,0,,,,,,,,1,28.61506994,77.21330828,16.7,,
26.37,-6.107523212,-6.286620299,4.200901265,0.01127865023,0.009777787448,0.004523364286,0,,,,,,,,1,28.61507038,77.21330992,16.7,,
26.38,-6.133390577,-6.398069165,4.263210874,0.002306528547,0.004261956898,0.003466326994,0,,,,,,,,1,28.61507083,77.21331155,16.7,,
26.39,-6.097578104,-6.403410203,4.252425678,0.0108058053,0.002525790823,0.005483040806,0,,,,,,,,1,28.61507127,77.21331318,16.7,,
26.4,-6.07739859,-6.316698556,4.291897351,0.007424170577,0.002596423246,0.001186218748,0,,,,,,,,1,28.61507172,77.21331482,16.7,,
26.41,-6.186909315,-6.359618281,4.306479959,0.0006784543763,0.004016422311,0.004854125947,0,,,,,,,,1,28.61507216,77.21331645,16.7,,
26.42,-6.244058507,-6.324244683,4.229893229,0.001422329924,0.008198022983,0.005117597372,0,,,,,,,,1,28.6150726,77.21331809,16.7,,
26.43,-6.161165283,-6.228357392,4.290807978,0.004561026815,0.00163208537,0.001377982288,0,,,,,,,,1,28.61507305,77.21331972,16.7,,
26.44,-6.153988989,-6.290122584,4.22495921,0.003636516153,0.003994477813,0.0015422843,0,,,,,,,,1,28.61507349,77.21332136,16.7,,
26.45,-6.124121715,-6.299649201,4.205936835,0.003648474383,0.003047339399,0.006660295465,0,,,,,,,,1,28.61507393,77.21332299,16.7,,
26.46,-6.107948089,-6.403583991,4.220181976,0.004717675585,0.006572968225,-0.005483430698,0,,,,,,,,1,28.61507438,77.21332463,16.7,,
26.47,-6.077161885,-6.416184627,4.292325027,0.004378374176,0.00520404739,0.007094438253,0,,,,,,,,1,28.61507482,77.21332626,16.7,,
26.48,-6.085822447,-6.248421844,4.290651061,0.003124061311,0.005337252496,0.006091632439,0,,,,,,,,1,28.61507527,77.21332789,16.7,,
26.49,-6.068947917,-6.388854106,4.306207771,0.001300976738,0.002487988852,0.003324050216,0,,,,,,,,1,28.61507571,77.21332953,16.7,,
26.5,-6.160735476,-6.308705524,4.258231454,0.00858298373,0.006031135389,0.0042438017,0,,,,,,,,1,28.61507615,77.21333116,16.7,,
26.51,-6.128346277,-6.342961452,4.201009557,0.005542617333,0.004818732446,0.005444125714,0,,,,,,,,1,28.6150766,77.2133328,16.7,,
26.52,-6.194003703,-6.378237036,4.154022429,0.003998964381,0.001684491268,0.007153163237,0,,,,,,,,1,28.61507704,77.21333443,16.7,,
26.53,-6.254068314,-6.235099039,4.166559319,0.005733881225,0.008960688727,0.003745290315,0,,,,,,,,1,28.61507748,77.21333607,16.7,,
26.54,-6.159697476,-6.335374871,4.298654199,0.007200658408,-0.000472255661,0.002034211226,0,,,,,,,,1,28.61507793,77.2133377,16.7,,
26.55,-6.085237604,-6.334774057,4.221848855,0.001863561305,0.007882384242,-0.0007468789131,0,,,,,,,,1,28.61507837,77.21333933,16.7,,
26.56,-6.119030404,-6.253100452,4.260534919,0.008152955026,0.001971677293,0.007385068195,0,,,,,,,,1,28.61507882,77.21334097,16.7,,
26.57,-6.101070369,-6.276048547,4.219560069,0.008691668014,0.003370551567,0.003939612216,0,,,,,,,,1,28.61507926,77.2133426,16.7,,
26.58,-6.148800952,-6.318418895,4.3363822,0.002186908778,0.008083093458,0.004565954846,0,,,,,,,,1,28.6150797,77.21334424,16.7,,
26.59,-6.153596952,-6.346690078,4.202636829,0.007205835731,0.00557325579,0.006487551658,0,,,,,,,,1,28.61508015,77.21334587,16.7,,
26.6,-6.175198808,-6.311014932,4.28375514,0.006625034164,-0.0008666258174,0.004154726798,0,,,,,,,,1,28.61508059,77.21334751,16.7,,
26.61,-6.204422782,-6.300336097,4.272891706,0.006150433139,0.003031286259,0.002242140116,0,,,,,,,,1,28.61508104,77.21334914,16.7,,
26.62,-6.135223998,-6.33442101,4.252338995,0.006141216003,0.004876738378,0.004879778228,0,,,,,,,,1,28.61508148,77.21335078,16.7,,
26.63,-6.155536855,-6.292594853,4.314166819,0.005198321536,0.006548506218,0.003383064591,0,,,,,,,,1,28.61508192,77.21335241,16.7,,
26.64,-6.119368512,-6.32560288,4.2931608,0.00171652599,0.004293194191,0.005756376295,0,,,,,,,,1,28.61508237,77.21335404,16.7,,
26.65,-6.192903293,-6.395535323,4.26204884,-8.577878969e-05,0.001685681319,0.007437824754,0,,,,,,,,1,28.61508281,77.21335568,16.7,,
26.66,-6.144588902,-6.433785732,4.244675927,0.00513645284,0.004282532795,0.003068099219,0,,,,,,,,1,28.61508325,77.21335731,16.7,,
26.67,-6.13933757,-6.211512218,4.200052922,-0.002044547596,0.002567076956,0.0009937955887,0,,,,,,,,1,28.6150837,77.21335895,16.7,,
26.68,-6.205874261,-6.320530103,4.233282155,0.008366302055,0.005259343525,0.006883038512,0,,,,,,,,1,28.61508414,77.21336058,16.7,,
26.69,-6.08189604,-6.423326194,4.27807368,0.01252637733,0.002620975567,0.005484274133,0,,,,,,,,1,28.61508459,77.21336222,16.7,,
26.7,-6.170255889,-6.402198117,4.29585504,0.01357912159,0.008897806673,0.002860173417,0,,,,,,,,1,28.61508503,77.21336385,16.7,,
26.71,-6.102353349,-6.291058966,4.299406874,0.008456740111,-0.0005928686371,0.006200512471,0,,,,,,,,1,28.61508547,77.21336549,16.7,,
26.72,-6.181302509,-6.345322312,4.263794594,-0.003122075652,-0.0002967172997,0.008700460368,0,,,,,,,,1,28.61508592,77.21336712,16.7,,
26.73,-6.103316326,-6.286736116,4.296935428,0.001727255539,-0.0005558078397,0.0064491586,0,,,,,,,,1,28.61508636,77.21336875,16.7,,
26.74,-6.119515259,-6.442133619,4.253005352,0.005934587125,0.009685320077,0.002213071509,0,,,,,,,,1,28.61508681,77.21337039,16.7,,
26.75,-6.105131194,-6.327496007,4.256754608,0.003519066809,0.004248706825,-0.0008970447309,0,,,,,,,,1,28.61508725,77.21337202,16.7,,
26.76,-6.06753676,-6.309244301,4.256583587,0.008323309015,0.0001670643072,0.002436450513,0,,,,,,,,1,28.61508769,77.21337366,16.7,,
26.77,-6.041373623,-6.398855296,4.281467045,0.009235510592,0.007019485708,0.002156037791,0,,,,,,,,1,28.61508814,77.21337529,16.7,,
26.78,-6.116873163,-6.457721092,4.263618476,0.002376753158,-0.001270166385,0.001338376008,0,,,,,,,,1,28.61508858,77.21337693,16.7,,
26.79,-6.165604372,-6.372313568,4.305577427,0.00823176963,0.007365717721,0.002229456302,0,,,,,,,,1,28.61508902,77.21337856,16.7,,
26.8,-6.168300778,-6.340727501,4.248129752,0.005097542815,0.00100004803,0.006352368745,0,,,,,,,,1,28.61508947,77.21338019,16.7,,
26.81,-6.228138545,-6.25167182,4.26604159,0.004802082417,0.006673910922,0.0006153249417,0,,,,,,,,1,28.61508991,77.21338183,16.7,,
26.82,-6.092635519,-6.298219917,4.286851649,-0.0003404780159,0.005702124418,0.002806411632,0,,,,,,,,1,28.61509036,77.21338346,16.7,,
26.83,-6.024122008,-6.336462308,4.268364935,0.01050943467,0.003135481809,0.003049234739,0,,,,,,,,1,28.6150908,77.2133851,16.7,,
26.84,-6.130358115,-6.39991404,4.250150248,0.0046481042,0.003727219582,0.004724074056,0,,,,,,,,1,28.61509124,77.21338673,16.7,,
26.85,-6.123672603,-6.403624669,4.302302953,0.004688447973,0.002460728854,0.003059861648,0,,,,,,,,1,28.61509169,77.21338837,16.7,,
26.86,-6.145977535,-6.393321475,4.207178474,0.005647713689,0.008868707025,0.003778977821,0,,,,,,,,1,28.61509213,77.21339,16.7,,
26.87,-6.107879106,-6.355194076,4.34184062,0.004759174804,0.003791387845,0.008252625516,0,,,,,,,,1,28.61509258,77.21339164,16.7,,
26.88,-6.20854308,-6.373850569,4.270294951,-0.0001063458217,0.003575340977,0.007839439495,0,,,,,,,,1,28.61509302,77.21339327,16.7,,
26.89,-6.166369919,-6.327245726,4.269637178,0.001921888409,0.001811957526,-0.001937843051,0,,,,,,,,1,28.61509346,77.2133949,16.7,,
26.9,-6.025605463,-6.270660913,4.273873148,0.006462359299,0.002303826503,-0.0006428514477,0,,,,,,,,1,28.61509391,77.21339654,16.7,,
26.91,-6.149077651,-6.329294015,4.235523734,0.005011266184,0.006971383828,0.003237348193,0,,,,,,,,1,28.61509435,77.21339817,16.7,,
26.92,-6.124393124,-6.357252327,4.296194029,0.007994374582,0.00451422361,0.00648091564,0,,,,,,,,1,28.61509479,77.21339981,16.7,,
26.93,-6.160708245,-6.391621688,4.297462066,0.004144752599,0.005607007641,0.002108467166,0,,,,,,,,1,28.61509524,77.21340144,16.7,,
26.94,-6.166782279,-6.314256585,4.303156674,0.004846400128,0.003783373502,0.007474713029,0,,,,,,,,1,28.61509568,77.21340308,16.7,,
26.95,-6.133665363,-6.348272512,4.230855417,0.006565532075,0.009652763191,0.005088746083,0,,,,,,,,1,28.61509613,77.21340471,16.7,,
26.96,-6.178489925,-6.316973849,4.150095941,0.004190129806,0.004564346572,0.004201368726,0,,,,,,,,1,28.61509657,77.21340635,16.7,,
26.97,-6.153269494,-6.280791194,4.314248018,0.003747641854,0.002838249128,-0.0005313552831,0,,,,,,,,1,28.61509701,77.21340798,16.7,,
26.98,-6.09980267,-6.252917373,4.286574052,0.008923624337,0.003761329733,0.007174458774,0,,,,,,,,1,28.61509746,77.21340961,16.7,,
26.99,-6.123284402,-6.369634044,4.320380332,0.005594736666,0.0066293358,0.005410245763,0,,,,,,,,1,28.6150979,77.21341125,16.7,,
27,-6.176225123,-6.325670104,4.31792461,0.003639938616,0.008640535578,0.002893112221,1,28.61513843,77.21341176,4.2,16.54638761,76.40516062,39.7328442,12,1,28.61509834,77.21341288,16.7,,
27.01,-6.107446413,-6.270695763,4.258941137,-0.0004854860932,0.003655287859,0.002934841472,0,,,,,,,,1,28.61509879,77.21341452,16.7,,
27.02,-6.250593276,-6.359529325,4.274263806,0.009253070001,-0.001755403678,0.006774685811,0,,,,,,,,1,28.61509923,77.21341615,16.7,,
27.03,-6.140060304,-6.374913523,4.246067466,-0.0004485458958,0.008431860459,0.002184145259,0,,,,,,,,1,28.61509968,77.21341779,16.7,,
27.04,-6.16970804,-6.296612388,4.202045341,0.004590914594,0.005177751539,0.003631616835,0,,,,,,,,1,28.61510012,77.21341942,16.7,,
27.05,-6.183983299,-6.416328692,4.234732726,0.01037136953,0.004263500659,0.004875245172,0,,,,,,,,1,28.61510056,77.21342105,16.7,,
27.06,-6.164995995,-6.257364726,4.248352877,0.004840772773,0.003892951509,0.00652079554,0,,,,,,,,1,28.61510101,77.21342269,16.7,,
27.07,-6.097730318,-6.273684566,4.168504004,0.006796505132,0.0035816479,-0.001100438003,0,,,,,,,,1,28.61510145,77.21342432,16.7,,
27.08,-6.20022955,-6.413459247,4.276780588,0.006541014175,0.002170553684,0.01076375878,0,,,,,,,,1,28.6151019,77.21342596,16.7,,
27.09,-6.134998593,-6.431814983,4.158692916,0.005493863145,0.007069480927,0.002846170227,0,,,,,,,,1,28.61510234,77.21342759,16.7,,
27.1,-6.124393522,-6.369310927,4.20975147,0.006073537767,0.003964351749,0.006166047257,0,,,,,,,,1,28.61510278,77.21342923,16.7,,
27.11,-6.17193361,-6.349053337,4.279929757,0.007716248573,0.0007148531247,0.006999324844,0,,,,,,,,1,28.61510323,77.21343086,16.7,,
27.12,-6.0176897,-6.402139745,4.256348716,0.00728029609,0.002982027252,0.00322773757,0,,,,,,,,1,28.61510367,77.2134325,16.7,,
27.13,-6.052347023,-6.298856116,4.305481854,0.007745144148,0.003067408452,-0.002219893472,0,,,,,,,,1,28.61510411,77.21343413,16.7,,
27.14,-6.182516736,-6.329365131,4.206987114,0.00486146107,0.005646963658,0.003790924681,0,,,,,,,,1,28.61510456,77.21343576,16.7,,
27.15,-6.111458351,-6.361196853,4.27170695,0.00277555841,0.002944587526,0.002385615558,0,,,,,,,,1,28.615105,77.2134374,16.7,,
27.16,-6.150748928,-6.335131506,4.327130132,0.01035211076,0.005424892137,0.001474526324,0,,,,,,,,1,28.61510545,77.21343903,16.7,,
27.17,-6.118982589,-6.297026217,4.389283667,0.004670197634,0.002188922571,0.007606965853,0,,,,,,,,1,28.61510589,77.21344067,16.7,,
27.18,-6.129549632,-6.318328207,4.24831407,0.007362406707,0.001944309039,0.005197333397,0,,,,,,,,1,28.61510633,77.2134423,16.7,,
27.19,-6.166736787,-6.46141429,4.293109539,0.006079152508,0.0003731890924,0.002697839168,0,,,,,,,,1,28.61510678,77.21344394,16.7,,
27.2,-6.105909564,-6.332752034,4.270288014,0.004509553273,0.002905367092,0.002777659655,0,,,,,,,,1,28.61510722,77.21344557,16.7,,
27.21,-6.135995614,-6.398831542,4.375630678,-0.002757123318,0.002534679779,0.0005085749013,0,,,,,,,,1,28.61510767,77.21344721,16.7,,
27.22,-6.163900086,-6.359247453,4.222688897,0.009869516539,0.003257106407,0.004488082534,0,,,,,,,,1,28.61510811,77.21344884,16.7,,
27.23,-6.166793764,-6.274770353,4.305747233,0.008900495692,0.002630037207,0.005124712103,0,,,,,,,,1,28.61510855,77.21345047,16.7,,
27.24,-6.204775829,-6.33218049,4.274289201,0.009799598881,0.00484275585,0.001803371848,0,,,,,,,,1,28.615109,77.21345211,16.7,,
27.25,-5.969019705,-6.419103541,4.244963466,0.003067800869,0.005010745729,0.003246494995,0,,,,,,,,1,28.61510944,77.21345374,16.7,,
27.26,-6.127274535,-6.388350355,4.251265716,0.00905125278,0.006720786217,0.005613830771,0,,,,,,,,1,28.61510988,77.21345538,16.7,,
27.27,-6.162864572,-6.297981673,4.264880652,0.004208780149,0.003054980397,0.005063588476,0,,,,,,,,1,28.61511033,77.21345701,16.7,,
27.28,-6.091156407,-6.331401641,4.268142896,0.001495963766,0.002979682512,0.005432528173,0,,,,,,,,1,28.61511077,77.21345865,16.7,,
27.29,-6.069203196,-6.381096845,4.296898713,0.0002517716746,0.009036361227,0.003944133068,0,,,,,,,,1,28.61511122,77.21346028,16.7,,
27.3,-6.133200794,-6.4186009,4.279872555,0.001848129813,0.0007066327901,-0.002806494638,0,,,,,,,,1,28.61511166,77.21346191,16.7,,
27.31,-6.106391705,-6.342183195,4.324980289,0.002159222235,0.001366827645,0.004246639003,0,,,,,,,,1,28.6151121,77.21346355,16.7,,
27.32,-6.218954777,-6.321868792,4.280191296,0.006193035319,0.006171529811,0.001064452721,0,,,,,,,,1,28.61511255,77.21346518,16.7,,
27.33,-6.084029428,-6.376663642,4.213848551,0.005472935009,0.006816958056,0.004154196039,0,,,,,,,,1,28.61511299,77.21346682,16.7,,
27.34,-6.143421869,-6.4136043,4.266308936,-0.0005768295944,0.001864185032,0.006020758983,0,,,,,,,,1,28.61511344,77.21346845,16.7,,
27.35,-6.089012808,-6.286588146,4.272300574,0.002284508449,0.008450872524,0.002490582876,0,,,,,,,,1,28.61511388,77.21347009,16.7,,
27.36,-6.19613528,-6.39260525,4.31835665,0.006201029705,-3.79767629e-05,-0.0008162357035,0,,,,,,,,1,28.61511432,77.21347172,16.7,,
27.37,-6.106694557,-6.354621043,4.250496895,0.005852950181,0.00485318883,0.005710531447,0,,,,,,,,1,28.61511477,77.21347336,16.7,,
27.38,-6.201422573,-6.371686454,4.207255793,0.004735322347,0.005641885284,0.007164910303,0,,,,,,,,1,28.61511521,77.21347499,16.7,,
27.39,-6.028901122,-6.366513871,4.273317706,0.0001841917094,0.00298324317,0.007398243517,0,,,,,,,,1,28.61511565,77.21347662,16.7,,
27.4,-6.247723786,-6.289426554,4.242827409,0.004669905055,0.00829355323,0.00570516553,0,,,,,,,,1,28.6151161,77.21347826,16.7,,
27.41,-6.203379422,-6.374135177,4.283341668,0.008773388249,0.002837699016,0.006315429159,0,,,,,,,,1,28.61511654,77.21347989,16.7,,
27.42,-6.115005421,-6.38673238,4.223148115,0.01028728538,0.008482757309,0.002062374363,0,,,,,,,,1,28.61511699,77.21348153,16.7,,
27.43,-6.154700327,-6.371743856,4.256399389,0.004955803771,0.001803779797,0.007453219312,0,,,,,,,,1,28.61511743,77.21348316,16.7,,
27.44,-6.13992153,-6.34847392,4.113702873,0.005220875884,0.005586869624,0.0009079814844,0,,,,,,,,1,28.61511787,77.2134848,16.7,,
27.45,-6.151160274,-6.330377587,4.185601878,0.00350198606,0.007514064465,0.01108787884,0,,,,,,,,1,28.61511832,77.21348643,16.7,,
27.46,-6.165527382,-6.425732253,4.231102092,0.01091900473,0.00388272015,-0.00368727362,0,,,,,,,,1,28.61511876,77.21348807,16.7,,
27.47,-6.174732893,-6.253142824,4.327304016,0.003134826673,0.004674399507,0.01100276052,0,,,,,,,,1,28.61511921,77.2134897,16.7,,
27.48,-6.161529403,-6.36048765,4.249790061,0.008852478895,0.0008698003735,-0.0005799859366,0,,,,,,,,1,28.61511965,77.21349133,16.7,,
27.49,-6.150508496,-6.232695729,4.355413345,0.01025011377,0.004778327924,0.004448214263,0,,,,,,,,1,28.61512009,77.21349297,16.7,,
27.5,-6.252934376,-6.350053256,4.162112186,0.007960728021,-0.0002044723485,0.004936352081,0,,,,,,,,1,28.61512054,77.2134946,16.7,,
27.51,-6.080701013,-6.394472923,4.262113638,0.007056627648,0.003077190549,0.005111334866,0,,,,,,,,1,28.61512098,77.21349624,16.7,,
27.52,-6.195985383,-6.344607998,4.265952977,0.007572474789,0.003412260631,0.005692253443,0,,,,,,,,1,28.61512142,77.21349787,16.7,,
27.53,-6.133952455,-6.326571787,4.22852837,0.00298734975,0.005633246726,0.003101254067,0,,,,,,,,1,28.61512187,77.21349951,16.7,,
27.54,-6.168577243,-6.291688689,4.249046377,0.002257118136,0.007455826562,0.004681739061,0,,,,,,,,1,28.61512231,77.21350114,16.7,,
27.55,-6.220580694,-6.327467193,4.205458005,0.007438933682,0.004901734954,0.004184303888,0,,,,,,,,1,28.61512276,77.21350277,16.7,,
27.56,-6.173409322,-6.247685632,4.337637254,0.003794851837,0.004647649577,0.00582897488,0,,,,,,,,1,28.6151232,77.21350441,16.7,,
27.57,-6.145572805,-6.382925743,4.351566826,-0.0007803778863,4.752522032e-05,0.005236956471,0,,,,,,,,1,28.61512364,77.21350604,16.7,,
27.58,-6.276464291,-6.412201285,4.235007897,0.0007967461328,0.001799743521,0.003746375231,0,,,,,,,,1,28.61512409,77.21350768,16.7,,
27.59,-6.116100106,-6.459669768,4.238135518,0.003848871349,0.0024998017,0.00105418925,0,,,,,,,,1,28.61512453,77.21350931,16.7,,
27.6,-6.167133136,-6.267138633,4.200613729,0.009590225413,-0.0005813733861,0.006127729728,0,,,,,,,,1,28.61512497,77.21351095,16.7,,
27.61,-5.965695708,-6.254903377,4.250070398,0.00717984337,0.0004280625926,0.0007834762849,0,,,,,,,,1,28.61512542,77.21351258,16.7,,
27.62,-6.123023271,-6.344527336,4.279942822,0.008257387971,-0.0009289040521,0.002000299486,0,,,,,,,,1,28.61512586,77.21351422,16.7,,
27.63,-6.205277971,-6.291033253,4.306748664,0.00345180981,0.002525407201,0.01360794785,0,,,,,,,,1,28.61512631,77.21351585,16.7,,
27.64,-6.12740086,-6.265492263,4.205995828,0.008484252651,8.603565291e-05,0.002705488032,0,,,,,,,,1,28.61512675,77.21351748,16.7,,
27.65,-6.183167314,-6.274658865,4.270672431,0.0018365953,0.007506743005,-0.003492543171,0,,,,,,,,1,28.61512719,77.21351912,16.7,,
27.66,-6.19562525,-6.276118581,4.213583411,0.001455994375,0.003640526807,0.006380589269,0,,,,,,,,1,28.61512764,77.21352075,16.7,,
27.67,-6.061402115,-6.297203959,4.266984831,0.0008512332761,-0.0009613722133,-0.002157519509,0,,,,,,,,1,28.61512808,77.21352239,16.7,,
27.68,-6.087687257,-6.384298541,4.23425381,0.00911791098,0.01006033052,0.002370918418,0,,,,,,,,1,28.61512853,77.21352402,16.7,,
27.69,-6.09745922,-6.364251181,4.306843226,0.003039565352,0.005160328209,0.005599509675,0,,,,,,,,1,28.61512897,77.21352566,16.7,,
27.7,-6.109162147,-6.361964385,4.150728547,0.002070976231,8.701256126e-05,0.006708381594,0,,,,,,,,1,28.61512941,77.21352729,16.7,,
27.71,-6.14740556,-6.288200946,4.202609101,0.00390061831,0.00910582486,0.004104431029,0,,,,,,,,1,28.61512986,77.21352893,16.7,,
27.72,-6.098957721,-6.357732592,4.210127694,0.002785478093,0.005599410748,0.0106716595,0,,,,,,,,1,28.6151303,77.21353056,16.7,,
27.73,-6.149245436,-6.428693685,4.295912154,0.01518055849,0.003251051974,0.00539519657,0,,,,,,,,1,28.61513074,77.21353219,16.7,,
27.74,-6.036560249,-6.309533033,4.263422944,0.005264979644,0.004407474411,0.00220059427,0,,,,,,,,1,28.61513119,77.21353383,16.7,,
27.75,-6.183969501,-6.362453331,4.305940583,0.001735981899,0.00556447774,0.007058596039,0,,,,,,,,1,28.61513163,77.21353546,16.7,,
27.76,-6.112979915,-6.3438433,4.305387334,0.01057240173,0.003341090313,0.001010213011,0,,,,,,,,1,28.61513208,77.2135371,16.7,,
27.77,-6.085476915,-6.403874939,4.283862875,0.009685521826,0.004650243464,0.00685425968,0,,,,,,,,1,28.61513252,77.21353873,16.7,,
27.78,-6.214960864,-6.354537164,4.292586385,0.003685143212,0.006168433504,0.002147529027,0,,,,,,,,1,28.61513296,77.21354037,16.7,,
27.79,-6.073768833,-6.351702839,4.234524508,0.002146767901,0.000586553374,0.009720305658,0,,,,,,,,1,28.61513341,77.213542,16.7,,
27.8,-6.164429442,-6.312337442,4.254861526,0.007801408033,-0.0008982400155,0.002434744307,0,,,,,,,,1,28.61513385,77.21354363,16.7,,
27.81,-6.166364781,-6.298243518,4.228331265,0.003784444766,0.002351419906,-0.001235256877,0,,,,,,,,1,28.6151343,77.21354527,16.7,,
27.82,-6.059487916,-6.340565272,4.177042771,0.00509072121,0.003609560977,0.003235004002,0,,,,,,,,1,28.61513474,77.2135469,16.7,,
27.83,-6.091579706,-6.312323076,4.264577999,0.003001105022,0.004964528369,0.004276388825,0,,,,,,,,1,28.61513518,77.21354854,16.7,,
27.84,-6.131909348,-6.336033246,4.190030411,0.00764662596,0.003287662924,0.002941303375,0,,,,,,,,1,28.61513563,77.21355017,16.7,,
27.85,-6.226208928,-6.348994474,4.284838806,0.005171683495,0.007705274655,0.002862788774,0,,,,,,,,1,28.61513607,77.21355181,16.7,,
27.86,-6.204919766,-6.327569175,4.258227061,0.002139954324,-0.002599650917,-0.0008022103508,0,,,,,,,,1,28.61513651,77.21355344,16.7,,
27.87,-6.204444508,-6.392592494,4.222166283,0.003382108996,0.005009066904,0.002065376486,0,,,,,,,,1,28.61513696,77.21355508,16.7,,
27.88,-6.213440237,-6.348711322,4.19561804,0.006705335501,0.008417422213,-0.001841116998,0,,,,,,,,1,28.6151374,77.21355671,16.7,,
27.89,-6.102305361,-6.355640388,4.257878558,0.002884589454,0.007450815175,0.002246580255,0,,,,,,,,1,28.61513785,77.21355834,16.7,,
27.9,-6.046957816,-6.393362687,4.290287649,0.009612825241,-0.005258958834,0.003236469233,0,,,,,,,,1,28.61513829,77.21355998,16.7,,
27.91,-6.206575796,-6.359578645,4.206006671,0.006119616491,0.005741675122,-0.0005718201325,0,,,,,,,,1,28.61513873,77.21356161,16.7,,
27.92,-6.179947049,-6.295944672,4.227270944,-0.001459768018,0.007179995895,0.005402967311,0,,,,,,,,1,28.61513918,77.21356325,16.7,,
27.93,-6.212449078,-6.367986307,4.257592837,0.006459301127,0.003649613897,-0.002475101959,0,,,,,,,,1,28.61513962,77.21356488,16.7,,
27.94,-6.138523418,-6.340025023,4.138339241,0.001969051537,0.003788573706,0.007047408937,0,,,,,,,,1,28.61514007,77.21356652,16.7,,
27.95,-6.14330298,-6.215126039,4.253445193,0.001881968264,0.009849184995,0.007940114225,0,,,,,,,,1,28.61514051,77.21356815,16.7,,
27.96,-6.158560346,-6.3174227,4.153919734,0.005898354352,0.002588952328,0.003508555291,0,,,,,,,,1,28.61514095,77.21356979,16.7,,
27.97,-6.18442079,-6.290113015,4.279083799,0.008463167369,0.002014203509,0.003955733006,0,,,,,,,,1,28.6151414,77.21357142,16.7,,
27.98,-6.1827841,-6.364489288,4.215659417,0.002779078783,0.006009784438,0.0008260041901,0,,,,,,,,1,28.61514184,77.21357305,16.7,,
27.99,-6.106586139,-6.288129661,4.187707707,0.007571028858,0.004048016832,0.004653935737,0,,,,,,,,1,28.61514228,77.21357469,16.7,,
28,-6.094440964,-6.365312457,4.294310135,0.007369865563,0.005711738295,0.001592571556,1,28.61511332,77.21354622,4.2,16.62128824,68.42542571,36.64559331,13,1,28.61514273,77.21357632,16.7,,
28.01,-6.08585114,-6.34052288,4.317547807,0.007398738372,0.003845502761,0.001189983263,0,,,,,,,,1,28.61514317,77.21357796,16.7,,
28.02,-6.148821002,-6.305151519,4.237648857,0.003160588773,0.003713035127,0.002648331676,0,,,,,,,,1,28.61514362,77.21357959,16.7,,
28.03,-6.123034851,-6.321421013,4.233468054,0.002248606989,0.005032057473,0.005560873873,0,,,,,,,,1,28.61514406,77.21358123,16.7,,
28.04,-6.193327492,-6.387327595,4.313402253,0.005487837444,0.004636561099,0.005473584901,0,,,,,,,,1,28.6151445,77.21358286,16.7,,
28.05,-6.165464934,-6.338105689,4.369289862,0.005913364779,0.004629336283,0.001264676273,0,,,,,,,,1,28.61514495,77.21358449,16.7,,
28.06,-6.218849005,-6.394767306,4.242825378,0.003378558641,0.00810788889,0.0002282475729,0,,,,,,,,1,28.61514539,77.21358613,16.7,,
28.07,-6.141686642,-6.359349113,4.351374042,0.003423655015,0.002818641683,0.00640333949,0,,,,,,,,1,28.61514583,77.21358776,16.7,,
28.08,-6.175587448,-6.388633538,4.277952986,0.008351582808,0.007324146828,0.007992914451,0,,,,,,,,1,28.61514628,77.2135894,16.7,,
28.09,-6.153649487,-6.352907424,4.255451595,0.00929650368,0.007427164222,0.006078212934,0,,,,,,,,1,28.61514672,77.21359103,16.7,,
28.1,-6.158033722,-6.305754009,4.184350387,0.001651790095,0.005454769372,0.001649133804,0,,,,,,,,1,28.61514717,77.21359267,16.7,,
28.11,-6.02689654,-6.28737689,4.287935351,0.007525245208,0.006971198755,0.00155544524,0,,,,,,,,1,28.61514761,77.2135943,16.7,,
28.12,-6.074912185,-6.371074466,4.263828649,0.005812017917,0.0002840015825,0.002225504318,0,,,,,,,,1,28.61514805,77.21359594,16.7,,
28.13,-6.082358125,-6.328748912,4.268174619,0.006762033394,0.001851742622,0.003592561973,0,,,,,,,,1,28.6151485,77.21359757,16.7,,
28.14,-6.102313772,-6.356954238,4.20401913,0.001348278165,0.00449124266,0.006068157134,0,,,,,,,,1,28.61514894,77.2135992,16.7,,
28.15,-6.210957237,-6.346582256,4.282640511,0.002129756352,0.004053788995,0.008351150337,0,,,,,,,,1,28.61514939,77.21360084,16.7,,
28.16,-6.209238487,-6.316135886,4.311301019,0.004331319901,0.002459376158,0.004749856222,0,,,,,,,,1,28.61514983,77.21360247,16.7,,
28.17,-6.063393425,-6.352893194,4.188052744,0.00574692377,0.004779119908,0.003260881089,0,,,,,,,,1,28.61515027,77.21360411,16.7,,
28.18,-6.1713576,-6.422301956,4.209782807,0.009668880421,0.004276616733,0.004138815805,0,,,,,,,,1,28.61515072,77.21360574,16.7,,
28.19,-6.195182449,-6.264596131,4.211346628,0.01074653888,0.005275170464,0.003232018949,0,,,,,,,,1,28.61515116,77.21360738,16.7,,
28.2,-6.137890469,-6.314324799,4.21264717,0.008918018461,0.007357372532,0.006950830231,0,,,,,,,,1,28.6151516,77.21360901,16.7,,
28.21,-6.006193358,-6.370022607,4.166990911,0.004857640977,0.0067856127,0.006835545032,0,,,,,,,,1,28.61515205,77.21361065,16.7,,
28.22,-6.156412856,-6.396642721,4.249011625,0.00716786898,0.006347737945,0.005574113222,0,,,,,,,,1,28.61515249,77.21361228,16.7,,
28.23,-6.158902889,-6.299634208,4.276529918,0.004897409636,0.002944932063,0.006830493955,0,,,,,,,,1,28.61515294,77.21361391,16.7,,
28.24,-6.015870992,-6.397287822,4.344790285,0.007620759424,0.004482097993,-0.0001343153897,0,,,,,,,,1,28.61515338,77.21361555,16.7,,
28.25,-6.035221801,-6.350161387,4.381165242,0.007281641902,-0.001149951591,0.003751030381,0,,,,,,,,1,28.61515382,77.21361718,16.7,,
28.26,-6.096247808,-6.31724387,4.361590345,-0.002600350239,0.006038304028,0.002792522607,0,,,,,,,,1,28.61515427,77.21361882,16.7,,
28.27,-6.113461533,-6.362669813,4.318996466,0.004197586922,0.006047142818,0.002615583323,0,,,,,,,,1,28.61515471,77.21362045,16.7,,
28.28,-6.143602439,-6.301030788,4.304139201,0.005000688721,0.002207016144,0.008034943118,0,,,,,,,,1,28.61515516,77.21362209,16.7,,
28.29,-6.183036174,-6.327849379,4.295083961,0.003655811324,0.007941693417,0.005634897017,0,,,,,,,,1,28.6151556,77.21362372,16.7,,
28.3,-6.188109537,-6.432494024,4.228268714,0.002808431574,0.007345366667,0.00126459961,0,,,,,,,,1,28.61515604,77.21362535,16.7,,
28.31,-6.119607287,-6.308081915,4.262199391,0.005944883063,0.005973167611,0.006429078088,0,,,,,,,,1,28.61515649,77.21362699,16.7,,
28.32,-6.111453237,-6.30570302,4.228618228,0.009341000059,0.004973314978,0.001388130008,0,,,,,,,,1,28.61515693,77.21362862,16.7,,
28.33,-6.138624517,-6.360869752,4.294510791,0.001341402417,0.003902614433,-0.002946926244,0,,,,,,,,1,28.61515737,77.21363026,16.7,,
28.34,-6.083763285,-6.302722358,4.236375541,0.006766930066,0.006367832381,-0.0005837014746,0,,,,,,,,1,28.61515782,77.21363189,16.7,,
28.35,-6.106061123,-6.301293723,4.199329243,-0.002076926798,0.0004722938062,0.006823250868,0,,,,,,,,1,28.61515826,77.21363353,16.7,,
28.36,-6.137815902,-6.375006995,4.281887697,0.005763308073,0.005908599412,-0.0001173490763,0,,,,,,,,1,28.61515871,77.21363516,16.7,,
28.37,-6.07228616,-6.377759567,4.213071536,0.004340474942,0.008182343938,0.002792120348,0,,,,,,,,1,28.61515915,77.2136368,16.7,,
28.38,-6.222074891,-6.357813507,4.264833094,0.005173935042,0.001804418176,0.001191539704,0,,,,,,,,1,28.61515959,77.21363843,16.7,,
28.39,-6.0476146,-6.40611258,4.26914938,0.004606546158,0.001728945568,0.003837998689,0,,,,,,,,1,28.61516004,77.21364006,16.7,,
28.4,-6.106724066,-6.284575237,4.220596057,0.00343316082,0.004421985777,0.006249085311,0,,,,,,,,1,28.61516048,77.2136417,16.7,,
28.41,-6.114512206,-6.418211151,4.236818203,0.001184079243,0.00590059294,0.00735873079,0,,,,,,,,1,28.61516093,77.21364333,16.7,,
28.42,-6.112897479,-6.375942064,4.250626271,0.009595066732,0.003218170304,0.003268890471,0,,,,,,,,1,28.61516137,77.21364497,16.7,,
28.43,-6.089896463,-6.385157457,4.214303079,0.00522544308,0.001084546541,0.003963545662,0,,,,,,,,1,28.61516181,77.2136466,16.7,,
28.44,-6.185701388,-6.304081284,4.290902361,0.007896072739,0.003126170015,0.004931066433,0,,,,,,,,1,28.61516226,77.21364824,16.7,,
28.45,-6.194701809,-6.369993101,4.262383915,0.008575738049,0.001804977598,0.006826304309,0,,,,,,,,1,28.6151627,77.21364987,16.7,,
28.46,-6.113976905,-6.308478242,4.260621595,0.003191778049,0.008937981029,0.007850253912,0,,,,,,,,1,28.61516314,77.21365151,16.7,,
28.47,-6.157948503,-6.392202436,4.275458134,0.001707989989,0.006752236986,0.004896458395,0,,,,,,,,1,28.61516359,77.21365314,16.7,,
28.48,-6.089297188,-6.333999515,4.245918368,0.005807631304,0.003286081474,0.0004290863164,0,,,,,,,,1,28.61516403,77.21365477,16.7,,
28.49,-6.081857429,-6.321222985,4.178758351,0.00953868452,-0.0004079733385,0.006921999543,0,,,,,,,,1,28.61516448,77.21365641,16.7,,
28.5,-6.320149256,-6.382235982,4.243985144,0.004593451733,0.002315282546,-0.004543716808,0,,,,,,,,1,28.61516492,77.21365804,16.7,,
28.51,-6.098145379,-6.31925966,4.233351479,0.008502029945,0.003921835709,-0.0001143524375,0,,,,,,,,1,28.61516536,77.21365968,16.7,,
28.52,-6.174817058,-6.323018517,4.207115935,0.0007465954698,0.002261558199,0.01201278484,0,,,,,,,,1,28.61516581,77.21366131,16.7,,
28.53,-6.148465566,-6.290704798,4.255565746,0.005074486704,0.003899341559,-0.0006668628651,0,,,,,,,,1,28.61516625,77.21366295,16.7,,
28.54,-6.204101546,-6.394606174,4.214998287,0.005781354835,0.00491857093,0.004823126348,0,,,,,,,,1,28.61516669,77.21366458,16.7,,
28.55,-6.159187853,-6.433674628,4.253773185,0.005910253485,0.008830167276,0.007160815001,0,,,,,,,,1,28.61516714,77.21366621,16.7,,
28.56,-6.153575493,-6.261627259,4.282395684,0.00125253837,0.00265297676,0.003935381984,0,,,,,,,,1,28.61516758,77.21366785,16.7,,
28.57,-6.234547802,-6.305667074,4.28803151,0.004798939027,0.004166060035,0.01109395023,0,,,,,,,,1,28.61516803,77.21366948,16.7,,
28.58,-6.233790356,-6.311473672,4.258303111,0.002113498746,-0.003046213915,0.005353053108,0,,,,,,,,1,28.61516847,77.21367112,16.7,,
28.59,-6.138465999,-6.411348826,4.221612896,0.006859372809,3.590535695e-05,0.006754700504,0,,,,,,,,1,28.61516891,77.21367275,16.7,,
28.6,-6.082622877,-6.293141705,4.296004792,0.002665305357,0.003911156642,0.0002129090794,0,,,,,,,,1,28.61516936,77.21367439,16.7,,
28.61,-6.1731292,-6.280269147,4.19911883,0.003418149498,0.0009864151796,0.001100469811,0,,,,,,,,1,28.6151698,77.21367602,16.7,,
28.62,-6.182505976,-6.309830982,4.203014868,5.308342901e-05,0.002763070783,0.001387537677,0,,,,,,,,1,28.61517025,77.21367766,16.7,,
28.63,-6.138871049,-6.416076444,4.177352056,0.007128325621,0.001617578064,0.004562391118,0,,,,,,,,1,28.61517069,77.21367929,16.7,,
28.64,-6.109996746,-6.399640161,4.204711081,0.002868830937,-0.0006675218194,0.003189646376,0,,,,,,,,1,28.61517113,77.21368092,16.7,,
28.65,-6.125134654,-6.347690012,4.300077106,0.003083376908,0.004916622215,-0.0001143913958,0,,,,,,,,1,28.61517158,77.21368256,16.7,,
28.66,-6.108478528,-6.350406665,4.224187938,0.006893066689,0.004948203366,0.005716699132,0,,,,,,,,1,28.61517202,77.21368419,16.7,,
28.67,-6.168162843,-6.355502183,4.286091516,0.003795580323,0.001098627605,-0.001400543645,0,,,,,,,,1,28.61517246,77.21368583,16.7,,
28.68,-6.162074366,-6.356076908,4.290294444,0.008528379258,0.0064514023,0.002545202462,0,,,,,,,,1,28.61517291,77.21368746,16.7,,
28.69,-6.147557682,-6.363220245,4.230126834,0.004017826613,0.002737286843,0.003367510491,0,,,,,,,,1,28.61517335,77.2136891,16.7,,
28.7,-6.034607307,-6.319259889,4.1868448,0.005783072965,0.005722567444,0.002688098982,0,,,,,,,,1,28.6151738,77.21369073,16.7,,
28.71,-6.12964689,-6.331613147,4.304532978,0.002838287756,0.005553999031,0.006802908877,0,,,,,,,,1,28.61517424,77.21369237,16.7,,
28.72,-6.147212421,-6.3965262,4.197082852,0.006864992126,0.004131819989,0.006306979059,0,,,,,,,,1,28.61517468,77.213694,16.7,,
28.73,-6.148950407,-6.36949175,4.232996352,0.002184273746,0.005572332513,0.006943697323,0,,,,,,,,1,28.61517513,77.21369563,16.7,,
28.74,-6.109129648,-6.360162642,4.278785571,0.008516556647,0.002850289803,0.00841495694,0,,,,,,,,1,28.61517557,77.21369727,16.7,,
28.75,-6.122989836,-6.314082159,4.290438804,0.002809950064,0.003487297035,0.005108183749,0,,,,,,,,1,28.61517602,77.2136989,16.7,,
28.76,-6.073107872,-6.411320189,4.200078775,0.003277876784,0.004846774036,0.004166369662,0,,,,,,,,1,28.61517646,77.21370054,16.7,,
28.77,-6.126716343,-6.309516091,4.320660509,0.01189129797,0.008481364018,0.004248545231,0,,,,,,,,1,28.6151769,77.21370217,16.7,,
28.78,-6.170816945,-6.419571412,4.245064955,0.0002473124553,0.00753925075,0.004782352947,0,,,,,,,,1,28.61517735,77.21370381,16.7,,
28.79,-6.163236005,-6.368185661,4.26161799,0.004752309074,0.007703732126,0.0007221513731,0,,,,,,,,1,28.61517779,77.21370544,16.7,,
28.8,-6.163018011,-6.340150016,4.240577876,0.00457553551,0.009450538431,0.006726237557,0,,,,,,,,1,28.61517823,77.21370708,16.7,,
28.81,-6.097774381,-6.239550739,4.25645594,0.0002828409277,0.007396196057,0.007964877503,0,,,,,,,,1,28.61517868,77.21370871,16.7,,
28.82,-6.151370791,-6.295445318,4.20104771,0.002784190906,0.006598825263,0.005353186486,0,,,,,,,,1,28.61517912,77.21371034,16.7,,
28.83,-6.209965629,-6.259094927,4.173366354,0.001818887928,0.00398213459,0.004947713187,0,,,,,,,,1,28.61517957,77.21371198,16.7,,
28.84,-6.214447821,-6.291659291,4.326013601,0.008296590878,0.005506054384,0.004849881947,0,,,,,,,,1,28.61518001,77.21371361,16.7,,
28.85,-6.216414765,-6.355101128,4.267706552,0.01157755691,0.006254670394,0.008882279815,0,,,,,,,,1,28.61518045,77.21371525,16.7,,
28.86,-6.225775626,-6.333963972,4.241175649,0.004866414417,0.008693741706,-0.0001795303941,0,,,,,,,,1,28.6151809,77.21371688,16.7,,
28.87,-6.051914974,-6.398431988,4.247072902,-0.001465132316,0.006109017237,0.0003399953063,0,,,,,,,,1,28.61518134,77.21371852,16.7,,
28.88,-6.14797592,-6.370296659,4.260331482,0.001127684188,0.005346288895,0.006254720852,0,,,,,,,,1,28.61518179,77.21372015,16.7,,
28.89,-6.141100184,-6.364632727,4.296342893,0.006666416481,0.007446760329,0.003145792219,0,,,,,,,,1,28.61518223,77.21372178,16.7,,
28.9,-6.161384569,-6.396754386,4.207870582,0.006939718797,0.003185499233,0.002876420409,0,,,,,,,,1,28.61518267,77.21372342,16.7,,
28.91,-6.047774688,-6.276858885,4.247003167,0.005732052506,0.003551208152,0.006905316767,0,,,,,,,,1,28.61518312,77.21372505,16.7,,
28.92,-6.141492496,-6.353621737,4.277217687,0.004617442688,-0.0001184315718,0.002629912382,0,,,,,,,,1,28.61518356,77.21372669,16.7,,
28.93,-6.089427984,-6.383868736,4.34957222,0.008695432175,0.00282267114,0.002386825659,0,,,,,,,,1,28.615184,77.21372832,16.7,,
28.94,-6.161052349,-6.344271991,4.234219373,0.01437424191,0.006445991697,0.0047394488,0,,,,,,,,1,28.61518445,77.21372996,16.7,,
28.95,-6.080442278,-6.375807655,4.298618961,0.006600811704,0.005480340313,-0.0006949474095,0,,,,,,,,1,28.61518489,77.21373159,16.7,,
28.96,-6.075334045,-6.390715376,4.216664146,0.005227135925,0.006406904678,0.00495679234,0,,,,,,,,1,28.61518534,77.21373323,16.7,,
28.97,-6.074981535,-6.338479481,4.195175465,0.003546221784,0.004016952309,0.005485249862,0,,,,,,,,1,28.61518578,77.21373486,16.7,,
28.98,-6.079247188,-6.261955286,4.288971459,0.002694294924,0.004660589462,0.006236294511,0,,,,,,,,1,28.61518622,77.21373649,16.7,,
28.99,-6.105150563,-6.254699477,4.288732092,0.001894353806,0.0003434043422,-0.00181516587,0,,,,,,,,1,28.61518667,77.21373813,16.7,,
29,-6.190362195,-6.361539582,4.321843553,0.004489179978,0.001723087515,0.002025526819,1,28.61519923,77.21371981,4.2,16.68927937,75.21244547,37.98181028,10,1,28.61518711,77.21373976,16.7,,
29.01,-6.169724104,-6.383816581,4.259857476,0.008708395892,0.0001651039074,-0.0005948489624,0,,,,,,,,1,28.61518756,77.2137414,16.7,,
29.02,-6.110196384,-6.343115767,4.268157542,0.003553801094,0.003207832347,0.005656312696,0,,,,,,,,1,28.615188,77.21374303,16.7,,
29.03,-6.081711485,-6.387426546,4.25106313,0.008829771519,0.008685637299,0.005814787932,0,,,,,,,,1,28.61518844,77.21374467,16.7,,
29.04,-6.168968956,-6.398579981,4.241702363,0.006754480706,0.006413537363,0.005047182745,0,,,,,,,,1,28.61518889,77.2137463,16.7,,
29.05,-6.125843571,-6.307496725,4.260585606,0.005305517831,-0.000639983501,0.003859469922,0,,,,,,,,1,28.61518933,77.21374794,16.7,,
29.06,-6.146549238,-6.358512687,4.300772627,-0.0008862272325,0.001588459144,0.0005416520553,0,,,,,,,,1,28.61518977,77.21374957,16.7,,
29.07,-6.12706997,-6.303940707,4.26896964,0.001419054094,0.00467209304,0.005541169563,0,,,,,,,,1,28.61519022,77.2137512,16.7,,
29.08,-6.124235169,-6.320009378,4.224892208,0.008574888592,0.0003014168294,0.007368940124,0,,,,,,,,1,28.61519066,77.21375284,16.7,,
29.09,-6.157728216,-6.284398848,4.208288422,0.00445005727,0.005591386505,0.005639989437,0,,,,,,,,1,28.61519111,77.21375447,16.7,,
29.1,-6.199774256,-6.451319235,4.166889949,0.006771505813,0.007190091385,0.004896037513,0,,,,,,,,1,28.61519155,77.21375611,16.7,,
29.11,-6.091429676,-6.384613119,4.213183559,0.003011016423,0.002611900088,0.007243805891,0,,,,,,,,1,28.61519199,77.21375774,16.7,,
29.12,-6.20853182,-6.312463505,4.291040786,0.004498819662,0.01003947589,0.0002488971338,0,,,,,,,,1,28.61519244,77.21375938,16.7,,
29.13,-6.117320866,-6.41472427,4.307133246,0.00538752992,0.001671892032,0.002128564633,0,,,,,,,,1,28.61519288,77.21376101,16.7,,
29.14,-6.148915813,-6.418603949,4.35132281,0.004794248285,0.0004253115855,0.002281299269,0,,,,,,,,1,28.61519332,77.21376264,16.7,,
29.15,-6.108063954,-6.349481905,4.133370201,0.009443103093,0.00592499835,0.006676826432,0,,,,,,,,1,28.61519377,77.21376428,16.7,,
29.16,-6.172529759,-6.395474729,4.36152846,0.01148199563,0.007143205906,0.003896464726,0,,,,,,,,1,28.61519421,77.21376591,16.7,,
29.17,-6.126446526,-6.32447278,4.318387813,0.007594227734,0.005858943385,0.002005978339,0,,,,,,,,1,28.61519466,77.21376755,16.7,,
29.18,-6.105990158,-6.328657737,4.27577387,0.006387190848,0.004452983509,0.002630850374,0,,,,,,,,1,28.6151951,77.21376918,16.7,,
29.19,-6.103170185,-6.327465321,4.298851552,0.004984919626,0.003191777602,-0.001251178349,0,,,,,,,,1,28.61519554,77.21377082,16.7,,
29.2,-6.123869048,-6.412285375,4.323538691,0.00327003951,0.005574101558,0.0009068147004,0,,,,,,,,1,28.61519599,77.21377245,16.7,,
29.21,-6.136604031,-6.372810589,4.298791025,0.003257751925,-0.0001434452743,0.001550881459,0,,,,,,,,1,28.61519643,77.21377409,16.7,,
29.22,-6.127449226,-6.317809088,4.250326659,0.003689359571,0.00624927208,0.001830536903,0,,,,,,,,1,28.61519688,77.21377572,16.7,,
29.23,-6.12607203,-6.336855242,4.325266351,0.004091192352,0.004222465104,0.008889572542,0,,,,,,,,1,28.61519732,77.21377735,16.7,,
29.24,-6.134483946,-6.313564199,4.250093031,0.005765845517,0.001378582405,-0.001029792286,0,,,,,,,,1,28.61519776,77.21377899,16.7,,
29.25,-6.130892546,-6.411903596,4.316931936,0.003562222374,0.01078319477,0.009505830853,0,,,,,,,,1,28.61519821,77.21378062,16.7,,
29.26,-6.102774495,-6.345071529,4.231546459,0.003757842785,0.00162485887,0.003952224366,0,,,,,,,,1,28.61519865,77.21378226,16.7,,
29.27,-6.185126646,-6.315676998,4.322343988,0.001673715963,0.008708685554,0.004383362653,0,,,,,,,,1,28.61519909,77.21378389,16.7,,
29.28,-6.228036398,-6.379499667,4.261847217,0.008548511685,0.002558394207,0.008290030817,0,,,,,,,,1,28.61519954,77.21378553,16.7,,
29.29,-6.074929994,-6.369681869,4.195192684,0.009691798113,0.003619657431,0.004753434807,0,,,,,,,,1,28.61519998,77.21378716,16.7,,
29.3,-6.144863441,-6.303398719,4.28714814,0.0114827804,0.003077188093,0.002914272711,0,,,,,,,,1,28.61520043,77.2137888,16.7,,
29.31,-6.16530833,-6.371667486,4.357057923,0.006170371457,0.002099897588,0.001860786397,0,,,,,,,,1,28.61520087,77.21379043,16.7,,
29.32,-6.174673096,-6.306757484,4.325853129,1.514895618e-05,0.008303308809,0.006486106455,0,,,,,,,,1,28.61520131,77.21379206,16.7,,
29.33,-6.17165887,-6.294649767,4.334336901,0.005907290444,0.007230327747,0.00335938097,0,,,,,,,,1,28.61520176,77.2137937,16.7,,
29.34,-6.123453685,-6.356237675,4.324976081,0.001046468179,-0.0004924814801,0.002228672548,0,,,,,,,,1,28.6152022,77.21379533,16.7,,
29.35,-6.134694771,-6.419054589,4.27113866,0.005071117812,-0.000265760603,0.004324946552,0,,,,,,,,1,28.61520265,77.21379697,16.7,,
29.36,-6.152054202,-6.249051107,4.351543826,0.00453012337,0.0006801531791,0.005525165482,0,,,,,,,,1,28.61520309,77.2137986,16.7,,
29.37,-6.111059709,-6.267418386,4.180778681,0.003595158137,0.007010884109,0.00697920494,0,,,,,,,,1,28.61520353,77.21380024,16.7,,
29.38,-6.097267913,-6.348232396,4.294021392,0.003701930414,8.869950586e-05,0.00522025769,0,,,,,,,,1,28.61520398,77.21380187,16.7,,
29.39,-6.028726438,-6.322043043,4.297420533,0.008856579147,-0.001022651592,0.004907983295,0,,,,,,,,1,28.61520442,77.2138035,16.7,,
29.4,-6.209827617,-6.381212596,4.285575407,0.009428251359,0.005965821911,0.0058858735,0,,,,,,,,1,28.61520486,77.21380514,16.7,,
29.41,-6.177174524,-6.309273892,4.18623151,0.004985872795,0.005190025039,0.00353113988,0,,,,,,,,1,28.61520531,77.21380677,16.7,,
29.42,-6.092123102,-6.334349079,4.277454111,0.004410545849,0.002076839503,0.006650210069,0,,,,,,,,1,28.61520575,77.21380841,16.7,,
29.43,-6.085267126,-6.282380241,4.20364616,0.003059177749,0.006404218285,-0.002710132687,0,,,,,,,,1,28.6152062,77.21381004,16.7,,
29.44,-6.105722294,-6.348491956,4.304543597,0.01012213192,0.01132567686,0.001901390122,0,,,,,,,,1,28.61520664,77.21381168,16.7,,
29.45,-6.133190089,-6.303989945,4.293924768,0.008214024957,0.006793436489,0.005764576242,0,,,,,,,,1,28.61520708,77.21381331,16.7,,
29.46,-6.060554896,-6.348193606,4.172773321,0.006272636667,0.006690029315,0.009026082666,0,,,,,,,,1,28.61520753,77.21381495,16.7,,
29.47,-6.154171926,-6.424125251,4.248306344,0.004503800932,0.004265045981,0.002912919601,0,,,,,,,,1,28.61520797,77.21381658,16.7,,
29.48,-6.244807526,-6.352160487,4.28285908,0.006418477124,-0.0001613248368,0.006909085692,0,,,,,,,,1,28.61520842,77.21381821,16.7,,
29.49,-6.10735335,-6.367705093,4.213359941,0.002847437284,0.004938389277,0.006314552127,0,,,,,,,,1,28.61520886,77.21381985,16.7,,
29.5,-6.153986083,-6.373464799,4.16429311,0.008319909335,0.006205660622,0.003424211113,0,,,,,,,,1,28.6152093,77.21382148,16.7,,
29.51,-6.175969408,-6.33397696,4.268548555,0.004357343083,0.00598329203,0.005819692569,0,,,,,,,,1,28.61520975,77.21382312,16.7,,
29.52,-6.105206022,-6.342507846,4.25988368,0.009193834899,0.001257238665,0.004709764776,0,,,,,,,,1,28.61521019,77.21382475,16.7,,
29.53,-6.079256013,-6.373007506,4.229652158,0.003967634269,0.0009544176768,0.006259714644,0,,,,,,,,1,28.61521063,77.21382639,16.7,,
29.54,-6.131213735,-6.356341629,4.307701733,0.006257628983,0.008103584268,-0.0002974201621,0,,,,,,,,1,28.61521108,77.21382802,16.7,,
29.55,-6.115484758,-6.365314158,4.197779903,0.003667518283,0.004816983408,-0.001748924902,0,,,,,,,,1,28.61521152,77.21382966,16.7,,
29.56,-6.219932096,-6.411918355,4.289407141,0.006464345333,0.01245712301,0.00899843249,0,,,,,,,,1,28.61521197,77.21383129,16.7,,
29.57,-6.15169683,-6.410497082,4.313001835,0.006880892692,0.001789040601,0.006800483958,0,,,,,,,,1,28.61521241,77.21383292,16.7,,
29.58,-6.11064006,-6.360569965,4.373235261,-0.001094199344,0.005888567141,0.001010826621,0,,,,,,,,1,28.61521285,77.21383456,16.7,,
29.59,-6.267796325,-6.299293558,4.188133553,0.001417734568,0.002446316179,0.004444104624,0,,,,,,,,1,28.6152133,77.21383619,16.7,,
29.6,-6.100640446,-6.292933831,4.2577787,0.01070519502,0.002738198512,-0.00161156906,0,,,,,,,,1,28.61521374,77.21383783,16.7,,
29.61,-6.201760688,-6.310484493,4.22494037,0.007786919815,0.007913202279,-0.0003997386871,0,,,,,,,,1,28.61521418,77.21383946,16.7,,
29.62,-6.072913412,-6.33719922,4.286516861,0.001145162428,0.001754836593,0.00263035588,0,,,,,,,,1,28.61521463,77.2138411,16.7,,
29.63,-6.129303243,-6.240252868,4.254631637,0.005991488923,0.001452281834,0.001686819822,0,,,,,,,,1,28.61521507,77.21384273,16.7,,
29.64,-6.175158673,-6.300580307,4.13261484,0.006403168356,-0.0004732434801,0.003756300739,0,,,,,,,,1,28.61521552,77.21384436,16.7,,
29.65,-6.204249252,-6.237705868,4.295100643,0.0009523226505,0.003279824163,0.003242875659,0,,,,,,,,1,28.61521596,77.213846,16.7,,
29.66,-6.153692619,-6.250596111,4.330172498,0.008784023188,0.0007010341074,0.00282652068,0,,,,,,,,1,28.6152164,77.21384763,16.7,,
29.67,-6.1469471,-6.33375041,4.362426076,0.007305329146,0.004939937129,0.008192785775,0,,,,,,,,1,28.61521685,77.21384927,16.7,,
29.68,-6.102974152,-6.340119038,4.222513892,0.006829530003,0.007732424052,0.008764714478,0,,,,,,,,1,28.61521729,77.2138509,16.7,,
29.69,-6.127524363,-6.372088015,4.307205877,0.007831130278,0.002557356164,0.008410062347,0,,,,,,,,1,28.61521774,77.21385254,16.7,,
29.7,-6.188680783,-6.375650132,4.20207976,0.001205696689,0.001937228704,0.003343364678,0,,,,,,,,1,28.61521818,77.21385417,16.7,,
29.71,-6.117083255,-6.333767669,4.284011785,0.002996513664,0.005454766186,-0.0004240956591,0,,,,,,,,1,28.61521862,77.21385581,16.7,,
29.72,-6.112474332,-6.318136499,4.270137975,0.003864917383,0.004025549379,0.005478963298,0,,,,,,,,1,28.61521907,77.21385744,16.7,,
29.73,-6.210910228,-6.307406507,4.277434341,0.0006517287449,0.002549464536,0.00474848341,0,,,,,,,,1,28.61521951,77.21385907,16.7,,
29.74,-6.071345796,-6.362223835,4.308527668,0.002278720876,-0.003047702581,0.005598418581,0,,,,,,,,1,28.61521995,77.21386071,16.7,,
29.75,-6.20351192,-6.358381929,4.282516097,-0.002584269645,0.006182559224,0.002082379964,0,,,,,,,,1,28.6152204,77.21386234,16.7,,
29.76,-6.103801243,-6.244741796,4.302964842,0.01084986527,0.002651583229,0.006585175288,0,,,,,,,,1,28.61522084,77.21386398,16.7,,
29.77,-6.179768793,-6.255712735,4.276318525,0.009669316692,0.004120898862,0.005040945546,0,,,,,,,,1,28.61522129,77.21386561,16.7,,
29.78,-6.112330605,-6.323506229,4.27643748,0.005910405937,0.0040169096,0.002203424207,0,,,,,,,,1,28.61522173,77.21386725,16.7,,
29.79,-6.196724398,-6.324618262,4.290886187,0.005045210929,0.00616869069,0.002237856911,0,,,,,,,,1,28.61522217,77.21386888,16.7,,
29.8,-6.126993409,-6.350437713,4.336866042,0.007257269199,-0.002946788572,0.00517936158,0,,,,,,,,1,28.61522262,77.21387052,16.7,,
29.81,-6.202310466,-6.292697894,4.368429009,0.003781350196,0.00720497901,0.003258554548,0,,,,,,,,1,28.61522306,77.21387215,16.7,,
29.82,-6.136329783,-6.296726339,4.277426395,0.009037215968,0.006546375457,0.00304982084,0,,,,,,,,1,28.61522351,77.21387378,16.7,,
29.83,-6.090523711,-6.344594219,4.226845783,0.003594792698,0.002401646022,0.004860708477,0,,,,,,,,1,28.61522395,77.21387542,16.7,,
29.84,-6.22735231,-6.37501356,4.278638273,0.005905020506,0.003771036708,0.004859663098,0,,,,,,,,1,28.61522439,77.21387705,16.7,,
29.85,-6.129578927,-6.388573399,4.252048782,0.002954635322,0.002941035085,0.007772086441,0,,,,,,,,1,28.61522484,77.21387869,16.7,,
29.86,-6.085451751,-6.239705629,4.264734707,0.001706313235,0.006269078278,0.002546196856,0,,,,,,,,1,28.61522528,77.21388032,16.7,,
29.87,-6.252263212,-6.338106316,4.314237948,0.005482315436,0.005454846912,0.00488623615,0,,,,,,,,1,28.61522572,77.21388196,16.7,,
29.88,-6.093457731,-6.339210678,4.303498294,0.007690261644,0.0005930581249,0.00120211528,0,,,,,,,,1,28.61522617,77.21388359,16.7,,
29.89,-6.139728432,-6.228810648,4.181970135,0.008738242374,0.005661572007,0.004586537179,0,,,,,,,,1,28.61522661,77.21388522,16.7,,
29.9,-6.146423841,-6.377816858,4.214256092,0.009517468617,0.005135939179,0.0040732338,0,,,,,,,,1,28.61522706,77.21388686,16.7,,
29.91,-6.182137216,-6.390861315,4.090537886,0.006133985986,0.002720985481,0.005124483383,0,,,,,,,,1,28.6152275,77.21388849,16.7,,
29.92,-6.018252649,-6.431084331,4.228827421,0.005744601667,0.005158747174,0.00046208399,0,,,,,,,,1,28.61522794,77.21389013,16.7,,
29.93,-6.193133861,-6.407498131,4.257059477,0.004418889845,-0.002884243657,0.003684107533,0,,,,,,,,1,28.61522839,77.21389176,16.7,,
29.94,-6.160807337,-6.294633065,4.218882063,0.005905487525,0.004739309369,0.0006090418484,0,,,,,,,,1,28.61522883,77.2138934,16.7,,
29.95,-6.138838825,-6.441852217,4.274171288,0.009543559723,0.006175185321,0.00447348756,0,,,,,,,,1,28.61522928,77.21389503,16.7,,
29.96,-6.079405763,-6.329997111,4.340322026,0.005256568626,0.007564450328,0.004978488627,0,,,,,,,,1,28.61522972,77.21389667,16.7,,
29.97,-6.154993109,-6.348577376,4.238259345,0.005552675603,0.003322895641,0.001669306371,0,,,,,,,,1,28.61523016,77.2138983,16.7,,
29.98,-6.166219404,-6.364933451,4.311154497,0.005691533395,0.007706141047,-0.0008596647088,0,,,,,,,,1,28.61523061,77.21389993,16.7,,
29.99,-6.054997725,-6.348438914,4.235057847,0.01113084545,0.001468512619,0.003369278741,0,,,,,,,,1,28.61523105,77.21390157,16.7,,
